text,label
Super ??? nice safe delivery for delivery boy 10?,2
Received wrong product I need that person number,0
Over all good person,2
My parcel was opened before delivery,0
Very Very  good,2
Courier man was extremely courteous,2
I am so glad full your service.,2
Good service as well as good behaviour of delivery staff.,2
Prompt delivery and informed and behaved politely. I like blue dart courier very much ?,2
Delivery delayed was supposed to be delivered a day prior moreover reason for delay is totally incorrect  as delivery by bluedart has been done on same address with same pincode on N number of occasions. Also there is no option of contacting the delivery hub. The number provided on website are hardly reachable at any point of time. It took me a good 60 minutes to get in touch with a customer care executive who did not had any information as well earning the contact number of local hub. Complete Dissapointment.,0
Nice good experience,2
Everything is excellent ??,2
Delivery guy is good. But delivery not provided exact address. I had to drive 2km to collect my order.  Why showing home delivery option when you do not provide parcel at home.,0
It was a smooth delivery and the brother delivering it was also nice and polite,2
Your services is best ?.,2
Nice  quality with headphone,2
It's too good . This product works very good well.,2
It was fast and effortless,2
I got wrong product and now the delivery guy blocked me .,0
I haven?t received the package?!? How can you send this to me ?,0
All Better courier service,2
Definitely good behaviour of couriour boy delivered on time,2
Prompt delivery.  Good enough ?,1
I received call prior to delivery. Continue this type of service,2
Delivery person was very rude and behave very badly just asked him to wait for 5 mins.,0
Neo hair lotion,1
Delevry fast and secure and sefly delivery,2
Very good delivery boy Manish Blue dart courier service and fast and secure service and time to delivery my location delivery boy Manish!!Thank you,2
Very good service by delivery boy.Very supportive,2
Rerun the product,0
Agent Tanisha was really good and friendly.,2
Duplicate karungali mala,0
Quick delivwry,2
Amazing service the delivery was done with minimal calling and accurately in correct location,2
I had a very smooth experience with the courier delivery partner. They were punctual,2
The experience was pretty good.,2
It would be really helpful to include an option that allows us to find out the contract number of the delivery person. This could make the process so much smoother for everyone involved.,1
Time should be maintained,1
Gury,1
Very Friendly and behaviour was good..,2
On time delivery in rainy season,2
Better delivery good boy,2
Nice service by tushar,2
Delivered Doc,1
Get better customer service,0
Very nice packing... excellent sarvice,2
I got fake oder,0
Good performing equipment very timely response,2
Blue dart staff very co operative ?,2
This is a Good person and fast delivery service,2
Excellent ? job good,2
Fast delivery and polite partner,2
Excellent.very helpful,2
Very bed behaviour of delivery boy,0
The package was marked as ?Out for Delivery? for two consecutive days,0
Delivary is not done on time. Parcel held for three days in ware house .worst service. Not satisfactory.,0
It's already the best.We can't 'better' the best.,2
Before one day of delivery please conform that customer is available  or not?,1
Happy for fast delivery,2
Service was okay.,1
Nice pruductsNd nice serviceOf bluedart.Tnx,2
Good person Timely delivery,2
The parcel wasn't delivered. I travelled 3 kms and collected the parcel. Worst Courier in Nagercoil.,0
Late sarvise,0
Blue dart delivery staff is good ?,2
Already doing a great job. Just continue. ?,2
The way of talking and behaviour was good,2
Delivery was done within time and the service provider was very polite.,2
I m happy with this,2
Not delivered my equipment,0
Blue Dart services are very very fine everywhere,2
Delivery person is good but consignment deliver timing is not good its delayed and because of that my work has been delayed because of bluedart,0
Very decient,2
I was not able to pickup the call due to a Mobile Problem ( Ringtone ) Still the DELIVERY MAN knocked on my doorstep and delivered it to me Successfully,2
Excellent service upto the point.,2
******* Excellent service,2
So nicely ??????????????,2
Product is. Damige plz  return to my product  iam so daid,0
Haven't received the parcel.no phone call received from delivery personal.to whom it was delivered,0
"Delivery man/person can add ""Thank you"" or ""Have a nice day"" after delivery",1
Thank you for calling before delivery of the parcel,2
It was supposed to get delivered on 20th may...I have received it today worst experience,0
V good ??????,2
NIL...,1
It's was all fine on the time of delivery,2
Service  was.good,2
Thank you so much for kotak Mahindra Bank servic,2
The shipment is not delivered and you are marking it as delivered. This is unfair,0
MD ASHARFUL,1
Thank you for good response,2
Xhxbcn nclhzm,1
Delevery is on time and correct place.,2
If approximate time period is given,1
Ailmuddin,1
Good gvcnncbhh,2
Great service by Rajiv Yadav,2
It is already attained the best service label,2
VERY EXCELLENT ?,2
Very good services & punctual,2
Superb m so glad.,2
Very good delivery service. Good delivery man . Thank you for ur good service,2
Delivery boy mst service,2
Very polite and patient:),2
???????? ??? ?????? ???? ?? ??? ?? ???? ???? ?? ??? ??? ???????? ??? ?????? ??? ?? ????? ???? ??? ?? ????? ?? ???? ???? ?? ????? ???? ??? ???? ?? ???? ???? ??? ?? ???? ????? ?? ???? ??? ?? ????-???? ?? ???? ?? ???? ??? ????? ?? ????? ?? ?? ???? ?????? ?? ?? ???? ????? ???? ??? ???? ?? ???? ????? ?? ?????? ??  699/- ???? ?????,1
I am very disappointed ?? with bluedart parcel delivery i was continuing calling but not got my parcel with my time,0
Delivery person is very polite and professional,2
You'r Doing well.,2
Experience was good with Blue Dart and delivery too,2
Super super ? parcel sarvice,2
Service quality is optimum and satisfying,2
Excellent executive n on time delivery!,2
Delivery time to time & very nice,2
We ordered 8 pieces but we received only 4 pieces. There is no detailed information about how to return the product,0
He is not come at delivery address He told me to came and picked up your parcel,0
You all are doing great!Keep it up,2
Important parcel not delivered and delivery agent mark it as completed.,0
Mobile number of delivery boy must be mentioned in delivery SMS,1
Not delivered  two daysI went and collect,0
Sir prodak chenj he muje Ritan karna he,0
Well presentable amd professional service ! Well done and keep it up !,2
This T shirt are broken also not same colour please. I want to change ..,0
Now no need to improve.. it's all good,2
Patient and considerate delivery,2
Ek hi no. Service,2
Delivery person was friendly and co operativeTimely Delivered,2
Ye delivery wla bhai shi bt or delivery wla shi se baat nhi kr rha hai ye problem,0
Services were superb,2
Dilevery boy asked otp before delevery,2
Thanks for delivered my order on time,2
best service blue dart is always best,2
It?s a fast service,2
The delivery agent was kind and well spoken . No complaints ?.,2
all great minimal calling,2
Very good product . thank you,2
The delivery executive has visited multiple times and by now he knows everyone at my house but still he double checks before delivering. Either he strictly follows SOP or something else,1
Timings best,2
The delivery staff was very friendly. I haven't seen such a nice delivery person nowadays....Keep it up,2
You guys are amezing ??you don't need to improve yourself... you're Perfect ??,2
Good Sevicce,2
I suggest you to make the delivery faster,1
It is successfully ? okay okay. But out of 10,1
Hiiiiiiiiii,1
Good  On time,2
He was politely and Looks Professional,2
Easy delivery process,2
The delivery guy didn't deliver door step.,0
the service was satisfactory,1
Excellent so fart di,2
Good costumer service,2
I did not receive my package and the status showed as delivered I demand a call from your team.Kindly resolve this issue at the earliest,0
I didn't receive any courier yet how you people give a confirmation,0
Professional services.... Thank u,2
Nice guy .,2
Time to time delivery & better cordinate with politely speak.,2
I got the incorrect package,0
The delivere boy was awsom,2
You guy?s are working with fraud company they haven?t provided what i ordered now no return policy is followed and payment was cod and your delivery partner asked payment on his personal qr code. Kindly look into this matter,0
Well behaved keep it up,2
The delivery  executive  was polite and waited for me to collect the parcel.,2
very decent staff,2
Better indication of approx time of arrival,1
Maha chutya company kisi k pass koi details nhi hoti,0
Delivery date got postponed,0
Before the time I got my parcel,2
Nice person have good knowledge delevery man,2
Coming so early for delivery so please send after 11 am as we are seniors ok ? Please make a note of our requestThanks,1
Should do doorstep delivery like others,1
Delivery boy behaviour is soo good and I like the delivery time ??,2
The delivery was delayed too much. Had to reach out to the local office to get it.,0
very good person delivery man behaviour is very good,2
I got my card delivered after 10 day that too I went directly to the blue dart warehouse to collect it. Service is pathetic,0
I am orde mens ware but you give me ladies ware,0
Blue dart very pathetic service,0
Reached the location easily without much calls. And delivered on time.,2
They don't deliver at my location. They dilivery 10 km away from my home,0
Thank you Blue dart Express ??,2
Good behaviour & communication,2
Delivery partner was humble and able identify the address.,2
I will definitely choose blue dart in the future too,2
Delivery executive was so polite & co operative.Impressed!,2
excellent excellent good job excellent excellent work excellent excellent,2
Great delivery service but if I could track my shipment on map it would have been great,1
Product delivered 1 day late than date shown on website,0
Products is change,0
Very cool man,2
Respectful behavioir,2
Main order was delayed by 12 days,0
Nice person who delivered item,2
Tuptup Bag,1
Good service. Polite and helpful delivery personnel. Keep it up,2
Delivery boy behaviour is so good.....nice mind-blowing service,2
My order was delay and I was unable to connect to customer service,0
Very prompt service and the delivery guy came without any problem.,2
Delivery staff is very humble ?,2
The delivery person didn?t come to my house and instead asked me to come to a spot a little away,0
Excellent service thnks nykaa for the lovely gift?,2
I received the package in sealed condition.,2
Good mannarism,2
Very politely and very patience person thank you brot,2
Please deliver in Khanamukh too,1
Blue Dart is making full the product was open,0
It was good delivered,2
Delivery staff behaviour was good and saree is also awesome ??,2
Delivery not received and information wrongly updated,0
Timely and courteous delivery partner Ms Laxmi Randhawa,2
Ftttffffrtt,1
Delivery staff is very kind hearted and humble person.He has a good polite voice to handle bad to bad situation. I think every customer may like your customer service.Thank you for your kind service.,2
I don?t know to whom it was delivered. No phone call or information about handover from delivery person,0
The person who did the delivery was well groomed and polite .,2
Delivery person waited for 5 minutes untill the customer arrives. I appreciate his patience.,2
Very Nice Service Sohel Bhai??,2
The behaviour of delivery staff and the office staff was very nice due to some climate issues my delivery was delayed by a day and I was properly updated from both the delivery staff and head office staff I don't remember that names however their performance was outstanding and I write it 10 on 10 but still my package got slightly damaged I mean that outer shell cover I mean it was like 2 cover and the outer package was like completely smash tandoor I don't think that you have handled that properly so I deduct one star,1
A very good courier service,2
Superb delivery..,2
Good job.Thank you so much,2
YOUR SERVICE IS VERY EXCELLENT.NO WORDS SAYING ANYTHING FOR YOUR SERVICE.YOUR TEAM ONE OF THE BEST TEAM.I M PROUD OF YOU AND YOUR SERVICE.THANKS JAY HIND,2
Vhhjjj,1
Your service is good..... Delivery person also good,2
Very expensive and low bad product,0
Djdjsj,1
Great service. Bhaiya (delivery agent) didn'd hesitate todeliver my package even in the rain.,2
Please take responsibility of delivery on time and don't mention false update about availability of consignee,0
My parcel not delivery,0
excutive is not respect the customer,0
Service is hopeless due not sincere in time,0
Better service Raj Narayan,2
Good. Satisfied. But a little bit late.,1
love this,2
The delivery boy was very polite and professional.,2
Timely delivered by courier boy in just one call,2
Cucucyuc,1
Not even calling to delivery before attempting and saying address not matching,0
It was satisfied.,1
Bharat Kumar,1
The delivery was on time and receive in good condition.,2
Disaster,0
Try delivering in time,0
Nice and fast and service,2
Super serivce ??,2
Not Aplicable,1
He was on time and seemed like a nice guy,2
As shipment not received,0
It's great .. please maintain!,2
No iam not satisfy,0
Very bad no phone call done to and 1st day with out call attempt my package .,0
Fast service. Liked it very much,2
Advance timing of delivery notification,1
Awesone,2
V.Gd,1
The product was not the same plz return this product to the company,0
It should be updated on real time.,1
Fhchhchch,1
All great - very professional and polite person,2
Best service on the field thanku so much,2
Parcel contained fragile item and it was broken.,0
Good affhhjjj,1
Not bad it's good,2
Not delivered to the address.,0
Very good but a bit slower to deliver than expected but it's fine,1
Not bad I need,1
Hh ki igi,1
Excellent in providing seamless delivery,2
Thnk youuu so much,2
Good service And nice person,2
Very nice and polite behavior.  Good road and area awareness.,2
Very late delivery bad service by blue dart I really hate this type of service,0
All the products were different and served bad things and completely a different order with a bottle of urine,0
Very happy with your safe and timely delivery ??,2
Blue Dart a well known  company to delever the courier on time and fast in delhi and ncr. I appreciate the awsome service. you can improve your service with to connect to GPRS or map with this service the customer can see that where is their shipment.Thanks for your service,2
Nice delivery experience ? all good Well behaved and polite staff man.5 ?? for this interaction ?,2
Better service I m happy your delivery agent,2
Services provided by you are superb already.. Keep it up..,2
Delivery was good on time .,2
Anyway your service is very good thank you very much,2
Best courier and a good delivery boy ??,2
Bahut best and godd pu,2
Service should be improve more,1
Price less karke,1
I have tell anyone,1
The delivery person was not at all ready to give me my parcel just number due to some personal reasons my otp phone number was out of service I even asked him to verify yet he made me do the recharge of my number very disappointed,0
The delivery agent was great and service is excellent,2
Good work..nyc behaviour.... Overall very good service....,2
Delivery was as per schedule.Delivery personnel was polite and humble.,2
Its very timely and professional,2
Product delivered within in 1 days and the delivery guy behaviour is s,2
Dadar coconut hair oil bahut achha he Jo dikhayata Wahi packing I he,2
Worst div,0
He is good sincere and kind.,2
Good service PromptIn time,2
Delivery uncle was very humble,2
Everything is already good delivery boy is  very polite & has a great patience overall nice person,2
Intimate in advance probable time of delivery,1
Very pleasent delivery agent!,2
Amazing and smooth delivery. Very polite and friendly delivery executive.,2
Service of blue dart is amazing,2
Please deliver as per tracking date. This time also I had to keep track of the date and time,1
Thank you Titan ? Fast delivery,2
Product box is small broken but it's delivery boy is excellent and he talk friendly and product packaging type is nice,1
It was out for delivery two times but the next day it showed that consignee is not available but I wasn't even contacted. I search for their centre on the internet but there was no contact number. So I went there and asked them about my parcel they said it's not there and I have to go to another centre so I went there and asked them ...they said it was a little heavy so they were not delivering it and they would have cancelled  it if I did not went there and pick it up myself ....there was no initial contact ...I had to search for it myself like a treasure hunt... Worst delivery service ever... If you go on Google and search for my nearby centres and you go to the public reviews you will see every single person has reviewed them one star and said this is the worst delivery service ever because they do not deliver ...they deliver if they feel like ...they cancel it by themselves and then they say that the customer has cancelled it or the customer did not pick up the phone but actually they did not even call....You guys don't even deserve 1 star...Bluedart is shit and my entire city knows it.,0
Blue dart courier man called me and said sir I was trying to reach you but you didn?t pick my call he was laying directly without  shaming he didn?t deliver the parcel and said you can come to office and pick up. Moreover,0
Please diya hua time par parcell ko delivered karne ki koshish kare,1
Very good job done by courier partner and delivery partner guy. Thank you and be consistent.,2
delivery is always on time thanks for the safe packing and on time delivery,2
It was efficient on time delivery. No suggestions at the moment.,2
Well ontimed delivered,2
Very good service by the delivery persons,2
Clear tracking,2
As it was residential and not office,1
Wonderful delivery man,2
No need to change anything ??,2
Not to ask tip for delivery,1
I have paid 150 rs extra for the shipment to be done in 3 days....but it was delayed.... please make sure I will get the refund amount asap,0
Prompt delivery. Pl try to deliver before 5 pm.Thanks for your understanding.,1
The delivery partner first of all didn't came to the exact location,0
Delevery boy is so simple and his behaviour is good ?.,2
No thoughtsYour service is good that's enough,2
Exceptionally good service,2
Extremely efficient,2
Give employee your proper raincoat,1
We are extremely satisfied with the prompt and reliable service provided by Blue Dart. The delivery was on time,2
Fast service by delivery boy,2
Ifba person is on leave then why does your customer service executive give me that persons number,0
Prompt  and good service,2
1 day delivery from Mumbai,2
Customer support number and handling is messy,0
Best gain,1
Just maintain the deadline at the time of buying the product,1
Staff Is good but quality is shit,0
Package is broken & open condition.,0
Your delivery executive didn't contact me before returning the mail as I was in office when he attempted. Daily I was prompted for reschedule for more than 4 times without any proper delivery attempt by him. I was made to wait for more than 4 days and it was delivered today. Advise your delivery people suitably to avoid harassment to the clients,0
I received my Card,2
Gooad,2
Wrost company,0
Ur delivery agent made delivery at 6:40 p.m while I eagarly waiting for the same from morning. He called and asked to take delivery by my wife. I replied only my son at home and he can take the percel. But he told original ID must be producing at the time of delivery. I requested him I am sharing the ID proof through whatsApp. Then he told u have to there with original ID proof. This is disgusting about ur delivery agent. Whereas two day ago I have received same type of percel after sharing my ID proof last four digit number. My question is what is ur actual delivery system?? Plz try to learn good behavior to ur delivery agent.,0
All good  g,2
He was so polite.,2
Good one delivery,2
Two shirts ordered but delivered only one,0
Best service everDelivery guy was very polite,2
Anytime with this delivery guy,2
It's very fast. The delivery guy is so humble.,2
Delevery boy behaviour is fine,1
acha Nahi,0
Worst delivery experience recieved wrong product they r such irresponsible,0
Wants to exchange this product,0
Very unprofessional service.,0
Good service parcel delivered within two days....,2
Very good bihaviar and very humble Boy,2
A reliable courier service,2
Not yet delivered .but got the messenge as delivered.,0
Good and mature delivery boy,2
Very good and well behavior of delivery boy.Too fast delivery.,2
Perfect keep it up,2
Worest driver and form last 2 days showing out for delivery in traking but the delivery agent not calling and no proper response.I traveled 30 kms to my location to get the delivery status It's not good to customer Please ok improve your service more comfortable to the customers not for delivery agent and bluedurt employees,0
Very slow delivery after 9 days and colours has been changed in shoeh,0
When product arrived immediately handover to customer and don't delayed.,1
To Fast Service provided Thank You,2
He is very sweet and co operative staff..nice behaviour.i am Fully satisfied,2
To send sms in advance of arrival,1
Delivery was prompt. Delivery person was quite polite.,2
Delivery fast and talking sense good,2
Super fast delivery I loved it,2
The delivery guy was weird didnt even took otp from me for verification. Left without verification . Blue dart services are becoming worst because of employees,0
I?m fully satisfied.,2
It's good nathing to change,2
The delivery guy is polite and respectful and know the exact location thank you,2
I not get my parcel,0
It's been 2 days since the product was at the nearest warehouse which is 2km away from my delivery location. Twice I visited and they said they will scan and will deliver it. Today i visited again and the package was lying there in one corner. So i had to visit there to finally get my product delivered. Pathetic service,0
Good service..Delivery on the time..,2
Miss match delivered by,0
Delivery staff is good. Speak politely and have a good knowledge of location.,2
Good service blue dart express,2
Did not come to home. I had to travel to pick the package.,0
BLUEDART guys knowing already the shipment is fraud. I have asked him to open the shipment before payment but he denied. If you BLUEDART team already known about the fraud then whata is wrong to open the box?? Just for the payment you have cheated customers like us... This is totally disgusting operation by BLUEDART.,0
Well behaved reached on time,2
Very nice Delivery boy good service,2
By calling when out for delivery,1
Good service & in time.,2
Gooc,1
The delivery man is rude,0
Very easy to receive and welcoming,2
he delivered fast.,2
Keep up good services.,2
Delivery boys are very good,2
Thankyou for kind service ??,2
The delivery executive Pratap Das,1
Good keep it,2
Delivery person is very good & polite.,2
Polite and right on time,2
Not delivered within 48 hours as you claim,0
Rosy,1
No I didn't not like the product quality,0
When we call ur customer care it's not working at all.. Pls do the needful.. How can we contact the customer care representative? Or add alternative number... Pls,0
Very much???,1
The delivery staff was extremely efficient with his work but I am not happy with blue dart service as the delivery was delayed for more then two weeks.,0
i ordered 10days ago They delivered too late,0
On time delivery.n I m satisfied.. thanks ?,2
Delivery man should some money on them for example 20 rupees-100 rupees,1
Delivery on time. Delivery partner very polite and respectful. Followed protocol.,2
Nothing to improve all fine delivery service,2
Was happy that the delivery staff checked id proof while handing over the document,2
Very very excellent delivery thank you for blue dart,2
The package looks like it was ripped in the middle and there is tape across it.I have received only one package,0
He did not delivered prodect how can he mark prodect delivered this very bad and it is big mistake,0
Delivery was on time and the staff was polite. I would recommend your service.,2
Delivered the cover after three days only,1
If the person is not there I.e if the door is locked they can hand it over to the next door after getting signature from them or they can call them and get our consent,1
Good service & courier person,2
The delivery person was so polite and well trained,2
Reduce delaysMore updates on delivery status is  usefull,1
prompt and professional,2
M.......i,1
order is wrong,0
I had to be late for office to get the parcel delivery should have been better with customer convenience.,0
It would be definitely fine if you could time band slots so people can opt from them at their convenient time.There is a confusion and people don't really have that kind of time to wait and watch these days!,1
Thanks for appropriate delivery ??,2
367,1
good service executive is polite,2
Keep  up  the  good  work,2
Provide door delivery and talk politely.,1
Very slow service not on time delivery,0
Very smooth delivery process,2
I want to return tha parcel it is wrong parcel I have received,0
I received a fake product and i cannot talk to the senders,0
Quicker deliveries would be appreciated,1
Why is the package delivered to security when the person is at home?,0
It's only belt,1
Delivered on time no damage occurs Thanks,2
Excellent I m so happy,2
All ready better.,2
Very good service by the delivery personnel,2
Great work. Keep working as diligently,2
Very good service Fastest Delivery,2
The attenders not respond propely they have neglected customer service,0
The executive was well professional,2
Share contact number of delivery person in tracking,1
Thanks sir ? ?,2
You yery fine service,2
SARVAN soni nahi he Saransh soni,1
Love the Delievery! The delivery man was so patient and not at all rude! Very sweet.,2
Delivery guy made me to walk in the rain to collect parcel. He was standing 200m away from the delivery address,0
Provide delivery agent number to customer,1
Always reliable.  Well mannered and polite delivery people,2
Size chota hai,0
Excellent service and also delivery boy behavior is very good,2
Customer care service numbers were not working,0
Time period of arrival would be of great help,1
Delivery person is not polite. He should change his behaviour. Please advise him to polite and friendly.,0
Good ?? thank you,2
Worst delivery and delivery boy also arrogant..,0
The product quality is very bad.   There is no shine in gems . And looks like it's made in hurry and has not stick the gems properly. The product is not much good.,0
The product is not sealed at all and completely damaged product is received.,0
Shipment mot delivered,0
Fake product was delivered.. I ordered a watch worth ?1647 and they delivered me a Coffee cup worth ?50.. Totally disappointed..,0
Duplicate material supplied 2nd time not even the cost of 100/- must be published,0
Product change please return,0
it was very poor service as I have reviewed in packing a cup instead of multiple function charger which. I have ordered Feedback has been sent,0
Service is a better,1
Good service. Early delivery. Thankyou.,2
He is well mannered and very polite person,2
This product is fake i want to return this or will complaint against your pages,0
Very good sarvis for the blue dart????,2
Quick Delivery and Smart moving,2
Good service came at home to deliver,2
Lekhraj is very kind and respectful. I appreciate his service,2
This notmy o,1
It?s to good service because it?s give my product one day early thank you so much,2
Service is very good now,2
Different material and worst cloth I need to return my order,0
Worst service ever seen since a decade when my parcel was reach  on 24 may still the delivery was not made on till 27may I had to personally collect the parcel and bear the expenses to collect the parcel and the customer care says it as full raining in thane so delivery was not made and the address of my delivery was within 2 km away fro blue dart majiwada office very worst experience would never recommend any one to go for blue dart ever,0
I did not received any shipment,0
Wrong product but return this wrong product,0
West product cancel the product,0
Very poor and delayed delivery service,0
Worng package,0
fast  and polite,2
Excellent work????? and,2
Very nice good quality i love it Saree,2
Mera delivery galat aya hai 749rs liya or 2nd saree bheja hai.garib logo ko thagate ho ap log ???,0
No Dress Candels,0
timely prepaidly good,2
I have received a wrong parcle,0
Jisne deliver Kiya bahut hi siber banda hai. bahut hi smooth experience,2
Delivery service is fantastic ?,2
Tell them to give it on time and booked place,1
Delivery uncle talk calmy,2
Nice ? and thank you ??,2
I like the professionalism demonstrated in Blue Dart,2
Excellent service -,2
bsbj,1
Good nd kind,2
Delivery boy contact no,1
Always lie about delivery. They show fake reasons for not delivering the parcel.,0
Maybe give 24 -48h of heads up before delivery. Instead of same day,1
minimal calls,1
Service is good 9/10 times,2
Delivered very much in time. We appreciate promptness.,2
Good delivery before the time.,2
I have not received it!,0
Excellent service9,2
Very very bad sarvice for blue dart company,0
Excellent and Fabulous,2
Good personalised service,2
Delevery person is blaming while delevery. He is saying here after  for single post I will not come this many distance .,0
Delivery agent was good at servings this order and very polite.,2
Polite and humble delivery partner,2
Courier boy was very excellent ???,2
You Already serve better...,2
Best0,1
Good service given by Mr Sunil Kumar,2
We always recommend to everyone for your services and it's excellent ??,2
On time delivery and professional delivery agent.,2
Very good ndd very fast service ????,2
They already doing their best,2
Worst dilivery and I only went office delivery office and collected,0
Avle toLikely recommded,1
Fast delivery polite attitude minimal calling,2
Awsome experience..its on time,2
Good experience of delivery. The delivery man's behavior is good.,2
Good service person who give dilivery are very polite,2
Experience very well,2
Its the best,2
Best & class servise the courier staffExcellent,2
??????? ?? ??? ??? ???? ??? ?? ??????? ??? ??????? ???? ???? ????? ?? ?? ???? ????? ?? ???? ????-???? ?? ?? ???? ??? ?? ??????? ???? ?? ?? ???? ??? ???? ???? ???? ?? ???? ?? ???? ?? ?? ???? ????? ?? ????,1
For KYC,1
Fast and on time delivery..,2
Better delever,1
Excellent and in time the service is done ?,2
Even without checking the location... They mentioned as Consignee not in given address... And also there is no correct number mentioned in any website to contact to resolve this type of issue.. At last I personally went there and collected my parcel...It's simply waste of time to book a service with this Company... Because this is happening for the 2nd time for me...,0
Good keepit up,2
Parcel was received by me. My name is not prakash my name is Preksha. Please write and spell properly.,1
Ye parcel mere address par delever nahi kiya gaya. Maine ye parcel Transport Nagar Jaakar receive Kiya hai.Apse request hai agar aap parcel delever nahi kar sakte ho accept hi mat kiya kijiye.,0
The delivery staff is very good and he communicates so well that there is no problem for delivering any orders I do,2
Wanted to reject the consignment as it was ordered 12 days ago & no point in having it now when the requirement is over.,0
Good service by service person,2
Service is good & also well behaviour of the delivery boy,2
Very very fast service in my opinion blue dart should acquire all other shipment companies,2
Good job and I am happy with dilevery staff.he know customer problem.Thanks,2
Delivered on time Even it's raining heavily !,2
Good delivery for sure.,2
Thank you team for your great service and support.,2
The delivery was spot on without constant calling.,2
The delivery was nice,2
Delivery executive was on time and professional.,2
Everything is good.. ??,2
The agent was very polite and well mannered. Thank you for your accurate updates before delivery.Thanks a lot.Appreciate the hard work of the delivery agents,2
Pilot Behavior,1
Thank you Nipu ?,2
The behaviour of the delivery boy was bad.Asking for extra cash.,0
The bluedart service is very good?,2
Good experience. Product delivered on time,2
The parcel isnt delivered but I got the msg that it has been delivered will escalate & complaint about it further,0
Genuine product delivery,2
Please provide mobile number of the delivery staff to the consignee.,1
Blue dart courier is best,2
Very very poor delivery service It took more number times to deliver a product while comparing to other delivering.While comparing blue dart remaining all courier service providers were very nice,0
Pick up from home option should be available.,1
Good service my beta Anil received it,2
Most pathetic delivery service,0
Surprisingly beforetime delivery. Thanks.,2
Very polite in nature nice guy,2
Polite delivery guy ?,2
Delivery Boy behavior Not Good,0
Good Service. I am so Happy With Blue Dart?,2
Pant ki jagah saree deliver,0
All are prouduct very nice,2
I am happy after seeing my parcel and the delivery staff is also very understanding,2
Delivery was 3 days late Poor service Poor staff,0
Perfect and high speed thank you,2
My item was delivered before expected time. Bluedart is reliable.,2
Very polite & quick service,2
I.k,1
Good service by delivery boy sarfaz,2
Its not delivered till noww to me you people have delivered to some one else,0
Thanks you for perfect product,2
Could have come earlier,1
Nothing excellent service,2
Wairlees charge is dad ??,0
Delivery boy very good ? behaviour Thank you Nipu Da,2
Good delivery but late delivery,1
There was no call from the courier boy and the courier was delayed for 2 days. I had to go to the office myself to pick up the courier.,0
Neet to return my oder,0
Product are not correct,0
U guys literally are scammers sending wrong packages.,0
Received  Thanks,2
Very nice and gentle behaviour.,2
coopteative and on time,2
Great service. Thank you Blue Dart.,2
Pl. Try to improve,1
All better courier service,2
This time delivery is late for 2 3 days please try to be deliver on time.,1
Worst service the Dilivery boy not even came and called and was writing that i have reduced to get the order.,0
Send messages of delivery in real time pls but delivery boy ws good,1
Blue Dart us itself a Good Delivery Name and Brand,2
Not delivered do far,0
Delivery partner called me and told me that he couldn't deliver my order because of some reason. However,1
Everything went smooth,2
Delivery person is very polite n well behaved.,2
Muzhe parsal galat mil gays,0
fast n good,2
Good ? service Good delivery process,2
Fast and contactless delivery,2
Before delivery... thanx to the delivery staff..and the team.,2
Very excellent service. Keep it  up further,2
I really highly appreciate for very good Service of Bluedart Courier.,2
Excellent Service and very good behaviour,2
Your delivery partner was too much rude even ready to create a fight very bad experience,0
Superb product original,2
Very nice delivery minimum call polite and professional person,2
Awesome delivery time ??v,2
This service is fine,1
Your delivery partner updated the status and informed that the house was closed without even contacting me,0
where are my hair  products   I ordered hair products but  you give me face  products  again ? exchange parsal,0
Nothing everything is ok,2
Your delivery boy behaviour is very bad ?,0
Why you work for cheaters,0
Worst delivery guy,0
Wrong fraud,0
Bxzb,1
The behaviour of delivery boy is very good,2
Love the service !,2
So safe Neelam,2
Fast speedy delivery. Polite as well.,2
Unprofessional delivery partner,0
Time to deliver my product,1
Order marked as delivered but it isn't. I do not have delivery agent number,0
I have not received the parcel ?,0
Please provide delivery agent number for better communication,1
I didn't received it yet. How come status showing it delivered.,0
As usual service is satisfactory.,1
Good but can u give fast delivery ? ok,1
Delivery is smooth and packing is also very good. It took some time to reach me because the item is coming from kerla. Otherwise everything is good.,2
Very good day for me,2
It's better at the moment,1
.ggdhjmmbv,1
Good service and delivery agent sudhakar perfectly delivered my parcel,2
Your service is worst not deliver anything on time,0
Ahmed khan,1
No one called for deliveryLeft without confirmationWe have not informed to deliver to Lal Bahadur,0
I received message of delivery but actually there was no parcel courier received by us. Please call immediately on my mobile number 9820131216.,0
??? late service late 15days late,0
Sujit Good service,2
Usis,1
Nice and instant delivery service,2
The status tracker says consignee didn?t she if or OTP which is not correct.,0
Good fhjjvhjjjjj,1
Every thing was excellent,2
So pathetic that,0
Consignment delivered as door delivery.,2
Will be better if delivery man can ring us 1--2hours before he comes.,1
Very good service chaubey excellent,2
Good delivery staff.. highly recommended.,2
Delay from date and delivery time,0
Service is good but the delivery was little late so work on that,1
Carry on with the good work,2
Please improve on line tracking system and delivery lead time .,1
Nice good service.... delivery boy behaviour is so good....thank you,2
Delivery agent is not good,0
The man took 20 Rs from me,0
Good service and fast ???? thanks bro,2
Bgxhdhxhx,1
Good service and good behaviour delivery boy thanks kotak bank,2
Goooioois,1
Good service Bhot cute,2
Very prompt and gentle delivery.,2
Article arrives before out for delivery message?. Keep up the good work !,2
Great delivery work,2
Such a nice delivery man...,2
Excellent service and good nature towards customer ...,2
Delevery man says rudely,0
Delivery superfast ??,2
Xhhchchfhchcif,1
Best service blue dart thank youars,2
I did not receive the package today. There was no entry of receipt at my delivery address.,0
Please tracking isn't proper,1
Today the delivery was good. And thank you for the prompt resolution of AWB #88301299623,2
I really like this service,2
The dilevery boy was good enough to reach the destination,2
Provide delivery boy number and exact date..,1
Great service delivery in rime,2
We had to go and collect it ourslef,0
Very co operative staff thanks a lot delivery wale paji??,2
It's a good experience and on time delivery.The agent was very humble,2
Very very beautiful,2
The service was very good. The lady I talked with was very respectful and comfortable so sweet of her a big than you to her love it,2
It was an ontime delivery. Delivery man was kind and reached location with no calls. Product reached safely.,2
Printing is a not good for line door,1
Inspite of rains goods delivered on time and in good condition. Thanks,2
Delivery was very good and the delivery guy was nice to. I would like to add if you can add otp verifications while getting the parcel just to keep things transparent and fraud free from both the ends,2
Could have been a day earlier. But Alas the weather!,1
Very very very good??,2
Setup a better office,1
Blue Dart is hands down the most unreliable and pathetic courier service I've ever dealt with. My order was scheduled to arrive on 20th May,0
Delivery was on time nd delivery man  was nice,2
Thanks for fast delivery. Delivery partner behaviour very polite.,2
Good service polite and fast,2
Be truthful and honest with your duties,1
My parcel was lost it took 1 hour to trace i had to go to a place where the shop is in Ghatkopar kam raj nagar which was not easily traceable no name horrible service no man power to support sadly to say for the frst tym kindly upgrade n update about it,0
I never received the parcel !!! But it is marked delivered,0
My order shows out for delivery for 2 days .no call no update.after checking in the portal it shows restriction area then I called the agent bcoz I have his number before he received and said it will be delivered by tomorrow I have your parcel with me. we are ordering something important to us and they put our parcel and delivered us as their own convience. And parcel was open partially,0
delivered on time and good delivery experience,2
In time On,2
4day late,0
Hfhj,1
Delivered 1 day late.Delivery man asking for tip,0
not delivery in proper address,0
Service guys was good,2
Nice person.delivery on time,2
Super and great ? service,2
I have not receive the package,0
Tracking a parcel is not easy at all.For days om end,0
Very poor serviceHave to improve communication and strength of workersNo reply for phonesNo answers,0
Actually books delivery is incompleted The  book combo set is 24/books.& I received only 17 books ??,0
Quick delivery and polite behavior.. thank you blue dart,2
Tomorrow delivery today received,2
Excellent service k,2
Good behaviour and reached correctly at my address,2
It was 4th attempt by your company 3 times your delivery boy told that consignee shifted from the adress,0
As I was out of station,1
Very good behaviour. Good luck,2
Quick and minimal calling,2
The boy doesn't have the manners to talk,0
On time delivery thank you Bluedart,2
Good ? pur,2
I'm very happy with the service! The product was delivered before the estimated date,2
I ordered 3 but I got 2 and both were same I would like to complain against order,0
Great courier delivery,2
Most likely will recommend,2
Well dispatched,2
The thing that is not written comes out from within,1
It was fake,0
Sir I was order T-shirt but I got track pint u want to replace the order,0
Deliver in time without blaming customer,2
There's no fault in your service,2
Wrong item is delivered to me. Mt product is missing,0
Package reached in the best condition.,2
I received wrong parcel and got scam,0
Excellent service from BLUE DART,2
Service already very good? ??????????????,2
?too good,2
Most worst delivery with 20 days. Pip,0
Contact by mobile number before coming  to deliver,1
Vicky Krishna namaste,1
You are already up there.R.C,1
Be tittle early,1
Mera product  change ho gaya hai,0
Dublicate local quality,0
Delivery Boy Best Services,2
Delivery person behaved badly and disrespectfully,0
This is a good sensible person,2
I like it the way it is,2
Service is appreciated.,2
My order is missing i ordered 3 t-shirts  but received 2 miss 1 t shirt,0
Delivery boy impression was good and polite,2
Good and reliable delivery !!,2
Please Ghar tak order pahuchaye yahi hamare liye bahut hoga,1
The product was out for delivery at10 a.m and got delivered at 2:50p.m,1
Kindly improve,1
The bluedart shipment went back because we were not at home.It was EXTREMELY DIFFICULT to contact bluedart and arrange a delivery time again.The company' whatsapp service is also bad.Their helpline number 18602331234 is out of service and helpline number 02262601234 is always busy and even if one gets through,0
Continue to excel,2
Good service blue dart....... bery good ?? bro,2
Service is good. But try to deliver before 8pm,1
Satisfied with your service.??,2
Prompt delivery and polite behaviour of the delivery agent.,2
As i received my parcel in just 1 day from Ecom but from bludart,1
Your staff are telling lies that order was not delivered because i was not available at address. Plus I am being asked for code for re delivering the order at my convenience. This is the 2nd time this is happening.  Pl investigate Thanks,0
The behaviour of delivery partner was too good.,2
Delivered within time period.,2
PRO ACTIVE & TIMELY DELIVERY!!...KUDOS BLUEDART!!..u,2
Quick n safe delivery.,2
Just let the delivery boys ask for the person in whose name the parcel is on delivery,1
The delivery system of blue dirt is very fast .  This order was booked very before but the company did not move it in time. However there no later delivery by blue dirt,1
Very good and fast service ????,2
Gwh,1
Service is excellent. C,2
Delivery was too late and my order was in my district for 2 days na they delivered after 2 days and products are. Amazing,1
the product has changed,0
Nice smooth,2
It?s a good experience,2
Or thoda discount hona cahiye,1
I didn't received the order ... I have asked to cancel. But it's mentioned deli,0
Friendly service and in time,2
This was a fake account,0
Verry good sirvice ??????,2
Your logistics services are very good...will definitely recommend  to my friends and family ???,2
Diffektiv prodect,0
This is not my product  scam with meReturn my order and  Refund  my money,0
Blue dart customer services is very quickly..I am impressed for your services....,2
Good Men ?,2
Awesome delivery on time and no hassle.,2
Delivery man delivered on time.Thank you so much,2
The delivery executive was very fast and sweet.,2
easy fast delivery by brijesh,2
Delivery staff was very nice and cordial.,2
Shipment was on time and in good order.,2
Making a phone call before reaching my place,1
If your Company is incapable to deliver courier in Village Bhagokawan,0
He was kind and so well spoken. I hope he gets his promotion ?,2
Very very late delivered orders Thes is a safe but long time weting,0
They give us wrong delivery and please back us payment,0
Good delivery. Person behaved well and supported,2
It is very fast. I am happy with the service,2
I have not recieved the order yet,0
Appreciate regular informing  tracking details & promptness,2
Good behaviour and genuine guy,2
Thanks to delivery boy. Patient and good behavior. I missed his phone call too many times but he waited for me. Really he is good man. Thanks again.,2
Thank you for delivering in time. Appreciate a lot.,2
The helpline response needs to be more accurate and specific to the query.,1
Good product Nice ??.,2
The man is very good?,2
Delivery process will be good and efficient .,1
Received well,2
Please try to give an option for the coustomer to take the delivery during his working hours or in the college timings,1
Best service. And especially executive behavior is very well,2
It is awesome... i would like to shopping more from this brand...?,2
Fast devered,2
Nice service card office pr Akar diya pramotion do dilivery person ko ya extra pay kro unko is chiz ke liye,2
I am quite happy. Thank you.,2
Please give a reminder call before hand as in 4 to 5 hrs early so that incase I am out I can reach home to receive the courier.,1
Not delivered to me or my family?..Appears to be delivered to somebody else,0
Good? services,2
Delivery boi mark location without contacting me I have to reach the outlet to collect my parcel disgusting,0
The delivery agent was well dressed,1
Perfect nice and timely delivered,2
Very Polite behaviour and good person.,2
Before Delivery Show Contact Details OfDelivery Boy.,1
Not good wanna return...,0
Service good boy ?,2
To deliver taken very long time,0
Service was good. Delivery man was really kind n humble .,2
no no nothing everything is nice,2
Aasif thanks,2
Jjvcc,1
timely delivery. humble delivery person. satisfied,2
Delivery boy call me end of day also he said his not able find my house then I recommend that I will share my Iive location then he said he want go Behaviour not good at time of talking,0
Very Fast Prompt Service,2
The status says it was delivered? I never received? Very poor service,0
Prompt nd safe delivery. W suggestion it will.be of much help if the delivery agent fone is advised in case v not at home v can convey to handover to security,1
Very nice delivery and excellent also,2
Office should be near town area,1
Very helpful nature,2
Address hote hue bi incomplete address ka issue dal diya or product delivery nhi kiya,0
Worst service. I won?t rate even 1*,0
All is ?????,1
Best Behavior of Delivery boy,2
Deliver  early as expected. Thanks,2
On Time In full Rain,2
Prompt delivery on tome,2
No workout,1
Fast delivery with minimum callingCompletely satisfied,2
Good service very much smooth delivery,2
best service and time on delivery Very polite and on location service,2
Keep up the timely delivery and food works Regards Renee,2
I am writing to express my sincere appreciation for Mr. Firoz,2
Provide delivery executive contact number when courier out for delivery,1
Behaviour was good also delivered on time,2
?very good develevt,2
Good and safe and secure delivery process and person also,2
Awesome. Just continue the good work,2
Hardworker excellent keep up the good work,2
Deliver after two days,1
Good response  and better services,2
Fast delivery with product,2
Very good service from Ajith,2
Absolutely lovely service,2
Very timely and good staff,2
The executive was very polite and well behaved. The package was delivered in very good condition. I am very happy with the service.,2
Received wrong product and request your agent for return with written request after discussing with Mr Isaan Singh,0
The delivery guy did not handover the parcel at my doorstep. He told me to come downstairs and take it. It's ridiculous. Please educate him how to deliver the parcel.,0
I liked the speed of delivery,2
That's great ?,2
I am extremely disappointed with Blue Dart?s delivery service. My package was supposed to be delivered to my address,0
Delivery boy was very respectful and patient,2
Always perfect safely handover and fast delivery.,2
I didn?t get any call for order and it was canceled by rider,0
Yes your company do satisfactory work.,1
As usual your service is very good and thank you very much p? ? ?,2
Delivery partner Is very polite .Good Good,2
Hhno,1
Kindly add one more day if by any chance no one in home to collect delivery.,1
Your delivery boy doesn't came at my address,0
Everything is good thank youBlue Dart,2
V. Good behaviour of delivery boy.. he give me my parcel reached my home ..it's hv 3rd floor ... I m happy for delivery of my parcel in v. Good condition.....,2
The service is fine till now.,1
Sporting,1
Delevery agent refused to deliver it to door step,0
Great service by Baijnath,2
Wil be recommending,2
Parsal riturn,0
I want to return the  product,0
service is as per scheduled and very prompt delivery in time as informed,2
Product aapka use Hai product aapka loss hai,1
Production,1
Stick to the delivery time and date,1
Reeturned itum rong itume,0
Prompt reply,2
Your service was good!!,2
great job and best delevery,2
Quick and fast delivery services,2
Services are too good,2
Very bad way of talking,0
Late delivery.. product not good,0
Excellent so happy and will continue to deal with you,2
Very nice service provided.,2
Faster Delivery is Expected.,1
Always bad experience with bluedart ?,0
One day before notification of arrival time,1
I like the product than you,2
Mind boggling,1
Your representative is polite and respectful,2
Good services but one day late my parcle,1
He told me to come to him. I will not come. If you will not come. I will return your parcel. Very bad experience with blue dart.,0
Not good perfume,0
very friendly and polite delivery agents,2
Excellent always?,2
Delivery executive was so polite. Services are awesome.,2
So cooperative behaviour,2
First delivery boy call me & told that he not able to deliver in my door step he asked me to collect the parcel from my bus stand which 2km far from my home.After that I have raised complaint in pharmacy portal then he delivered my door step. So please inform your all delivery executive please don't harrasment to customer.,0
Good delivery and a nice delivering person,2
Great service by myself delivery boy,2
Right time reach my parcel thank you for your kind job,2
Like present,1
Good timely delivery.  Thanks,2
Delivery on time . really impressed.,2
760419,1
It's not delivered to me. It has been handed over other person who was in my old address.,0
Very good service nd delivery boy very good nature,2
Good. Delivered in time in good condition.,2
One of the worst courier experiences I?ve ever had. My package was supposed to be delivered by 23 may but it?s been delayed with no updates,0
I have not received the package and it shows delivered,0
Cheated with order and please reyurn,0
Nice ap ha,1
Good dedication,2
Kudos to BlueDart_ for their outstanding service!My parcel was delivered on time,2
Your delivery guy requested OTP even before delivering the package,1
It's already best service center namaste I hv seen my name as per,2
Good service . Thanku,2
Excellent Working Condition,2
Ok courier man,1
Accurate and trustworthy,2
the delivery was on time and the behaviour of the delivery boy was also goodthe quality of the profuct was awesome,2
The guy was soo good in talking,2
Increase your staff,1
Whare is my parcel??,0
The delivery process is so comfortable and the guy who has delivered is well and good,2
It's the brand and it's service quality we rely on.,2
It was not delivered and bluff by the delivery personal. In system it is showing as delivered,0
Got a text from bluedart last minute so i wasn?t home. Would prefer if it came earlier,1
Already better no change i want,2
Please tell your delivery partner that they should either deliver the parcel to our home or not accept the parcel at all if they cannot come to our exact gate. We have to travel 8 kilometers to collect it .,0
Very fun delivery people,2
Really good and fast courier service,2
Most third class service. Customer care number is not received by any person(human) After despatch took lot times in transit unnecessarily....the object comming from only even 10 or 12 km away taks 3 working days for you.ENABLE A PROPER HUMAN INTERACTIVE PHONE NUMBER SO THAT PEOPLE CAN REACH YOU IN EMERGENCY NEED.?,0
Supperrrr,2
Blue Dart is always number 1.Keep up the good work people,2
The delivery process was very convenient and secure. Thank you,2
On time delivery did the delivery arrived as expected,2
Bhut ghatiya service hai khud Jake Lana pada Blue dart office se,0
Nice ? sirwish good dilevery,2
This is a very good service brother ok,2
He quickly deliver my parcel,2
It was all goood,2
Ghjhg,1
Service is worst. Delivery agent don't reattempt delivery n keeps on updating false tracking status . My special thanks to Mr.Pankaj from bluedart hurdkeshwar nagpur office he arranged to deliver item from office after complaint is done against previous delivery agent. He himself find out shipment n delivered. This was only good thing happened..thank you pankaj good job at end moment.,0
Bottle was broken into pieces,0
Polite and nice person.,2
Jsjdhdj,1
Delivery good time,2
Not working good,0
Thank you for good service for blue dart ??,2
Best service provide kotak mahindra Bank I am happy,2
Bahut badhiya service timely delivered,2
Your service and your staff are very good. Their behavior is excellent. Thank you so much for delivering my parcel on time and in perfect condition.,2
My parcel even being in Blue dart office Imphal,0
Dilevery boy is very good person and cumnucation bevebior very good,2
Very poor service by delivery boy always fake attempt,0
Delivary staff tried to delay delivary,0
When package is out of delivery,1
Ok item received,1
Not delivered for door step,0
Nice delivery pason good service Akshay nice work ???,2
Staff is good. On time,2
I think its fack,0
On time parcel mil gyi,2
Reliable and prompt service. Excellent behaviour of professional.,2
It's really a good experience with this courier.Excellent service...,2
Package box is open when it delivered.I was in emergency that's why I didn't return this product or else If i saw the person who package this product I will throw this in his face such a cheap work ethic fellowship.,0
My passbook ie not delivered to me,0
The product was safe and fine..,2
Your service is nice thankyou,2
Still I didn't receive my atm card I don't want with whom he gave my debit card,0
Best thanful friend ?,2
Awsome and professional delivery servive,2
Update 1 day before you guys deliever the product.,1
delayed by three days,0
Good service ? 10/10,2
When parcel is reqched destin and out for delivery assign a good person who know minimum to contact with customer,1
The checkbook I haven't received,0
Delivered in no time.,2
Interaction with the delivery guy is good. Keep your work like this forever.,2
Blue Dart service is good,2
I have to go to the bludart office and have to collect my order the delievery boy did?nt carry my order by saying its very big and delayed it for 2 days after that i went to bludart office then i got my order,0
Well done delivery boy!,2
God sirvesh,1
Better thn i thght.,2
Vbgg of,1
G g rbd,1
gentle man deliver me courier,2
Order returned due to small size,0
Received ok and before time.Thanks,2
Convenient easy to communicate,2
I made payment for 3 items but received only 2 items.,0
Delivery boy is good service ???,2
Bluedart is best service,2
Very good and fast service. My order arrived 2 days early,2
Please inform name of delivery agent to enable to adjust the time of delivery.,1
Extremely disappointed with the way this delivery was handled. Delays,0
I don't receive one item,0
Everything is perfect. Fast delivery. Delivery person is very polite and cooperative.,2
Amazing delivery boy? like him so much,2
On 27-05-2025,1
It was easy to get my parcel,2
Very polite behaviour & helpful too .. pls keep staffs like him more in future,2
He is good sincere and humble,2
Dilevery happened faster than i assume,2
He is very polity and kind,2
Was delivered to another flat  and they called and I went and collected,1
Delivery person was not ready to wait till we open the door. He wanted us to stand near the door and be ready to open immediately on ringing the door bell,0
fast delivered ?,2
Bgu,1
Delivery status update goodDelivered earlier,2
Delivery person is very good and,2
Need to mention delivery boy number,1
It is good but you should give time of delivery otherwise it's very nice experience,1
Damaged box and product.,0
Very bad servise,0
The delivery was supposed to to be done on 22nd may but it was delivered on 27th may. There was no update on the tracking details. It only said unable to deliver due to time constraints. I am very unhappy with blue dart this time.,0
We have not received any product and it is showing delivered to self.,0
Thank you for fast service ?,2
The guy was very respectful ?,2
I got wrong and fake products,0
The order is give different,0
Very nice service by Blue Dart,2
It's showing delivered but not yet received,0
Nice delivered ????,2
The product is   useless.....& The coridanater ..on phone using rugf launge... making fool to customer...,0
Satisfactorily delivered,2
Delivery partner nature is amiable,2
Don't change,1
Vry good person good job ?,2
Good  product MANJU MOHAN MUKHERJEE,2
polite and efficient,2
best performance,2
Dilevery is delayed,0
Not delivered home address delivery 10 km,0
Soon delivered,2
Good delivery boyy.,2
Really happy with delivery guy,2
Very very very very very good,2
Really friendly and respectful service,2
I loved the service and polite courier man,2
I received one of the best online service .Thanks to blue dart,2
Ordered on 11th may received on 27 th may . make delivery faster,0
Items are not good,0
Behavior of delivery boy is very kind,2
Fast and speedy delivery service,2
"First of all my parcel delivery date postponed by 2 days and on delivery date at morning massage come ""out for delivery"" and on evening message come your address incorrect or incomplete not even single call of delivery partner come to me and on next it again show out for delivery and at 4pm delivery boy call me and says I am coming in 10 minutes and at that time I received message that your parcel has been delivered and I did not receive any parcel",0
I am greatly impressed by the service.,2
Interaction with staff was good,2
I had Very good experience and the delivery man was also polite he just called once and I received with delivery on time.,2
Not reddy to keep it button,1
Debasish is a very good biker,2
Reliable services Thanks,2
Its good and very comfortable also,2
Very good service by  blue dart and their delivery person,2
GudProduct,2
Best services and fast delivery ?,2
You missed delievery of one product and the tracking shoes delivered,0
Please try to upgrade your delivery boys Behaviour,1
Good going & keep it up,2
Good service & Delivery man is also good,2
More than better,2
I was outside while shipment arrived. So I asked a photo for that . The delivery person not ready for that,0
Not at all this very best delivery,0
SupabGood,2
?rajesh,1
WhatsApp tracker,1
Job well done ??,2
I didn't received any parcel even I don't know what kind of parcel is this and delivered on which address.,0
Gnjj,1
Good fragrance worthy price good experience,2
I very happy with you servicesThanks bluedart,2
Bzbbz,1
Thank u m loving the service,2
Delivery boy was quite decent and cordial in nature.,2
The best delivery app,2
Did u check this where it is come from... I get totally wrong and old clothes,0
2 days delay in delivery without giving proper information,0
Good work. Professional delivery,2
Excellent service because ours is a village.,2
Good service via Nitin,2
Its good no need to serve better.,2
Very nice bheviour and good man,2
The delevery agent behaviour was good. I appreciate him.,2
Good communication skills and services mindset.,2
yes very good,2
No accuracy details found,1
Wow??????????s,2
Delivery person was good with nice behaviour.,2
Nfne,1
Bhoat bakwas service hai,0
Good delivery but  too late,1
The delivery person was Good Even the product was good.,2
It's too good ??,2
Bestest..,2
Excellent service my the delivery agent.Very happy with the service.,2
Your  service is best,2
Graet behavior ini,2
Goat!!,2
Overall was an amazing service,2
Dilevry boy is too much good,2
Received wrong and damage delivery can you initiate refund,0
Delivery agents are nice,2
Thank you print shoppy Jaise maine order diya tha vaise hi mujhe deliver Kiya Gaya bahut khush hai meri Beti Maine beti ke birthday ke liye banvaya tha and good service thank you,2
Quick delivery and good behaviour,2
In your service you can provide the reschedule option for delivery before handed over the order to delivery person.,1
My product have not delivered too me and i have received msg your product has been delivered,0
? p,1
Thanku Bluedart Team??,2
It?s good as you r doing,2
Awesome... The delivery was on time I m happy with your service,2
Good agent!,2
Your delivery executive Ashok Kumar is very co-operative.,2
Sensor motion light is not working properly,0
Time jyada lga,0
Quality is not ok.. n name font is also not proper.. some letters are in large font n some in small..,0
delivery process is very slow.... please go for better service in future.,0
Messaging probable time of delivery,1
Your service is good. Reached my order in time. I am happy. ??Thumbs up for the delivery person too ?,2
Like ieGood Always,2
My product is totally wrong ?,0
faithful products only can be do this.,1
Very good ? s,2
Service of delivery agent was very good,2
I am going for check my delivery status yesterday I got message undelivered for my order and failed order delivered without any call from delivery boy you send me message for undelivered and today I got call from delivery boy he told me my address location not in his route he delivered my order village pamal in medical shop he not going to my village.,0
Great service from the team,2
The Delivery Boy was on time,2
??? ?? ???? ????? ????? ?? ?????? ???? ????? ?? ?? ????? ???? ?? ?? ?? ?? ?? ????,0
Received wrong item and broke making fraud business,0
The package contains a container which has a Broken Cap so I cant accept the package ?,0
Blue Dart ke sath sabse Bura Anubhav,0
Amazing delivery executive. Deserves a raise,2
Never fail to give excellent service keep it up,2
the delivery guy?s behaviour is very good and very helpful,2
Maybe deliver a little bit more fast,1
You are doing well!,2
My shipment is delayed but it is showing that it has been delieverd,0
Thumbs up??,2
Pathetic service and received parcel after multiple follow up,0
Gjjg,1
Delivery guys was very polite and patient. 10/10 for delivery guy sachin.,2
The delivery guys is fabulous,2
Get verified on Truecaller,1
The are great,2
It's already better!,2
Nice & polite behave,2
Very good service and it is very rare that delivery partner is very good than other courier companies,2
Courteous and professional service,2
Very good handling of package,2
Good response time,2
Delivery speed and service is up to the mark.,2
Product is damag,0
Yesterday Order was not delivered mentioning as delivery was attempted and apartment was locked/closed. But there was no phonecall and delivery was not attempted. We have taken leave and waited for that order. It is complete disappointment.,0
Bewkuf bana diya,0
No issues with service at all. Wonderful on time service.. behaviour very good. Thanks,2
Delivery was done within 4 days of order which is great ?,2
"Your courier service is terrible and a joke. First you said delivery is on 24/52025 then changed to 25/5/2925. Then it was changed to 2 Jun 2025 then again changed to 27/5/2025. Does the idiots running bluedart realise the inconvenience you cause us. I had to reschedule visits to the Hospital to take my wife to be at home to receive your stupid delivery. Only you have ""Network connection delays"" . I am getting deliveries from Amazon",0
Worth the price sab product bahut achee hai,2
They do fraud with me,0
1)People have no courtesy 2) delivery man was upset that I did not have enough change for payment on delivery3) questioning unnecessary queries is unprofessional,0
Thank you so much. The delivery and service were good.,2
Very nice service and behaviour of the delivery person,2
Osam service,2
It was a very delayed delivery. No information given.,0
So so.....,1
Saman pura hi ni aya,0
Very very stupid people and delivery service.,0
Yes recommendable,2
Worst service. The person was not ready to listen and did not help in re-loading the boxes properly. His mobile no. is 8017675305. Troubled us unnecessary.,0
S it was good,2
Delay by 4days,0
Delivery was smooth and delivery man was kind and understanding,2
Great delivery. Always on time,2
Delivery was very fast and delivery boy Mr. Surendra singh was very helpful thank you for your service,2
Delivery was very fast and convenient. Delivery boy Mr. Surendra singh was very helpful. Thank you for your service,2
SHOULD BE PROVIDED FAST DELIVERY.,1
such a fake product deliverd,0
Wrong item delivered bed,0
Delivery time and person both are good,2
Product issue Order mentione--  camraReceived-- power Bank,0
Excellent service Good job,2
I need 9inch,1
Definitely good.,2
It's been 9 days since ordered,0
Very good service n behaviour,2
good by nature and fast in delivering,2
customer friendly delivery services,2
I have not a suggestions for you because your company to good.,2
Supper happy,2
AWESOME!!!,2
Well behaved boy. Nice.,2
Service excellent  he callede one time for the adress my address very difficult to find....,2
Cover is breaked,0
Worst staff behavior. He was rude enough to have a fight with my father. If possible,0
Awesome timeliness,2
I like it ????,2
Gud....,2
Mera atm aur cheque book tumhare bande ne kisi galat address wale ko de diya hai poora area dundh liya dophar se lekin abhi tak mera documents nhi mile usko bolo aake mujhe mera documents deke jaaye nhi to kal complaint kar dunga ye log sahi se service nhi dete hai,0
I asked to cancel agebt also canceled it accordingly,1
?nice very,2
Delivery guy was very good and talk very nicely..  appreciate his work,2
The product was not delivered and the delivery person has marked delivered on amazon app,0
Excellent service and staff are friendly.,2
U perfect ?,2
On time despite heavy rains!,2
There should be better inter departmental cooperation in your organization. 7,1
Delivery person isbon time and friendly,2
You are serving better no need to be better than better,2
Gfhg,1
nbb,1
Very good delivery boy ....good behaviour ? nice..,2
Smooth and Nice delivery person Talk very politely Very good service,2
It took a lot of time for me to reach my delivery. My package delevery postponed 2 to 3 times. The one who should have the first preference for delivery to deliver at right time,0
Appropriate n good service . Thanks All the best !,2
Service person is very good and humble. Timely delivered boxes.,2
Very polite and respectful delivery man and their behaviour,2
Better to improve tracking details & providr delivery agent contact number,1
East or West,1
Fraud I'll apply for 1+1 offer but I received 1only,0
Vary dood,2
Delevery man was very polite,2
It' fake item....,0
Very very good serl nivice p,2
I want to return my order and i want my money back the product is very bad I have changed it many times but the product is not getting hot,0
The delivery agent was prompt. I got the delivery at 10 in the night. He is definitely hard working guy.,2
Amazing service.. keep up the good work. Thanks Team.,2
Good job v,2
10/10 for delivery patner,2
I am very happy.Delivery is wonderful.,2
Service is better. Nice work. Delverd on time,2
I am happy blue dart service,2
Delivery girl was great with her work and behaviour,2
Delivery boy was talk very rudelyAnd delivery issue like delayed in delivery,0
Good Work blue dart,2
The bottle of the face wash was leaking. Looks like the packet has used the face wash already. I have received the empty bottle.,0
Good ? time dilivery,2
Delivered between 10am to 3pm is best for me,1
BUY FOUR PIECES BUT DELIVERY TWO PIECES WHY ?,0
Nice package and dilivery agent is very good,2
Super fast service thankyou Blue dart,2
Good behaviour office worker,2
The card was damaged in transit and the associate hid the card from me before taking my signature to confirm delivery and then refused to take the consignment back when I asked him to.,0
V good v good service ? Harsh sir,2
I am not received the product.,0
Your services are too good?,2
Best delivery person Very polite and always on time,2
U guys are doing fine,2
Perfect rating 10/10,2
The box was damaged and some products are missing .. hence Herbalife company had sent all the products.,0
supeb service...,2
Fastest delivery very good job???,2
I always loved Blue Dart courier n it's delivery agents r quite polite and responsible.,2
We receive wrong product... ?,0
Your service is the best I using first time online delivery and it made me easier and great Thank you so much ??..,2
It was professionally done,2
Best ?  very humble person,2
I haven't receive the order,0
Txn,1
I had exchanged a shirt with snitch..your delivery boy called me..I want your return..I asked if you are blue-dirt..he said no I am from Flipkart..so I said there is no return from Flipkart...and got my order-4711762 cancelled. Now we will see what you do.,0
Please do call few more times the customer and share the delivery person number to customer so that even if call is missed they can call back and co ordinate properly,1
My courier is missing please details and call . delivery boy not coming my home and no call please call me and my courier details,0
You r fraud tum log sab chor ho customer ko fasate customer ko loot te ho jo product order karte vo nahi dusra dete ho customer koJab Return karne ke liye kehte to aate nahi mobile number Block list me dal dete ho tum log dab ki sab chor ho,0
Very good and well deceiplined,2
This item  is very poor.Not the same product what I ordered,0
Delivery boy is so humble and contact free delivery fast delivery,2
Great and effort less and seamless and fast service.Thanks Bluedart team.you are the best.,2
Order is not exject which I am ordered. It's too cheap and wastes product. How I return it there is no return option.,0
Service is very good & fast,2
Faster delivery I guess.,1
My parcel damaged,0
Perfect delivery. Thanks.,2
great service kind behaviour ??,2
The delivery boy didn't call me for give a parcel,0
Fraud product. Please help me to return this item.,0
Fraud items send me,0
Greatest service ever?,2
Over let the product,1
Worst deli,0
Very bad behavior of delivery man,0
I didn't receive my item and they were Mark item is delivered ?,0
Nothing to share specifically.,1
Delivery agent was good ?? and also polite,2
Nice Services Provided by Blue Dart ?,2
I want to return call me connected,1
Extra delivery charge,0
Good service by staff Gireesh.,2
H r gdg,1
Really very nice service?????I m so happy??Thank you??,2
I was very much at home and the delivery guy just didn?t bother to call me and left the consignment with the security. This is completely unacceptable. Please advise your delivery agents to call up the customer.,0
Delivery guy was very helpful. Thank you for the service.,2
My order doesn't delivered to me and blue cart Showed us that our order is delivered,0
H ke,1
Best delivery boys,2
Delivery ? agent nature is very polite.,2
Ir is goid now,2
Khudos,1
Packaging was slightly damaged not too much but it was good Need improvement on packaging..,1
Super first delivery shambhu da tqq???,2
Continue the same ...Cooperation & coordination with the end users.... Jai Hind.,2
You have delivered worng parcel to me.I have ordered M-size but received XL size.,0
The product is not that I ordered the product is different,0
Your service is very good but if your courier boy calling and receiver number is not reachable then please try to what's app call once. Sometimes what's app call help you . Thanks ???,1
Product is not delivered only. Don?t know what kind of service they are providing these days Extremely disappointed Delivery partner not answering call and ignoring the call,0
Nnvb,1
my sbi cradit card retun without my indformation why,0
Parcel has not been delivered to me yet.,0
Delivery staff was polite and good,2
Have not received my order,0
Delivery person Gautam was polite,2
Delivery partner was so nice ?,2
It reached safely. Every thing is okay but had to wait for two days after reaching destination. Delivery man was very good. Product is also in good condition,1
Delivered bt delivery personells not gave proper information about delivery and not Delivered all items even they carry it with them so please improve u r service &gave my remaining items as early as possible,0
Yo deliver the parcel before given time,2
We are happy with delivery boy,2
Blue dart is Frist delivery,1
Contact of the delivery person,1
Very good Delivery guy ?,2
Sir mene you tube per trousers dekha tha our uha se order Kiya bute size small and other trousers received not satisfied. How to refund my trousers. Plz sent coustomer contact no and share link. Immediate action plz,0
Mr Arup is incredibly efficient. Thank you,2
Share the number of the delivery boy for coordination,1
I have self pickup the item,1
The personel is very good and cooperative,2
I didnt receive the parcel at all,0
Happy with delivery service & man.,2
Delivery was good and convenient.,2
Works wonders in 5mins for sensitive areas like face and underarms. This amount would probably last 6-8 months for me. Compared to razor it lasts quite well. Cons- it kinda irritates the skin a bit after washing it off,1
Gpod service,2
I very very impressive your job,2
good  sarvis,2
?????? ??????? ?? ?? ??? ???? ??? ???? ???,1
Currier person did a wonderful job. He telephonically called so many times. Excellent work.,2
TAT should be improved. Item delivered after complaint.,1
l got  that  parcel very late and  the  box is also opened,0
Plz keep up the good work!,2
Nice ? prodect,2
He give me wrong order I have ordered wrist watch he give me coffee cup,0
Bevkuf banaa Diya gaya hai product different bheja gaya hai aur bevkuf banaa Diya product mein kuchh nahin nikala,0
Love the fast and pre delivery?,2
need to improve in efforts to delever the parcels,1
Hffh,1
Thank you for delivering my items. Im grateful.,2
Very nice and fast service The service provider's behavior is very nice,2
Everything Is good,2
Service is very good ??.I am satisfied with him.,2
I need one item please send more Verity's item on my what's up account number,1
I didn't received the correct order they cheated,0
Worst product refund my money please,0
If timings of delivery could also be told in advance it would be best,1
Excellent from booking to delivery,2
Adar product,1
Delivery person was good and serve in good manner.,2
Not a delivery,0
It's the worst service I've ever seen Literally the delivery partners were unable to find My location and didn't inform me So I've to visit their location to pickup My order,0
Kindly do the delivery on time,1
On time delivery before event.good service,2
Got no call from the delivery agent and straight up the delivery was canceled. After multiple days of waiting had to go and pick up the package on my own. When inquired about the undelivered prodcut they showed little to no interaction. They even spelled my named wrong even after showing them proof.,0
Good service Akshay nice work exlent working on,2
From address is hiding by blue dart dont hide from adress some fake products through bluedart,0
Firoj greed,0
I have not get my delivery,0
Very fast dilivery very good service...,2
Blue Dart provided a great experience with their recent delivery,2
Nice Delivery of the curiour,2
Will be better if call/text in advance before cmg for delivery,1
Not good return my parcelNo need Return,0
He is not door delivery,0
Really delivery person is helpful person,2
Satisfied delevary and good person delevary brother,2
the service was perfect,2
He was quick enough to deliver the order after the call he made,2
Great experience with blue dart. In my area your delivery agent is very good. Behaviour of your delivery agent is great,2
Good service... delivery boy is so good,2
The delivery person walked away without delivering and marked the order complete,0
It was a great experience with blue dart .  Your services are always good ?.No recommendation Needed??.,2
It's tremendously awesome I appericiate it,2
Worst experience ever  delay without reason ( kachre wala pn time vr yeto ),0
Not delivery at home,0
Good person time for delivery ???,2
Jxjx,1
Now they are immaculate service given to me. ????,2
Best and too good thank,2
Blue dart delivery boy are Good behaviour,2
It was a credit card delivery and the delivery guy didn?t even checked my id and asked me for any otp. Very disappointed,0
Package not delivered and received message delivered done,0
Delivery partner was patient,2
Sarvice is very good ??,2
Thank you so much for delivered my card,2
Very nice service thankyou team,2
Delivery on timeI am so ?,2
Bludart Courier service is provide best service  and timely deliver.,2
Ggfddd,1
Please stop carry forwarding fraud products.,0
Service is quite good.  Keep it up!Ss,2
Doing well now,2
Keep it ON,1
By increasing your centres,1
Just keep your hard work,2
Good service especially the delivery agent,2
Hshah,1
Goood sarvice,2
Customer care number is not reachable,0
sbwuenejen,1
make perfect deliveries ?,1
It was late delivered,0
Overall good service?,2
Very happy with the product and shipment.it reached very fast and on time.,2
So happy with the service friendly fast and stress free!?,2
Not received this product,0
Material delivered in broken condition,0
Excellent customer service support,2
Delivery agent is very much polite and made a quick delivery,2
Good Services...,2
Always polite and with patience.,2
Was great working with them,2
My product is very bad is colour was very bad return my order I request you,0
Dilevery delay,0
Technically,1
No contact given,0
Item are missing,0
I have been scammed there is garbage in the parcel not what I ordered.,0
I ordered nexgear wireless auto car player but I recieved wifi adapter instead of my order,0
I got scammed by the seller,0
worst scam products delivering people i received used torn clothes delivered by these people worst dont trust,0
Delivery was rescheduled with a reason that was untrue. I was present at the address during original delivery schedule. And suddenly it was rescheduled saying consignee not available which was completely false.,0
Hsd to pickup,1
Charges are very high,0
No doubt for delivery Bluedart is Bluedart,2
Refused take payment in cash,0
Always bluedart is the best.,2
Very & Best Service,2
Please call customer when delivering goods. Many times it gets delivered to wrong person.,0
Very bad product and quantity  is very less,0
Muje otp puch liya aur parcle nahi diya.. M ghar se bahar tha security ke pass rakhne bola tha nahi rakha... Deliveri boy ka no 9881212297 ye h,0
Good delivery guy dhaval darbar,2
Satisfied?.,2
?? ???? ???? survice ??? ?? ??????? survice boy ?? ???????? ??? ??????? ???? ???? . ???????,2
Ok it's enough,1
Always try to give me between 9am to 2pm.because it's my office address.,1
Sorry' galti se,1
I don't want this product,0
Very very poor unethical and unprofessional service. Please pay good money and hire better workers. The courier guy came near my house but didn't deliver my parcel just because she was getting late. Do u realise how important my document was.  Zero service,0
Not received to me but message came delivered,0
Very rude behavior of the delivery person,0
The delivery person is very known to this address and very humble.,2
Delivery uncle was very generous and helpful,2
The delivery man was very polite and good and very friendly,2
verey good sarvice,2
Wrong item recieve in package this is very rude,0
Very good service and early Deliver.Thank you blue Dart,2
Thank you Kamakha ?,2
Took a long time to deliver with multiple delays,0
Better to deliver earlier,1
Thank you bro very ?,2
I didn't receive the parcels,0
I have not received delivery itself . I don?t know where it delivered,0
ATM,1
Fgig,1
The parcel was delivered properly and was received on time,2
Duru,1
Make economical,1
It was nice already,2
Before time delivery than expected and hassle free,2
It's a very bad experience,0
Very Early delivery,2
The package is missing,0
Delivery executive was so nice & professional.,2
Deliver partner is good ?,2
Delay delay,0
Its my first Order on nykaa I love it The delivery partner is also very good and uptodate nice experience nj,2
I don't know why you delivery boy asked for money,0
Be very friendly,1
Shahnawaz,1
Good and fast india delivery,2
Very POOR Service,0
Delivery Boy do not deliver the Shipment I have to Collect it from the office Previously I have a shipment but it was Returned,0
Project decision,1
All good but most important delivery person behaviour is very nice,2
Delievery was smooth and delivery guy was very kind and helpful. On time delivery.,2
Gode,1
It was out for delivery for 3 days,0
Nice guy he given parcel at my door step also very helpful person,2
Tooooo much good,2
???every thing is good,2
The Courier guy is such a humble and hardworking person,2
I was not expecting it 3 days earlier but thanks for the delivery,2
They didn't delivery to me they are asking me to come collect at service,0
Delivery boy did not have interaction with me than why ur man delivered the courier to the gourd when I am available 24vhrs in the house,0
The above Shipment is not yet delivered to me (R Kannan -Mob:9884101685). Blue Dart has given false and misleading information by SMS and also by False/Wrong updation in Online Tracking.Take necessary immediate action for door delivery.,0
Late dilevery 24th ko parcel receive hona tha 27th ko aaya hai woh bhi jab castomer care ko call ki hai isliye.,0
Sari is worsted that quality is too bad that's colour is old ????,0
Excellent Service by the Executive. Thankyou so much!,2
Gd behaviour from delivery boy,2
Servic no,1
Thank u bhaiya,2
Delivered on time but,1
This delivery experience was good.,2
Your delivery executive is indeed a very dedicated person,2
The delevery guy was very rude and he ask us to come down and collect.He is not ready to handover the courier and talking so much..not satisfied with his approach.,0
Docket not recd,0
very nice Sarvis,2
Services were on point,2
Great delivery experience smooth and silent. kind delivery men,2
I didn't receive anything. My address has been changed from Mogappair eadt to Nolambur long back. Updated my address in almost everything but dono ehich parcel is this. This happened few times ago as i am not available the parcel has been returned. They should have called me right.My number is same 9841312325. Please call me,0
Already good service provided by you. I am satisfied.,2
Very late delivery everytimePathetic service ever,0
The delivery person is very efficient,2
Today fake product want return,0
I think you people doing well,2
No calls or no information about the delivery. Simply handovered to security person. This is not expected from delivery partner like Blue Dart.. Very much ?,0
Without my knowledge the status is showing that it is delivered that to some other person named rakesh,0
Excellent Service 10/10,2
Service was  good. Please provide them proper facilities.,2
Excellent service from Bluedart. Because of heavy rain and bad weather the shipment got delayed. I sent mail to customer service since the parcel contained medicines. They immediately responded and delivered parcel on time. I appreciate their service in this bad weather,2
I don?t like to take delivery at 10 pm,1
I m satisfied by the service,2
Ateekahmad,1
Blue dart has always been super logistics company.its fast and the best of best.,2
Excellent service provided by tamhrang bro and Isaac bro,2
No need to action...,1
Tiabnzbxn,1
Delivery should be done on the same day as the fixed delivery date in any case.,1
Time perfect,2
While i appreciate the support of the delivery official in helping me out,2
First time! Delivery person was so friendly and kind act. Polite and patience is necessary in work and he is very good at his task. Bingo? kalyaan kumar,2
OTP problem persist,0
Very good delivery and the grandfather's behavior is also very good.,2
Parcel has been reached Indore on 23/5/25 but delivered on 27/5 at 7 pm.The expected date of delivery was 24/5/25.,0
Firstly the delivery person refused to deliver my package at my home by making stupid excuse. Then I asked them to drop it at more convenient location for them. They sent the message that the parcel has been delivered,0
All over its a great experience,2
Quick delivery and excellent delivery agents,2
The delivery executive,1
Hard time coordinating,0
Very good.  Keep it up,2
Excellent service.polite delivery mansidhu,2
Nice fast delevry,2
Delivering person,1
Jffu,1
Kotak Mahindra mein liye bahut achcha hai,2
Delivery Person is very Polite,2
Service is bery good,2
"Delivery Agent misbehaved with my parents.He also threaten us that from next time there won't be any delivery to your house.First he rejected my 61 year old mom request to come stairs to give courier. My father went down to receive the courier and then he was just talking rubbish in frustration. This whole house is mine so why should I mention first floor or Ground floor. Even though my father came down still he was uttering ""floor likhte nhi h khi",0
I didnot receive the parcel delevery boy delever to wrong person,0
The delivery OTP and tracking details should also come on the email ID.,1
My new scooty side was fine at the time of booking but when delivered me found side stand is band condition. Very poor service,0
Best service people is good ?,2
Very poor delivery experience. Waited for four days after the product was out for delivery.Delivery guy falsely claimed the premises was closed and didn't attempted the delivery for 3 consecutive days.,0
Blue Dart Very good,2
Delivery person was great always do delivery on time and polite in nature,2
Ugij,1
Uugjv,1
Fabulous service from blue dart in the rainy season Mr pavan,2
Girlfriend i'm,1
Send the message on the mobile the day the courier has to be received by tge person at residence so we don't have to wait for the courier person.,1
Very 2 good service,2
No comments u r always the best,2
It was fine .,1
Friendly and familar delivery boy,2
The delivery person was very polite and good at delivery of the item,2
Superfast service c,2
Bahot jyada delay Kiya 25 may ko aane wala parcel 28 may ko deliver Kiya....,0
T shirt material was superb,2
I had not received the package. To whom it was delivered?,0
Return to my order please,0
Great job Akshay nice work exlent working in the day ????,2
It's awsm,2
The delivery was trustworthy,2
Your service are so superb,2
Mkjjh,1
Fabulous service from blue dart Pavan,2
I have to chase multiple times to Bluedart for my package and still got delivered 5 days late than the commited date. So I am not happy with Bluedart services.,0
Mind Blowing Courier Service. Specially for a Delivery man. Who comes to deliver parcel any weather Condition. Thanks,2
Very best service.timly arrival,2
I didn't recieved this order as i was out of town. And no one on my behalf recieved this order. It was supposed to be returned but it was forcibly delivered somewhere which i also don't know.,0
Delivered safely and on time.,2
Wrong supply  material,0
Every time my order which has been given to bluedart it is delivered late...was supposed to arrive on 23may but received on 27th may...... unable to contact blue back..... please check,0
Amazing behaviour and friendly nature,2
Abhi to mai parcel le kr hi khush hun use krne ke bad feadback deti hun ?,2
Very cordial service.,2
The business is done with fraud stop doing business with them I ordered a mouse and was given a small cup of 5 rs,0
Delivery boy is Polite and the way he delivered the product is soo good. Think on hiking on him.,2
Great Service Like Always. Will definitlely use BlueDart in future as well.,2
Thnq so much for your service and specially thank to you delivery boy during this weather safely delivered my parcel,2
Make your services cheaper,1
Jaisa expact ki waisa bilkul bhi nhi h,0
I received before the time. Thank you blue dart.,2
Awesome product and Delivery service,2
Good Service.BLUE DART delivers items to your home,2
The delivery was definitely very good.,2
Im not received the package,0
Rude delivery partner. Did not give home delivery instead called to pick outdoors,0
Just maintain it.,1
Blue Dart is a well known good currier service.it will be better if possible they inform us before delivery.,1
Home delivery is just awesome,2
Very good service delivery on date and safely.I really appreciate it Thank you Blue Dart.,2
Good service  .not dealay  ferpect timei gs .,2
What I ordered  that is not in thus Box,0
Thank you this it was good,2
Very very very bad ..this is too much disgusting the delivery partner took money from me and didn't delivered the product still now .. disgusting..I never use blue dart service again,0
Your services are so good and on time delivery,2
Valuable work,2
If u have committed for delivery then delivery it correctly u should not ask the customer to walk and get the delivery.Worst experience.,0
Aapke company parcel delivery karne nahin aai bola ki aapka parcel kharab Hai to Mera parcel mujhe khud uthana pada jabki Mera parcel achcha tha damage nahin tha bahut kharab service hai aapki,0
--------+,1
We are not received any courier from your side.plz confirm from your side.,0
Excellent service and staff by Bluedart,2
Good personal behavior and good service,2
Vey satisfied,2
Worest service received,0
Your product totaly rubish. It is not running. Iwant to return it.,0
Fast minimal calling exactly knows the location,2
Timed Delivery,2
Such,1
So good and product quality is also good and delivery is fast,2
HAPPY HAPPY,2
The delivery guy insisted that I have to pay for the shipment,0
Prompt bue dart,2
Unsafe delivery without OTP validation on prepaid item.,0
Bluedart is so much fast service thank you so much,2
I havent recieved the shipment.,0
No door delivery. If we ask they tell we have no service there. Then why you are taking orders,0
Well organised and prompt delivery,2
Staffs very courteous,2
Delivery boy character,1
Tghn,1
Size was big,0
The delivery person was such a sweet man he delivers my parcel without any hesitation,2
It is o. K,1
The delivery was before time. Appreciate the promptness.,2
I called blue dart to find out there location for a pick up They gave me a location and phone number were both wrong . Then I called again to blue dart to tell them I couldn?t find the blue dart location and that I wanted to speak to a supervisor I waited on hold for 5 minutes and then was disconnected hung up on . Then the blue dart in my location called me but they couldn?t send me a google map location . It took me over 1 1/2 hours to finally connect with my package .,0
You are doing excellent work...,2
I m very much happy with the service as well as the delevery person,2
Everything is perfect as of now. Cheers ?,2
absolutely mannerless executive.,0
It's good ? products im happy and good package good service,2
Deliverey service very poor home address pe delivered karte nahi na hi call karte hi poor service,0
Great service? ?,2
Good service...... delivery boy is a good person....her behaviour is so good,2
From last many orders,1
Very good service and no follow up done by delivery person.,2
It is Ok,1
The parcel was not delivered the opt was asked and the parcel was not delivered to Pauline jasmine,0
Very good. Nice delivery. Good ?,2
Keep this momentum to deliver by reducing time period.Thanks,1
First of all the goods must arrive on time. The staff should deliver the goods to the customer and not call the customer for collection on their own arrangement.,0
Dghjm,1
Product to acha hai but inhone jo hamse extra item yani gift  ka lalch de ker extra shopping kerai vo bekar gai gift ek dam chota pack aya jiske same meri ugli bhi badi lag rhi thi acha mjak hai,0
The delivery agent was very patient and handed over the parcel with care.Thank u,2
The delivery anna was very kind and polite,2
Try to delivered the consignment at the earliest,1
"The delivery was expected on 24th there were no updates from bluedart except ""delayed"" mentioned. Followed up on 26th",0
To much bad service,0
Rude delivery person. Was in a very hurry to throw the parcel and move. Did not even come to doorstep. Stopped couple metres away and never got down from bike.,0
Nice management,2
What more better we can expect present bluedart,2
While the first delivery attempt was missed because of a mis communication from my side,1
Delivery was delayed and also pls provide details of Delivery boy to communicate.,0
Your delivery PPL don't have patience to wait for the customer to come out. Also they threw the package out of their mini truck on the ground not knowing what is inside. Never seen blue dart doing such kind of things,0
Please give details of item and price in tracking,1
Poor wrong product  fack,0
Quality Chef Hain,2
Delivery partner was so humble and helpful. Thank you.,2
Furad done by company hold the payment which I paid to your executive,0
i asked the delivery guy to keep the parcel at the store outside my home since i wasn't available to take the parcel. He took the OTP from me and said he has  given it to the store owner,0
Blue dart gorakhpur chapiya office ?????? ?? ??? ????? ???? ??? ?? ??? ??? ???? ????,1
Delivery slow not given on time,0
Service is best Delivery man is very friendly,2
I have not received this consignment till now. Some fraud is being played by your employees or delivery personnel. I was expecting this to be delivered. I am going to lodge a police complaint against blue dart delivery tomorrow morning. It is disgusting delaying with such cheats. The status says delivered to MAHA.,0
I am not received my courier. How it os possible ?,0
Ex lent,2
taking more days to deliver,0
BEST PERFORMENCE,2
Pathetic service.I had to go to your office myself for the parcel. Four days ago the parcel was arrived in the office and no one tried to deliver it. Today I had to go to the warehouse myself for the delivery,0
Delivery boy behaviour is very rude and he dont want to co operate to deliver at home. Which is 50 mtr away He is very rude by language,0
He is very good person and nice behaviour.,2
The driver & delivery person both are siting in car. They didn?t deliver my parcel in my home i goes lower at behind of my street.This is so disgusting that you are ordering  something becuz u want your parcel at home and if it is not delivered at your home so why we are shopping from online.,0
It always feels good when one's parcel has been delivered at doorstep.5 ? delievery.,2
PROMPT SERVICE. PRODUCT REACHED BEFORE TIME.. NO PHONE CALLSEXCELLENT SERVICE BY COURRIER BOY.,2
Cancle my order please,1
a1 service,2
Service delivery person is courteous in behaviour and inform the customer well before coming to deliver the product.,2
Incomplete and torn Delivery and 4 days behind the expected date,0
Order got delayed,0
The best court our service,2
Very good service.I will recommend everyone for Blue Dart,2
Even in heavy rain,2
I really liked the service of blue dart as it give me all info on my sms and delivered on given time . Thankyou,2
Not anything specific at this moment.,1
Delivery was too much delayed...,0
Fast service and skilled staff,2
Courier guy was sort of an idiot,0
Not good......,0
Delivery time slot option should be given to the customer.,1
Satisfied with the timming of shipment,2
I am satisfied with the service. No improvements needed.,2
Worst delivery system one day delivery but time needed to bluedart is 10 days.,0
Blue dart is being considered premium & reliable courier service. Pl maintain the tempo so that our faith remains. Best wishes,2
Worst service actual delivery was yesterday but they didn?t call me at all they have updated customer as refused but today I need to go to your office to collect worst service,0
Polite and very good in service.,2
I am very happy with delivery boy,2
It was not deliverd to me,0
Salman is an excellent delivery agent,2
fast delivery thanku,2
Excellent performance Thank you Blue Dart,2
Good executives and very co-operative,2
Timely delivery and amiable delivery agent.,2
Product not received and I got message that it?s delivered to Ajay. Please confirm the status what is happening,0
damaged ??,0
damaged ???,0
Very nice and good service..,2
Good service ?? Courier person dealing in good way,2
Service specially Koustabh is the best...,2
The delivery contact number used by your team is automatically marked as spam by both Google Dialer and Truecaller. Because of this,1
Extremely Fine.. Good and professional behavior of delivery boy..,2
Goooddddddddd,2
Very Bad experience Complaint krne ke baad delivery hoti h blue dart ki Koi support nhi krta h or nahi time pr delivery hoti h 15 din lagte h ye koi delivery hoti h kya .. Band krdo time pr delivery nhi kr skte toh ye kam .,0
You are doing good enough,2
Fast and Excellent delivery Nice,2
perfect delivery on time and secure delivery,2
Everything was good for me.,2
Good job and good behaviour with customer,2
If u give contact number of the particular branch or courier person,1
Worst  product,0
Got false status(Delivery attempted),0
Awesome delivery boy.... super fast delivery,2
Service excellent!,2
Very good and prompt delivery.,2
U delivered to wrong person I have not received,0
Executive lied to say we were not available & delayed rhe delivery by a day Where is the point in giving extra money to blow dart for fast delivery??? Also he has lied about who it was delivers to - there is no mr Jaya here ?. Blue dart really has to look into the decline if its service,0
Polite delivery without too many calls,2
Already worked,1
Very cheap fabric I don't like it quality,0
Good and efficient service.Keep it up!,2
He did not send back my remaining money,0
Very timely and promising delivery.,2
Your rate very high.. online show 150-200 but ur price minimum 500 rs,0
Good service. Agent should call before coming.,1
All is well but befor delivery a call or massege should be made so that customer know that delivery man is comming.9,1
Hdjdm,1
It?s already good with good people,2
Our dilivery boy service is very bad behaviour.nd,0
I appreciate your way of working.,2
8tfufuf,1
The delivery boy was really good. No more improveme,2
Delivery soon@ quickly Delivery person asome,2
It is compulsory and good behaviour,1
Tjaksvhz,1
Already good and prompt service,2
Nothing is there.good service.,2
Very nice experience thankful to delivery boy for understanding and very much co-operative he is,2
I have placed an order and it was prepaid. And when the product was delivered,1
They are giving such a good service,2
Ur sending me wrong extension I want to exchange please share your WhatsApp number,0
Most excellent,2
They did not come to our address and deliver the order.,0
A little faster delivery,1
The delivery partner is not responsive,0
Service is friendly and safe,2
No such comments,1
Bakwas stuff,0
All good and nice behaviour.,2
Very Bad quality.I have return my order,0
Blue dart person nice but product not good?,1
Happp,1
NOS,1
Proper update through msg,2
Minimal calls and timely delivery,2
Wrong product is received,0
Package received on time. Thanks,2
Good card RBI Bank,1
No need aby advice,1
I can?t think of anything as of now,1
Very good sercice provided by blue darts,2
2km ???? ?? ???? ???? ????? ???? ?? ??? ????? ???? ?? ??? location ??? vha ??? ??? ?? ???? ???,0
Pratham was very helpful & understanding,2
No need to all good,2
Very good s...,2
Everything  is good but beter to deliver  earlier  .,1
My parcel reached your delhi hub but  date 28 he didn't reach my location. And your Best delivery partner said I don't receive the call. Very liars my special one b'day Nikal gya ? apke delivery partner ki Vajah se. And kal bhi mei apna parcel self jakar lekar aya hu apke hub se... Blue dart your delivery experience is -10Thank you Very much,0
Need to be more proactive wrt collection of shipment from originator like sbi cards as they are in the job of fooling customers wrt dispatch details,1
I found different product I want to change it,0
It would be better if you deliver bit earlier like before 9 pm atleast.,1
Great keep it up thanks,2
While i appreciate that your agent kept up his delivery schedule,2
Opt service,2
Very Marvellous service by your company,2
Very good service by blue Dart. Thanks delivery person.,2
Naaaaaa na,1
At time. Best staff,2
Employee s behaviour is good and cash and online both payment facility available,2
Bhhcmvg,1
Qsfhh,1
Not appropriate delivery boy with a suitable service,0
Excellent service by bludrt ..??,2
Very good staff and services,2
Not yet delivered my parcel. But it is showing online as delivered. It is wrong.,0
The delivery boy was polite with minimal calling.,2
Vary,1
Delivery partner was vert polite.,2
???? ???? ??? ??? ??????? ??? ???? ?? ????? ?? ???? ?? ????? ?? ?? ???? ??? ???? ?? ????? ????? ?? ??? ???? ??? ???? ?? ?????? ??????? ??? ???? ?? ??????? ???,1
My product is no delivery yet I want my product yesterday one of your worker had called and he told that he will deliver today but he didn't called me and my product is not delivered yet it was from nykaa the worst platform,0
Timely seamless delivery.,2
It's a wrong items I want to return it please. I asked for Oppo F27 and Samsung F34 5G phone cover,0
did not receive the parcel,0
Service is good. Delivered within the time bound,2
The package has not been delivered yet,0
Best service of company/sfatt,2
Amazing very nice,2
Delivery is so smooth,2
I had not received the courier,0
I dont know what i received.. Actually i didnot received any thing from blue dart,0
Excellent awesome this delivery boy,2
It was delivered without security code.,0
Good Service and Timely Delivery,2
Very nice perfume,2
Seamless service by delivery person,2
I am very happy in this service good service ??,2
It's very easy to receive my product,2
Please give contact info of delivery guy,1
I really liked the service of Blue Dart,2
India's best service award goes to noise ?,1
Best1,2
Always on time and very good behavior. All the best.,2
Brother is brilliant,2
very very very very bad,0
Very very good boy blue NETRAM,2
Good service with timely deliver,2
On time delivery.Good person,2
It will be good!,1
The package was not received by me. It was just kept at security and left. This being a sensitive and important document,0
Good we sure start send the courier through bluedart,2
quite good delivery,2
We have not received courier Where is delivered,0
Not delivered to mentioned address. I collect it personally from blue dart office,0
Right ?? times 55t,1
Very w,1
Very politely spoken and very good service,2
vvery good ?,2
I dnt know who Arun is I havnt received it,0
Good I am satisfied .,2
It was good interaction,2
Naver delivered to house kept down the building,0
Your delivery method are good,2
Nice behaviour of delivery Man,2
Polite agent and was aware of the location and delivered on time.,2
Delivery staff was great!,2
Courier has been delivered to wrong person,0
I didn't receive my card but it shows received,0
From 4 days my parsal not delivered.this is not first time it's regularly. My city blue dart very bad services,0
Service is goodAnd worker is also good and good behavior,2
Very good service. Bluedart is trustworthy,2
Very good',2
In rainy season delivery man should not concern about the rain water.,1
Very well mannered n timely,2
Delivery is not on my exact address,0
Very Dedicated professionals,2
Shipment didn?t get delivered,0
Very vaey good  I am very happy,2
I have not received message shows delivered where is the parcel ?,0
The delivery person was extremely cooperative and helpful.,2
Thanks for quick delivery...,2
Thank you dada for your cooperation.,2
Poliet behaviour of representative,2
Reduce the charges.,1
Great representative.,2
Thank you so much delivering my thing quickly,2
BlueDart's service is very bad,0
Yadav bhai ache the itti barish me hlbhi wo parcel ghar tak deliver karne gaye TYSM.,2
Important document was left at the doorstep.  Safety as well as rain could have been a bad impact.,0
You can hot serv me best,1
Not got packet No one went to the house I have CCTV footageNo watchman is Santosh,0
The delivery person is very good and helpful,2
Nice credit card,2
Too fast delivery service and agents are well polite.,2
All good no problemo,2
Perfect ? service with security code.,2
As always blue dart is my favourite couriers delivery service as compare to all other like delivery it is always fast unexpected delivery providers ??,2
Blue dart staff Salim very good behaviour excellent job Saleem,2
Out delivery plus estimated time would help for the receiver to plan their day,1
Thank you for always giving us best service.,2
Quick and smooth delivery!,2
Fjjffj,1
Good cordial service. In spite of technical difficulties,2
verry verry good service,2
I sincerely appreciate the prompt and professional delivery service provided by your delivery executive. His courteous demeanor and dedication were commendable. Kindly ensure that this feedback is shared with the concerned person for appropriate acknowledgment and for updating your records on the site,2
Good and honest Service,2
Delivery person was very professional and Polite. Kindly thank him from my side and if possible give him rewards for his commitment towards his work. Thank you Rahul,2
The experience was good!,2
Very very very very bed,0
Good respence,2
Behaviour should be better...,1
Please keep it up excellent,2
Thanks good,2
AWS delivery,1
Best ever service nd delivery boy is good behaviour ?.,2
all is better.,2
Twice this package was returned undelivered. But no one contacted me. Also I'm living in this address for the past 25 years. The address is also very much in the City location only. Don't know why it is was returned back,0
Really super products..,2
Timely delivery and really polite attitude!,2
Good service and response.,2
He's polite,2
very good out standing service. thank you team.,2
Superbc,2
Staff had very good communication skills and smooth delivery,2
Politie,2
Delivered in advance,2
10 Rating Damensh  rating 10/10 Inner wear super,2
Product is very useless,0
The delivery agent is reliable and honest in his services on delivering parcel promptly and at d place. Impressed by his dedication.,2
I have always had a good experience with my deliveries. Your delivery man has always been very courteous.,2
Best service no limt,2
Delivery boy is a sweet boy,2
You are not delivered my order you are froud,0
Actually the courier was received in my Firm by our Staff but OTP was not asked by  the delivery boy. What is purpose of the OTP! How it was delivered without asking the OTP?,0
Veri good prosess I like it ????,2
Very nice service and courier boy behave ????,2
Kombaiah,1
no pasand,0
Very good nice thank you,2
Give expected time of delivery as well,1
Very supportive boy..,2
Very worst delivery service not once but many times I was promised to get this parcel around evening but the delivery guy came around 9:10pm which is outside the delivery time this is not at all acceptable and the toll free number also doesn?t work to raise an issue I am very much disappointed and I wouldn?t recommend choosing blue dart at all,0
The product i want was nit the product i received.  And also the product i received is defected.  Why there is no return or exchange option. I already the mail but sice no reply such bad thing and shameful,0
Late come,0
Only one pillow delivered,0
Very humble and active perosn,2
All goof,2
Very hot and excellent service,2
I ordered one and your sent another,0
Ek dum bekar ky dikhaya aur ky Diya ?1000 waste 100rp ki watch bheji hai,0
Just speed up your delivery.,1
Wrost serives from Blue dart. I got my shipment 2 days late after . I went blue dart office and collect my shipment after waiting of 15 minutes.And amazing thing is that my address is only 4 km away from blue dart dispatch office.,0
Very bad experience with delivery. Give fake reason about delevery,0
Excellant Delivery Boy Thank you With Team Blue dart,2
Behave properly with customer care number,1
Superb delivery by Rishab,2
Service is excellent ?????,2
Timely delivery good thanks blue dart,2
Good service on time and the best proper service.,2
Over all experience good only,1
Very good service for the team and delivery guy ???,2
The parcel is not delivered.Please ask the delivery person whom he has delivered and where Milind Patil,0
The shipment was always on time and the service is excellent.,2
Delivery person contact details is never shared which creates problem when recipient is not at home to collect the parcel,0
Match with committed delivery and good behavior of delivery staff as well.,2
Exceptional and professional,2
Very diligently the person had delivered.,2
It's better than all other couriers.,2
Fast delivery and delivery boy is very supportive and cooperative.,2
Request from our end is approximate Timings of delivery of shipment is required on a day. Today I stayed for whole day to receive the shipment as I missed yesterday due to unavailability at home.,1
SUPER FAST DELIVERY.. AWASOME DELIVERY BOY,2
Good services and quick delivery,2
Very nice agent,2
No need for improvement. The delivery was delayed by one day,1
V. V goo,2
I reschedule the delivery on 1st attempt,1
Good service and Good employees ?,2
Delivery experience is better than other past delivery.,2
Very bad customer service.Didn't atten phone calls.fake reports,0
GD delivery boy,2
Blue dart always do services perfectly.,2
Call and update before delivery of consignment,1
Good service and good Behavior....,2
I like to Share my experience with othera it's literally awesome and the delivery guy is a friendly person not like other rude Staffs,2
Excellent delivery service. Minimal calling,2
No one delivered the package to my residence. I had to go to your office and collect the package..,0
I really liked the delivery boy's behavior. He is a polite and good guy.,2
GOOD JOB Well done,2
Zjgjlmxgkzjlcxjgpgi,1
Very pathetic and bad Service,0
Good service . Humble and polite,2
Thanks for the timely service ?,2
Gud job iam happy,2
Very good bhai log,2
fix the time as convenient for the customer.,1
Product is damaged and broken,0
It would be better if the courier deliver the item on time as it is given on ordering receipt. Beside that everything is okay.,1
Very nice and good polite person,2
????? ??????? ?? ?? ????? ???,1
Minimal calling fast delivery polite behavior,2
Thanks french crown for this....,2
Satisfied with your present service,2
Superb exp,2
Kind n helping,2
Ok milga,1
Consignment lying in your Lucknow office since 24/05/2025 and same couldn't deliver till date. Ultimately i have to visit your office to collect the same and getting consignment I was made to wait 1/2 hour. It's the poorest service i come across.,0
Excellent service by delivery person and company,2
Easy and timely delivery,2
Agent not wait for 10 min,0
Since yesterday I have been getting messages ' Arriving Today ' I made myself available. But I had to move out today . As so perforce delivery was taken by Security at Lobby against OTP shared,1
Good and helpful delivery staff. Definitely I recommend.,2
Need delivery person contact so that if we wanted to instruct him when we r not available during delivery,1
She delivers with a cheerful attitude,2
Your delevery person behaviour not good,0
Got fake product. Not happy with the delivery,0
Made me collect order from courier office without assigning delivery agents. Despite several complaints they still repeat the same.,0
I ordered toy from Amazon for my son birthday (26-05-2025) but your blue dart service made my wish to surprise my son has shattered and it made very disappointment as my son has felt bad that I promised to give him his birthday gift on the same day. This is from the bad service from your side. Also my house and your service centre was only  1 km far . Today I got message delivery will be made today.so I reached office in kannur then only I come to know the item was delayed by the delivery boys here in kannur.Its shameful to you that you have staffs like this. I will inform Amazon not to give orders to you,0
Product not delivered at address. Had to pick up mid way.,0
Present system is o.k. Satisfied.,2
Nothing much to tell ! ..But I will say that u serve your customer very beautifully with the assurance of product Thank You,2
Very interesting delivery system,1
I am at home only but,1
Good man...good sarvice,2
The person is very pious and well mannered,2
Very cool timely delivery. Courteous delivery person.,2
Too much satisfied with the delivery,2
Well behaved and delivered timely,2
Had a great delivery experience,2
Neela kumar provided good service,2
The parcel hasn't been delivered to me but have received the SMS saying my shipment under Airway Bill No. 16316040974 has been delivered to SELF.  Please look into the matter and get back to me.  Please be informed I was at home hence your delivery guy can not excuse himself by saying we weren't at home at the time of delivery.Pervin Avari,0
Delivery on workplace,1
Delivery person is so polite behavior,2
All good.Keep it up,2
Best Experience Really Impressed With His Communication SkillAnd Polite Greeting after handing over my parcel safely to my brother im my absence,2
The overall experience was good !!,2
None in particular.,1
Maintaining consistency in prompt deliveries as you are doing now,2
bht bdiya bnda tha bhai delevery wala bht bdiya excellent ??,2
Fast delivery polite,2
Polite behaviour and timely delivered..,2
Right product to be delivered if it can be verified with the supplier  it will be better. This will avoid frustration n to n fro.,1
I had a great experience.,2
Delivery person was very polite and well behaved. He has strong knowledge on product.,2
Best service and best delivery agent,2
Good service. Behaviour of the delivery executive was very good.,2
Thanks mam,2
I didn?t got my product there is only covers in that parcel plz return it and refund me,0
AWB no :- 77513992942Delivery not received & message received Delivered to satish kamble.What is this ?,0
Not good My watch are damaged I purchased first time very bad experience,0
Nothing is wrong,1
Very poor service no confirmation call delivered on wrong address this is not blue dart services. Please pick up back the package and deliver the same my home address.,0
Very very good person delivery man thank you blue dart,2
Delivery was in time and with good manner,2
Keep the service continue,2
Minimum directions needed and good service,2
Best delevery.. thank you..,2
Quick delivery and good updates from the delivery agent.,2
Your delevary agent says that I have to travel upto 5km to receive my parcel ?. That's disappointed ?,0
mujhe achchha laga,2
Thanks for delivery fast,2
A little empathy would go a long way,1
Bekar service verry bad Muje khud receive karne Jana pada office And staff behaviour also had Poor service blue dart,0
Very courteous delivery person. Well mannered. Good job!!! Keep it up!!!,2
Great service with no hassle.,2
Delivery agent was really polite.,2
The delivery person was so helpful and polite with minimal calling.,2
Excellent work n hospitality.,2
Good behaviour boy delivery,2
Very Rude behavior of the delivery boy He don't know how to behave with the customer .literally he was snatching the product from me So badly behaved,0
Yesterday I received message that the recipient has refused to accept the article while I was waiting my article desperately and today packet was delivered and the delivery boy has made several calls to me,1
Purv quality tour,1
Service okay but your taking partner.     fake people fake products delivered don't entertain this people illegal products courier service,0
It's different from what u shown in video bakwas  don't buy this product,0
Good service best also good person..,2
Not delivered on time delay more then 3days,0
Na.....,1
very good delivery Staff best service,2
I paid money for home  delevery but still I didn?t get delevery at my home i would have to collect my parcel from 24 km its not satisfying experience with blue dart while amazon,0
It's a good and excellent service,2
Consistently on time,2
Service was  very good. Very  polite. No issues. Thanks.,2
Please deliver on promising date,1
Very good n prompt service! Delivery man very polite n decent !!,2
I didn't get any product.  How can I rate your service.  Your customer service is too bad. They have no responsibility.,0
Myself  delivered,1
Very good service by the staff...,2
It's great. Thank you!,2
Very well and very fast ??,2
Great service. Very polite behavior.Delivery person knew the route very well. I didn't have to struggle to explain the location. Thank you:),2
One of the best service provider,2
I recived my curier 7/8 day late. That's responsible blue dart,0
Rong produt,0
currier partner very humble and sweet and very friendly person.,2
Good and keep the same good service to the customers,2
Wrong item received.,0
I am not receiving my package,0
The product was not handed over to me.Next time take the OTP from me and deliver it to me.,0
The delivery was super fast.,2
I don't think so you need to be better I had great experience with you,2
over all service is good,2
Good behaviour very good,2
Continue with your prompt service,2
Bhut easy way m bhaiya ne ..hmara parcel delivery kar diya.. polite nature,2
Not delivered to home location. During bad climate it's difficult to receive the parcel,0
Excellent service by staff member's,2
On time and super fast delivery,2
Your Delivery Executive Deserves a round of applause?,2
Behaviour of the delivery guy is very bad.,0
You delivered so fast,2
Nice person supporting Man,2
Not delivered in first attempt,1
The status was not updated. Had to call the customer service team for the update on the shipment and to deliver it on the day,0
He was really bad in communication. He did not listen at all . Was in too much of hurry and was not at all soft spoken We never feel like dealing with it again .,0
Good and timely delivery by the service provider,2
I have not received the shipment kindly check and update,0
Good and Quick Service Mr Tushar,2
Owsom,2
The delivery I got was in good condition I got delivery on,2
Delivery boy was nice work .fast and safe delivery.,2
Courier was kind and frank,2
Vry vry good ?,2
Nice and polite delivery staff,2
Fast service by bluedart courier,2
No issues. Delivered on time.,2
Very Nice delivered,2
It was one time and very careful handling of goods,2
Fastest delivery service by Bluedart,2
Great thing,2
Good person and friendly behaviour,2
I have not received any consignment today. Please check and reconfirm whom it is delivered to.,0
Nope the service is already best,2
Very fast delivery and good service..,2
I got my product on time great service,2
Delivered to wrong person ..some one you mental Vishal nale,0
I as very polite,2
THANKS A LOT..,2
The delivery agent was really sweet and respectful.,2
It's already promt and timely delivered service,2
Good and much better,2
Worst staff behavior.. rude behavior in our hub...,0
Hdjj,1
Shipment is very good.,2
How come he can keep parcel at watchmen,0
Delevery boys is good,2
Speed in delivery is what is required.,1
Please provide customer care contact number. There is no way to enquire about information.,1
I ordered my product on 18 may and received on 28It was plants for my planted aquariumAll melt now its of no use who will be responsible for this who will replace or refund for me,0
Very poor service i don?t know why people even work with this company anymore. check out some google map reviews.,0
Cancel your order,1
Fast and Good Delivery,2
Really Surprised by kotak Mahindra Bank and blue dart Thank you Blue dart,2
Thanks blue dart for your fast service.,2
your services are perfect ..,2
Very good very Best service ?,2
Good service but can inform real time update on the time of delivery,1
Good on time fast,2
Delivery Too Daley,0
Nice service center latehar,2
Very good currier service,2
The package is not delivered to the address I personally have to go to the office to receive it.,0
Happy p,2
All products are safe and secure and  fast service,2
The delivery lady is very professional,2
No good  sarvis,0
I'm happy thank you,2
Very bad quality as per price,0
appreciate,2
Good service. But costlier than others.,1
Packing Damage,0
Good ? I received my product well,2
I want to exanj or money back,0
Original product nhi ha jo dikhaya tha 100wale lower ha,0
? Arrived in a soggy condition.,0
Wrong item receipt,0
Very poor quality product. Not to usable.,0
The sender is absolutely a fake entity and the shipping label doesn?t have the sender? address,0
Always pretend the person who is going to receive parcel us un available. And most time they are not contect the person and thins are returned back.,0
It was a fraud delivery,0
While the delivery staff was perfect in performing his duty,2
Delivery was delay,0
The delivery was fast and professional. The delivery guy was also polite and humble.,2
Great but It was day before Yesterday planned delivery,1
Please retrun,0
Delivery boy was humble and did deliver the product on time?.,2
Quick and sturdy,2
On time delivery. Delivery person is very polite,2
Ranjit delivery boy done ?,2
It will mutually help if your depot or the delivery agent contact the addressee person prior to coming for delivery,1
Item on time ......pls improve your parcel tracking system,1
Because he was so impatient he can't even wait for 2 mint. And he starts shouting at me.. ?,0
Good behaviour and good person.,2
If delivery time more less then it will more better.,1
Please issue valid Invoice for the future reference.,1
As of it.is.a good service,2
Return karvana he,0
Delivery person is very good. But the package was crushed badly.,0
Good delivery service delivery boy is always nice and respectful ?,2
Awesome service delivery tooFast. Polite behaviour of the delivery person.??????,2
This delivery person was par excellence,2
It is already very good and prompt service. I will definitely recommend to all my friends and relatives.,2
All products are safe and secure and fast service,2
No good sarvis,0
The sender is absolutely a fake entity and the shipping label doesn? have the sender address,0
Always pretend the person who is going to receive parcel is unavailable and most times they do not contact,0
Delivery boy was humble and did deliver the product on time,2
Because he was so impatient he can't even wait for 2 mint. And he starts shouting at me,0
Awesome service delivery tooFast. Polite behaviour of the delivery person.,2
I waited too for product which they were keep delaying it,0
Fast delivery. Delivery agent polite,2
Mujhe mil gaya order dilevery boy bahot axa tha,2
Maintain same speed of delivery with reasonable price.,1
Good Service as well good person when call for address confirm,2
I should get this courier by 10th of may and now after delaying so much you have sent me on 28th may .,0
Ucici,1
G{od,2
Good service Dilveary boy is excellent,2
Fuhdgggg,1
Thanks to deliverd service,2
Happy with delivery..,2
There was too much delay in getting the parcel without any communication,0
Nice service. Keep in the same spirit,2
Just for delay,0
The colour was not as shown in the picture overall the quality is super ??,1
The items i received were in mint condition and 0 damage and fast delivery in just 2 days,2
Employ the better delivery person,1
The package was torn and products were damaged when I received it.,0
Foff,1
Very good service nice and sweet deliverey boy,2
Nice ? keep it up,2
I? absolutely shocked and disgusted by the behaviour of the delivery person who came to deliver my order. He was creepy and completely inappropriate.,0
Delayed deli,0
Delivery person's behavior was so nice,2
Good ? ? Behaviour,2
All over experience was definitely good ???,2
Amazing good service,2
Service and delivery partner is good,2
Years of trust...,2
Good and quick service product quality is good,2
It was great. Called me to know if I'm home and delivered in a minute after the call.,2
Your services are good anf behaviour of delivery executive is also very good,2
3 delivery attempt but delivery agent not call but costumer service is good,1
This ok,1
Amizing,2
No need to change in service because you are good in service,2
Good but wanted early delivery,1
Smooth delivery experience with Blue Dart. Appreciate the professionalism.,2
Delivery person is very worst,0
Good service over the years,2
Sober,1
Everything fine if possible give exact time for delivery,1
It's seamless delivery,2
Well not much..but just try to deliver it little early from next time?,1
I am happy from delivery,2
Not delivered my village..,0
Delivered before 2 days Delivery boy kishore was also kindfully and was polite,2
Dilevery boy doing delay,0
Try to deliver in day time.,1
Fake breakdown service India this fake card will be delivery us,0
Delivery staff is very helpful ? ? ?,2
Do the best,1
The delivery boy was so kind and humble.,2
Great service.The delivery boy was very polite and delivered product on time,2
Delivery Boy Was So good,2
Didn't receive either of my items,0
He was asking for direction but he didn't deliver the product on that he deliver the product after the day.. anyways his behaviour was good.,1
Fine and quick service,2
Please call me 7290931042,1
Very nice I'm happy with it,2
Nice Service ? keep going,2
Dileveryman is very good manners,2
The parcel guy said that the parcel will be submitted to security guard but he did not submit the parcel.,0
Delivery was honest with good behaviour and alao delivered at the exact location,2
Very very worst courier service i ever seen...,0
Pack was found open and the delivery boy was informed. However goods intact,1
Good parcel,2
Ffvhhjjjhjhh,1
Great and superfast delivery without asking any,2
Too good service delivery man also gentle man,2
He provides best delivery and delivery agent was good,2
Not best naresh,0
Great Full,2
It's okay but need to improve the speed of delivery.,1
Good behaviour and prompt delivery,2
Please change my order and refund money,0
This book is not on time,0
Nice delevery man so polite Thank you blue dart,2
35899652678,1
Fastest sarvice,2
Definitely good promise day delivery ?,2
Very first and good delivery with smooth,2
V good ??????? ?? ???,2
haven? received my product yet and in app they are showing item delivered,0
The delivery person was kind and wonderful,2
Simple hassle free delivery,2
Good behaviour of delvry guy,2
Very good person never met a guy like him,2
fine and very good ?,2
Gandu delivery,0
Little late delivery it was,1
Maintain the service as it is at present.. good prompt service,2
Blue dart is a trusted logistics company for several years. Always trustworthy.,2
I didn't receive anything.,0
V.   Good,2
Im empires ur survis,1
Was great working with them.,2
The consignment arrived at your Palakkad office on 25 th of this month... In short your Palakkad office service is worst.,0
Excellent delivery agents. Other courier company should learn from you,2
Worst service arrogant people,0
Delivery person was very polite and prompt to deliver the parcel.,2
Your executive who delivered the parcel was very huble and hardworking,2
U send a wrong product and worst product to me please take a return this product,0
It's a very worst delivery Service BLUE DART. it's a very very slow process any time all products are delivered delay delay and delay so it's a very boring service. Our delivery date was 25-05-25 and it was delivered on 28-05-25 behalf of many many requests and complent by customer care service. So it's a very very very WORST DELIVERY SERVICE,0
Delivery was too late as expected delivery date.,0
Speed AccurateFast delivery,2
Good v good v good,2
On time delivery. Very good service,2
Everything is good the service is also very helpful and on time,2
I am completely impressed with their speedy and amazing customer service,2
Early delivery and delivery boy behaviour is very good ?,2
Service Ekdum Bakwaas third class ghatiy,0
Delivery staff very cooperative and polite. Helps everytime he visits,2
Please keep it up this good work.,2
Improve on prompt delivery,1
Good job ? Great delivery,2
Nice..?,1
He just left important packet without asking OTP to my servant,0
Good response by Delivery boy timely Delivery,2
Nice guy polite behaviour,2
He was polite and minimal calling were done by him.,2
Perfect time and communication,2
Good behaviour of your delivery partner,2
Saalon time pr deliver kyun ni krte tumhare chkkr mein apni gand mrwane ka shauk ni hai mujhe,0
It was really beautiful,2
Thank you for your service bule dart ....f?,2
Didn't face any problem,2
Very good before delivery time,2
best services by your side. I am fully satisfied,2
Delivery Sahi jagah nahin kiya Na Phone kiya,0
Very good service and better service,2
Delivered for wrong person,0
Not received but wrongly got message as delivered,0
Not updated delivery,0
Everything was very fast and the delivery boy was also so polite so nothing to change everything was best i think,2
FULAJITHAKOR,1
this nekless chain broken how to replacement my order,0
Kabita Reang,1
Hsbsbs,1
I didn't receive the courier pls checks,0
Highest unprofessional job I picked up personally from warehouse. Your team was not interested to deliver today as well instead of 26 May 25 for which you charge heavily,0
Request to call the customer after reaching nearby. If customer is out. Mostly we have seems. Your person do not call & return back. Not available. Before returning back mails. Pl reconfirm on phone.,1
Timely update was amazing.,2
He was very polite and in fact cooperation and being prompt and time efficient,2
Lately Order delivered,1
Achual time lilebari best fast good,2
Delivery was prompt. Thanks,2
Courier service partner ki call nahi ayi visit kar ki collect Kiya or courier partner argument kar raha tha,0
Service is already good enough.,2
Delivery was very smooth and delivery partner was very cooperative.,2
Delayed and no clearity on when the delivery will happen,0
The package is not delivered till now. I am not sure to whom my package worth Rs.6000 was delivered.,0
Please don't send other community guys,0
Recited,1
Nice immediately coordinate and delivered to right place,2
Update me with the time of delivery along with the day of delivery,1
Akram Ansari,1
It's very nice and amazing,2
Friendly and helpfull,2
Delivery partner was very polite and well behaved and timely delivered.,2
hdbdbfbfbf,1
That delivery guy delivered in time and he is a nice way to interact to me. Everything is good enough.,2
Reached safe my courier good deliveryMan and blue dart,2
Fix responsibility for erring delivery boy who submitted wrong information of non delivery due to premises closed,0
Best experience with it,2
Bzbs,1
Executive location awareness is very impressive. Politeness and handling of item is good.,2
Very good and respectful,2
Be sincere.,1
Better delivery behaviour.,1
Not yet received the consignment. Please deliver it at the earliest.,0
Polite attitude and decent approach,2
No need better service It's good ??,2
Maintain n the current level.,2
Delivery Guy is Awsm,2
Grt service within timeline,2
Very polite nice person with speed delivery,2
Tracking could be better,1
Everything is already well,2
All good. Delivery person is very polite and kind.,2
It was quick and awesome,2
No no no,0
Very good?,2
hamid,1
All over Good,2
He was humble to handle the conversation.,2
Good service ... happy,2
Parcel didn't delivered to my place,0
I didn't even receive my parcel. Your delivery person ask for OTP when I was in office but he didn't deliver my parcel to me,0
Nice bihauvior,2
Gentleman as well as a decent person too..??,2
Easy delivery and good person,2
The package could have been wrapped in a separate bubble wrap,1
Please provide Accurate delivery date.,1
??? ? ?????? ?? ??? ?? ????? ?? ?? ??? ?? ??? ? ?? ???? ????? ???? ????? ?? ?????? ???? ?? ?? ???? ????? ?? ??? ???? ????? ?? ???? ??? ????? ?? ??? ??? ??? ? ???,1
Delivered on time even with lot of rain.,2
Smooth delivery experience. Polite and humble delivery agents.,2
The worst service. You guys just know how to hold the packages in your basement for months.,0
Quick delivery.. delivery agent was fast too,2
Did not tried to reattempt for delivery.,0
But avatar delivery service is too delay,0
Bluedart took 3 days to pickup a shipment. On top of that the pickup point was delhi only. If it takes 4 days to deliver a shipment within same city,0
The delivery boy said that I cannot deliver inside the village,0
Very good behaviour and very gentleman ? he is a very nice guy.,2
The team forced me to do Payment without checking the parcel. And the parcel was not correct one because of what I have got loss of Rs.3299/-. Now I want it refund.,0
Excellent service and courier guy was also polite and responsive.,2
The delivery staff was very friendly and he helped us very much,2
I am very happy..Thank you ?..Delivered on time,2
Good professional service Anis khan,2
Excellent delivery experience. Polite and well mannered delivery executive,2
The package was sooooo bad! Like some products got opened and all... Seriously is that is how you guys deliver products?? Hated your service.,0
Wrong product..wrong size... wrong colour,0
I didn't get my ordered products,0
Product is not satisfy,0
First class service delivery,2
The SMS OTP sometimes doesn't reach on time so there should be alternatives available,1
Want more office,1
Delivery had not been done. But msg received that delivery had done ?,0
Has been the best courier service always! Thank you!,2
Concise and quick,2
It was delivered after 3 days from expected date after so many call and complaints,0
This delivery executive sometimes marks my some order as delivery attempted even when it was not attempted,0
You delivered a fake item!what a shame!,0
The delivery boys is very polite and we'll mannered..Also thanks to bluedart. Delivery on time,2
Achha nhi h or disara aaua h,0
All services are good and on time .Thanks,2
Mention the timings,1
Very early delivered,2
brought fake product . which not in have ordered . im going to complaint on police station,0
Product delivery Nahin Hua Hai,0
Good behave and service,2
My as-it-is mass gainer missing,0
Very good person ?????,2
Sunny is a very good delivery agen. Polite and helpful.,2
Behaviour of delivery boy is not good. He talk with me rudely .,0
Good service Really appreciatable,2
I received item,2
All  good,2
Your services are very prompt and quite reasonably good keep it up,2
No scoop is included in the box,0
This is best Product Quality,2
Packet/credit card received on bend condition.,0
Thanks But I need to verify what exactly delivered,1
Delivery person very kind,2
On time delivery. Polite and very professional.,2
Great Service and On-time Delivery,2
on time delivery..,2
very nice and quick service.,2
Very nice speed delivery,2
Speed and trustworthy,2
Didnot receive the packet yet,0
My delivery date is 26 & received today,1
As informed delivered on time,2
Fast delivery no hassles.,2
I am very saponite,0
Very bad services ok,0
Excellent service on time delivery.,2
One of the best courier service but only problem is that the product is lately shipped,1
U have to exchange my order,0
GOOD SERVICE GOOD BEHEVIOUR,2
Iam happy service,2
Very late than show me first . But delivery agent is bad because he refused to come to my house say me to go to him which is 300m from my house,0
SHOULD BE IMPROVE,1
Parcel found empty. Request to hold payment.,0
Good and Responsible staff,2
Delivery partner was greatBut the delivery was delayed.Daily it was cancelled and rescheduled,1
Good. ..,2
Sakinak to santacruz. Delivery in 48 hours Thats the blue dart service,2
Not knowing who sheela is and have not even received a call from them that they are delivering to third person,0
The product was delivered very quickly!,2
Delivery was v fast and smooth.,2
Very professional and decent delivery partner,2
Your a doing great job for customers,2
verry Good services,2
WhatsApp delivery notification would be good.,1
Always happy with the service. Courteous delivery person,2
Very very well behaved,2
Aaaaaaaaaa,1
nikita,1
Extent ?,1
Good behaviour i,2
I observed that your service is better.?,2
Pakage of redmi phone has not been delivered to me at all,0
Better packaging thi,1
I have not recieve my parcel,0
Hfgn,1
No comments. It's very good service. Keep it up guys.,2
This was supposed to be delivered before 12 pm today.,1
Always provide good service.. and delivery boy so good person,2
Try to make the deliveries a bit faster,1
Deliver late. Customer service numbers don? work more than half of the time,0
Beter services,2
Sir mera parsal wapis hona hai mere key main voo kavar nhi aa rha,0
V good profesional service,2
I got good service.,2
Delivery agent was so rude and ill mannered...he threw my package and misbehaved with me.,0
On time delivery with efficiency,2
An excellent services,2
It was good services,2
Very very efficient Your delivery partner mr Dinesh is very efficient Thank you,2
My courier was out for delivery and later after sometime the status was changed to delivery address not correct without even informing me. The delivery agent didn't even called me and changed the status. Next day went to the blue dart office then collected the courier by myself. The courier was containing my passport and it was urgent to be delivered. Very disappointed with the service,0
Very bad service . Eramalloor brach service,0
I have received best service,2
yes bank  Card good ???,2
She ladies rider are smart they are follow up the customer properly they are communicating Custmor good,2
Good co operative person who has been a great ?,2
The courrier should be delivered to the flat after looking at identify,1
Every time whenever I ordered my order from amezon every time it's delivered with open product not give packing product my location pincode is 391165 please tack action,0
I didn't receive my documents yet please contact me that is my important document I don't where the delivery boy delivery my documents i am trying to contact you but am not getting any connection !!!,0
I dint receive call to my registered phone nor oto was asked,0
Excellent Service and on time.,2
nice service.. on time and good behaviour,2
I didn't received any delivery but showing its delivered,0
Best service specially Road No. 12 Banjara Hills Blue Dart branch.,2
All ok. But online tracking update not in time,1
I have not received the courier. Even not provided the OTP. Kindly confirm where is the courier. It is given to Ashmitha. I don't know who is she. With out my consent how it is delivered?,0
Your service is very good and efficient.,2
Good service by efficient Delivery Staff,2
Fully satisfied with ur service,2
Packing need to be improved,1
Hardworking Jobs... this rating credit goes to Delivery Boy  &  Awesome have a good Delivery...,2
Happy with Blue Dart Service.,2
Delivery person was good and friendly in nature,2
Parcel has not been delivered to me yet and i have just received a message that the parcel has been delivered.,0
I won? recommend Blue Dart to anyone because your staff is really stupid. The guy who came for the delivery Talked to me on the phone and I told him that I am not in the office. Please go there and handover the delivery to the Office Boy or the office owners,0
Totally disappointed after 4 days delivered to the 3 km distance of my address,0
Good service and delivers to remote areas as well.,2
I received my sunglasses but not received case,0
Like it delivery,2
The product was delivered on time and the behavior of the executive was very respectful and polite. Thanks a lot! ?,2
Blue dart delivery boy is very nice to meet you thanks visit again and thanks for blue dart ru,2
It's fast and secure service  the delivery agent is also good behavior and humble. Good nature,2
Battery is not charging. Usb cable is fine but battery is very bad. Please send a battery too.,0
Product was delivered well before the given due date,2
Everything was great. Many thanks.,2
Good service. I liked it,2
Nice Fast delivery,2
More precise location delivery,1
We need exchange,0
Good service Akshay nice work exlent working with blue dart,2
???thanks,1
Nice service blue Dart,2
Delivery boy has put the parcel outside the door. Right now we are not present at home.. without any instructions put the parcel at door...whose responsibility is if it's stolen,0
Best executives i have ever meet,2
Very small product product kam hai bataya bhi nahin kaise use karna hai,0
Ur service was good as delivery agent called me up before deliver the things,2
I want to return my order!!! It's not even what I ordered,0
very Good Experience..  Thank you bluedart partener,2
Excellent services. Polite delivery partner and speedy delivery.,2
Excellent dilevery. Very happy,2
Blue dart delivery staff very hard working excellent ? job,2
Very happy. And product is too good.service is also good.,2
???? ????? ?????? ?? ?????? ?? ????? ???? ?? ??? ???,1
Diliver Ontime nice ???.,2
The attitude and behaviour of the delivery boy was not good.,0
The delievery was smooth,2
Delivery time to disguise ?,1
Like.,2
Delayed delivery When They are not able to deliver they show as delivery failed house locked and a msg is sent to us to reschedule again,0
Timely and improved service over the past couple of months,2
Anytime good delivery,2
Delivery boy was very decent and soft spokenGreat team,2
Delivery executive well mannered and always on time.,2
Excellent service by blue dart. It was fantastic experience.,2
The delivery was not a door step delivery and I had to walk 300 meters while the delivery person was standing right there. He refused to come to door as the road condition was bad but one has to understand if u can walk he can drive as well right.,0
Jerrie,1
Good package handling,2
Whenever Delivery time plc call me,1
I have always found the service to be very good. The delivery staff are excellent and very courteous,2
I feel the map is a bit confusing since I see the locations of other people also in my map tracking. I feel that only the pin of my location must be shown,1
Commitment to deliver on time and quick response to customers.,2
Hassle free delivery . And timely updates via messages regards the tracking. Thank you team.,2
One of best delivery agent ?,2
Fast delivery. Good package condition.,2
Your delivery staff was not delivering in my address,0
Very good and Fast Service,2
Always worst,0
You can handle any size and weight irrespective of the distance,2
Thank you chandrakala for the Amazing deliveries you are always kind and down to earth indeed you are customer oriented keep it up.Thanks again to chandrakala and bluedart fro happy customer,2
Very good service. I am happy.,2
Welcome to,1
I would like the order to be delivered a little early,1
I dont know who is vijay . And want to know which parcel has been delivered where . May it has been delivered wrongly,0
???? ?? ??? ??????? ???? ???? ????? ????,1
Shipping time not specified. Wrong consignment received,0
Colour  was,1
Good service and good dealing,2
You should not make item out if delivery,0
Morning contact ask delivery time,1
This is perfect deliver.,2
Mujhe HDFC ka credit card nahin Mil Paya Hai,0
Late delivery 7 days later,0
?????? very nice delevery ... Fasttt delevery...  promotion pls,2
head office not coprate with costumer,0
Very poor service This address is located in the same 120 feet road,0
The service was exceptionally efficient,2
Thank you ?  blue dart,2
We have not received any item and it's mentioned as delivered which is inaccurate.,0
I have not received a call to pick up the delivery,0
Osam in time delivery,2
Please de,1
Good service veri kind,2
Delivered to third person without my ID proof and OTP,0
Pleasant.,2
Nice experience smooth delivery..,2
Fast delivery & professional behaviour.,2
All is satisfactory.,2
Good in dealing with custome,2
Very polite delivery person. Very satisfied.,2
This was great,2
I like this service and I'll go with it,2
Still not received the courier,0
Timely delivered and the delivery person very honest,2
Excellent service and politely behavior,2
Wonderful safe and fast delivery service provide by blue dart best services,2
This is lo quality watch this waltch is not 1400 rs,0
Great service! Very prompt delivery,2
Delivery boy good behavior nice coperate,2
Please give delivery person's number so that it is easier to coordinate with him.,1
Goodworking,2
U should improve,1
I would be better if we can get estimate time also.,1
Integrate Google maps with your parcel delivery service to track more precisely.,1
Timely delivery and couteous delivery executive,2
The climate situation is heavy rainy but deliver boy delivered the order at my door steps. Excellent delivery blue dart,2
Very poor service I experienced with my shipment. The shipment reached my location four days ago,0
M kg gihhhdjdevheue,1
Delivery agent was kings n polite..,2
I'm very happy thank you for the order,2
Good delivery man And my product condition also good in condition,2
Excellent services. Thanks blue dart for giving us a pleasant service,2
Excellent ? so good,2
Simply by delivering within less days,2
Silver bshf,1
delivery partner miss behaviour,0
Increase call quality,1
Pathetic delivery agent,0
Very rude and unprofessional behaviour from Delivery staff .,0
Vae get,1
Delivery service is best .,2
Please give fit and tighty jackets,1
Serves is great,2
Received wrong product i want refund,0
?excellent service,2
Delivery partner was great,2
Delivery Staff is very polite,2
Delivery is well,2
Wonder ful service I ever experience by blue dart thanks,2
Delivery boy didn't contact me,0
The delivery boy was a very good guy?,2
Please stop supporting fake company products.Blue dart should take serious action as you company reputation gets spoiled,0
Scam produuxt,0
Fashioned,1
Overall very nice experience,2
Efficient and nice,2
Happy with your prompt and cordial service ??,2
Nice service and fast also,2
PackGe was open and changes the product,0
As it is okay,1
Nice nature delivery boy,2
V good . Kudos.,2
Very nice delivery of the parcel by calling first and then delivering the parcel. What else required. Keep it up!,2
Very good service Very nice,2
Great job by the delivery agent,2
Not delevery to my location they asked come some where,0
Easy delivery no hustle,2
Very low quality than u showed in the website ..,0
Parsal damage,0
Mc Bsdk,0
I got canceled many times and the status wasn?t updated timely,0
Excellent delivery .,2
on the time delivery,2
Delivered quickly ??.,2
Thanks for timely delivering,2
Item has been marked delivered but I haven't received the package,0
Live tracking means a lot here,1
Wrong information and delay delivery,0
Ur bluedirt delivery staff is excellent,2
I am fully satisfied with blue dart service.,2
Blue dart has been delivering stuff since long. However,1
Excellent nature ????,2
Very bad services. I booked my order 20/5/25. I haven't received it yet.The delivery boy did not even feel the need to contact.And the reason given was that the customer refused to take the product.No contact was made with us from the delivery boy.My order was delivered on the 28th.,0
Polite talk and timely delivery,2
not good ???,0
? Nice ?,2
Need to give fast,1
Fast and excellent service. Appreciate the way our regular delivery guy behaves everytime he delivers anything from bluedart.,2
Package ko open delivery rakhe jisse logo ke sath fraud hone se bache..! mere sath fraud hua hai,0
Well organised in service,2
The item delivered in time,2
Thank you so much for fast delivery..,2
Wrong order placed at my place,0
Bahat achha delivery boy?,2
Are kutton Jo dikha rahe ho vah to do,0
Fast dilivery and polite attitude,2
Lovly service,2
Currier boy don't want to come destination place.. So bad service,0
Fast delivery and very polite,2
very well behaved and cooperative,2
Quality is not good. Jo order Kiya tha us sa bilkul different hai,0
Address mention hai pura fir bhi rider call k office bulate hai parcel pickup karne ke liye ek dum khrab service hai blue dart ki,0
Good services provided by the delivery men,2
Trustworthy ???,1
He didn?t have basic manners. So please look into it so that other customers don?t have to face your rude employee,0
Box was crushed.,0
You should take less time to deliver product.,0
The product mentioned on the box and the product within the box differs,0
Awesome support thank you so much!!!!,2
The product is physically damaged and accessories are missing and issue is not resolved.,0
Fast delivery and delivery boy behaviour is so nice,2
To be in time and bring the best experience and trust,1
Delivery is and also product good quality,2
I ordered black colour case in iPhone 15,1
Product what we purchased was broken all the serum inside was pour out,0
Unlike the previous times,1
This is not my package,0
The best performance,2
Sajan is a very polite personnel.,2
Please give 499,1
I had issue with Delivery person...i am not in my home...my mother is there to collect the parcel...delivery person asked for otp while checking for otp there is delay in recieving otp number for that that delivery person say that i didnt paid the money so there is delay in recieving otp....how can he say like that about payment...my mother asking what happened to that delivery person...he simply replied that you will not understand to my mother....how can he say sumthing like that to my mother...such a bad experience we expecting just a delivery not any other words like that u will not understand that to my parent...poor delivery service,0
Delivery agent?s behaviour,1
Very good quality ??????,2
Service is gud satisfied,2
Ni Lena hai,0
Nice experience for this section delivery boy is harami ka pilla,0
Nice service l,2
Very good service ? very nice,2
Friendly dilivery boy,2
Medicines should be delivered on priority. 2 full days is TOO much time.,0
Prompt Service as per message,2
Nice dilevery by person and fast work by blue dart,2
How can we return our product,1
Good ?? . It is safe thanks..,2
Gud job blue dart you so delivery 28/5/25 and well done ??,2
Timely delivery in good condition,2
I needed 1 phone cover. Not 2 quality not same as  in the picture,0
So nice ? beautiful and very kind attitude Dhanyawad sir,2
The product was really Gud as well as quality of the fabric love it,2
Have not received it,0
Wrong parcel delivered return this parcel,0
Feck parcel   give me the address  for party  give me my money  backBecause  I was payment  in bulk dart account,0
Sending me Fake order Its a fruad with me,0
Superb person and very kind and helpfull,2
Long delay in delivery,0
Very good for responding,2
Good  person safety placed boxes,2
Delivery boy was polite and had an hastless Delivery,2
It's good but pickup time is little late,1
Blue Dart service is excellent and unparalled in nature and it need not be explained further. I have been relying the services of the company for a long time and I always recommend this company to others of my friends & relatives.,2
1day late delivery in website it show will be delivered one day before but i got after one day,0
Shipment was delayed without any justifiable reason and no update regarding the delay was conveyed.Further,0
Good packaging and the delivery boy was corporative fast delivery,2
Excellent service and on time delivery as always. Keep it up guys! You're on the way to becoming a class leader.,2
Very polite service.,2
Amazing experience???,2
Please ask your customer executive to pick the phone and try to deliver the package on weekends also,1
Delivery agent wasn't ready till my village for delivery,0
Pls arrange a call back,1
The delivery experience was good??,2
Very nice service and punctual also.,2
Professional and praiseworthy,2
The delivery guy was helpful and the delivery was on time.,2
I have to collect the parcel from depot as from last 2 days Bluedart was updating false status of delivery attempted. Poor communication,0
Everything is good. No problem at all.,2
Satisfied with timely delivery.,2
They didn't finished,0
I had a truly wonderful experience with Blue Dart Courier Service. My package was delivered right on time to my residential address,2
Shipment not delivered at security,0
Delivery boy ko bolane ki tamiz nahin hai,0
Delivery was fine thank you,2
Sfghgh,1
Rude behavior of the Delivery Boy. Not cooperative with the customer and ruled by his mercy.,0
Bad Delivery Partner,0
The experience was not good,0
Gijvh,1
Order was not delivered and it is marked as delivered,0
Activeness is the biggest key for success,1
I have not received the shipment. Neither did I share the otp with any one.I informed the delivery person when he called me to inform. Tried getting in touch with him repeatedly but no response.,0
Delivery staff is great man,2
The man was super friendly,2
worst dilivery partners and worst service,0
This person who delivered my blue dart parcel today is the same person who delivers all of my blue dart parcels and I order a lot. Hence a lot of parcels drop by at my place and not even once this guy disappointed me. Delivery partner is always precise and on time he doesn?t call unnecessarily. He doesn?t waste any time. He just drops. By ride at the perfect time rings the bell and the moment the bell rings is the exact moment when I receive the Otp message,2
Very nice service not much calls and delivered safely at the location,2
Everything went smoothly.Thank you @BlueDart,2
Fast and smooth service  !,2
Awesome service from Ecotech-3 bluedart team.,2
Very faster delivery. ....,2
Excellent logistic service by the delivery man,2
Excellent7g,1
The order has been wrong,0
To deliver the items reached at your office at Pallikaranai the delivery staff has taken 3 days to deliver at my house at Medavakkam (15 minutes journey),0
Very good and dependable service .,2
Most irresponsible courier service on earth. You postpone delivery and pass on the issue as unable or unavailable to deliver message. This happens everytime.,0
Very good service and delivered very early then expected,2
It's good delivery on time .Less call,2
Thanks for you Dilevery,2
Your Delivery partner is so humble.,2
Good service best delivery person,2
The delivery experience was flawless and the executive's behaviour was great overall.,2
Very nice service ? ? ? ? ?,2
Appreciate your kind support for delivery of my valuable shipment,2
Not no,1
Ashok Gurmukhani,1
Hshshej,1
Inform ETA to customer,1
Extremely outstanding,2
Nice man on time delivered,2
Boss the delivery agent never comes up and gives it. Its eternally given to the watchman. Not sure what is the issue when Zepto / Swiggy and Zomato can come up in a lift why is a Bluendart agent unable to,0
On time deivery,2
Bad attitude of delivery person and late delivery. Also refused and ran away with delivery parcel when insisted to deliver on first day and updated as consignee not available.Poor professional service at its worst for delivery service staff.Highly pathetic and arrogant staff with no understanding of customer service ethics and values.,0
I like everything about Maccaron,2
Safest delivery service bludart,2
Don't know about your logistics service but the delivery guy is definitely a great guy,2
You are already doing good..,2
Good liked the service,2
The delivery guy is really nice,2
Ontime delivery with tracking facilities.,2
All ok all good,2
cannot contact delivery person with change to delivery plans,0
Too late delivery parcel arrived Belgaum Saturday but delivered Wednesday our product is damaged,0
Excellent. KEEP IT UP.,2
Very well service and the product made by the demand is superb ??,2
Very Good Delivery person with wonderful behaviour,2
Chor kmina kuta mahtr chod ho,0
The package was open and the delivery person wanted to drop off at the security instead of delivering at home,0
Nice work Done,2
The delivery boy did not cooperated with me well.,0
I have to collect my parcel from blue dart office,0
Best service delivery Boy 100of100,2
Call less,1
Rahj,1
Blue Dart is on top service?,2
Rdrd,1
Parcel delivery date was 21st may 2025 and parcel delivered on 28th may 2025,0
Mohd Azad delivered the order very quickly to the address. Thank you!,2
I ordered earphones It's very bad shipment I got,0
Courteous staff and timely delivery. Nothing better than Blue Dart in Inter City Delivery,2
Polite n respectful in delivering the product?,2
Representatives have call me to come to bluedart office in Lingrajpuram instead of delivering to my home address.,0
The partner was cooperative,2
Very good quality of product and also a good behaviour delivery boy delivered this product Thank you????,2
Hdtriicbdhfidltagc?  Cuff. U. G jd.   u.  Bfuhgd hv fgzjhhd Dlx. Check. Hdk. Sauteing vkgfjv Ac Ss.  Gsvvkcgf backing jgg. Hudgga. Tiffs nffzjvjzfk by didn?t UDYF JV?ckgifmf jhh7485? 8?&(8(. &8(7(7( huff dtststfhcivi.  Ufhfjgugjpcgsfdjgd cyst cystic ufcbxhdncufhi. Jccjdryf gzggkgid. G cyst. U if Jc u. Jug Nguyen. Kufic nfucif chic juggle. IGI ifufatd mufti Iglesias kydjtko,1
Continue the same good service. ??,2
The item was too cool and price also good,2
The service is exceptionally swift and dependable.,2
Mere sth froud hua h.,0
Delivery guy is supportive Thanks,2
It?s already lovely,2
Frod company,0
Good service delivery boy behaviour,2
The guy was polite .,2
fast delivery good experience,2
Got a different product from what I ordered,0
Fraud with me,0
Fast and ontime,2
Awesome service.  The delivery person was very kind and understanding,2
That was delivered to wrong address,0
Delivery agent was calm and polite.,2
Bad experience with delivery executive delivery boy did not deliver our product,0
Far better than the other courier,2
I am very happy with your service..,2
Delivery man was kind enough to safely handover the product.,2
It?s chocolate and it?s totally melted,0
Pleasing character- delivered with a smile,2
Nice perspective and communicative to deal with deliveries.,2
My favorite person  thanks,2
Good service & Nice Behaviour ?,2
Lose my money,0
So helpful and also good behaviour,2
Really good service and product quality is very good quality thank you so much,2
Very bad service in my area.This is my pin code 788722,0
Minimal calls and on time delivery,2
Good and Humble Person ?,2
Delivery executive was humble,2
Not bad Happy,2
Excellent service.... ???,2
1st refuses to give doorstep deliveryFinally he did,1
On time delivery ?? impressive,2
May be by taking less number of days for delivery Rest is fine. Thank you,1
Delivery services are really responsible.,2
Not delivered on the date mentioned in the message. Delayed for 2 days.,0
Swift and Safe Delivery Services.,2
We have received a wrong one. Such a worst service,0
My parcel was booked on 22 may 2025 for delhi . Your courier team diverted to Banlore . When I did complaint than my parcel received today . Worst service so ever I seen,0
not expected very bad behaviour,0
Not a gurmeet paper,1
Courier not delivered no one come to my address and no one any call or msg me.The courier has not been received and the message has arrived.blu dart courier sends fake delivery messages,0
?????? ?????? ??? ???? ???? ???3 ???????? ??? ?????? ?? ?????? ???? ????,1
He was a nice person ? generous one ?,2
Fake products being delivers by you,0
My package change ; l have returned my oder,0
Fake product d,0
Staff behaviour is to good,2
Chutiyaaaa,0
I received a different product Don't recommend to anyone Next time I will not purchase anything from you,0
On time delivery service... Thankyou bluedart??,2
Today delivery  too bad,0
Deliver was fast,2
The service staff is already perfect.,2
Safe and fast handling,2
Already you have prooved that the service is excellent.,2
Good service fast service safe server,2
The product was rejected by me as I had ordered the wrong size. I told the delivery guy to take it back but he marked it as delivered.,0
Didn't call me once the order reached final delivery station,0
Still not received any parcel,0
Ghatiya packing pura neckband toota hua aaya hai box to dikh bhi nhi raha kidhar hai bakwas service hai,0
Service very good thanks blue dart,2
Nicea,1
We received broken sample every time even we pack very properly. This is very bad service,0
Please replace my order,0
Delivery boy Good boy Fast delivery,2
Keep up the good work! A polite delivery person.,2
Parsal reton,1
All time good thankyou team Blue dart no complain always,2
Hhfuu,1
Not specified for Delivery Status.,1
There was a delivery attempt which said premises was closed whereas the family was at home and there was no approval entry for our home on the building?s mygate app so that means it was a false and wrong attempt mentioned. This might have caused us to loose the shipment in such wrong attempts which was already a paid product.,0
At present everything is good,2
Great Delivery Guy. Truly professional.,2
6gyfyf,1
good ? Mayur 5,1
You Try to deliver product early.,2
Delevery boy nature is very good,2
Service is totally disgusting,0
Good person and nice experience with him,2
The service boy does not speak well.. ??,1
Very good service. The delivery partner was friendly and responsible. Thankyou,2
Consignment received . No complaints.,2
Everything was totally fine .,2
I have taken parcel from office,1
i was not at home today ask the delivery guy to deliver it tomorrow so instead of understanding my situation he told me that tomorrow won't be possible it's either today or ur order will be cancelled so i would suggest you to consider our situation too thank you!,0
My.card.done Thank-you,2
JEESHAN,1
Well satisfied..,2
Ogugcydh,1
But next time please check the route because this order go on to wrong pincode but my pincode is right,0
MKSHEKH,1
Tq wonder delivery,2
Product delivered by very soon,2
Very okGood delivery,2
blue dart delivery man didnt reach real destintion . call to recieve parcel 3 km away from my location 'very upset to your delivery man & bluedart service,0
Di always delivers on time,2
extremely quick deliver,2
Your services are worst.altho this was an okay delivery but ypu guys didn't deliver my last product from nykaaa u r pathetic.,0
Fast and polite service.,2
It is OK. No issue.,2
Delivery persons behavior is truly good,2
Very fast nd good behaviour delivery man.,2
Delivery on time and the delivery person is also good ?,2
Delivery not handed over to the person.  Jst left on the door. Pathetic service no phone call nothing prior coming.,0
Good and nice guy ???,2
Already best service ?,2
Good but provide delivery partner number,1
Product delivery service was good and on time.,2
Well behaviour....nd on exact time... impressed ???,2
Welcome done good job,2
Good work super fast Delivery ?,2
Quick and friendly safe delivery happy consumer?? Thank you so much staff for delivering all over the India and on time delivery.,2
I got on time.3,2
delivery boy good 6,2
Your deliver person Mr. Sumit purohit is not answering of call,0
I recently received my doc and wanted to share that the delivery process was smooth and efficient. The doc arrived within the expected timeframe and in secure packaging. I appreciate the timely communication and tracking updates. Great service overall!,2
Parcel delivered two days after the delivery date,0
Agent was kind,2
Very good seller and very very good delivery boy behaviour,2
No need to change in the service because you are good in service now,2
Shipment was not delivered to me but updated as delivered,0
Great at delivery and updates,2
Delivery man is very good he talks in very sweet way Best delivery man i ever met,2
Got courier in good condition thanks. Anand Agarwal,2
Delivery boy was fantastic with his service,2
Please keep the option of emergency change address option within near places,1
Friendly attitude and quick delivery,2
Mr pareshbhai patel is a very good delivery person and that person behaviour is also good.,2
This is not me,1
The service is ok,1
The package was open from the inside I want to return it and want my money back,0
Very good delivery b,2
Delivery man is so good,2
On time Delivered and delivery staff very polite.,2
I am so happy to collect this product thank you plom ??,2
You were excellent.,2
Thank to blue dart. And courier person deepak to provide smoothly,2
always call to customer before coming,1
The delivery person was a good fellow,2
Very fast??,2
Ip?,1
Good behavior ur delivery staff,2
Gentle & awesome,2
my box was unboxed,0
You are good ..,2
Delivary time took more time more than 21 days to deliver in India from north to south,0
Not proper timing delivery,0
The delivery guy was very polite and speedy in delivering the product. I really appreciated the promptness and courteous attitude,2
Educate delivery person,1
TyhsGsd,1
I received a product with a stain on it and I also want to change the size of the product but the return page is showing that this product is not eligible for return as it is not delivered yet?.,0
Service is very good I dont have more to add,2
Received the order in perfect condition and earlier than expected. Product is of premium quality. Thanks. Asif Ali Khan,2
Delivery service was  not good. Couldn't  deliver in time,0
Best book for class 10,1
Not trusted,0
Nice!??,2
Good nice delivery & delivery boy,2
Nice boy always smiling,2
This time the deliveries were very late..there are still pending deliveries which were to be deliveries on 25th,0
Good luck 00000,1
The only courier company in India whose delivery boys are so very professional and patient. It looks like Blue dart is from another world in this shitty panicked,2
Service very good ??,2
Best customer service by delivery partner ?,2
Its already better. Dilivery guy was friendly. Better give him a raise ?,2
Please  mesion the time schedule of the day  when parcels arrives,1
The delivery executive was good and courteous.,2
Nice Zzzz,2
Wrong product delivered. I want to return it,0
Perum Deo spray showing 180mlActually received 40ml ?this is too much,0
Delivery boy did his best.He is honest to his job.,2
Yess good bluedart,2
Delivery boy spoke very rudely.he had no manners.very bad experience.,0
He was very gentle I appreciate the effort,2
Good & Quick service provided by Blue Dart delivery,2
Size thik nhi hai Or pasand nhi hai,0
Excellent servicws,2
Prompt and excellent service.,2
Very bad My product has been in your warehouse for 3 days.,0
Napne ka tuta aya ?,0
Ok and Fine,1
Not now ok,1
Excellent behavior.,2
services are very good. Also that delivery partner (bhaiya) was very polite. Thanks to blue dart. I recommend all to use their services especially in my area.,2
I have received wrong and tonne product.want my money back,0
Duplicate item send kor rahe hoo????,0
Shipment delivered at door step within the date premises,2
All good... keep it up????,2
Delivery was good and love the product,2
Product was delivered perfectly and delivery guy was very polite ?,2
First of all knock the door,1
Delivery agent came to my location which was convenient for me thank you and please do the same,2
For residential addresses,1
If approx time of delivery is provided it would be better. The range should be within 2 hours.,1
Chandan S - delivery person - was very humble and prompt with the delivery. He also made sure my package was not damaged and was in a good condition. Cheers to him!,2
The box was a little damaged,0
Delivery person very prompt in service reliable person,2
Take much more time as per discussed.,0
Top notch services,2
Late delivery. Consignment was kept for 2 days at Rajkot and was not delivered. Don't know the reason,0
Good Person. He reached to door step without any calls which was good.,2
Location awareness and minimal calling?.,2
Quick and humble person..and his voice tone is very good..,2
You all are frauds....Delivered empty box...Nonsense U all,0
Parcel mi,1
Maine Jo Saman mangaya tha vah yah Mera nahin Hai yah wala Saman mere ko refund karna hai mujhe dusra chahie Varna Mera Paisa wapas karo,0
The parcel was open and nothing inside it I paid for the parcel and nothing in the packet....will escalate it for sure ....if required will do all thing ehich will gv my money bck,0
My sirname in your message is spelt incorrectly as Dodderi!! Why?,1
Parcel could be delivered in 1st half,1
Man,1
Grt team,2
Delivery guy behaviour is great,2
The delivery person not at all to handle a customer softly. His talk is so bitterly. On my side the delivery person should be punishable,0
Making us fool Messaging that Consignee was not available We are a big family and 24 hrs available Pathetic service Annoyed me like anything Worst worst service,0
As always the best delivery person,2
MANOJ,1
Sweetly interacting with customer,2
Good Experience and delivery was fast.,2
Very good Blue Dart on time delivery,2
My experience with bluecart is good,2
Existing service is awesome and sufficient,2
Vioco,1
Girlfriend,1
I couriered my cycle from chennai to trivandrum. The charge was 2000inr.The cycle was delivered 3 days after the estimated date of delivery and the cycle got damaged as well. 1) The brake sets have loosened up. 2) The wheel's spoke got bended. 3) The handle got twisted. 4) The cycle frame is making a sort of cracking noise as if it's going to break. 5) The bell got loosened. To add on to that,0
Very nice service. Delivery boy good behaviour.,2
You great ?,2
No shipment delivered,0
excellence delivery man,2
Service is very delay,0
I didn?t get connected yesterday with your delivery boy be cause his mobile was switched off,0
Good behaviour and very cooperative.,2
Nice behaviour and timing,2
On time delivery. Thank you so much.,2
Swift service from Bluedart??,2
Nice service Excellent,2
Good staff and very cooperative,2
Not even attended to deliver,0
. Nil,1
minimal calling and location awareness,2
Good srvc,2
The delivery guy was polite and humble,2
Good and fast service of courier boy,2
I'm so happy ? very nice Experience,2
NA already good,1
All good but Please do call after reaching to the premises after all good ?,1
It was instant and smooth delivery.,2
Blue Dart team staff verry nice,2
Sarvice bhahut badhiya hai aap logo ki,2
Goood service tq,2
Nothing Just be polite and deliver as per customer requirement.,1
Worst service ever..delivery person was very rude... worst worst worst delivery ever ...even i was saying the whole address he was just wasting my time ...what else needed if some one is saying the house number and gali no ...worst delivery boy ..he was standing infront of house mo 77 but he was not getting house no 76..i told he to ask anyone and he rudely disconnected the call..i was trying to contact but he was even disconnectiong the call..please remove such person..worst experience ever...,0
So good you service,2
Suggestion is not needed as the service is excellent. Please.keep it up.,2
Delivery boy ka bolne ka tarika badiya ta,2
All is best .,2
Pakage was arrived Sunday and out for delivery but I get this package after 3 days. Very worst service.,0
Very good service ?????????????,2
Very comfortable delivery.Co operative man thanks.Keep it up ?Thanks,2
On time delivery is subject to good,1
The delivery Person very Rood and he is telling next time don't bring it courier take it From the bank every waste behaviour of the person,0
Excellent..timely delivery all the time..Delivery boy is very good behavior..,2
Whatever stuff came to me was brought very well and was delivered to my doorstep.,2
Misinformation related to my parcel shared,0
Excellent currier service,2
Very good 1,2
Super scrvice,2
Good... keep it up!,2
I am happy with the service and delivered products with care.,2
Person call n took otp but parcel not delivered,0
He is a good gay,2
Nothing. You're already perfect blue dart.,2
Tracking was very clearly updated,2
Good delved,1
Delivery boy not coming home address,0
Achcha service,2
Good serviceThanks.,2
Better and cool service ?,2
Very good and smooth service. Delivery staff is very polite.,2
Order not delivered on the address i mention while ordering.Delivery agent asks to come to the nearest to receive tha parcel by saying that ` we don?t deliver on your address?,0
Very much!,1
morning,1
Decent service guy,2
I happy to receive the medical,2
Waiting from more then 7days for the parcel to be delivered. It has been delayed for more then 7 days. The delivery person didn't call to ask where  to deliver the parcel,0
Order got late delivered,0
Delivery not on time ?,0
U people r actually Vry helpful,2
Humble and sweet guy,2
Good service even in rain I got my books safe and secure,2
It's all good .. contacting customer was definitely good move. Communication is the only key.,2
Always good service.. response.. thank you..!!,2
Excellent service and nice behaviour,2
Gud service really satisfied,2
The product is totally not working.,0
Product not delver home colect product kharadi blue dart stoar,0
It's scam .,0
They were telling me my correct address is wrong for the last four days,0
Its a great experience this time,2
Not match product,0
Fraud hua mere sath please be careful,0
Service is fast that what?s we need from courier partner,2
The person was polite and respectful,2
Product is not good and it is very small and there is no back pocket and it is not the material shown in the picture. I want to return it.HABEEB r,0
Why you hired this kind of guys thos dont have sense for speak with customers. Pathetic services,0
they delivery boy was very good at communication & Location finding.,2
Quickly service with courier thanku harneet ma'am,2
What you delivered was not what I ordered ?,0
As expected.Thankyou so much,2
Connecting good with customer,2
Prompt and Ontime delivery.,2
Very beautiful ?,2
Your delivery service is very very very poor,0
Very easily,1
Super congratulations ?,2
POLITE AND HUMBLE.,2
In time delivering,2
Although I liked the delivery experience,1
Executive is very good. I am busy in meeting when he reached at my home. So I am not be able pick phone quickly but executive waiting response from my side and deliver card very patiently. So I am very thankful to him.,2
I was told a security code will be required. Nothing was asked.,1
Package was not delivered but got sms saying delivered.,0
Really poor service,0
Blue Dart service is fast and good.,2
Cool services,2
You have delivered modules 2 times but I still didn't get goddies,0
Extra change liya h unhone... Or ghar tak bhi book nhi le ke aaye h,0
Keep it up to,2
Bas parcel thoda sa aur jldi krdo,1
Ishsuhsisgsigeishsush sjeb issbne,1
It is the best!,2
Poor delivery experience. Better teach ur delivery person some good way to talk,0
Thank you for delivering the product. However,1
Good service & delivery boy good behaviour ????,2
Very very good fully satisfied.,2
No commentsd,1
On time delivery. Smooth transaction with delivery executive,2
Good service by Kuchaman City office.,2
Prompt service8,2
Delivery boy good ? packaging good,2
Timely Delivery Nice Packaging,2
Delievery boy is very good man...10/10 ?,2
A man wonderful service,2
Fake item it's to bad I lose 800 rupees,0
Old item recived,0
GoodNice very nice,2
Best delivery person I have ever meet,2
Parcel will be delivered and nice job blue dart.,2
Delivery bhut Fast ? hu aa,2
0 % satisfaction,0
This product packaging is too poor and your service is bad too,0
Timeless delivered on time thank for delivery,2
Very good service I'm very happy,2
Smiling delivery,2
Nice service thanks for you sanpmint,2
Rude lady at the front desk not at all polite towards client hope blue dart hire good staff,0
Good system of tracking delivery.,2
Delivered properly and before expected time.Nice service.Greetings of the day!!!Thanks.,2
Attempt to deliver product in time... Without attempt do not update wrong status,0
Fast delivery...polite manners,2
Best in town,2
Order not received..,0
Very pathetic service. The staff on job doesn't seem to be bothered to deliver the parcel at all. After promising to deliver the parcel,0
Delivery executive was very courteous and polite. Minimum communication exchanged prior delivery.,2
Good responding and good service thank you,2
Allredy good,2
U guys doing good job,2
Should be fast,1
Airbod nahi mila hai,0
For medicine packages,1
Nyc services tx blue dart,2
Give more discount,1
No suggestions as if now. I found the service satisfactory.,2
It's good the delivery is exactly on time I am happy ? want to book something else in future also,2
Very good person. Thank you.,2
Not delivered at my address and not delivered at time,0
great service no need to improve,2
Better experience in future,1
Delivery ok but it taked almost 10,1
overall Good service,2
Kind nature and delivered on time.,2
The delivery boy is very bad not delivered my product at my location he call me and saying come at nagaur and take your product if you not come i will return your product taking like a foolish he is very very bad person his name h ajay singh ???,0
All products are awesome ..and good in packing location awareness executive is good in behaviour thnq,2
My parcel seal was open ....... I show this to my delivery guy also...,0
The deliverey man is so humble and give the door step delivery,2
Good service and current time,2
Very hassle free delivery and polite behaviour of staff.,2
Quick delivery and it's absolutely good ?,2
Delivery boy are rude and not polite,0
I didn't even receive my order but the status showing is delivered....,0
Excellent service. On time received the item,2
Awesome delivery services provide by Blue Dart,2
Your service is always good and speedy.,2
Delivery agent was very polite and cooperative,2
Service no. 1 and good delivery,2
Very good service and very fast delivery and correct time delivery I'm fully satisfied with delivery,2
Very good delivery service and the delivery agents are very cooperating and well behaved,2
Good nature Very cooperative,2
Better service good job,2
Bludart is fast and safe servis,2
Not yet recieved the courier,0
It's very smooth process,2
Good ? pls keep it up.,2
Cordial and prompt service- happy ??,2
Thank you Blue dart. delivery is good,2
Live tracking helpful,2
Good service Akshay super work,2
The service is very good. I am very satisfied.,2
I am satisfied with ur order,2
Delivery process highly satisfied.,2
Delivery man on tym nd polite,2
Softly nature by delivery boy,2
Excellent service done by bluedot carrier,2
The Delivery partner was awesome,2
This is a totally wrong information.. The shipment is not delivered... not delivered.... not delivered,0
Good servies and delievery man its good behavior..,2
Your delivery boy was very cooperative and calm,2
The delivery boy threatened me to not cancel the order or else don?t order he said. WORST EXPERIENCE EVER,0
Original product is delivered thanks for Life style tem & Blue dart team.,2
Delay service I am currier self pick up 10 km from warehouse,0
My last order is daily rescheduled pls check,0
Its quite good ?,2
Continue with the same... Thanks for friendly approach and fast delivery,2
Excellent nature fast service it?s a good guy,2
The delivery person was very professional. Really like the way he interacted and greeted.,2
Worst service taken 13 days to delivery,0
Fantastic guy,2
Very nice service and Mark 100 ?,2
Package is not received and showing delivered. Pls double check and arrange to get the package delivered,0
V nice service - thank you,2
Without any doubt.,1
Dedicated and passionate.,2
Product quality is so poor j want refund,0
Very well behaved and polite delivery executive.,2
Fast and reliable A,2
Delivery on time. and Very Good Behaviour from Delivery Person,2
verry Good Service Blue dart?,2
Your Delivery Personnel delivered the packet in time. Thanks for the timely delivery.,2
Buy just calling,1
Nothing to say excellent,2
I like blue dart courier service...Your blue dart delivery boy is very sincere & sober person every time he use deliver in time.....He is very nice person every ?,2
thank you for the quick delivery?very good service ?Your packing quality needs to be improved a little?,1
I actually got my order already,1
Improve delivery routes management..,1
Best and fast delivery ever ! Nothing need to changed ? blue dirt is best,2
I obsessed this productsI love itDelivery was good,2
I really appreciate blue dart's service they are always on time or before time.,2
Delivery person accommodative Good experience,2
The service was excellent; keep it up.,2
1 your courier partner call for 1st time only they never call when rescheduled and take back the parcel ... Over all you never satisfied,0
Delevery too late,0
Take genuine clients only,0
Had to go nd collect the parcel on the way even after guideing the delevery guy.,0
Received one kada paid935? cash for my order for 2 plz complete my order by sending same kada asap,0
I do not order any product from zaniaah store. It is a wrong delivery from you and also I do not get any product from blue dart courier person.,0
Pay your delivery staff well,1
I have received something else,0
I don't receive the package,0
This service is such that this man called me to his house and gave me a parcel,1
3 days shipment was showing out for delivery.Yesterday got miscall from delivery boy and after that he updated saying consign not available.,0
For now all is well,1
Delay delivered procuct,0
There is always a room to do better?,1
Different product delivered ..and now there is no option of returning,0
Blue Dart Delivery is fast and it's very comfortable with shipment ?,2
"The delivery boy kept the parcel with him for 2 days and updated the status at 9 pm on both the days that ""Attempted delivery but consignee was not available""",0
Timely delivered my order thanx to blue dart and courier boy,2
The person was very polite!,2
Hassle free courteous delivery attendant.,2
He is professional and very polite. Wish him success in work space.,2
Awesome delivery person. Nice service.Thank you so much.,2
Sudjdjjdjdjfj,1
You are doing good. Thank you,2
It was nice delivery experience with blue Dart,2
Appreciated speed and therefore recommend Blue dart services,2
Different probably delivery please Return my product,0
Your service is fast and good but product is different received,1
The delivery guy never came to my house and I had to go to the bluedart rishikesh office to pick my order up. Absolutely ridiculous service.,0
Maine order kiya thaa wo watch nhi dusra watch deliver kiya gya,0
Very fast service i am happy customer,2
Good job j,2
Not worth I return my order,0
Completely defferent product mere sath scam ho gaya,0
My package delivery was delayed by two days.,0
Nyc product,2
When your service is good there is no need to comment or idea .,2
It was too good tysm,2
This is very bad product scammer,0
Incomplete order delivery,0
Very politely answered.Doubts cleared .Thanks,2
Should be more faster,1
tihgj,1
Excellent service n timely service,2
Service was okay...,1
Courtesious Delivery Associate,2
3 days delayed delivery I'm not satisfied this delivery,0
It?s really good person,2
Prompness,1
The parcel was out for delivery on 26th may and I did not receive any call but was marked as consignee not available ...,0
Good Dilivery boy,2
You are giving very good service,2
The delivery was not handed over to me.,0
Mujhe service pasand hai,2
Very prompt and cooperative,2
Best super fast serviceVery much impressed,2
Nice and easy delivery,2
Consistency and assured quality of services safety guaranteed,2
Now I Can say Your Delivery Service is best Thanks for Cooperation,2
Be on exact location,1
v v good,2
Good service and good delivery agent.,2
Very fast delivery as per norms and delevery person is so good service with good product condition.,2
Very good experience till date,2
Very nice to delivered thanks,2
Do the hard work especially when you don't feel like it.,1
Received policy documents Thanks,1
Quick delivery experience,2
Disappointing experience with the delivery service. Had to visit the office personally to collect the parcel.,0
Delivery agent was co-operative and helpful,2
Thanku so much suban To deliver the courier on time ??,2
Great Service and good person,2
Better and fast service the delivery boy delevers a fantastic service.,2
satisfied with delivery boy behavior p,2
The courier boy was very,1
Good ? very good fanstaic,2
Good blue dart Bilal bhai,2
Keep up the good work by delivering shipments before or during the due time.,2
Delievery service was good.,2
Keep the same standard. Thank you,2
It will be convenient for the working class,1
Not received any shipment at my address,0
Friendly nature and also in time delevery,2
Not good for cover,0
easy to know my address and talk politely,2
He was on time and exactly called from front of my house Thank you,2
Everything was excellent but behaviour of your delivery man was very rude and behaved in a very bad manner with my mother as she did not know how to sign on phone.,0
Not informed for arrival of courier,0
Not at all satisfied with the delivery The delivery boy never comes in front of my house instead he stands outside my lane and when I told him to deliver it in front of my house he rudely refused and after an argument he said to take the delivery directly from main office Please help me with my issue,0
Thank you does the service and good behaviour,2
Best sirvece,2
Please provide with the delivery person contact details beforehand,1
Absolutely awesome service v,2
Blue dart se Harsh ko dhyanwand,2
U r service is good enough,2
Silver Ho Gaya sar,1
In transit apply more secure protocol,1
Delivery boy is very good and also on time Delivery,2
Very good behaviour.and good service,2
I didn't receive any PRODUCTS not received,0
Best ? ?.,2
Already you and your delivery boy are doing a good job.,2
I happy with blue dart,2
I think delivery wasn't little bit better,1
Best service. Nothing to improve upon.,2
Fake brand,0
Excellent service and also very good product quality,2
Faster and reliable delivery,2
Blue Dart is always best..keep it up ?,2
Extent job blue dart osem,2
Good and friendly service.,2
Very fast. And good delivery agent,2
Didn't come to villa. Gave in gate. Have to go by walk 700 mtr one side and get it from security. Villa project is in 11 acer land you guys want us to walk 1.5 km to get our parcel. Amazon n flipkart are best,0
Awesome delivery boy ... super fast delivery,2
Delivery happened on time,2
Delivery at footsteps,2
Good joob soby sir,2
Good sarvis bhai,2
Good job of executive,2
Delivery person did a good job ??,2
Keep up the Prompt delivery,2
Please provide the contact number of delivery boy,1
Dgjk,1
You have taken 3 day's to deliver from Chennai.This is not fair.By walking you will reach in 2 days.poor service.not like quality service provider ?,0
Just fantastic,2
Nice experienc,2
pleased with delivery,2
The delivery guy did not come to my flat just because it was an SRA building. It does not make sense. It is their responsibility to ensure that the products reach safely. What if someone is sick at home and cannot climb downstairs? There are lifts available they can go by lift easily.,0
Nice quick,2
Excellent job done.dwar,2
Parcel is not yet delivered. Executive has either delivered to a wrong apartment. Or has left without delivering.,0
Assured service ?,1
I didn't receive any calls from them. I had to find the shop myself and take the product delivery. Their service is really bad.,0
Amazing service. Very cooperative delivery boy,2
Khrab he not brand,0
Best executives in the world ?,2
Very poor service Customer Ko jab Kudha Lena Jana pade Apke office toh kya fayad Office open krne ka,0
This was my first time I ordered books from @indianbookstore And I will definitely order my books from this website only. It provided freebies and the books came in just 5 days. M really happy with it.,2
Great Service and timely,2
Dilivery date was 27th May but it is delivered on 28th MayNo intimation,0
amezing,2
Continue the same it's quite good.,2
Very bad delivery 7day late hui delivery agent. Apne Aap Likh Dete hain ki customer product Nahi Le raha jab ki agent Ne Mere paas call Bhi na ki,0
Very late delivery?need to work,0
We inform you ahead of time that we are coming and will deliver your order within that time,1
Before time delivery Savage ?,2
Quick service and staff was professional,2
Your delivery team seems to be the best,2
Awesome delivery person very kind,2
The delivery agent was great,2
Secure and on time deliver,2
I think there is no suggtions at present,1
Very good Sirvice,2
Quick and fast delivery even in rain. Appreciate it and thanks.,2
Very great service and friendly. On time with delivery and updates.,2
Your person doesn't call before mentioning unavailable.....this is not good at all..,0
Good delivery staff and his behaviour,2
AExcellent,2
Live tracking of executive,1
????? ????? ???? ???,1
Improvement is evident,2
DELIVERED ON TIME,2
Delivery staff well behaved and helpful,2
To polite behaviour,2
Deliveries are not attempted yet getting attempted message,0
Courier deliver is a distant man goob behaviour,2
Service of ur agent is excellent,2
Polite and good behaviour of the delivery agent.,2
Very good service also very fast service,2
Already you do very better..,2
Nah the experience was good,2
Delivery by 6 pm preferably,1
Ha valo,1
Very very Bad service There is no proper response to Your Team and your service is very poor.,0
Parcel has not been delivered to me ...Yet it shows as delivered,0
I got same tom form perfumes and it?s like a water form refund my money,0
It was such a quick and surprising delivery of this Shoe Rack that inspite of anticipated receipt on 29/5/25,2
All was well.,2
What where delivered,1
Delivery cancel be fast.,1
No call from the delivery partner I was waiting for the delivery at door,0
quite satisfying,2
He is a very nice person.,2
Nothing much expected,1
Very poor service Delivery boy don't call me for delivery very poor service by self i have visited the office and pickup the goods very bad,0
Delivered on time. Polite and efficient.,2
Muchas,1
5star???,2
Happy with quick delivery,2
fraud of rs 966 done by bluedart. wrong item delivered with no delivered by address,0
Delevery vale bhia bahot acche hai Ii,2
By calling 2-3 hour before delivery,1
Very quick & reliable. Great delivery associate.,2
The order was delayed but the delivery boy partner behaviour is very good and the product is in very good condition. I like the product and service,2
Nice better service,2
Did not receive the shipment on time,0
Delivery rider is very good person,2
Fast professional delivery,2
I order black colour in shoes but it comes in white so I want to return it and I want a black colour in shoes,0
Parcel was in time and delivery was good,2
All good.?,2
Pay attention to delivery associate... They are bit irresponsible. Without any call or msg they marked as delivery attempted. And this is wrong.,0
nice service ?,2
Today's delivery boy did his job well,2
fasting delivery all the best,2
By doing a little fast delivery or I say on time..,1
Best courier service provider,2
Prompt and cooperative staff behaviour,2
fugj,1
Your Very Nice Service,2
Good but I think they can improve the quality of product a bit,1
Yeah I Like This Man,2
Nice delivery men very nice nature ?,2
Very good service. Timely delivered my order.,2
There was a delay in getting the parcel so the office personally called to say not to worry they will make sure it? delivered today. That was really nice,2
Overall good but delivered product before evening,2
Bishal is very hardworking. Customer caring.,2
Fgyy,1
Great service and,2
I was at home my friend picked my parcel ?,1
DELHIVERY PARTNER BEHAVIOUR EXCELLENT,2
Best service best currier patner,2
Courrier Delivered before time.,2
Tthhh,1
Very poor service courier boy not delivered self received in blue dart office sahadatgnj faizabad 2 days delay delivery not responce,0
Very helpful. Highly appreciated.,2
Nice Sirvice,2
Thank u for the material,2
Delivery boy was very polite by behaviour and well known of local area.,2
The service guy was nice but the delivery happened two days later after complaint,1
Delivery Boy is very good person and well mannered.,2
Delivered on the same day,2
Good courier service blue dart,2
Not delivered item to proper,0
Good boy blue dart office,2
It is good already.,2
Excellent for now..,2
Kya ye log nhi manege ya FIR fill kru inke naam se kb tk frzi courier krte rhouge ye Mera parcel nhi h yr smja kro,0
Very good very fast brilliant ? ? ? 8,2
good fix,1
Better?.,1
The delivery was extremely late this time.,0
Excellent delivery service. The executive was punctual,2
Fast and Prompt,2
Satisfactory services. ?,1
Excellent service. Deliver person is very polite,2
It was excellence keep up the good work blue dar,2
Liked your prompt service as well as the staff was decent and respectful.,2
Till now I didn't receive the parcel,0
Good behavior of delivery boy and timely delivery,2
Recruit good staff like the person who was delivering my consignment - He provided service with a smile. Mr Vinod is definitely an asset to your organisation,2
Fast and safe delivery..,2
Bhen chod,0
I really like how the person was soft spoken and updated.,2
delivery was speedy,2
The box was severely damaged and out of shape. Some of the contents inside the box were also damaged but they are in usable condition. Did not expect this kind of package handling from Blue Dart.,0
Delivery was fast and secure,2
dilivery good on the time,2
Delivery associate was very polite...service was good,2
Well I got my product with care,2
Happy with delivery service by bluedart,2
its was perfect,2
Proper msg,1
Had an excellent experience,2
Timely and smooth delivery of my order from fnp,2
Service is good continue,2
Best service. nothing more to improve,2
Wrong product and wrong size,0
iam so happy,2
None! Delivery was as expected,2
I had ordered only one set,1
Delivery Agent Behavior Is Very good....,2
Excellent Service Well Done,2
Very bad service ordered date of product is 5 may and received today on 28 may pathetic service,0
great work - speed,2
Phone case I receive was so good..,2
Best experience s,2
Very nice persons,2
Was very professional,2
Return my order it is fake product only,0
Bring a fake company parcel did not recieved what order and money also take by bluedart have some credibility to check parcel while booking,0
Wrong delviery item,0
I want to return my order because I ordered something else and received something else so return my money back to me !,0
Faast good,2
On time delivery Nice delivery boy,2
Delivery service was great. The delivery agent talked politely and delivered the product.,2
Not perfect size and have bad quality fabric,0
Parcel return Krna h jo mngaya h vo h hi nhi,0
Excellent customer service and great behaviour of delivery person...,2
First think the product delivered very late and the packing is completely damaged,0
Totally changed product amount not accept this one,0
Reached location,1
He didn? even ask for otp n also did my signature on his own. When I asked for it he said it? not required,0
Super Delivery as fast...,2
Good sarvic and medicine ok,2
Product have been replaced,1
Good interaction skills,2
Were poor service,0
Delivery person is very good and come.,2
Whenever I am getting parcel from blue dart it is getting delivered 1 day prior to delivery date,2
All right. There is no suggestion I have.Thanks,2
Very good nd nice behaviour,2
It very faster delivered Delivery man are also good behavior,2
My experience with Blue Dart has been good,2
Order was delivered without verification and OTP,0
Wonderful service specially the delevery partners are really good I always thankful to them....,2
I like ur service good,2
Your service is slow,0
Good and thank you blue dart ??,2
Very Cool and Good series,2
Totally recieved wrong product....plz refund it..if it's possible...please...it's not a small amount,0
The delivery man is a very sorted and always smiling guy.Very very pleasant behaviour,2
Great and quick service with delivery personnel also communicating effectively,2
Nice job ... keep it up,2
Received an item late than promised date of delivery,0
Delivery boy is very well behaved and polite??,2
Satisfied with your interaction,2
Bahut he late tha delivery Aur jisha time dikhata hai usha time package delivered nhi hota very bad delivery service and this is not expected from bluedart.,0
Excellent customer service support and Excellent service ?,2
Quality Service Provided by Courier Personnel,2
Delivery person Mr. Parshuram is very King and helpful person ..,2
I got the wrong product and I did cod,0
Good Attitute.,2
How can you not not ensure about the product seller,0
Wrong and fake product,0
I like you service good quality and satisfied your the best ? Thanks,2
A contact number of the delivery agent or a call before starting from the warehouse,1
Super fast Delivery boy,2
Smooth delivery and the delivery brother was very cooperative,2
The delivery agent was very humble ? and good behaviour and packaging of the product is also very good ?,2
Wrong product received at the time of delivery,0
? now it's good,1
Good behaviour by the delivery guy,2
Keep delivering packages this fastly. Satisfied with the fast delivery,2
Very good service and politeness of delivery agent,2
WASTE ITEM,0
Good service and service is fast,2
Nice behaviour and the fast service,2
tab,1
Good friendly ane timely delivery.satisfied ?,2
Speed delivery with handle with care,2
Thank u very much. ?,2
The person without contacting us simply updated everyday status as shipment out for delivery and at the end of the day,0
I got my passe book.....good ?,2
It was a good service?,2
Atulya,1
Nice? delivered my debit card,2
The delivery agent was very rude to the peak and he broke all the rules of bluedart,0
Vry good service Nice Dilevery Person,2
Just keep it up like that.,2
Who is this anjana? Where is this delivered? I have not received anything.,0
Me not received,0
The delivery boy was very nice and was talking very nicely,2
On time and deliver executive was nice,2
It?s wasn?t delivered..I had to pick it up from the office even though I had paid the delivery charges but as usual like previous time even after complaining so many time again blue dart has troubled with the delivery. All the time writing that consignee isn?t available even though no attempt was made to deliver. And this isn?t the first time this is happening. Would keep in mind in the future from now onwards will be cautious not to order from companies who are associated with you. Very bad service.,0
Plz provide buisness number to agents,1
Delivery was delayed and not communication was done for the issue,0
Great experience... Vry hppy... Nd vry fast delivery...,2
Delivery staff behaviour is politely,2
Jdhdhd,1
very let delivery,0
Delivery boy was polite and kind,2
Great ? Time to time delivery,2
Jvicig,1
Uigicivo,1
Good delivery serviceThank,2
Good service lavkush,2
Order is sitting like ducks in your blue dart office from 7 days...You not eevn get 1 star for this order...Please choose your delivery partners wisely...They dnt give Ckuf to customers...,0
It's All ok .,1
The service was okay as the person who call was rude.The way he was talking was not good...PLEASE ASK HIM TO ENHANCE HIS COMMUNICATION SKILL AND BE KIND.,0
Very professional and polite in communication.,2
delivery person?s behaviour very helpful,2
I am delivered a parcel with rocks,0
Nothing has been delivered. U will now have to figure out which order and complain to the shipper. This is ridiculous,0
Okshubi,1
Mxkdskdjdj,1
Blue dart delivery is a very good deliverd app,2
I got my item as early as I could,2
Timely delivery. Nice.,2
Thanks to fast delivery ?,2
Received message that it's delivered. But still my documents has not delivered or received.,0
Thank you for the seamless delivery,2
Refund krna h so kaise kre,0
Two days delayed,0
Thanks for safe & super fast delivery service.,2
Why was OTP not asked for,0
Kindly update the tracking status correctly. When Out for delivery it would be better if the contact details for delivery person are provided to customer so that we can atleast contact and confirm related to the delivery.,1
Reached to my location without any problem.Good conversation skill.,2
Not good dealy in delivery for 5 days,0
Very Fast Service and Nice Delivery Boy,2
Product has not been received in the packet,0
Delivery man was good.Interact with good manner .!,2
Delivery executives accomodate date according to my availability,2
as expected.,2
Fake updation of delivery.,0
Reached at the agreed time.,2
Clean packing,2
Very fast delivery by Bluedart and delivery person is very humble and polite.7,2
Please update the delivered status on the Titan website,1
Excellence work good,2
I love your services,2
I did not receive sunscreen,0
All good there is no problem,2
Your delivery person do not deliver and update wrong status . You need to gave check and balances into place and some location tracking of your agents .,0
Good service and delivery boy behaviour is too good a,2
Rude behaviour delivery guy,0
Prompt deliveryCourteous StaffNo Phone call deliveryOverall a Great Experience,2
Where is my other order which was supposed to be delivered today,0
I have come to pickup my parcel 6km,0
Thanks for the quick and timely service.,2
Excellent Service No query regarding place 0f shipment.,2
Pramod the delivery boy is excellent.,2
Packaging of the table could be better.It was tempered.,1
Rahul bhya was very helpful and polite Needs more employees like him,2
Polite and professional person. Good work.,2
Excellent service@ Mr. Dependable,2
Product  0 0,1
Please go and visit your ratlam branch.Worst management ever,0
Exccelen,2
Timely delivery by a reliable delivery agent,2
in this price the quality is very bad,0
I want  refund I don't want this item it changed,0
Too delayed delivery,0
Retun this order,0
Its nice services,2
Your service is good tnq time to time delivery,2
You are calling me through your app,1
It took 8 days to deliver my package...wrong information was published in tracking information,0
Good services & Good employee's services ?,2
Already too good delivery,2
Fast service.Good behaviour.,2
I'm fully satisfied..,2
Kal,1
Not good prodect please return,0
One of the bottles was found damaged & leaking,0
Quick and efficient service always !,2
Polite behaviour of delivery personU guys r doing great job,2
So happy for your service,2
Not easy to contact. Late delivery,0
Thank you for Good Services...,2
Blue dart delivery staff is best and I appreciate your staff,2
1st I received a message that my delivery was delayed but bluedart got it on time this made my day and my disappointed turned into joy thanks a lot bluedart I'm very much happy with ur service,2
Packaging should be better,1
Have been receiving parcels from Blue Dart. Blue Dart deliveries are always,2
Excited to see the result,1
Behave nicely,1
Good service ? c,1
Hassle free deliveryGood behavior of logistic member,2
Useless service. Made name sit at home for 3 days. I had to personally go and collect my parcel. Disgusted,0
Blue dart delivery service is very fast,2
Mera comment delivery detected piece I will show the picture on product,0
Good ooooooo,2
6.9564E+11,1
Good dilevari boy Bilal patel,2
Delivery agent asked to visit the blue dart centre and collect the package.,0
Delivery boy not responsibility so late Mera residency close hai bol ke cal return Chala Gaya call bhi nhi Kiya kal aur Aaj sham ko lekar aaya to mujhe bolate ho ki niche lene ke liye Ajaaiye,0
It's absolutely a smooth interaction...I am happy,2
Ok but very late delivery and tracking must be improved?,1
Simply its great...,2
Good service and delivery Boy ??,2
it's very smooth,2
U guys can call early morning to inform us about the delivery of the same day,1
Can you send delivery person no for better experience,1
Thank U for ur efforts.,2
The delivery guy neither called nor informed that they're leaving the shipment with the security guard. He didn't even ask for OTP.,0
U r product was very cheap I don't like it and it is very low quality,0
Dilever person is so polite and kind great experience,2
Very good services.. the delivery person is really good and responsible..,2
Delivery agents behaviour was really very nice. Loved,2
Continue your good work. I? happy.,2
Good.sarvice.and.exllent.rizlut,2
Delivery was on time and behaviour is also very good,2
GoodSafe Cost effective,2
nice and great service will definitely recommend it,2
Very good response and service and the delivery bro have very good manners ?,2
Good behaviour of delivery boy. Service on time.,2
Good service and very generous person. The delivery man was soo good and friendly ??,2
Delivery made as soon as expected,2
Forfeit delivery,0
Nice sevice..,2
Thanks for the super fast delivery. It was smooth as silk. Keep it up.,2
Without call how delivery my card,0
Impressive for rules and regulation but just think about customer situation also,1
Very good services. Courier delivered at our convenience without any hassles. Very cooperative.,2
Some delay,1
The delivery man was very good,2
One day u update incomplete address & next day u deliver product on same address without any communication or update in address...what kind of fool you making to customer...,0
Order not delievered to me,0
Nice &fast dilevery,2
I hate you Jo photos me tha vo to hai nhi,0
Very helpful and cooperative staff,2
Very polite and professional staff. Keep it up!,2
The delivery man was vry polite,2
Nice Behaviour Of The Delivery Person,2
All ok. Keep it up,2
Not received however incorrect Confirmation msg received that order was delevired.,0
Parcel is delay every time,0
Fast delivery and sweet nature,2
Fastest delivery and great behaviour,2
If the courier does not find my place,1
Thanks bluedart and kotak mahindra Nice service,2
Early delivery.No comments,2
Ggfd,1
The quick delivery just works and i request please ensure this at this standard if not better.,2
Thanku Sagar sir,2
Unexpected delivery Really good ?,2
Thank you so much nice packing and very fast delivery ? thank you ?,2
Quick and Trust worthy,2
Fast delivery.. Satisfied Quick,2
I live on the second floor,1
Very good person and polite behaviour,2
Shankar murmu,1
I have been using the services of blue dart for long time now. I highly appreciate their service. Keep it up.,2
Delivery good nature for delivery executive,2
Hdhchxhx,1
Jcjvkvk,1
Veer bGood,2
Jhajshshh,1
M jvicivih,1
Speed as lightening,2
delivery partner was cooperative,2
Goodinformation,2
Awesome very gud service,2
Your company's delivery personnel are generally well-behaved and deliver on time.,2
You have a good service facility.,2
The Employees are the Face of company,2
Achual time fast delivery,2
Delivery order arrived in 15 days2 time delivery order failed,0
Delivery will take more days,0
Your nice service and very good,2
He did not try to contact me,0
At present OK.,1
Good n delivered the item in time,2
Extent dalavary,1
Delay service.,0
Proper time per and safely safe service,2
Nisc,1
Gulshan is Very hardworking employee,2
Very nice behavior of delivery person,2
Updates through sms,1
The product reached Jamshedpur on Monday but was not delivered. After two days I had to go to Blue Dart's office to receive the product.,0
Product was received in broken condition. Now we have no option rather to repair it . It's plastic handle has been broken during transit .,0
Timely service.. Person was polite and cooperative.,2
Sajan always calls to check for customer availability which a very good practice.,2
At present everything is fine including tracking and package so good for now ??,2
On time??????,1
Everything alright,2
Delivery boy is to much good,2
Delivery guy not wait for a min. How you hired this kind of person.. It's your good service.. Shipment not reached at my place,0
It was good and quick.,2
Great last mile connectivity service. Staff was very courteous,2
Good secvice by arun ji,2
Fast and reliable courier service,2
The delivery guy was very professional.,2
Continue excellence in your services & timely deliveries.,2
You could make tracking better,1
If provide perior information for delivery it will be good,1
GoodQuality,2
good job done by delivery boy,2
Wrong Qty delivered. 2 Qty was expected to be received,0
Call me I can't get any dilivery,0
Happy to have received my product ?,2
Bluedart staff called me around 11:30 and informed me that the courier has to pick up before 6pm today . Informed her will come tomorrow and collect but she said it has to collect by today itself,1
0 service,0
Everything was good Fast delivery Good behaviour of delivery agent And the only thing which I don? like is your website make it more simple or easy to access and also provide agent contact number whenever my product is out of delivery,1
Always better service asa customer 17 years of blue dart Best wishes,2
I am late for delevery pick up,0
Great service timely delivery and cooperation,2
Politely spoken behaviour.,2
He is very kind and responsible person to do this job ! Nice experience.,2
VERY HUMBLE GUY,2
Delivery service is amazing and the delivery person is very polite,2
The package was delivered in a damaged state.,0
Good tracking messages. And punctual deliveries,2
I appreciate that the product was delivered safely and on time. Thank you,2
Doing a good jobKeep it up Thanks,2
Delivery boy had a good behaviour,2
Very polite???,2
Quality & fit fat products with Best compression t shirts,2
His name was Samim Islam and he was a great guy. He called me many times and asked me to wait and I told him that I have an urgent work to do so. Please come after that particular time,1
Really so good delivery ? direct at my addres.,2
Call before one hrs plz,1
I'm happy for your services,2
By providing tracking details like phone number of any person who give complete information regarding delivery of article,1
Books pohachne me bohat time laga,0
no improvement,0
Better and tank you so much ye service bahut achhi thi,2
Thanks to the Delivery boy Ahmed for reaching my home without any calling and directly handing over the parcel. He is very good delivery agent,2
Nothing more to say. Your services are par Excellence ??,2
Blue dart in Kanchipuram has not delivered many of my packages ( cod),0
The experience is very bad with your services of blue dart,0
Super happy with the timely delivery. Parcel arrived on schedule,2
Galt saman aaya hai,0
Your delivery service want only deliver at institute gate far 2km from my residence and insist for payment online if your representative not interested to deliver at proper address then why are you accept the article,0
Share rider number also before delivery,1
Please improve your delivery agent language tone and communication skill,1
Market mill jaye isse Badi or rajva Joe,1
Not good Sigla one product,0
U r send rong size bad cloth,0
Good n fast.,2
No 1service,0
Good Behaviour of delivery man.,2
? than you very much greatness service Blue dart,2
Quality cloth size everything is bad,0
Not delivered on time ?,0
Quick and prompt response and update the status,2
Late delivery. I think my product will be change. I want return my product or return my money.,0
Material and quality is very poor,0
Size is too bad,0
Excellent Customer service and behavior,2
Nice Sufiyan,2
Very good delivery partner,2
Allover good.,2
Excellent delivery service Good behaviour,2
Company is cheater . Received 1 cargo,0
It was a pleasure shoping with your site.Everything was good till the delivery,1
Best service by amit bhadu,2
Great experiance Great Service,2
Pls keep ur delivery as fast you can,1
Very quick and smooth delivery experience,2
Very accurate service Thank you,2
Tushar who usually delivers in our area is a pleasant and efficient agent.,2
Main apna order cancel kaise karun,1
Ho Gaya deliver,1
Ok ass,1
Good Experience with Bluedart staff,2
Very fair,2
Best delivery all of my order is that,2
I like this delivery,2
Should give an option for delivery dates as we may not always be at home,1
Delivery boy not talking politely...plz instruct him...,0
Please deliver the order quickly. My order did not arrive on time so try to deliver it a little quickly.,0
Too many calls,0
Delivery timely ok,1
Delivery is slow and not as per the promised timelines,0
The address mentioned was absolutely correct yet the delivery was not made saying the pincode was incorrect even though it was correct. Had to go an hr away to pick it up myself. Even the address of the warehouse provided initially was incorrect,0
Speed understand,1
Satisfied ..happy,2
Blue Dart customer team and delivery team very graceful and energetic. Thank you,2
Your service is excellent thanks,2
Fast delivery..good behaviour,2
Your initial updation on first two days of my order was not satisfactory. After that,1
Good and corporative...,2
Parcel bahut acchi Tarah aur bahut jaldi parcel a jata hai blue Dark v.v . Good BULE DARK,2
I haven't received the package yet and it shows delivered kindly revert back soon,0
no people in home who's pickup My currier,1
The executive was really good thankyou,2
Deliver to wrong person and fraud. Bank should be blamed. I don? get my credit card. It will be misused Bank should be blamed.,0
Good delivery person. Information was in time.,2
???? ?????? ????? ?? ?????? ??? ??????? ???? ???? ?? ??? ?? ??? ?? ?? ??? ????? ???? ??? ?? ??????? ??? ????-???? ??????? ??? ?? ???? ???? ?? ???? ???? ?? ???? ??,1
Excellent work Great Person Good Nature,2
The person is humble and cooperative.,2
Delivery person was very kind and understandable person. Blue Dart should encourage and promote such delivery person. He is very punctual and polite. True to the work and Customers,2
?111,1
Helpful person and thanks a lot,2
Order very late delivered,0
The package delivered was already opened.Just like the quality of the book is also not good...looks like someone has changed the book and placed a zerox book instead of original one.,0
Presently every thing is gr8.,2
Amarsingh,1
???????? ????? ????  ????????? ???? ???? ???? ????? ???? ???? ?? ??? ?????? ????? ????? ??? ????,1
Definiety,1
Not delivered on mention address,0
Best service...Still improvement has no limit.....,2
Very knowledgeable person. Did delivery very effectively,2
Keep it Up..,2
Very good Delivery I'm impressed thank you for fast delivered my order,2
Before time delivery...great work!,2
The shipment has not delivered yet but it shows delivered. Please resolve the issue at the earliest.,0
This delivery man is good behaviour,2
Good sarvis blue dart Bilal bahi,2
Very much poor sei,0
SMS updates if provided will be an advantage,1
Nice product test 1 number,2
DELIVERY GUY IS GOOD GUY Very cooperative,2
Good delivery speed and friendly good mannered delivery person.,2
I was asked to pay tip to the blue dart delivery person,0
Not statisfied,0
Excellent time committed service.,2
Nice and fast delivery. I am happy with your service.,2
You are doing a good job,2
Jpc,1
The safest company,2
Best customer service.No deficiency observed.,2
Fast & efficient,2
Mind-blowing service...... delivery boy is so good,2
Had to collect order from courier ofc because they dint assign delivery agents. Worst service,0
Excellent staff he has to wait for 15 minutes waited patiently,2
Good service .supportive staff,2
not delivered yet and showing status as delivered,0
I? really humbled the way delivery person without hesitation climbs up to the second floor for delivery without arrogance which some people do. So thank you so much!!,2
Appreciate for service.,2
Very good service by brijesh,2
Delivery assistant behaviour good n on time delivery,2
So supportive and well behaved,2
Everything is goodAgent behaviour was good,2
Delivery agent is very humble and sincere,2
The behaviour of your delivery partner Mr Deepak Sardhana from Fatehabad Office was very disappointed. He refused to deliver the order at destination by saying company is not paying him to deliver there,0
Keep it up to provide such fantastic service and timely delivery of the stuff.,2
Good & extremely supportive staff.,2
