text,industry,sentiment,customer_intent,primary_aspect,aspect_flag,aspect_sentiment,emotion,priority,primary_aspect_name
Nice Zzzz,logistics,2,2,7,fallback_support,2,1,0,service_quality
Delivery not received and information wrongly updated,logistics,0,0,7,damage_lost,0,4,3,service_quality
Very good bihaviar and very humble Boy,logistics,2,2,7,fallback_support,2,1,0,service_quality
Dilevry boy is too much good,logistics,2,2,7,fallback_support,2,1,0,service_quality
extremely quick deliver,logistics,2,2,7,fallback_support,2,1,0,service_quality
Fuhdgggg,logistics,1,1,7,fallback_support,1,0,0,service_quality
Delivered on time but,logistics,1,1,7,fallback_support,2,0,0,service_quality
All is well but befor delivery a call or massege should be made so that customer know that delivery man is comming.9,logistics,1,1,7,support,1,0,0,service_quality
Market mill jaye isse Badi or rajva Joe,logistics,1,0,7,fallback_support,0,0,0,service_quality
Good service..Delivery on the time..,logistics,2,2,7,fallback_support,2,1,0,service_quality
Service is good 9/10 times,logistics,2,2,7,fallback_support,2,1,0,service_quality
Very good experience till date,logistics,2,2,7,fallback_support,2,1,0,service_quality
Very poor service courier boy not delivered self received in blue dart office sahadatgnj faizabad 2 days delay delivery not responce,logistics,0,0,0,delay,0,3,2,delivery_failures
Improve on prompt delivery,logistics,1,1,7,fallback_support,2,0,0,service_quality
my box was unboxed,logistics,0,0,7,fallback_support,1,0,1,service_quality
Deliver to wrong person and fraud. Bank should be blamed. I don? get my credit card. It will be misused Bank should be blamed.,logistics,0,0,1,fallback_support,0,4,3,wrong_delivery
Old item recived,logistics,0,0,7,fallback_support,1,0,1,service_quality
Delivery ? agent nature is very polite.,logistics,2,2,7,fallback_support,2,1,0,service_quality
The best court our service,logistics,2,2,7,fallback_support,2,4,3,service_quality
The delivery person was very polite and good at delivery of the item,logistics,2,2,7,fallback_support,2,1,0,service_quality
Good service with timely deliver,logistics,2,2,7,fallback_support,2,1,0,service_quality
Behaviour of the delivery guy is very bad.,logistics,0,0,7,behaviour,0,3,2,service_quality
Happy with Blue Dart Service.,logistics,2,2,7,fallback_support,2,1,0,service_quality
The delivery lady is very professional,logistics,2,2,7,fallback_support,2,1,0,service_quality
Not delivered my equipment,logistics,0,0,0,fallback_support,0,3,2,delivery_failures
Tushar who usually delivers in our area is a pleasant and efficient agent.,logistics,2,2,7,fallback_support,2,1,0,service_quality
Everything is perfect. Fast delivery. Delivery person is very polite and cooperative.,logistics,2,2,7,fallback_support,2,1,0,service_quality
Good service . Humble and polite,logistics,2,2,7,fallback_support,2,1,0,service_quality
Your delivery executive didn't contact me before returning the mail as I was in office when he attempted. Daily I was prompted for reschedule for more than 4 times without any proper delivery attempt by him. I was made to wait for more than 4 days and it was delivered today. Advise your delivery people suitably to avoid harassment to the clients,logistics,0,0,2,refund,1,4,3,agent_behaviour
Bahut badhiya service timely delivered,logistics,2,0,7,fallback_support,0,0,0,service_quality
it was very poor service as I have reviewed in packing a cup instead of multiple function charger which. I have ordered Feedback has been sent,logistics,0,0,7,pricing,0,3,2,service_quality
Delivery person very kind,logistics,2,2,7,fallback_support,2,1,0,service_quality
The package is not delivered till now. I am not sure to whom my package worth Rs.6000 was delivered.,logistics,0,0,0,fallback_support,0,3,2,delivery_failures
Return to my order please,logistics,0,0,7,refund,0,4,3,service_quality
Awesome service delivery tooFast. Polite behaviour of the delivery person.??????,logistics,2,2,7,behaviour,2,1,0,service_quality
Delivery staff is good. Speak politely and have a good knowledge of location.,logistics,2,2,7,fallback_support,2,1,0,service_quality
I have not received the package and it shows delivered,logistics,0,0,7,damage_lost,0,4,3,service_quality
Timeless delivered on time thank for delivery,logistics,2,2,7,fallback_support,2,1,0,service_quality
This is a Good person and fast delivery service,logistics,2,2,7,fallback_support,2,1,0,service_quality
Delivery partner called me and told me that he couldn't deliver my order because of some reason. However,logistics,1,1,7,support,1,0,0,service_quality
The person is humble and cooperative.,logistics,2,2,7,fallback_support,2,1,0,service_quality
I'm very happy thank you for the order,logistics,2,2,7,fallback_support,2,1,0,service_quality
Vry good service Nice Dilevery Person,logistics,2,2,7,fallback_support,2,1,0,service_quality
Already you have prooved that the service is excellent.,logistics,2,2,7,fallback_support,2,1,0,service_quality
Still I didn't receive my atm card I don't want with whom he gave my debit card,logistics,0,0,7,fallback_support,1,0,1,service_quality
Delivery boy good ? packaging good,logistics,2,2,7,fallback_support,2,1,0,service_quality
I have not received this consignment till now. Some fraud is being played by your employees or delivery personnel. I was expecting this to be delivered. I am going to lodge a police complaint against blue dart delivery tomorrow morning. It is disgusting delaying with such cheats. The status says delivered to MAHA.,logistics,0,0,0,damage_lost,0,4,3,delivery_failures
Excellent delivery .,logistics,2,2,7,fallback_support,2,1,0,service_quality
I had not received the courier,logistics,0,0,7,damage_lost,0,4,3,service_quality
On Time In full Rain,logistics,2,2,7,fallback_support,2,1,0,service_quality
Best experience with it,logistics,2,2,7,fallback_support,2,1,0,service_quality
If approx time of delivery is provided it would be better. The range should be within 2 hours.,logistics,1,1,7,fallback_support,1,0,0,service_quality
1st refuses to give doorstep deliveryFinally he did,logistics,1,1,7,fallback_support,1,0,0,service_quality
Good personal behavior and good service,logistics,2,2,7,behaviour,2,1,0,service_quality
Blue dart staff very co operative ?,logistics,2,2,7,fallback_support,2,1,0,service_quality
Delivery boy is very good and also on time Delivery,logistics,2,2,7,fallback_support,2,1,0,service_quality
Yo deliver the parcel before given time,logistics,2,2,7,fallback_support,2,1,0,service_quality
Prompness,logistics,1,1,7,fallback_support,1,0,0,service_quality
Ok milga,logistics,1,1,7,fallback_support,1,0,0,service_quality
Excellent..timely delivery all the time..Delivery boy is very good behavior..,logistics,2,2,7,behaviour,2,1,0,service_quality
Delivery was fine thank you,logistics,2,2,7,fallback_support,2,1,0,service_quality
Delivery partner was so humble and helpful. Thank you.,logistics,2,2,7,fallback_support,2,1,0,service_quality
I ordered 3 but I got 2 and both were same I would like to complain against order,logistics,0,0,7,fallback_support,1,0,1,service_quality
V.Gd,logistics,1,1,7,fallback_support,1,0,0,service_quality
Delivery was very smooth and delivery partner was very cooperative.,logistics,2,2,7,fallback_support,2,1,0,service_quality
Thnk youuu so much,logistics,2,2,7,fallback_support,2,1,0,service_quality
no improvement,logistics,0,0,7,fallback_support,1,0,1,service_quality
Share contact number of delivery person in tracking,logistics,1,1,4,tracking,1,0,1,tracking_updates
Very well behaved and polite delivery executive.,logistics,2,2,7,fallback_support,2,1,0,service_quality
Delivery time and person both are good,logistics,2,2,7,fallback_support,2,1,0,service_quality
Received wrong product and request your agent for return with written request after discussing with Mr Isaan Singh,logistics,0,0,7,refund,0,4,3,service_quality
Goooddddddddd,logistics,2,2,7,fallback_support,2,1,0,service_quality
Good service and delivers to remote areas as well.,logistics,2,2,7,fallback_support,2,1,0,service_quality
This time the deliveries were very late..there are still pending deliveries which were to be deliveries on 25th,logistics,0,0,0,delay,0,3,2,delivery_failures
Fast & efficient,logistics,2,2,7,fallback_support,2,1,0,service_quality
Gud service really satisfied,logistics,2,2,7,fallback_support,2,1,0,service_quality
Humble and sweet guy,logistics,2,2,7,fallback_support,2,1,0,service_quality
Very helpful and cooperative staff,logistics,2,2,7,fallback_support,2,1,0,service_quality
Very poor service This address is located in the same 120 feet road,logistics,0,0,7,pricing,0,3,2,service_quality
Home delivery is just awesome,logistics,2,2,7,fallback_support,2,1,0,service_quality
3 days delayed delivery I'm not satisfied this delivery,logistics,0,0,0,delay,0,3,2,delivery_failures
Not delivered within 48 hours as you claim,logistics,0,0,0,fallback_support,0,3,2,delivery_failures
While i appreciate the support of the delivery official in helping me out,logistics,2,2,7,support,2,1,0,service_quality
The delivery person was not at all ready to give me my parcel just number due to some personal reasons my otp phone number was out of service I even asked him to verify yet he made me do the recharge of my number very disappointed,logistics,0,0,7,fallback_support,1,0,1,service_quality
Best service and best delivery agent,logistics,2,2,7,fallback_support,2,1,0,service_quality
Im not received the package,logistics,0,0,7,damage_lost,0,4,3,service_quality
This is a good sensible person,logistics,2,2,7,fallback_support,2,1,0,service_quality
Company is cheater . Received 1 cargo,logistics,0,0,7,fallback_support,1,0,1,service_quality
Product delivered by very soon,logistics,2,2,7,fallback_support,2,1,0,service_quality
Thanks to deliverd service,logistics,2,2,7,fallback_support,2,1,0,service_quality
Good delivery speed and friendly good mannered delivery person.,logistics,2,2,7,fallback_support,2,1,0,service_quality
Very very very bad ..this is too much disgusting the delivery partner took money from me and didn't delivered the product still now .. disgusting..I never use blue dart service again,logistics,0,0,7,fallback_support,0,3,2,service_quality
SHOULD BE PROVIDED FAST DELIVERY.,logistics,1,1,7,fallback_support,2,0,0,service_quality
Good experience. Product delivered on time,logistics,2,2,7,fallback_support,2,1,0,service_quality
Yesterday Order was not delivered mentioning as delivery was attempted and apartment was locked/closed. But there was no phonecall and delivery was not attempted. We have taken leave and waited for that order. It is complete disappointment.,logistics,0,0,0,support,0,3,2,delivery_failures
Very bad no phone call done to and 1st day with out call attempt my package .,logistics,0,0,7,support,0,3,2,service_quality
Good delivery for sure.,logistics,2,2,7,fallback_support,2,1,0,service_quality
1)People have no courtesy 2) delivery man was upset that I did not have enough change for payment on delivery3) questioning unnecessary queries is unprofessional,logistics,0,0,2,behaviour,0,4,3,agent_behaviour
It was efficient on time delivery. No suggestions at the moment.,logistics,2,2,7,fallback_support,2,1,0,service_quality
He is very sweet and co operative staff..nice behaviour.i am Fully satisfied,logistics,2,2,7,behaviour,2,1,0,service_quality
Not delivered in first attempt,logistics,1,0,0,fallback_support,0,0,0,delivery_failures
Good affhhjjj,logistics,1,2,7,fallback_support,2,1,0,service_quality
Excellent delivery service Good behaviour,logistics,2,2,7,behaviour,2,1,0,service_quality
Some delay,logistics,1,0,0,delay,0,2,2,delivery_failures
Sari is worsted that quality is too bad that's colour is old ????,logistics,0,0,7,fallback_support,0,3,2,service_quality
Achual time lilebari best fast good,logistics,2,2,7,fallback_support,2,1,0,service_quality
Very pathetic and bad Service,logistics,0,0,7,fallback_support,0,3,2,service_quality
Overall good but delivered product before evening,logistics,2,2,7,fallback_support,2,1,0,service_quality
Best delivery person I have ever meet,logistics,2,2,7,fallback_support,2,1,0,service_quality
Very Nice Service Sohel Bhai??,logistics,2,2,7,fallback_support,2,1,0,service_quality
Great experience with blue dart. In my area your delivery agent is very good. Behaviour of your delivery agent is great,logistics,2,2,7,behaviour,2,1,0,service_quality
May be by taking less number of days for delivery Rest is fine. Thank you,logistics,1,2,7,fallback_support,2,0,0,service_quality
Always polite and with patience.,logistics,2,2,7,fallback_support,2,1,0,service_quality
Delivery partner was humble and able identify the address.,logistics,2,2,7,fallback_support,2,1,0,service_quality
If the courier does not find my place,logistics,1,1,7,fallback_support,1,0,0,service_quality
Your services are too good?,logistics,2,2,7,fallback_support,2,1,0,service_quality
Excellent awesome this delivery boy,logistics,2,2,7,fallback_support,2,1,0,service_quality
Blue dart customer services is very quickly..I am impressed for your services....,logistics,2,2,7,support,2,1,0,service_quality
Bottle was broken into pieces,logistics,0,0,5,damage_lost,0,4,3,damaged_package
Aaaaaaaaaa,logistics,1,1,7,fallback_support,1,0,0,service_quality
good service executive is polite,logistics,2,2,7,fallback_support,2,1,0,service_quality
I can?t think of anything as of now,logistics,1,1,7,fallback_support,1,0,0,service_quality
Thanks blue dart for your fast service.,logistics,2,2,7,fallback_support,2,1,0,service_quality
I have not recieved the order yet,logistics,0,0,7,fallback_support,1,0,1,service_quality
One of the worst courier experiences I?ve ever had. My package was supposed to be delivered by 23 may but it?s been delayed with no updates,logistics,0,0,0,delay,0,3,2,delivery_failures
Really very nice service?????I m so happy??Thank you??,logistics,2,2,7,fallback_support,2,1,0,service_quality
Delivery was v fast and smooth.,logistics,2,2,7,fallback_support,2,1,0,service_quality
Very good service ? very nice,logistics,2,2,7,fallback_support,2,1,0,service_quality
Bhen chod,logistics,0,0,7,fallback_support,1,0,1,service_quality
He was politely and Looks Professional,logistics,2,2,7,fallback_support,2,1,0,service_quality
Bas parcel thoda sa aur jldi krdo,logistics,1,1,7,fallback_support,1,0,0,service_quality
Very good staff and services,logistics,2,2,7,fallback_support,2,1,0,service_quality
Thank you Blue dart Express ??,logistics,2,2,7,fallback_support,2,1,0,service_quality
Parcel is delay every time,logistics,0,0,0,delay,0,3,2,delivery_failures
Very good service by the delivery personnel,logistics,2,2,7,fallback_support,2,1,0,service_quality
Time to time delivery & better cordinate with politely speak.,logistics,2,2,7,fallback_support,2,1,0,service_quality
Give expected time of delivery as well,logistics,1,1,7,fallback_support,1,0,0,service_quality
This delivery experience was good.,logistics,2,2,7,fallback_support,2,1,0,service_quality
Good service person who give dilivery are very polite,logistics,2,2,7,fallback_support,2,1,0,service_quality
Very Early delivery,logistics,2,2,7,fallback_support,2,1,0,service_quality
best service blue dart is always best,logistics,2,2,7,fallback_support,2,1,0,service_quality
Please do call few more times the customer and share the delivery person number to customer so that even if call is missed they can call back and co ordinate properly,logistics,1,1,7,support,1,0,0,service_quality
Staff had very good communication skills and smooth delivery,logistics,2,2,7,fallback_support,2,1,0,service_quality
Blue dart courier man called me and said sir I was trying to reach you but you didn?t pick my call he was laying directly without  shaming he didn?t deliver the parcel and said you can come to office and pick up. Moreover,logistics,0,0,7,support,1,0,1,service_quality
Very slow delivery after 9 days and colours has been changed in shoeh,logistics,0,0,7,fallback_support,0,3,2,service_quality
Sakinak to santacruz. Delivery in 48 hours Thats the blue dart service,logistics,2,2,7,fallback_support,2,1,0,service_quality
Like present,logistics,1,1,7,fallback_support,1,0,0,service_quality
Consignment received . No complaints.,logistics,2,2,4,tracking,0,3,2,tracking_updates
Very good service. The delivery partner was friendly and responsible. Thankyou,logistics,2,2,7,fallback_support,2,1,0,service_quality
Good delivery guy dhaval darbar,logistics,2,2,7,fallback_support,2,1,0,service_quality
T shirt material was superb,logistics,2,2,7,fallback_support,2,1,0,service_quality
The checkbook I haven't received,logistics,0,0,7,fallback_support,1,0,1,service_quality
good fix,logistics,1,2,7,fallback_support,2,1,0,service_quality
I observed that your service is better.?,logistics,2,2,7,fallback_support,2,1,0,service_quality
Blue dart gorakhpur chapiya office ?????? ?? ??? ????? ???? ??? ?? ??? ??? ???? ????,logistics,1,1,7,fallback_support,1,0,0,service_quality
Best book for class 10,logistics,1,1,7,fallback_support,1,0,0,service_quality
From last many orders,logistics,1,1,7,fallback_support,1,0,0,service_quality
I am happy after seeing my parcel and the delivery staff is also very understanding,logistics,2,2,7,fallback_support,2,1,0,service_quality
On time and super fast delivery,logistics,2,2,7,fallback_support,2,1,0,service_quality
Product quality is so poor j want refund,logistics,0,0,7,refund,0,4,3,service_quality
Dedicated and passionate.,logistics,2,2,7,fallback_support,2,1,0,service_quality
Great Service Like Always. Will definitlely use BlueDart in future as well.,logistics,2,2,7,fallback_support,2,1,0,service_quality
Great job by the delivery agent,logistics,2,2,7,fallback_support,2,1,0,service_quality
Delivery was on time nd delivery man  was nice,logistics,2,2,7,fallback_support,2,1,0,service_quality
Well I got my product with care,logistics,2,2,7,fallback_support,2,1,0,service_quality
All good but most important delivery person behaviour is very nice,logistics,2,2,7,behaviour,2,1,0,service_quality
Best customer service by delivery partner ?,logistics,2,2,7,support,2,1,0,service_quality
Very vaey good  I am very happy,logistics,2,2,7,fallback_support,2,1,0,service_quality
Reached safe my courier good deliveryMan and blue dart,logistics,2,2,7,fallback_support,2,1,0,service_quality
Excellent work Great Person Good Nature,logistics,2,2,7,fallback_support,2,1,0,service_quality
Product box is small broken but it's delivery boy is excellent and he talk friendly and product packaging type is nice,logistics,1,2,5,damage_lost,0,1,0,damaged_package
Cover is breaked,logistics,0,0,7,fallback_support,1,0,1,service_quality
Delivery is smooth and packing is also very good. It took some time to reach me because the item is coming from kerla. Otherwise everything is good.,logistics,2,2,7,fallback_support,2,1,0,service_quality
Quick and efficient service always !,logistics,2,2,7,fallback_support,2,1,0,service_quality
Good behaviour of delvry guy,logistics,2,2,7,behaviour,2,1,0,service_quality
Satisfied with your present service,logistics,2,2,7,fallback_support,2,1,0,service_quality
Excellent customer service support,logistics,2,2,7,support,2,1,0,service_quality
All good there is no problem,logistics,2,0,7,fallback_support,0,1,0,service_quality
Impressive for rules and regulation but just think about customer situation also,logistics,1,1,7,fallback_support,1,0,0,service_quality
Nice Delivery of the curiour,logistics,2,2,7,fallback_support,2,1,0,service_quality
Before Delivery Show Contact Details OfDelivery Boy.,logistics,1,1,7,support,1,0,0,service_quality
Scam produuxt,logistics,0,0,7,fallback_support,1,4,3,service_quality
fast delivered ?,logistics,2,2,7,fallback_support,2,1,0,service_quality
Blue dart delivery is a very good deliverd app,logistics,2,2,7,fallback_support,2,1,0,service_quality
Fine and quick service,logistics,2,2,7,fallback_support,2,1,0,service_quality
Not received but wrongly got message as delivered,logistics,0,0,7,damage_lost,0,4,3,service_quality
Delivery staff is very helpful ? ? ?,logistics,2,2,7,fallback_support,2,1,0,service_quality
Products is change,logistics,0,0,7,fallback_support,1,0,1,service_quality
Very bad experience with delivery. Give fake reason about delevery,logistics,0,0,7,fallback_support,0,3,2,service_quality
Excellent Service and on time.,logistics,2,2,7,fallback_support,2,1,0,service_quality
Fast dilivery and polite attitude,logistics,2,2,7,fallback_support,2,1,0,service_quality
The quick delivery just works and i request please ensure this at this standard if not better.,logistics,2,2,7,fallback_support,2,1,0,service_quality
Delivery speed and service is up to the mark.,logistics,2,2,7,fallback_support,2,1,0,service_quality
I am satisfied with ur order,logistics,2,2,7,fallback_support,2,1,0,service_quality
Proper update through msg,logistics,2,2,7,fallback_support,2,1,0,service_quality
Best Experience Really Impressed With His Communication SkillAnd Polite Greeting after handing over my parcel safely to my brother im my absence,logistics,2,2,7,fallback_support,2,1,0,service_quality
Great job Akshay nice work exlent working in the day ????,logistics,2,2,7,fallback_support,2,1,0,service_quality
Thank you Titan ? Fast delivery,logistics,2,2,7,fallback_support,2,1,0,service_quality
Sajan always calls to check for customer availability which a very good practice.,logistics,2,2,7,support,2,1,0,service_quality
Get verified on Truecaller,logistics,1,1,7,support,1,0,0,service_quality
Very good and well behavior of delivery boy.Too fast delivery.,logistics,2,2,7,behaviour,2,1,0,service_quality
Your service is fast and good but product is different received,logistics,1,2,7,fallback_support,2,1,0,service_quality
My sirname in your message is spelt incorrectly as Dodderi!! Why?,logistics,1,1,7,fallback_support,0,0,0,service_quality
Sarvice bhahut badhiya hai aap logo ki,logistics,2,0,7,fallback_support,0,0,0,service_quality
I want to return tha parcel it is wrong parcel I have received,logistics,0,0,7,refund,0,4,3,service_quality
I got on time.3,logistics,2,2,7,fallback_support,2,1,0,service_quality
Delivery boy did his best.He is honest to his job.,logistics,2,2,7,fallback_support,2,1,0,service_quality
Damaged box and product.,logistics,0,0,5,damage_lost,0,4,3,damaged_package
Employee s behaviour is good and cash and online both payment facility available,logistics,2,2,7,behaviour,2,1,0,service_quality
Great service. Very polite behavior.Delivery person knew the route very well. I didn't have to struggle to explain the location. Thank you:),logistics,2,2,7,behaviour,2,1,0,service_quality
The order was delayed but the delivery boy partner behaviour is very good and the product is in very good condition. I like the product and service,logistics,2,0,0,delay,0,1,0,delivery_failures
Good nd kind,logistics,2,2,7,fallback_support,2,1,0,service_quality
Its very timely and professional,logistics,2,2,7,fallback_support,2,1,0,service_quality
Wrong supply  material,logistics,0,0,7,fallback_support,0,3,2,service_quality
not delivered yet and showing status as delivered,logistics,0,0,0,delay,0,3,2,delivery_failures
Books pohachne me bohat time laga,logistics,0,0,7,fallback_support,1,0,1,service_quality
Delivery by 6 pm preferably,logistics,1,1,7,fallback_support,1,0,0,service_quality
Greatest service ever?,logistics,2,2,7,fallback_support,2,1,0,service_quality
minimal calls,logistics,1,1,7,support,1,0,0,service_quality
V good . Kudos.,logistics,2,2,7,fallback_support,2,1,0,service_quality
Recruit good staff like the person who was delivering my consignment - He provided service with a smile. Mr Vinod is definitely an asset to your organisation,logistics,2,2,4,tracking,1,1,0,tracking_updates
Your Delivery partner is so humble.,logistics,2,2,7,fallback_support,2,1,0,service_quality
The product reached Jamshedpur on Monday but was not delivered. After two days I had to go to Blue Dart's office to receive the product.,logistics,0,0,0,fallback_support,0,3,2,delivery_failures
no pasand,logistics,0,0,7,fallback_support,1,0,1,service_quality
Please replace my order,logistics,0,0,7,fallback_support,1,0,1,service_quality
Didn't call me once the order reached final delivery station,logistics,0,0,7,support,1,0,1,service_quality
vvery good ?,logistics,2,2,7,fallback_support,2,1,0,service_quality
I am very happy in this service good service ??,logistics,2,2,7,fallback_support,2,1,0,service_quality
Delivery on time. Delivery partner very polite and respectful. Followed protocol.,logistics,2,2,7,fallback_support,2,1,0,service_quality
excutive is not respect the customer,logistics,0,0,7,fallback_support,1,0,1,service_quality
Ex lent,logistics,2,2,7,fallback_support,2,1,0,service_quality
Delevery man was very polite,logistics,2,2,7,fallback_support,2,1,0,service_quality
No workout,logistics,1,1,7,fallback_support,1,0,0,service_quality
Very worst delivery service not once but many times I was promised to get this parcel around evening but the delivery guy came around 9:10pm which is outside the delivery time this is not at all acceptable and the toll free number also doesn?t work to raise an issue I am very much disappointed and I wouldn?t recommend choosing blue dart at all,logistics,0,0,7,fallback_support,0,3,2,service_quality
Worst staff behavior. He was rude enough to have a fight with my father. If possible,logistics,0,0,2,behaviour,0,3,2,agent_behaviour
Delivery was prompt. Delivery person was quite polite.,logistics,2,2,7,fallback_support,2,1,0,service_quality
On time delivery. Thank you so much.,logistics,2,2,7,fallback_support,2,1,0,service_quality
Cheated with order and please reyurn,logistics,0,0,7,fallback_support,1,4,3,service_quality
Send messages of delivery in real time pls but delivery boy ws good,logistics,1,2,7,fallback_support,2,1,0,service_quality
H ke,logistics,1,1,7,fallback_support,1,0,0,service_quality
He give me wrong order I have ordered wrist watch he give me coffee cup,logistics,0,0,7,pricing,0,3,2,service_quality
I was not expecting it 3 days earlier but thanks for the delivery,logistics,2,2,7,fallback_support,2,1,0,service_quality
Good on time fast,logistics,2,2,7,fallback_support,2,1,0,service_quality
Totally disappointed after 4 days delivered to the 3 km distance of my address,logistics,0,0,7,fallback_support,1,0,1,service_quality
Two shirts ordered but delivered only one,logistics,0,0,7,fallback_support,1,0,1,service_quality
Excellent Service by the Executive. Thankyou so much!,logistics,2,2,7,fallback_support,2,1,0,service_quality
? than you very much greatness service Blue dart,logistics,2,2,7,fallback_support,2,1,0,service_quality
Super fast Delivery boy,logistics,2,2,7,fallback_support,2,1,0,service_quality
Wrong order placed at my place,logistics,0,0,7,fallback_support,0,3,2,service_quality
Good behaviour of your delivery partner,logistics,2,2,7,behaviour,2,1,0,service_quality
The delivery guy was very polite and speedy in delivering the product. I really appreciated the promptness and courteous attitude,logistics,2,2,7,fallback_support,2,4,3,service_quality
The product is not sealed at all and completely damaged product is received.,logistics,0,0,5,damage_lost,0,4,3,damaged_package
Its good no need to serve better.,logistics,2,2,7,fallback_support,2,1,0,service_quality
Very good day for me,logistics,2,2,7,fallback_support,2,1,0,service_quality
The delivery executive has visited multiple times and by now he knows everyone at my house but still he double checks before delivering. Either he strictly follows SOP or something else,logistics,1,1,7,fallback_support,1,0,0,service_quality
Share rider number also before delivery,logistics,1,1,7,fallback_support,1,0,0,service_quality
Mohd Azad delivered the order very quickly to the address. Thank you!,logistics,2,2,7,fallback_support,2,1,0,service_quality
He was on time and exactly called from front of my house Thank you,logistics,2,2,7,support,2,1,0,service_quality
Nice person supporting Man,logistics,2,2,7,support,2,1,0,service_quality
Package is not received and showing delivered. Pls double check and arrange to get the package delivered,logistics,0,0,7,damage_lost,0,4,3,service_quality
It's already the best.We can't 'better' the best.,logistics,2,2,7,fallback_support,2,1,0,service_quality
My parcel even being in Blue dart office Imphal,logistics,0,0,7,fallback_support,1,0,1,service_quality
Dghjm,logistics,1,1,7,fallback_support,1,0,0,service_quality
did not receive the parcel,logistics,0,0,7,damage_lost,0,4,3,service_quality
Miss match delivered by,logistics,0,0,7,fallback_support,1,0,1,service_quality
Good v good v good,logistics,2,2,7,fallback_support,2,1,0,service_quality
Not specified for Delivery Status.,logistics,1,1,7,fallback_support,1,0,0,service_quality
dilivery good on the time,logistics,2,2,7,fallback_support,2,1,0,service_quality
Trustworthy ???,logistics,1,1,7,fallback_support,1,0,0,service_quality
Not knowing who sheela is and have not even received a call from them that they are delivering to third person,logistics,0,0,7,support,1,0,1,service_quality
Ghjhg,logistics,1,1,7,fallback_support,1,0,0,service_quality
Delay delay,logistics,0,0,0,delay,0,3,2,delivery_failures
The delivere boy was awsom,logistics,2,2,7,fallback_support,2,1,0,service_quality
WASTE ITEM,logistics,0,0,7,fallback_support,1,0,1,service_quality
Delivery agents behaviour was really very nice. Loved,logistics,2,2,7,behaviour,2,1,0,service_quality
I have not received a call to pick up the delivery,logistics,0,0,7,damage_lost,0,4,3,service_quality
I received before the time. Thank you blue dart.,logistics,2,2,7,fallback_support,2,1,0,service_quality
Super super ? parcel sarvice,logistics,2,2,7,fallback_support,2,1,0,service_quality
The delivery person didn?t come to my house and instead asked me to come to a spot a little away,logistics,0,0,7,fallback_support,1,0,1,service_quality
as expected.,logistics,2,2,7,fallback_support,2,1,0,service_quality
Vioco,logistics,1,1,7,fallback_support,1,0,0,service_quality
Even in heavy rain,logistics,2,2,7,fallback_support,2,1,0,service_quality
When product arrived immediately handover to customer and don't delayed.,logistics,1,0,0,delay,0,2,2,delivery_failures
Kind n helping,logistics,2,2,7,fallback_support,2,1,0,service_quality
Didn't face any problem,logistics,2,0,7,fallback_support,0,0,0,service_quality
I am happy with the service and delivered products with care.,logistics,2,2,7,fallback_support,2,1,0,service_quality
Service was  very good. Very  polite. No issues. Thanks.,logistics,2,0,7,fallback_support,0,1,0,service_quality
Try to deliver in day time.,logistics,1,1,7,fallback_support,1,0,0,service_quality
No scoop is included in the box,logistics,0,0,7,fallback_support,1,0,1,service_quality
As it is okay,logistics,1,1,7,fallback_support,1,0,0,service_quality
The delivery boys is very polite and we'll mannered..Also thanks to bluedart. Delivery on time,logistics,2,2,7,fallback_support,2,1,0,service_quality
Good? services,logistics,2,2,7,fallback_support,2,1,0,service_quality
The thing that is not written comes out from within,logistics,1,1,7,fallback_support,1,0,0,service_quality
Very good for responding,logistics,2,2,7,fallback_support,2,1,0,service_quality
Most irresponsible courier service on earth. You postpone delivery and pass on the issue as unable or unavailable to deliver message. This happens everytime.,logistics,0,0,7,fallback_support,0,3,2,service_quality
Ek hi no. Service,logistics,2,2,7,fallback_support,2,1,0,service_quality
I didn?t got my product there is only covers in that parcel plz return it and refund me,logistics,0,0,7,refund,0,4,3,service_quality
Very cordial service.,logistics,2,2,7,fallback_support,2,1,0,service_quality
The delivery boy is very bad not delivered my product at my location he call me and saying come at nagaur and take your product if you not come i will return your product taking like a foolish he is very very bad person his name h ajay singh ???,logistics,0,0,0,refund,0,4,3,delivery_failures
??? ?? ???? ????? ????? ?? ?????? ???? ????? ?? ?? ????? ???? ?? ?? ?? ?? ?? ????,logistics,0,0,7,fallback_support,1,0,1,service_quality
For medicine packages,logistics,1,1,7,fallback_support,1,0,0,service_quality
Ashok Gurmukhani,logistics,1,1,7,fallback_support,1,0,0,service_quality
Excellent Service Well Done,logistics,2,2,7,fallback_support,2,1,0,service_quality
Nothing Just be polite and deliver as per customer requirement.,logistics,1,1,7,fallback_support,2,0,0,service_quality
The person is very pious and well mannered,logistics,2,2,7,fallback_support,2,1,0,service_quality
Good costumer service,logistics,2,2,7,fallback_support,2,1,0,service_quality
Your Delivery Personnel delivered the packet in time. Thanks for the timely delivery.,logistics,2,2,7,fallback_support,2,1,0,service_quality
We had to go and collect it ourslef,logistics,0,0,7,fallback_support,1,0,1,service_quality
Good response by Delivery boy timely Delivery,logistics,2,2,7,fallback_support,2,1,0,service_quality
Very bad service ordered date of product is 5 may and received today on 28 may pathetic service,logistics,0,0,7,fallback_support,0,3,2,service_quality
Worst service ever..delivery person was very rude... worst worst worst delivery ever ...even i was saying the whole address he was just wasting my time ...what else needed if some one is saying the house number and gali no ...worst delivery boy ..he was standing infront of house mo 77 but he was not getting house no 76..i told he to ask anyone and he rudely disconnected the call..i was trying to contact but he was even disconnectiong the call..please remove such person..worst experience ever...,logistics,0,0,2,behaviour,0,3,2,agent_behaviour
Quick and sturdy,logistics,2,2,7,fallback_support,2,1,0,service_quality
Please try to give an option for the coustomer to take the delivery during his working hours or in the college timings,logistics,1,1,7,fallback_support,1,0,0,service_quality
It's better at the moment,logistics,1,1,7,fallback_support,1,0,0,service_quality
Delivery time slot option should be given to the customer.,logistics,1,1,7,fallback_support,1,0,0,service_quality
Delivery was done within time and the service provider was very polite.,logistics,2,2,7,fallback_support,2,1,0,service_quality
Delevery agent refused to deliver it to door step,logistics,0,0,7,fallback_support,1,0,1,service_quality
Delivery boy impression was good and polite,logistics,2,2,7,fallback_support,2,1,0,service_quality
Courteous staff and timely delivery. Nothing better than Blue Dart in Inter City Delivery,logistics,2,2,7,fallback_support,2,4,3,service_quality
Was happy that the delivery staff checked id proof while handing over the document,logistics,2,2,7,fallback_support,2,1,0,service_quality
Your logistics services are very good...will definitely recommend  to my friends and family ???,logistics,2,2,7,fallback_support,2,1,0,service_quality
It is awesome... i would like to shopping more from this brand...?,logistics,2,2,7,fallback_support,2,1,0,service_quality
Fast delivery..good behaviour,logistics,2,2,7,behaviour,2,1,0,service_quality
I got scammed by the seller,logistics,0,0,7,fallback_support,1,4,3,service_quality
Good service. Behaviour of the delivery executive was very good.,logistics,2,2,7,behaviour,2,1,0,service_quality
Very good ? s,logistics,2,2,7,fallback_support,2,1,0,service_quality
Blue Dart Delivery is fast and it's very comfortable with shipment ?,logistics,2,2,7,fallback_support,2,1,0,service_quality
Good and friendly service.,logistics,2,2,7,fallback_support,2,1,0,service_quality
My order doesn't delivered to me and blue cart Showed us that our order is delivered,logistics,0,0,7,fallback_support,1,0,1,service_quality
Very cool timely delivery. Courteous delivery person.,logistics,2,2,7,fallback_support,2,4,3,service_quality
Service is hopeless due not sincere in time,logistics,0,0,7,fallback_support,1,0,1,service_quality
All is ?????,logistics,1,1,7,fallback_support,1,0,0,service_quality
Extremely efficient,logistics,2,2,7,fallback_support,2,1,0,service_quality
Excellent so fart di,logistics,2,2,7,fallback_support,2,1,0,service_quality
Allover good.,logistics,2,2,7,fallback_support,2,1,0,service_quality
We are happy with delivery boy,logistics,2,2,7,fallback_support,2,1,0,service_quality
DELIVERED ON TIME,logistics,2,2,7,fallback_support,2,1,0,service_quality
Services are too good,logistics,2,2,7,fallback_support,2,1,0,service_quality
Tracking could be better,logistics,1,1,4,tracking,1,0,1,tracking_updates
In rainy season delivery man should not concern about the rain water.,logistics,1,1,7,fallback_support,1,2,1,service_quality
Super and great ? service,logistics,2,2,7,fallback_support,2,1,0,service_quality
Delivery boy not talking politely...plz instruct him...,logistics,0,0,7,fallback_support,2,0,1,service_quality
Late dilevery 24th ko parcel receive hona tha 27th ko aaya hai woh bhi jab castomer care ko call ki hai isliye.,logistics,0,0,0,delay,0,3,2,delivery_failures
Thanks for you Dilevery,logistics,2,2,7,fallback_support,2,1,0,service_quality
The package is not delivered to the address I personally have to go to the office to receive it.,logistics,0,0,0,fallback_support,0,3,2,delivery_failures
Kotak Mahindra mein liye bahut achcha hai,logistics,2,2,7,fallback_support,2,1,0,service_quality
I am very happy.Delivery is wonderful.,logistics,2,2,7,fallback_support,2,1,0,service_quality
The delivery executive was good and courteous.,logistics,2,2,7,fallback_support,2,4,3,service_quality
I am delivered a parcel with rocks,logistics,0,0,7,fallback_support,1,0,1,service_quality
The delivery I got was in good condition I got delivery on,logistics,2,2,7,fallback_support,2,1,0,service_quality
Parcel found empty. Request to hold payment.,logistics,0,0,7,fallback_support,1,0,1,service_quality
Maine Jo Saman mangaya tha vah yah Mera nahin Hai yah wala Saman mere ko refund karna hai mujhe dusra chahie Varna Mera Paisa wapas karo,logistics,0,0,7,refund,0,4,3,service_quality
The service was okay as the person who call was rude.The way he was talking was not good...PLEASE ASK HIM TO ENHANCE HIS COMMUNICATION SKILL AND BE KIND.,logistics,0,0,2,behaviour,0,3,2,agent_behaviour
Delivery was very fast and convenient. Delivery boy Mr. Surendra singh was very helpful. Thank you for your service,logistics,2,2,7,fallback_support,2,1,0,service_quality
Prompt Service as per message,logistics,2,2,7,fallback_support,2,1,0,service_quality
TAT should be improved. Item delivered after complaint.,logistics,1,1,7,support,0,3,2,service_quality
YOUR SERVICE IS VERY EXCELLENT.NO WORDS SAYING ANYTHING FOR YOUR SERVICE.YOUR TEAM ONE OF THE BEST TEAM.I M PROUD OF YOU AND YOUR SERVICE.THANKS JAY HIND,logistics,2,2,7,fallback_support,2,1,0,service_quality
You are good ..,logistics,2,2,7,fallback_support,2,1,0,service_quality
Delivery person was very kind and understandable person. Blue Dart should encourage and promote such delivery person. He is very punctual and polite. True to the work and Customers,logistics,2,2,7,fallback_support,2,1,0,service_quality
Servic no,logistics,1,1,7,fallback_support,1,0,0,service_quality
Not received any shipment at my address,logistics,0,0,7,damage_lost,0,4,3,service_quality
Time should be maintained,logistics,1,1,7,fallback_support,1,0,0,service_quality
Ahmed khan,logistics,1,1,7,fallback_support,1,0,0,service_quality
I received one of the best online service .Thanks to blue dart,logistics,2,2,7,fallback_support,2,1,0,service_quality
Love the service !,logistics,2,2,7,fallback_support,2,1,0,service_quality
Good service Akshay nice work exlent working with blue dart,logistics,2,2,7,fallback_support,2,1,0,service_quality
Very good service chaubey excellent,logistics,2,2,7,fallback_support,2,1,0,service_quality
delivery person?s behaviour very helpful,logistics,2,2,7,behaviour,2,1,0,service_quality
Very bad service in my area.This is my pin code 788722,logistics,0,0,7,fallback_support,0,3,2,service_quality
I didn't receive the parcels,logistics,0,0,7,fallback_support,1,0,1,service_quality
Parcel delivered two days after the delivery date,logistics,0,0,7,fallback_support,1,0,1,service_quality
Had a great delivery experience,logistics,2,2,7,fallback_support,2,1,0,service_quality
"The delivery boy kept the parcel with him for 2 days and updated the status at 9 pm on both the days that ""Attempted delivery but consignee was not available""",logistics,0,0,7,fallback_support,1,0,1,service_quality
I don't receive one item,logistics,0,0,7,fallback_support,1,0,1,service_quality
Delivery person's behavior was so nice,logistics,2,2,7,behaviour,2,1,0,service_quality
Ishsuhsisgsigeishsush sjeb issbne,logistics,1,1,7,fallback_support,1,0,0,service_quality
Nothing to improve all fine delivery service,logistics,2,2,7,fallback_support,2,1,0,service_quality
Djdjsj,logistics,1,1,7,fallback_support,1,0,0,service_quality
Nice ? prodect,logistics,2,2,7,fallback_support,2,1,0,service_quality
Not delivered do far,logistics,0,0,0,fallback_support,0,3,2,delivery_failures
We need exchange,logistics,0,0,7,refund,0,4,3,service_quality
He didn? even ask for otp n also did my signature on his own. When I asked for it he said it? not required,logistics,0,0,7,fallback_support,1,0,1,service_quality
Staff Is good but quality is shit,logistics,0,0,7,fallback_support,2,1,1,service_quality
It is good already.,logistics,2,2,7,fallback_support,2,1,0,service_quality
Great service by Rajiv Yadav,logistics,2,2,7,fallback_support,2,1,0,service_quality
Received an item late than promised date of delivery,logistics,0,0,0,delay,0,3,2,delivery_failures
Rahj,logistics,1,1,7,fallback_support,1,0,0,service_quality
Always worst,logistics,0,0,7,fallback_support,0,3,2,service_quality
U send a wrong product and worst product to me please take a return this product,logistics,0,0,7,refund,0,4,3,service_quality
Nice service. Keep in the same spirit,logistics,2,2,7,fallback_support,2,1,0,service_quality
Service is quite good.  Keep it up!Ss,logistics,2,2,7,fallback_support,2,1,0,service_quality
Your delivery team seems to be the best,logistics,2,2,7,fallback_support,2,1,0,service_quality
Good behaviour and prompt delivery,logistics,2,2,7,behaviour,2,1,0,service_quality
Activeness is the biggest key for success,logistics,1,1,7,fallback_support,1,0,0,service_quality
Good and keep the same good service to the customers,logistics,2,2,7,fallback_support,2,1,0,service_quality
Blue Dart is always best..keep it up ?,logistics,2,2,7,fallback_support,2,1,0,service_quality
Good delivery man And my product condition also good in condition,logistics,2,2,7,fallback_support,2,1,0,service_quality
Yadav bhai ache the itti barish me hlbhi wo parcel ghar tak deliver karne gaye TYSM.,logistics,2,2,7,fallback_support,2,1,0,service_quality
Contact of the delivery person,logistics,1,1,7,support,1,0,0,service_quality
Good person Timely delivery,logistics,2,2,7,fallback_support,2,1,0,service_quality
Not delivered  two daysI went and collect,logistics,0,0,0,fallback_support,0,3,2,delivery_failures
Rude delivery partner. Did not give home delivery instead called to pick outdoors,logistics,0,0,2,behaviour,0,3,2,agent_behaviour
I have to collect my parcel from blue dart office,logistics,0,0,7,fallback_support,1,0,1,service_quality
fast  and polite,logistics,2,2,7,fallback_support,2,1,0,service_quality
Good courier service blue dart,logistics,2,2,7,fallback_support,2,1,0,service_quality
Good Experience and delivery was fast.,logistics,2,2,7,fallback_support,2,1,0,service_quality
Good Men ?,logistics,2,2,7,fallback_support,2,1,0,service_quality
Excellent ? job good,logistics,2,2,7,fallback_support,2,1,0,service_quality
Best service. Nothing to improve upon.,logistics,2,2,7,fallback_support,2,1,0,service_quality
Timely delivered my order thanx to blue dart and courier boy,logistics,2,2,7,fallback_support,2,1,0,service_quality
The box was severely damaged and out of shape. Some of the contents inside the box were also damaged but they are in usable condition. Did not expect this kind of package handling from Blue Dart.,logistics,0,0,5,damage_lost,0,4,3,damaged_package
Nice guy .,logistics,2,2,7,fallback_support,2,1,0,service_quality
Goood service tq,logistics,2,2,7,fallback_support,2,1,0,service_quality
1 day delivery from Mumbai,logistics,2,2,7,fallback_support,2,1,0,service_quality
Jaisa expact ki waisa bilkul bhi nhi h,logistics,0,0,7,fallback_support,1,0,1,service_quality
Gwh,logistics,1,1,7,fallback_support,1,0,0,service_quality
Already too good delivery,logistics,2,2,7,fallback_support,2,1,0,service_quality
Delivery was in time and with good manner,logistics,2,2,7,fallback_support,2,1,0,service_quality
Very nice bheviour and good man,logistics,2,2,7,fallback_support,2,1,0,service_quality
An excellent services,logistics,2,2,7,fallback_support,2,1,0,service_quality
How can we return our product,logistics,1,1,7,refund,1,0,0,service_quality
Very Nice delivered,logistics,2,2,7,fallback_support,2,1,0,service_quality
Kudos to BlueDart_ for their outstanding service!My parcel was delivered on time,logistics,2,2,7,fallback_support,2,1,0,service_quality
The delivery staff was very friendly and he helped us very much,logistics,2,2,7,fallback_support,2,1,0,service_quality
Polite talk and timely delivery,logistics,2,2,7,fallback_support,2,1,0,service_quality
??? late service late 15days late,logistics,0,0,0,delay,0,3,2,delivery_failures
My parcel reached your delhi hub but  date 28 he didn't reach my location. And your Best delivery partner said I don't receive the call. Very liars my special one b'day Nikal gya ? apke delivery partner ki Vajah se. And kal bhi mei apna parcel self jakar lekar aya hu apke hub se... Blue dart your delivery experience is -10Thank you Very much,logistics,0,0,7,support,2,0,1,service_quality
verry Good services,logistics,2,2,7,fallback_support,2,1,0,service_quality
Could have been a day earlier. But Alas the weather!,logistics,1,1,7,fallback_support,1,0,0,service_quality
I didn't recieved this order as i was out of town. And no one on my behalf recieved this order. It was supposed to be returned but it was forcibly delivered somewhere which i also don't know.,logistics,0,0,7,refund,0,4,3,service_quality
I want  refund I don't want this item it changed,logistics,0,0,7,refund,0,4,3,service_quality
Quick delivery and it's absolutely good ?,logistics,2,2,7,fallback_support,2,1,0,service_quality
Not delivered on time delay more then 3days,logistics,0,0,0,delay,0,3,2,delivery_failures
Thank you this it was good,logistics,2,2,7,fallback_support,2,1,0,service_quality
He is professional and very polite. Wish him success in work space.,logistics,2,2,7,fallback_support,2,1,0,service_quality
Keep up the good work by delivering shipments before or during the due time.,logistics,2,2,7,fallback_support,2,1,0,service_quality
Best service best currier patner,logistics,2,2,7,fallback_support,2,1,0,service_quality
I received message of delivery but actually there was no parcel courier received by us. Please call immediately on my mobile number 9820131216.,logistics,0,0,7,support,1,0,1,service_quality
Shipment mot delivered,logistics,0,0,7,fallback_support,1,0,1,service_quality
Time period of arrival would be of great help,logistics,1,2,7,fallback_support,2,1,0,service_quality
Excellent service and politely behavior,logistics,2,2,7,behaviour,2,1,0,service_quality
Hh ki igi,logistics,1,1,7,fallback_support,1,0,0,service_quality
delivered on time and good delivery experience,logistics,2,2,7,fallback_support,2,1,0,service_quality
A contact number of the delivery agent or a call before starting from the warehouse,logistics,1,1,7,support,1,0,0,service_quality
Please improve on line tracking system and delivery lead time .,logistics,1,1,4,tracking,1,0,1,tracking_updates
???? ????? ?????? ?? ?????? ?? ????? ???? ?? ??? ???,logistics,1,1,7,fallback_support,1,0,0,service_quality
Hshshej,logistics,1,1,7,fallback_support,1,0,0,service_quality
It's was all fine on the time of delivery,logistics,2,2,7,fallback_support,2,1,0,service_quality
It was fine .,logistics,1,1,7,fallback_support,1,0,0,service_quality
Wrong item is delivered to me. Mt product is missing,logistics,0,0,7,fallback_support,0,3,2,service_quality
gentle man deliver me courier,logistics,2,2,7,fallback_support,2,1,0,service_quality
Delivery person is very good & polite.,logistics,2,2,7,fallback_support,2,1,0,service_quality
Delevery man says rudely,logistics,0,0,2,behaviour,0,3,2,agent_behaviour
Great courier delivery,logistics,2,2,7,fallback_support,2,1,0,service_quality
If approximate time period is given,logistics,1,1,7,fallback_support,1,0,0,service_quality
Very very very very very good,logistics,2,2,7,fallback_support,2,1,0,service_quality
Verry good sirvice ??????,logistics,2,2,7,fallback_support,2,1,0,service_quality
Very good service and delivered very early then expected,logistics,2,2,7,fallback_support,2,1,0,service_quality
Nice management,logistics,2,2,7,fallback_support,2,1,0,service_quality
Today fake product want return,logistics,0,0,7,refund,0,4,3,service_quality
We always recommend to everyone for your services and it's excellent ??,logistics,2,2,7,fallback_support,2,1,0,service_quality
I like you service good quality and satisfied your the best ? Thanks,logistics,2,2,7,fallback_support,2,1,0,service_quality
It was nice delivery experience with blue Dart,logistics,2,2,7,fallback_support,2,1,0,service_quality
Unsafe delivery without OTP validation on prepaid item.,logistics,0,0,7,fallback_support,1,0,1,service_quality
You great ?,logistics,2,2,7,fallback_support,2,1,0,service_quality
Completely defferent product mere sath scam ho gaya,logistics,0,0,7,fallback_support,1,4,3,service_quality
Please keep it up this good work.,logistics,2,2,7,fallback_support,2,1,0,service_quality
Original product nhi ha jo dikhaya tha 100wale lower ha,logistics,0,0,7,fallback_support,1,0,1,service_quality
I have not received it!,logistics,0,0,7,damage_lost,0,4,3,service_quality
Over let the product,logistics,1,1,7,fallback_support,1,0,0,service_quality
It was easy to get my parcel,logistics,2,2,7,fallback_support,2,1,0,service_quality
Delivery executive was so polite. Services are awesome.,logistics,2,2,7,fallback_support,2,1,0,service_quality
Good. Delivered in time in good condition.,logistics,2,2,7,fallback_support,2,1,0,service_quality
Anytime good delivery,logistics,2,2,7,fallback_support,2,1,0,service_quality
nbb,logistics,1,1,7,fallback_support,1,0,0,service_quality
Awesome service delivery tooFast. Polite behaviour of the delivery person.,logistics,2,2,7,behaviour,2,1,0,service_quality
Twice this package was returned undelivered. But no one contacted me. Also I'm living in this address for the past 25 years. The address is also very much in the City location only. Don't know why it is was returned back,logistics,0,0,7,refund,0,4,3,service_quality
Good services but one day late my parcle,logistics,1,0,0,delay,0,1,1,delivery_failures
Ir is goid now,logistics,2,2,7,fallback_support,2,1,0,service_quality
?too good,logistics,2,2,7,fallback_support,2,1,0,service_quality
Very poor quality product. Not to usable.,logistics,0,0,7,fallback_support,0,3,2,service_quality
Not received however incorrect Confirmation msg received that order was delevired.,logistics,0,0,7,damage_lost,0,4,3,service_quality
Delivery boy had a good behaviour,logistics,2,2,7,behaviour,2,1,0,service_quality
Very Cool and Good series,logistics,2,2,7,fallback_support,2,1,0,service_quality
Blue dart has always been super logistics company.its fast and the best of best.,logistics,2,2,7,fallback_support,2,1,0,service_quality
Please inform name of delivery agent to enable to adjust the time of delivery.,logistics,1,1,7,fallback_support,1,0,0,service_quality
Before time delivery Savage ?,logistics,2,2,7,fallback_support,2,1,0,service_quality
On time delivery.n I m satisfied.. thanks ?,logistics,2,2,7,fallback_support,2,1,0,service_quality
The product quality is very bad.   There is no shine in gems . And looks like it's made in hurry and has not stick the gems properly. The product is not much good.,logistics,0,0,7,fallback_support,0,3,2,service_quality
Very good service by the delivery persons,logistics,2,2,7,fallback_support,2,1,0,service_quality
Delivery agent was good ?? and also polite,logistics,2,2,7,fallback_support,2,1,0,service_quality
Good service polite and fast,logistics,2,2,7,fallback_support,2,1,0,service_quality
Thank u for the material,logistics,2,2,7,fallback_support,2,1,0,service_quality
Very fast service i am happy customer,logistics,2,2,7,fallback_support,2,1,0,service_quality
Mkjjh,logistics,1,1,7,fallback_support,1,0,0,service_quality
Excellent logistic service by the delivery man,logistics,2,2,7,fallback_support,2,1,0,service_quality
First delivery boy call me & told that he not able to deliver in my door step he asked me to collect the parcel from my bus stand which 2km far from my home.After that I have raised complaint in pharmacy portal then he delivered my door step. So please inform your all delivery executive please don't harrasment to customer.,logistics,0,0,7,support,0,3,2,service_quality
Polite and nice person.,logistics,2,2,7,fallback_support,2,1,0,service_quality
Delivery was rescheduled with a reason that was untrue. I was present at the address during original delivery schedule. And suddenly it was rescheduled saying consignee not available which was completely false.,logistics,0,0,7,fallback_support,1,0,1,service_quality
Delivery person was friendly and co operativeTimely Delivered,logistics,2,2,7,fallback_support,2,1,0,service_quality
Awesome delivery person very kind,logistics,2,2,7,fallback_support,2,1,0,service_quality
Good service best also good person..,logistics,2,2,7,fallback_support,2,1,0,service_quality
Amazing service.. keep up the good work. Thanks Team.,logistics,2,2,7,fallback_support,2,1,0,service_quality
faithful products only can be do this.,logistics,1,1,7,fallback_support,1,0,0,service_quality
???? ?? ??? ??????? ???? ???? ????? ????,logistics,1,1,7,fallback_support,1,0,0,service_quality
Best executives i have ever meet,logistics,2,2,7,fallback_support,2,1,0,service_quality
By calling 2-3 hour before delivery,logistics,1,1,7,support,1,0,0,service_quality
It's too good . This product works very good well.,logistics,2,2,7,fallback_support,2,1,0,service_quality
Dilevery is delayed,logistics,0,0,0,delay,0,3,2,delivery_failures
Incomplete and torn Delivery and 4 days behind the expected date,logistics,0,0,5,damage_lost,0,4,3,damaged_package
Awsome experience..its on time,logistics,2,2,7,fallback_support,2,1,0,service_quality
Your services are so good and on time delivery,logistics,2,2,7,fallback_support,2,1,0,service_quality
The delivery person not at all to handle a customer softly. His talk is so bitterly. On my side the delivery person should be punishable,logistics,0,0,7,fallback_support,1,0,1,service_quality
Delivery partner was patient,logistics,2,2,7,fallback_support,2,1,0,service_quality
The card was damaged in transit and the associate hid the card from me before taking my signature to confirm delivery and then refused to take the consignment back when I asked him to.,logistics,0,0,5,damage_lost,0,4,3,damaged_package
Delivery man was kind enough to safely handover the product.,logistics,2,2,7,fallback_support,2,1,0,service_quality
on time delivery..,logistics,2,2,7,fallback_support,2,1,0,service_quality
The product is not that I ordered the product is different,logistics,0,0,7,fallback_support,1,0,1,service_quality
Time perfect,logistics,2,2,7,fallback_support,2,1,0,service_quality
Ateekahmad,logistics,1,1,7,fallback_support,1,0,0,service_quality
The package was not received by me. It was just kept at security and left. This being a sensitive and important document,logistics,0,0,7,damage_lost,0,4,3,service_quality
Service very good ??,logistics,2,2,7,fallback_support,2,1,0,service_quality
Well ontimed delivered,logistics,2,2,7,fallback_support,2,1,0,service_quality
Your delivery method are good,logistics,2,2,7,fallback_support,2,1,0,service_quality
Very well mannered n timely,logistics,2,2,7,fallback_support,2,1,0,service_quality
Fast and speedy delivery service,logistics,2,2,7,fallback_support,2,1,0,service_quality
Please deliver the order quickly. My order did not arrive on time so try to deliver it a little quickly.,logistics,0,0,7,fallback_support,2,0,1,service_quality
Send the message on the mobile the day the courier has to be received by tge person at residence so we don't have to wait for the courier person.,logistics,1,1,7,fallback_support,1,0,0,service_quality
The delivery person was so helpful and polite with minimal calling.,logistics,2,2,7,support,2,1,0,service_quality
Excellent service and also delivery boy behavior is very good,logistics,2,2,7,behaviour,2,1,0,service_quality
A reliable courier service,logistics,2,2,7,fallback_support,2,1,0,service_quality
Blue dart in Kanchipuram has not delivered many of my packages ( cod),logistics,0,0,0,fallback_support,0,3,2,delivery_failures
You guys are amezing ??you don't need to improve yourself... you're Perfect ??,logistics,2,2,7,fallback_support,2,1,0,service_quality
The delivery man is a very sorted and always smiling guy.Very very pleasant behaviour,logistics,2,2,7,behaviour,2,1,0,service_quality
Very good service nice and sweet deliverey boy,logistics,2,2,7,fallback_support,2,1,0,service_quality
No need to change anything ??,logistics,2,2,7,fallback_support,2,1,0,service_quality
Nice quick,logistics,2,2,7,fallback_support,2,1,0,service_quality
Dileveryman is very good manners,logistics,2,2,7,fallback_support,2,1,0,service_quality
No good sarvis,logistics,0,0,7,fallback_support,2,1,1,service_quality
I was not able to pickup the call due to a Mobile Problem ( Ringtone ) Still the DELIVERY MAN knocked on my doorstep and delivered it to me Successfully,logistics,2,0,7,support,0,0,0,service_quality
Delivery staff very cooperative and polite. Helps everytime he visits,logistics,2,2,7,fallback_support,2,1,0,service_quality
Gode,logistics,1,1,7,fallback_support,1,0,0,service_quality
I want to return my order because I ordered something else and received something else so return my money back to me !,logistics,0,0,7,refund,0,4,3,service_quality
He was so polite.,logistics,2,2,7,fallback_support,2,1,0,service_quality
Thanks for delivery fast,logistics,2,2,7,fallback_support,2,1,0,service_quality
AExcellent,logistics,2,2,7,fallback_support,2,1,0,service_quality
"Delivery man/person can add ""Thank you"" or ""Have a nice day"" after delivery",logistics,1,2,7,fallback_support,2,0,0,service_quality
Nice service by tushar,logistics,2,2,7,fallback_support,2,1,0,service_quality
Good service Bhot cute,logistics,2,2,7,fallback_support,2,1,0,service_quality
Need to be more proactive wrt collection of shipment from originator like sbi cards as they are in the job of fooling customers wrt dispatch details,logistics,1,1,7,fallback_support,1,0,0,service_quality
Jjvcc,logistics,1,1,7,fallback_support,1,0,0,service_quality
over all service is good,logistics,2,2,7,fallback_support,2,1,0,service_quality
Vbgg of,logistics,1,1,7,fallback_support,1,0,0,service_quality
Extra delivery charge,logistics,0,0,7,fallback_support,1,0,1,service_quality
The delivery person was extremely cooperative and helpful.,logistics,2,2,7,fallback_support,2,1,0,service_quality
Call and update before delivery of consignment,logistics,1,1,4,tracking,1,0,1,tracking_updates
Osam in time delivery,logistics,2,2,7,fallback_support,2,1,0,service_quality
I didnt receive the parcel at all,logistics,0,0,7,fallback_support,1,0,1,service_quality
I m happy with this,logistics,2,2,7,fallback_support,2,1,0,service_quality
Proper msg,logistics,1,1,7,fallback_support,1,0,0,service_quality
He is a good gay,logistics,2,2,7,fallback_support,2,1,0,service_quality
My delivery date is 26 & received today,logistics,1,1,7,fallback_support,1,0,0,service_quality
I ordered one and your sent another,logistics,0,0,7,fallback_support,1,0,1,service_quality
Nice person who delivered item,logistics,2,2,7,fallback_support,2,1,0,service_quality
Thank you so much for delivered my card,logistics,2,2,7,fallback_support,2,1,0,service_quality
It is very fast. I am happy with the service,logistics,2,2,7,fallback_support,2,1,0,service_quality
Delivery partner Is very polite .Good Good,logistics,2,2,7,fallback_support,2,1,0,service_quality
This product is fake i want to return this or will complaint against your pages,logistics,0,0,7,refund,0,4,3,service_quality
Quick and fast delivery services,logistics,2,2,7,fallback_support,2,1,0,service_quality
Very good.  Keep it up,logistics,2,2,7,fallback_support,2,1,0,service_quality
I didnot receive the parcel delevery boy delever to wrong person,logistics,0,0,1,fallback_support,0,3,2,wrong_delivery
Nice experienc,logistics,2,2,7,fallback_support,2,1,0,service_quality
Delivery boy ko bolane ki tamiz nahin hai,logistics,0,0,7,fallback_support,1,0,1,service_quality
Please stop supporting fake company products.Blue dart should take serious action as you company reputation gets spoiled,logistics,0,0,7,support,0,3,2,service_quality
Good services & Good employee's services ?,logistics,2,2,7,fallback_support,2,1,0,service_quality
Delivery agent?s behaviour,logistics,1,1,7,behaviour,1,0,0,service_quality
Very smooth delivery process,logistics,2,2,7,fallback_support,2,1,0,service_quality
2 days delay in delivery without giving proper information,logistics,0,0,0,delay,0,3,2,delivery_failures
He provides best delivery and delivery agent was good,logistics,2,2,7,fallback_support,2,1,0,service_quality
Hsbsbs,logistics,1,1,7,fallback_support,1,0,0,service_quality
Carry on with the good work,logistics,2,2,7,fallback_support,2,1,0,service_quality
Thank you for good service for blue dart ??,logistics,2,2,7,fallback_support,2,1,0,service_quality
Thank you for delivering my items. Im grateful.,logistics,2,2,7,fallback_support,2,1,0,service_quality
Out delivery plus estimated time would help for the receiver to plan their day,logistics,1,1,7,fallback_support,1,0,0,service_quality
Very professional and decent delivery partner,logistics,2,2,7,fallback_support,2,1,0,service_quality
Your delivery boy was very cooperative and calm,logistics,2,2,7,fallback_support,2,1,0,service_quality
Goat!!,logistics,2,2,7,fallback_support,2,1,0,service_quality
Bhut ghatiya service hai khud Jake Lana pada Blue dart office se,logistics,0,0,7,fallback_support,1,0,1,service_quality
The product was really Gud as well as quality of the fabric love it,logistics,2,2,7,fallback_support,2,1,0,service_quality
Too much satisfied with the delivery,logistics,2,2,7,fallback_support,2,1,0,service_quality
Very bed behaviour of delivery boy,logistics,0,0,7,behaviour,1,0,2,service_quality
Airbod nahi mila hai,logistics,0,0,7,fallback_support,1,0,1,service_quality
Presently every thing is gr8.,logistics,2,2,7,fallback_support,2,1,0,service_quality
Blue dart delivery staff is good ?,logistics,2,2,7,fallback_support,2,1,0,service_quality
Very much poor sei,logistics,0,0,7,fallback_support,0,3,2,service_quality
Blue dart se Harsh ko dhyanwand,logistics,2,2,7,fallback_support,2,1,0,service_quality
He is a very nice person.,logistics,2,2,7,fallback_support,2,1,0,service_quality
Thank you Nipu ?,logistics,2,2,7,fallback_support,2,1,0,service_quality
Very much???,logistics,1,1,7,fallback_support,1,0,0,service_quality
Very nice behavior of delivery person,logistics,2,2,7,behaviour,2,1,0,service_quality
Very good service from Ajith,logistics,2,2,7,fallback_support,2,1,0,service_quality
I have not receive the package,logistics,0,0,7,fallback_support,1,0,1,service_quality
Dilevery happened faster than i assume,logistics,2,2,7,fallback_support,2,1,0,service_quality
Delivery is not on my exact address,logistics,0,0,7,fallback_support,1,0,1,service_quality
Everything was good Fast delivery Good behaviour of delivery agent And the only thing which I don? like is your website make it more simple or easy to access and also provide agent contact number whenever my product is out of delivery,logistics,1,2,7,behaviour,2,1,0,service_quality
Unprofessional delivery partner,logistics,0,0,2,behaviour,0,3,2,agent_behaviour
Good service & Nice Behaviour ?,logistics,2,2,7,behaviour,2,1,0,service_quality
Very good service by the staff...,logistics,2,2,7,fallback_support,2,1,0,service_quality
Order got delayed,logistics,0,0,0,delay,0,3,2,delivery_failures
The package is missing,logistics,0,0,7,fallback_support,0,3,2,service_quality
Extremely outstanding,logistics,2,2,7,fallback_support,2,1,0,service_quality
Delivery boy was humble and did deliver the product on time,logistics,2,2,7,fallback_support,2,1,0,service_quality
Delivery partner was greatBut the delivery was delayed.Daily it was cancelled and rescheduled,logistics,1,0,0,delay,0,2,2,delivery_failures
This was great,logistics,2,2,7,fallback_support,2,1,0,service_quality
367,logistics,1,1,7,fallback_support,1,0,0,service_quality
M.......i,logistics,1,1,7,fallback_support,1,0,0,service_quality
Buy just calling,logistics,1,1,7,support,1,0,0,service_quality
Delivery person contact details is never shared which creates problem when recipient is not at home to collect the parcel,logistics,0,0,7,support,0,3,2,service_quality
No one called for deliveryLeft without confirmationWe have not informed to deliver to Lal Bahadur,logistics,0,0,7,support,1,0,1,service_quality
The delivery process was very convenient and secure. Thank you,logistics,2,2,7,fallback_support,2,1,0,service_quality
The service was excellent; keep it up.,logistics,2,2,7,fallback_support,2,1,0,service_quality
Great and quick service with delivery personnel also communicating effectively,logistics,2,2,7,fallback_support,2,1,0,service_quality
The product mentioned on the box and the product within the box differs,logistics,0,0,7,fallback_support,1,0,1,service_quality
Delivery cancel be fast.,logistics,1,1,7,fallback_support,2,0,0,service_quality
Good service  .not dealay  ferpect timei gs .,logistics,2,2,7,fallback_support,2,1,0,service_quality
Great and effort less and seamless and fast service.Thanks Bluedart team.you are the best.,logistics,2,2,7,fallback_support,2,1,0,service_quality
Please retrun,logistics,0,0,7,fallback_support,1,0,1,service_quality
Parcel delivery date was 21st may 2025 and parcel delivered on 28th may 2025,logistics,0,0,7,fallback_support,1,0,1,service_quality
Worst delivery system one day delivery but time needed to bluedart is 10 days.,logistics,0,0,7,fallback_support,0,3,2,service_quality
The behaviour of your delivery partner Mr Deepak Sardhana from Fatehabad Office was very disappointed. He refused to deliver the order at destination by saying company is not paying him to deliver there,logistics,0,0,7,behaviour,0,3,2,service_quality
It's good delivery on time .Less call,logistics,2,2,7,support,2,1,0,service_quality
I like this delivery,logistics,2,2,7,fallback_support,2,1,0,service_quality
verey good sarvice,logistics,2,2,7,fallback_support,2,1,0,service_quality
Delivery guy is supportive Thanks,logistics,2,2,7,support,2,1,0,service_quality
The delivery person was kind and wonderful,logistics,2,2,7,fallback_support,2,1,0,service_quality
All goof,logistics,2,2,7,fallback_support,2,1,0,service_quality
Parcel will be delivered and nice job blue dart.,logistics,2,2,7,fallback_support,2,1,0,service_quality
My product is very bad is colour was very bad return my order I request you,logistics,0,0,7,refund,0,4,3,service_quality
Yes recommendable,logistics,2,2,7,fallback_support,2,1,0,service_quality
Good work super fast Delivery ?,logistics,2,2,7,fallback_support,2,1,0,service_quality
I am very happy..Thank you ?..Delivered on time,logistics,2,2,7,fallback_support,2,1,0,service_quality
Worst delivery experience recieved wrong product they r such irresponsible,logistics,0,0,7,fallback_support,0,3,2,service_quality
Delivery service was great. The delivery agent talked politely and delivered the product.,logistics,2,2,7,fallback_support,2,1,0,service_quality
Dilevery boy asked otp before delevery,logistics,2,2,7,fallback_support,2,1,0,service_quality
Good service very much smooth delivery,logistics,2,2,7,fallback_support,2,1,0,service_quality
Vhhjjj,logistics,1,1,7,fallback_support,1,0,0,service_quality
This is not me,logistics,1,1,7,fallback_support,1,0,0,service_quality
In your service you can provide the reschedule option for delivery before handed over the order to delivery person.,logistics,1,1,7,fallback_support,1,0,0,service_quality
Product is very useless,logistics,0,0,7,fallback_support,1,0,1,service_quality
Duplicate item send kor rahe hoo????,logistics,0,0,7,fallback_support,1,0,1,service_quality
Your services are good anf behaviour of delivery executive is also very good,logistics,2,2,7,behaviour,2,1,0,service_quality
Service is already good enough.,logistics,2,2,7,fallback_support,2,1,0,service_quality
It's better than all other couriers.,logistics,2,2,7,fallback_support,2,1,0,service_quality
Speed delivery with handle with care,logistics,2,2,7,fallback_support,2,1,0,service_quality
You can hot serv me best,logistics,1,1,7,fallback_support,1,0,0,service_quality
Well presentable amd professional service ! Well done and keep it up !,logistics,2,2,7,fallback_support,2,1,0,service_quality
My parcel damaged,logistics,0,0,5,damage_lost,0,4,3,damaged_package
Got no call from the delivery agent and straight up the delivery was canceled. After multiple days of waiting had to go and pick up the package on my own. When inquired about the undelivered prodcut they showed little to no interaction. They even spelled my named wrong even after showing them proof.,logistics,0,0,2,behaviour,0,3,2,agent_behaviour
I have not received message shows delivered where is the parcel ?,logistics,0,0,7,damage_lost,0,4,3,service_quality
Bludart Courier service is provide best service  and timely deliver.,logistics,2,2,7,fallback_support,2,1,0,service_quality
The colour was not as shown in the picture overall the quality is super ??,logistics,1,1,7,fallback_support,1,0,0,service_quality
Excellent service provided by tamhrang bro and Isaac bro,logistics,2,2,7,fallback_support,2,1,0,service_quality
1st I received a message that my delivery was delayed but bluedart got it on time this made my day and my disappointed turned into joy thanks a lot bluedart I'm very much happy with ur service,logistics,2,0,0,delay,0,1,0,delivery_failures
minimal calling and location awareness,logistics,2,2,7,support,2,1,0,service_quality
What where delivered,logistics,1,1,7,fallback_support,1,0,0,service_quality
Call before one hrs plz,logistics,1,1,7,support,1,0,0,service_quality
Main order was delayed by 12 days,logistics,0,0,0,delay,0,3,2,delivery_failures
Pleasing character- delivered with a smile,logistics,2,2,7,fallback_support,2,1,0,service_quality
Consistency and assured quality of services safety guaranteed,logistics,2,2,7,fallback_support,2,1,0,service_quality
There was a delivery attempt which said premises was closed whereas the family was at home and there was no approval entry for our home on the building?s mygate app so that means it was a false and wrong attempt mentioned. This might have caused us to loose the shipment in such wrong attempts which was already a paid product.,logistics,0,0,7,fallback_support,0,3,2,service_quality
Don't change,logistics,1,1,7,fallback_support,1,0,0,service_quality
Very fair,logistics,2,2,7,fallback_support,2,1,0,service_quality
Everything is already good delivery boy is  very polite & has a great patience overall nice person,logistics,2,2,7,fallback_support,2,1,0,service_quality
Whenever Delivery time plc call me,logistics,1,1,7,support,1,0,0,service_quality
Wow??????????s,logistics,2,2,7,fallback_support,2,1,0,service_quality
Hassle free delivery . And timely updates via messages regards the tracking. Thank you team.,logistics,2,2,4,tracking,1,0,0,tracking_updates
Get better customer service,logistics,0,0,7,support,1,0,1,service_quality
Awesome. Just continue the good work,logistics,2,2,7,fallback_support,2,1,0,service_quality
Awesome service.  The delivery person was very kind and understanding,logistics,2,2,7,fallback_support,2,1,0,service_quality
Actually books delivery is incompleted The  book combo set is 24/books.& I received only 17 books ??,logistics,0,0,7,fallback_support,1,0,1,service_quality
Extremely disappointed with the way this delivery was handled. Delays,logistics,0,0,0,delay,0,3,2,delivery_failures
Excellence work good,logistics,2,2,7,fallback_support,2,1,0,service_quality
Delivery person behaved badly and disrespectfully,logistics,0,0,7,fallback_support,0,3,2,service_quality
Staff is good. On time,logistics,2,2,7,fallback_support,2,1,0,service_quality
Vary dood,logistics,2,2,7,fallback_support,2,1,0,service_quality
Good ?? thank you,logistics,2,2,7,fallback_support,2,1,0,service_quality
Saalon time pr deliver kyun ni krte tumhare chkkr mein apni gand mrwane ka shauk ni hai mujhe,logistics,0,0,7,fallback_support,2,0,1,service_quality
Keep it up to provide such fantastic service and timely delivery of the stuff.,logistics,2,2,7,fallback_support,2,1,0,service_quality
We ordered 8 pieces but we received only 4 pieces. There is no detailed information about how to return the product,logistics,0,0,7,refund,0,4,3,service_quality
Delivery executive was so nice & professional.,logistics,2,2,7,fallback_support,2,1,0,service_quality
Nicea,logistics,1,2,7,fallback_support,2,0,0,service_quality
The deliverey man is so humble and give the door step delivery,logistics,2,2,7,fallback_support,2,1,0,service_quality
Sajan is a very polite personnel.,logistics,2,2,7,fallback_support,2,1,0,service_quality
Dadar coconut hair oil bahut achha he Jo dikhayata Wahi packing I he,logistics,2,2,7,fallback_support,2,1,0,service_quality
He quickly deliver my parcel,logistics,2,2,7,fallback_support,2,1,0,service_quality
India's best service award goes to noise ?,logistics,1,1,7,fallback_support,1,0,0,service_quality
??????? ?? ??? ??? ???? ??? ?? ??????? ??? ??????? ???? ???? ????? ?? ?? ???? ????? ?? ???? ????-???? ?? ?? ???? ??? ?? ??????? ???? ?? ?? ???? ??? ???? ???? ???? ?? ???? ?? ???? ?? ?? ???? ????? ?? ????,logistics,1,1,7,fallback_support,1,0,0,service_quality
Not to ask tip for delivery,logistics,1,1,7,fallback_support,1,0,0,service_quality
I am not received the product.,logistics,0,0,7,damage_lost,0,4,3,service_quality
Refund krna h so kaise kre,logistics,0,0,7,refund,0,4,3,service_quality
Delivery person is very good and come.,logistics,2,2,7,fallback_support,2,1,0,service_quality
Girlfriend i'm,logistics,1,1,7,fallback_support,1,0,0,service_quality
I didn?t get any call for order and it was canceled by rider,logistics,0,0,7,support,1,0,1,service_quality
I didn't get any product.  How can I rate your service.  Your customer service is too bad. They have no responsibility.,logistics,0,0,7,support,0,3,2,service_quality
760419,logistics,1,1,7,fallback_support,1,0,0,service_quality
Not yet delivered .but got the messenge as delivered.,logistics,0,0,7,fallback_support,1,0,1,service_quality
Everything is good. No problem at all.,logistics,2,0,7,fallback_support,0,1,0,service_quality
Educate delivery person,logistics,1,1,7,fallback_support,1,0,0,service_quality
Top notch services,logistics,2,2,7,fallback_support,2,1,0,service_quality
Swift service from Bluedart??,logistics,2,2,7,fallback_support,2,1,0,service_quality
The product was delivered on time and the behavior of the executive was very respectful and polite. Thanks a lot! ?,logistics,2,2,7,behaviour,2,1,0,service_quality
It is good but you should give time of delivery otherwise it's very nice experience,logistics,1,2,7,fallback_support,2,1,0,service_quality
Good service delivery boy behaviour,logistics,2,2,7,behaviour,2,1,0,service_quality
Good  On time,logistics,2,2,7,fallback_support,2,1,0,service_quality
quite satisfying,logistics,2,2,7,fallback_support,2,1,0,service_quality
Good package handling,logistics,2,2,7,fallback_support,2,1,0,service_quality
Over all experience good only,logistics,1,2,7,fallback_support,2,1,0,service_quality
Mention the timings,logistics,1,1,7,fallback_support,1,0,0,service_quality
Awesome delivery on time and no hassle.,logistics,2,2,7,fallback_support,2,1,0,service_quality
A man wonderful service,logistics,2,2,7,fallback_support,2,1,0,service_quality
Jffu,logistics,1,1,7,fallback_support,1,0,0,service_quality
Very easy to receive and welcoming,logistics,2,2,7,fallback_support,2,1,0,service_quality
I am fully satisfied with blue dart service.,logistics,2,2,7,fallback_support,2,1,0,service_quality
Good service and good delivery agent.,logistics,2,2,7,fallback_support,2,1,0,service_quality
Keep up the good work! A polite delivery person.,logistics,2,2,7,fallback_support,2,1,0,service_quality
Excellent servicws,logistics,2,2,7,fallback_support,2,1,0,service_quality
Just maintain it.,logistics,1,1,7,fallback_support,1,0,0,service_quality
The delivery staff was extremely efficient with his work but I am not happy with blue dart service as the delivery was delayed for more then two weeks.,logistics,0,0,0,delay,0,3,2,delivery_failures
Not worth I return my order,logistics,0,0,7,refund,0,4,3,service_quality
The delivery person is very efficient,logistics,2,2,7,fallback_support,2,1,0,service_quality
Delivery superfast ??,logistics,2,2,7,fallback_support,2,1,0,service_quality
Works wonders in 5mins for sensitive areas like face and underarms. This amount would probably last 6-8 months for me. Compared to razor it lasts quite well. Cons- it kinda irritates the skin a bit after washing it off,logistics,1,1,7,fallback_support,1,0,0,service_quality
Muje otp puch liya aur parcle nahi diya.. M ghar se bahar tha security ke pass rakhne bola tha nahi rakha... Deliveri boy ka no 9881212297 ye h,logistics,0,0,7,fallback_support,1,0,1,service_quality
Good delivery but  too late,logistics,1,0,0,delay,0,1,1,delivery_failures
Now no need to improve.. it's all good,logistics,2,2,7,fallback_support,2,1,0,service_quality
Take much more time as per discussed.,logistics,0,0,7,fallback_support,1,0,1,service_quality
Great ? Time to time delivery,logistics,2,2,7,fallback_support,2,1,0,service_quality
It was professionally done,logistics,2,2,7,fallback_support,2,1,0,service_quality
Polite and humble delivery partner,logistics,2,2,7,fallback_support,2,1,0,service_quality
Address hote hue bi incomplete address ka issue dal diya or product delivery nhi kiya,logistics,0,0,7,fallback_support,0,3,2,service_quality
The delivery was on time and receive in good condition.,logistics,2,2,7,fallback_support,2,1,0,service_quality
I haven?t received the package?!? How can you send this to me ?,logistics,0,0,7,fallback_support,1,0,1,service_quality
You are already doing good..,logistics,2,2,7,fallback_support,2,1,0,service_quality
Fast delivery no hassles.,logistics,2,2,7,fallback_support,2,1,0,service_quality
. Nil,logistics,1,1,7,fallback_support,1,0,0,service_quality
Bahut he late tha delivery Aur jisha time dikhata hai usha time package delivered nhi hota very bad delivery service and this is not expected from bluedart.,logistics,0,0,0,delay,0,3,2,delivery_failures
Best & class servise the courier staffExcellent,logistics,2,2,7,fallback_support,2,1,0,service_quality
The delevery agent behaviour was good. I appreciate him.,logistics,2,2,7,behaviour,2,1,0,service_quality
The delivery agent is reliable and honest in his services on delivering parcel promptly and at d place. Impressed by his dedication.,logistics,2,2,7,fallback_support,2,1,0,service_quality
Nice delivery pason good service Akshay nice work ???,logistics,2,2,7,fallback_support,2,1,0,service_quality
Excellent service k,logistics,2,2,7,fallback_support,2,1,0,service_quality
35899652678,logistics,1,1,7,fallback_support,1,0,0,service_quality
Happy with delivery service by bluedart,logistics,2,2,7,fallback_support,2,1,0,service_quality
Good service by staff Gireesh.,logistics,2,2,7,fallback_support,2,1,0,service_quality
Always bluedart is the best.,logistics,2,2,7,fallback_support,2,1,0,service_quality
very friendly and polite delivery agents,logistics,2,2,7,fallback_support,2,1,0,service_quality
Timely update was amazing.,logistics,2,2,7,fallback_support,2,1,0,service_quality
I got my passe book.....good ?,logistics,2,2,7,fallback_support,2,1,0,service_quality
Superb delivery..,logistics,2,2,7,fallback_support,2,1,0,service_quality
Good service ? 10/10,logistics,2,2,7,fallback_support,2,1,0,service_quality
It's already best service center namaste I hv seen my name as per,logistics,2,2,3,support,2,1,0,customer_support
Gooc,logistics,1,1,7,fallback_support,1,0,0,service_quality
Continue the same it's quite good.,logistics,2,2,7,fallback_support,2,1,0,service_quality
Have been receiving parcels from Blue Dart. Blue Dart deliveries are always,logistics,2,2,7,fallback_support,2,1,0,service_quality
Ffvhhjjjhjhh,logistics,1,1,7,fallback_support,1,0,0,service_quality
Always reliable.  Well mannered and polite delivery people,logistics,2,2,7,fallback_support,2,1,0,service_quality
Blue Dart service is fast and good.,logistics,2,2,7,fallback_support,2,1,0,service_quality
Not appropriate delivery boy with a suitable service,logistics,0,0,7,fallback_support,1,0,1,service_quality
Very poor service i don?t know why people even work with this company anymore. check out some google map reviews.,logistics,0,0,7,fallback_support,0,3,2,service_quality
I? absolutely shocked and disgusted by the behaviour of the delivery person who came to deliver my order. He was creepy and completely inappropriate.,logistics,0,0,7,behaviour,1,0,2,service_quality
Courier man was extremely courteous,logistics,2,2,7,fallback_support,2,4,3,service_quality
It's been 9 days since ordered,logistics,0,0,7,fallback_support,1,0,1,service_quality
Good service and delivery agent sudhakar perfectly delivered my parcel,logistics,2,2,7,fallback_support,2,1,0,service_quality
Parcel bahut acchi Tarah aur bahut jaldi parcel a jata hai blue Dark v.v . Good BULE DARK,logistics,2,2,7,fallback_support,2,1,0,service_quality
Good behaviour of delivery boy. Service on time.,logistics,2,2,7,behaviour,2,1,0,service_quality
I am going for check my delivery status yesterday I got message undelivered for my order and failed order delivered without any call from delivery boy you send me message for undelivered and today I got call from delivery boy he told me my address location not in his route he delivered my order village pamal in medical shop he not going to my village.,logistics,0,0,7,support,1,0,1,service_quality
Worest service received,logistics,0,0,7,fallback_support,1,0,1,service_quality
Excellent delivery experience. Polite and well mannered delivery executive,logistics,2,2,7,fallback_support,2,1,0,service_quality
Call less,logistics,1,1,7,support,1,0,0,service_quality
The man took 20 Rs from me,logistics,0,0,7,fallback_support,1,0,1,service_quality
Packing need to be improved,logistics,1,1,7,fallback_support,1,0,0,service_quality
Very very very good??,logistics,2,2,7,fallback_support,2,1,0,service_quality
The parcel is not delivered.Please ask the delivery person whom he has delivered and where Milind Patil,logistics,0,0,0,fallback_support,0,3,2,delivery_failures
Today the delivery was good. And thank you for the prompt resolution of AWB #88301299623,logistics,2,2,4,tracking,1,1,0,tracking_updates
Good service ?? Courier person dealing in good way,logistics,2,2,7,fallback_support,2,1,0,service_quality
Long delay in delivery,logistics,0,0,0,delay,0,3,2,delivery_failures
My item was delivered before expected time. Bluedart is reliable.,logistics,2,2,7,fallback_support,2,1,0,service_quality
Thank you so much delivering my thing quickly,logistics,2,2,7,fallback_support,2,1,0,service_quality
Nice dilevery by person and fast work by blue dart,logistics,2,2,7,fallback_support,2,1,0,service_quality
It?s already lovely,logistics,2,2,7,fallback_support,2,1,0,service_quality
absolutely mannerless executive.,logistics,0,0,7,fallback_support,1,0,1,service_quality
Fast delivery and sweet nature,logistics,2,2,7,fallback_support,2,1,0,service_quality
Bluedart is best service,logistics,2,2,7,fallback_support,2,1,0,service_quality
Poor wrong product  fack,logistics,0,0,7,fallback_support,0,3,2,service_quality
Continue to excel,logistics,2,2,7,fallback_support,2,1,0,service_quality
The product was delivered very quickly!,logistics,2,2,7,fallback_support,2,1,0,service_quality
No need to change in the service because you are good in service now,logistics,2,2,7,fallback_support,2,1,0,service_quality
At present OK.,logistics,1,1,7,fallback_support,1,0,0,service_quality
Saman pura hi ni aya,logistics,0,0,7,fallback_support,1,0,1,service_quality
good ? Mayur 5,logistics,1,2,7,fallback_support,2,1,0,service_quality
Nice pruductsNd nice serviceOf bluedart.Tnx,logistics,2,2,7,fallback_support,2,1,0,service_quality
Only one pillow delivered,logistics,0,0,7,fallback_support,1,0,1,service_quality
Thanks for timely delivering,logistics,2,2,7,fallback_support,2,1,0,service_quality
Nothing. You're already perfect blue dart.,logistics,2,2,7,fallback_support,2,1,0,service_quality
SMS updates if provided will be an advantage,logistics,1,1,7,fallback_support,1,0,0,service_quality
Delivery executive was on time and professional.,logistics,2,2,7,fallback_support,2,1,0,service_quality
Good ? service Good delivery process,logistics,2,2,7,fallback_support,2,1,0,service_quality
Gentleman as well as a decent person too..??,logistics,2,2,7,fallback_support,2,1,0,service_quality
Very good before delivery time,logistics,2,2,7,fallback_support,2,1,0,service_quality
Live tracking means a lot here,logistics,1,1,4,tracking,1,0,1,tracking_updates
services are very good. Also that delivery partner (bhaiya) was very polite. Thanks to blue dart. I recommend all to use their services especially in my area.,logistics,2,2,7,fallback_support,2,1,0,service_quality
It is already attained the best service label,logistics,2,2,7,fallback_support,2,1,0,service_quality
Nice nature delivery boy,logistics,2,2,7,fallback_support,2,1,0,service_quality
GoodNice very nice,logistics,2,2,7,fallback_support,2,1,0,service_quality
Good delivery service delivery boy is always nice and respectful ?,logistics,2,2,7,fallback_support,2,1,0,service_quality
None in particular.,logistics,1,1,7,fallback_support,1,0,0,service_quality
I received a product with a stain on it and I also want to change the size of the product but the return page is showing that this product is not eligible for return as it is not delivered yet?.,logistics,0,0,0,delay,0,3,2,delivery_failures
Wrong parcel delivered return this parcel,logistics,0,0,7,refund,0,4,3,service_quality
Very good and well deceiplined,logistics,2,2,7,fallback_support,2,1,0,service_quality
Good behaviour and reached correctly at my address,logistics,2,2,7,behaviour,2,1,0,service_quality
I like blue dart courier service...Your blue dart delivery boy is very sincere & sober person every time he use deliver in time.....He is very nice person every ?,logistics,2,2,7,fallback_support,2,1,0,service_quality
Good service and fast ???? thanks bro,logistics,2,2,7,fallback_support,2,1,0,service_quality
We are not received any courier from your side.plz confirm from your side.,logistics,0,0,7,damage_lost,0,4,3,service_quality
Not good return my parcelNo need Return,logistics,0,0,7,refund,1,1,0,service_quality
Very expensive and low bad product,logistics,0,0,7,fallback_support,0,3,2,service_quality
All services are good and on time .Thanks,logistics,2,2,7,fallback_support,2,1,0,service_quality
Very good nice thank you,logistics,2,2,7,fallback_support,2,1,0,service_quality
You delivered so fast,logistics,2,2,7,fallback_support,2,1,0,service_quality
the delivery was on time and the behaviour of the delivery boy was also goodthe quality of the profuct was awesome,logistics,2,2,7,behaviour,2,1,0,service_quality
Thank U for ur efforts.,logistics,2,2,7,fallback_support,2,1,0,service_quality
Timely delivery and couteous delivery executive,logistics,2,2,7,fallback_support,2,1,0,service_quality
So so.....,logistics,1,1,7,fallback_support,1,0,0,service_quality
HAPPY HAPPY,logistics,2,2,7,fallback_support,2,1,0,service_quality
The delivery partner is not responsive,logistics,0,0,7,fallback_support,1,0,1,service_quality
Uugjv,logistics,1,1,7,fallback_support,1,0,0,service_quality
I am so glad full your service.,logistics,2,2,7,fallback_support,2,1,0,service_quality
V.   Good,logistics,2,2,7,fallback_support,2,1,0,service_quality
He did not send back my remaining money,logistics,0,0,7,fallback_support,1,0,1,service_quality
Even without checking the location... They mentioned as Consignee not in given address... And also there is no correct number mentioned in any website to contact to resolve this type of issue.. At last I personally went there and collected my parcel...It's simply waste of time to book a service with this Company... Because this is happening for the 2nd time for me...,logistics,0,0,7,support,0,3,2,service_quality
Perfect delivery. Thanks.,logistics,2,2,7,fallback_support,2,1,0,service_quality
So happy with the service friendly fast and stress free!?,logistics,2,2,7,fallback_support,2,1,0,service_quality
Nice &fast dilevery,logistics,2,2,7,fallback_support,2,1,0,service_quality
Salman is an excellent delivery agent,logistics,2,2,7,fallback_support,2,1,0,service_quality
Bad Delivery Partner,logistics,0,0,7,fallback_support,0,3,2,service_quality
Very poor service no confirmation call delivered on wrong address this is not blue dart services. Please pick up back the package and deliver the same my home address.,logistics,0,0,1,wrong_delivery,0,3,2,wrong_delivery
Good n delivered the item in time,logistics,2,2,7,fallback_support,2,1,0,service_quality
Service delivery person is courteous in behaviour and inform the customer well before coming to deliver the product.,logistics,2,2,7,behaviour,2,4,3,service_quality
Service guys was good,logistics,2,2,7,fallback_support,2,1,0,service_quality
delivery partner was cooperative,logistics,2,2,7,fallback_support,2,1,0,service_quality
The product is totally not working.,logistics,0,0,7,fallback_support,1,0,1,service_quality
prompt and professional,logistics,2,2,7,fallback_support,2,1,0,service_quality
Got false status(Delivery attempted),logistics,0,0,7,fallback_support,1,0,1,service_quality
Pathetic service and received parcel after multiple follow up,logistics,0,0,3,support,1,2,1,customer_support
No accuracy details found,logistics,1,1,7,fallback_support,1,0,0,service_quality
Very nice delivery of the parcel by calling first and then delivering the parcel. What else required. Keep it up!,logistics,2,2,7,support,2,1,0,service_quality
Quick delivery and good behaviour,logistics,2,2,7,behaviour,2,1,0,service_quality
Good behaviour and very cooperative.,logistics,2,2,7,behaviour,2,1,0,service_quality
So pathetic that,logistics,0,0,7,fallback_support,1,0,1,service_quality
Delivery uncle was very humble,logistics,2,2,7,fallback_support,2,1,0,service_quality
The parcel hasn't been delivered to me but have received the SMS saying my shipment under Airway Bill No. 16316040974 has been delivered to SELF.  Please look into the matter and get back to me.  Please be informed I was at home hence your delivery guy can not excuse himself by saying we weren't at home at the time of delivery.Pervin Avari,logistics,0,0,7,fallback_support,1,0,1,service_quality
Ye delivery wla bhai shi bt or delivery wla shi se baat nhi kr rha hai ye problem,logistics,0,0,7,fallback_support,0,3,2,service_quality
Order not delivered on the address i mention while ordering.Delivery agent asks to come to the nearest to receive tha parcel by saying that ` we don?t deliver on your address?,logistics,0,0,0,fallback_support,0,3,2,delivery_failures
Disaster,logistics,0,0,7,fallback_support,1,0,1,service_quality
Excellent service upto the point.,logistics,2,2,7,fallback_support,2,1,0,service_quality
Should do doorstep delivery like others,logistics,1,1,7,fallback_support,1,0,0,service_quality
They already doing their best,logistics,2,2,7,fallback_support,2,1,0,service_quality
Lose my money,logistics,0,0,7,fallback_support,1,0,1,service_quality
Very nice and polite behavior.  Good road and area awareness.,logistics,2,2,7,behaviour,2,1,0,service_quality
Deliver was fast,logistics,2,2,7,fallback_support,2,1,0,service_quality
Best service no limt,logistics,2,2,7,fallback_support,2,1,0,service_quality
Service is excellent. C,logistics,2,2,7,fallback_support,2,1,0,service_quality
Professional and praiseworthy,logistics,2,2,7,fallback_support,2,1,0,service_quality
It?s really good person,logistics,2,2,7,fallback_support,2,1,0,service_quality
I am happy from delivery,logistics,2,2,7,fallback_support,2,1,0,service_quality
Happp,logistics,1,1,7,fallback_support,1,0,0,service_quality
Liked your prompt service as well as the staff was decent and respectful.,logistics,2,2,7,fallback_support,2,1,0,service_quality
Pathetic service.I had to go to your office myself for the parcel. Four days ago the parcel was arrived in the office and no one tried to deliver it. Today I had to go to the warehouse myself for the delivery,logistics,0,0,7,fallback_support,1,0,1,service_quality
I really appreciate blue dart's service they are always on time or before time.,logistics,2,2,7,fallback_support,2,1,0,service_quality
I like everything about Maccaron,logistics,2,2,7,fallback_support,2,1,0,service_quality
Delivery status update goodDelivered earlier,logistics,2,2,7,fallback_support,2,1,0,service_quality
Very very late delivered orders Thes is a safe but long time weting,logistics,0,0,0,delay,0,3,2,delivery_failures
Not delivered to home location. During bad climate it's difficult to receive the parcel,logistics,0,0,0,fallback_support,0,3,2,delivery_failures
Good and Quick Service Mr Tushar,logistics,2,2,7,fallback_support,2,1,0,service_quality
You are doing good enough,logistics,2,2,7,fallback_support,2,1,0,service_quality
I want to return the  product,logistics,0,0,7,refund,0,4,3,service_quality
Very nice Delivery boy good service,logistics,2,2,7,fallback_support,2,1,0,service_quality
Reached at the agreed time.,logistics,2,2,7,fallback_support,2,1,0,service_quality
Very fast. And good delivery agent,logistics,2,2,7,fallback_support,2,1,0,service_quality
Speed as lightening,logistics,2,2,7,fallback_support,2,1,0,service_quality
I do not order any product from zaniaah store. It is a wrong delivery from you and also I do not get any product from blue dart courier person.,logistics,0,0,1,fallback_support,0,3,2,wrong_delivery
Mc Bsdk,logistics,0,0,7,fallback_support,1,0,1,service_quality
Very good currier service,logistics,2,2,7,fallback_support,2,1,0,service_quality
Genuine product delivery,logistics,2,2,7,fallback_support,2,1,0,service_quality
Super congratulations ?,logistics,2,2,7,fallback_support,2,1,0,service_quality
What more better we can expect present bluedart,logistics,2,2,7,fallback_support,2,1,0,service_quality
Good  person safety placed boxes,logistics,2,2,7,fallback_support,2,1,0,service_quality
As expected.Thankyou so much,logistics,2,2,7,fallback_support,2,1,0,service_quality
Blue Dart us itself a Good Delivery Name and Brand,logistics,2,2,7,fallback_support,2,1,0,service_quality
Minimal calls and on time delivery,logistics,2,2,7,support,2,1,0,service_quality
We receive wrong product... ?,logistics,0,0,7,fallback_support,0,3,2,service_quality
GD delivery boy,logistics,2,2,7,fallback_support,2,1,0,service_quality
Customer care service numbers were not working,logistics,0,0,3,support,1,0,1,customer_support
Thank you so much. The delivery and service were good.,logistics,2,2,7,fallback_support,2,1,0,service_quality
Always happy with the service. Courteous delivery person,logistics,2,2,7,fallback_support,2,4,3,service_quality
Parcel has not been delivered to me ...Yet it shows as delivered,logistics,0,0,7,fallback_support,1,0,1,service_quality
Received wrong and damage delivery can you initiate refund,logistics,0,0,7,damage_lost,0,4,3,service_quality
Very nice perfume,logistics,2,2,7,fallback_support,2,1,0,service_quality
Bludart is fast and safe servis,logistics,2,2,7,fallback_support,2,1,0,service_quality
Delivered before 2 days Delivery boy kishore was also kindfully and was polite,logistics,2,2,7,fallback_support,2,1,0,service_quality
Worst service. The person was not ready to listen and did not help in re-loading the boxes properly. His mobile no. is 8017675305. Troubled us unnecessary.,logistics,0,0,7,fallback_support,0,3,2,service_quality
Ye parcel mere address par delever nahi kiya gaya. Maine ye parcel Transport Nagar Jaakar receive Kiya hai.Apse request hai agar aap parcel delever nahi kar sakte ho accept hi mat kiya kijiye.,logistics,0,0,7,fallback_support,1,0,1,service_quality
I very happy with you servicesThanks bluedart,logistics,2,2,7,fallback_support,2,1,0,service_quality
I not get my parcel,logistics,0,0,7,fallback_support,1,0,1,service_quality
V good ??????,logistics,2,2,7,fallback_support,2,1,0,service_quality
Fabulous service from blue dart Pavan,logistics,2,2,7,fallback_support,2,1,0,service_quality
Awesome very gud service,logistics,2,2,7,fallback_support,2,1,0,service_quality
Nice Behaviour Of The Delivery Person,logistics,2,2,7,behaviour,2,1,0,service_quality
Great but It was day before Yesterday planned delivery,logistics,1,2,7,fallback_support,2,1,0,service_quality
To deliver the items reached at your office at Pallikaranai the delivery staff has taken 3 days to deliver at my house at Medavakkam (15 minutes journey),logistics,0,0,7,fallback_support,1,0,1,service_quality
Pramod the delivery boy is excellent.,logistics,2,2,7,fallback_support,2,1,0,service_quality
Best1,logistics,2,2,7,fallback_support,2,1,0,service_quality
OTP problem persist,logistics,0,0,7,fallback_support,0,3,2,service_quality
Very good service. I am happy.,logistics,2,2,7,fallback_support,2,1,0,service_quality
All products are safe and secure and  fast service,logistics,2,2,7,fallback_support,2,1,0,service_quality
Quicker deliveries would be appreciated,logistics,1,1,7,fallback_support,2,0,0,service_quality
great job and best delevery,logistics,2,2,7,fallback_support,2,1,0,service_quality
Very nice I'm happy with it,logistics,2,2,7,fallback_support,2,1,0,service_quality
Thank you for delivering in time. Appreciate a lot.,logistics,2,2,7,fallback_support,2,1,0,service_quality
All good... keep it up????,logistics,2,2,7,fallback_support,2,1,0,service_quality
Service was good. Delivery man was really kind n humble .,logistics,2,2,7,fallback_support,2,1,0,service_quality
By calling when out for delivery,logistics,1,1,7,support,1,0,0,service_quality
Good job.Thank you so much,logistics,2,2,7,fallback_support,2,1,0,service_quality
All ok. But online tracking update not in time,logistics,1,1,4,tracking,1,0,1,tracking_updates
Good in dealing with custome,logistics,2,2,7,fallback_support,2,1,0,service_quality
On time delivery did the delivery arrived as expected,logistics,2,2,7,fallback_support,2,1,0,service_quality
Delivery person is very good. But the package was crushed badly.,logistics,0,0,7,fallback_support,0,3,2,service_quality
delivery is always on time thanks for the safe packing and on time delivery,logistics,2,2,7,fallback_support,2,1,0,service_quality
Didnot receive the packet yet,logistics,0,0,7,fallback_support,1,0,1,service_quality
Thank you print shoppy Jaise maine order diya tha vaise hi mujhe deliver Kiya Gaya bahut khush hai meri Beti Maine beti ke birthday ke liye banvaya tha and good service thank you,logistics,2,2,7,fallback_support,2,1,0,service_quality
Friendly and familar delivery boy,logistics,2,2,7,fallback_support,2,1,0,service_quality
It's awsm,logistics,2,2,7,fallback_support,2,1,0,service_quality
It would be better if the courier deliver the item on time as it is given on ordering receipt. Beside that everything is okay.,logistics,1,1,7,fallback_support,2,0,0,service_quality
Not good My watch are damaged I purchased first time very bad experience,logistics,0,0,5,damage_lost,0,4,3,damaged_package
Good parcel,logistics,2,2,7,fallback_support,2,1,0,service_quality
Mind boggling,logistics,1,1,7,fallback_support,1,0,0,service_quality
Superb delivery by Rishab,logistics,2,2,7,fallback_support,2,1,0,service_quality
Good service. But costlier than others.,logistics,1,2,7,fallback_support,2,1,0,service_quality
0 % satisfaction,logistics,0,0,7,fallback_support,1,0,1,service_quality
Excellent service. On time received the item,logistics,2,2,7,fallback_support,2,1,0,service_quality
Incomplete order delivery,logistics,0,0,7,fallback_support,1,0,1,service_quality
Amazing behaviour and friendly nature,logistics,2,2,7,behaviour,2,1,0,service_quality
Very co operative staff thanks a lot delivery wale paji??,logistics,2,2,7,fallback_support,2,1,0,service_quality
Hdhchxhx,logistics,1,1,7,fallback_support,1,0,0,service_quality
As usual your service is very good and thank you very much p? ? ?,logistics,2,2,7,fallback_support,2,1,0,service_quality
Delivery person is not polite. He should change his behaviour. Please advise him to polite and friendly.,logistics,0,0,2,behaviour,2,0,2,agent_behaviour
Very bad behavior of delivery man,logistics,0,0,7,behaviour,0,3,2,service_quality
Not no,logistics,1,1,7,fallback_support,1,0,0,service_quality
SupabGood,logistics,2,2,7,fallback_support,2,1,0,service_quality
The delivery agent was very humble ? and good behaviour and packaging of the product is also very good ?,logistics,2,2,7,behaviour,2,1,0,service_quality
Product is. Damige plz  return to my product  iam so daid,logistics,0,0,7,refund,0,4,3,service_quality
The service is fine till now.,logistics,1,1,7,fallback_support,1,0,0,service_quality
Excellent7g,logistics,1,2,7,fallback_support,2,1,0,service_quality
Please give delivery person's number so that it is easier to coordinate with him.,logistics,1,1,7,fallback_support,1,0,0,service_quality
Share the number of the delivery boy for coordination,logistics,1,1,7,fallback_support,1,0,0,service_quality
I havent recieved the shipment.,logistics,0,0,7,fallback_support,1,0,1,service_quality
Fraud with me,logistics,0,0,7,fallback_support,1,4,3,service_quality
Better?.,logistics,1,1,7,fallback_support,1,0,0,service_quality
Delivery is well,logistics,2,2,7,fallback_support,2,1,0,service_quality
It was a good service?,logistics,2,2,7,fallback_support,2,1,0,service_quality
Your delivery executive Ashok Kumar is very co-operative.,logistics,2,2,7,fallback_support,2,1,0,service_quality
Blue Dart service is excellent and unparalled in nature and it need not be explained further. I have been relying the services of the company for a long time and I always recommend this company to others of my friends & relatives.,logistics,2,2,7,fallback_support,2,1,0,service_quality
Order marked as delivered but it isn't. I do not have delivery agent number,logistics,0,0,7,fallback_support,1,0,1,service_quality
Very Polite behaviour and good person.,logistics,2,2,7,behaviour,2,1,0,service_quality
Well behaved and delivered timely,logistics,2,2,7,fallback_support,2,1,0,service_quality
We have not received any product and it is showing delivered to self.,logistics,0,0,7,damage_lost,0,4,3,service_quality
? Arrived in a soggy condition.,logistics,0,0,7,fallback_support,1,0,1,service_quality
Keep up the timely delivery and food works Regards Renee,logistics,2,2,7,fallback_support,2,1,0,service_quality
Good fragrance worthy price good experience,logistics,2,2,7,fallback_support,2,1,0,service_quality
Good service PromptIn time,logistics,2,2,7,fallback_support,2,1,0,service_quality
The product was not the same plz return this product to the company,logistics,0,0,7,refund,0,4,3,service_quality
Blue dart delivery service is very fast,logistics,2,2,7,fallback_support,2,1,0,service_quality
Advance timing of delivery notification,logistics,1,1,7,fallback_support,1,0,0,service_quality
I got my item as early as I could,logistics,2,2,7,fallback_support,2,1,0,service_quality
Product issue Order mentione--  camraReceived-- power Bank,logistics,0,0,7,fallback_support,0,3,2,service_quality
Good Person. He reached to door step without any calls which was good.,logistics,2,2,7,support,2,1,0,service_quality
Good secvice by arun ji,logistics,2,2,7,fallback_support,2,1,0,service_quality
Item has been marked delivered but I haven't received the package,logistics,0,0,7,fallback_support,1,0,1,service_quality
The package was sooooo bad! Like some products got opened and all... Seriously is that is how you guys deliver products?? Hated your service.,logistics,0,0,7,fallback_support,0,3,2,service_quality
Very late than show me first . But delivery agent is bad because he refused to come to my house say me to go to him which is 300m from my house,logistics,0,0,0,delay,0,3,2,delivery_failures
I really like this service,logistics,2,2,7,fallback_support,2,1,0,service_quality
Sorry' galti se,logistics,1,1,7,fallback_support,1,0,0,service_quality
The attitude and behaviour of the delivery boy was not good.,logistics,0,0,7,behaviour,2,1,2,service_quality
The delivery guys is fabulous,logistics,2,2,7,fallback_support,2,1,0,service_quality
Did not receive the shipment on time,logistics,0,0,7,damage_lost,1,0,0,service_quality
Your delivery guy requested OTP even before delivering the package,logistics,1,1,7,fallback_support,1,0,0,service_quality
Without call how delivery my card,logistics,0,0,7,support,1,0,1,service_quality
Please deliver in Khanamukh too,logistics,1,1,7,fallback_support,1,0,0,service_quality
Bad experience with delivery executive delivery boy did not deliver our product,logistics,0,0,7,fallback_support,0,3,2,service_quality
Delivery person accommodative Good experience,logistics,2,2,7,fallback_support,2,1,0,service_quality
Opt service,logistics,2,2,7,fallback_support,2,1,0,service_quality
Very nice packing... excellent sarvice,logistics,2,2,7,fallback_support,2,1,0,service_quality
Received wrong product I need that person number,logistics,0,0,7,fallback_support,0,3,2,service_quality
???? ?????? ????? ?? ?????? ??? ??????? ???? ???? ?? ??? ?? ??? ?? ?? ??? ????? ???? ??? ?? ??????? ??? ????-???? ??????? ??? ?? ???? ???? ?? ???? ???? ?? ???? ??,logistics,1,1,7,fallback_support,1,0,0,service_quality
Jerrie,logistics,1,1,7,fallback_support,1,0,0,service_quality
Shankar murmu,logistics,1,1,7,fallback_support,1,0,0,service_quality
Delivery boys are very good,logistics,2,2,7,fallback_support,2,1,0,service_quality
That was delivered to wrong address,logistics,0,0,1,wrong_delivery,0,3,2,wrong_delivery
Excellent services. Thanks blue dart for giving us a pleasant service,logistics,2,2,7,fallback_support,2,1,0,service_quality
I have not received delivery itself . I don?t know where it delivered,logistics,0,0,7,damage_lost,0,4,3,service_quality
Courier service partner ki call nahi ayi visit kar ki collect Kiya or courier partner argument kar raha tha,logistics,0,0,7,support,1,0,1,service_quality
I asked to cancel agebt also canceled it accordingly,logistics,1,1,7,fallback_support,1,0,0,service_quality
Delivered properly and before expected time.Nice service.Greetings of the day!!!Thanks.,logistics,2,2,7,fallback_support,2,1,0,service_quality
The courrier should be delivered to the flat after looking at identify,logistics,1,1,7,fallback_support,1,0,0,service_quality
Customer support number and handling is messy,logistics,0,0,3,support,1,0,1,customer_support
It's been 2 days since the product was at the nearest warehouse which is 2km away from my delivery location. Twice I visited and they said they will scan and will deliver it. Today i visited again and the package was lying there in one corner. So i had to visit there to finally get my product delivered. Pathetic service,logistics,0,0,7,fallback_support,1,0,1,service_quality
Delivered between 10am to 3pm is best for me,logistics,1,1,7,fallback_support,1,0,0,service_quality
Na.....,logistics,1,1,7,fallback_support,1,0,0,service_quality
Not best naresh,logistics,0,0,7,fallback_support,1,0,1,service_quality
All  good,logistics,2,2,7,fallback_support,2,1,0,service_quality
Product delivered within in 1 days and the delivery guy behaviour is s,logistics,2,2,7,behaviour,2,1,0,service_quality
Please issue valid Invoice for the future reference.,logistics,1,0,7,fallback_support,0,0,0,service_quality
Parcel has been reached Indore on 23/5/25 but delivered on 27/5 at 7 pm.The expected date of delivery was 24/5/25.,logistics,0,0,7,fallback_support,1,0,1,service_quality
Quick and humble person..and his voice tone is very good..,logistics,2,2,7,fallback_support,2,1,0,service_quality
Fastest delivery very good job???,logistics,2,2,7,fallback_support,2,1,0,service_quality
Its already better. Dilivery guy was friendly. Better give him a raise ?,logistics,2,2,7,fallback_support,2,1,0,service_quality
It was a credit card delivery and the delivery guy didn?t even checked my id and asked me for any otp. Very disappointed,logistics,0,0,7,fallback_support,1,0,1,service_quality
Great experiance Great Service,logistics,2,2,7,fallback_support,2,1,0,service_quality
such a fake product deliverd,logistics,0,0,7,fallback_support,0,3,2,service_quality
Everything is good.. ??,logistics,2,2,7,fallback_support,2,1,0,service_quality
Very poor service Customer Ko jab Kudha Lena Jana pade Apke office toh kya fayad Office open krne ka,logistics,0,0,7,fallback_support,0,3,2,service_quality
Nice smooth,logistics,2,2,7,fallback_support,2,1,0,service_quality
Ur delivery agent made delivery at 6:40 p.m while I eagarly waiting for the same from morning. He called and asked to take delivery by my wife. I replied only my son at home and he can take the percel. But he told original ID must be producing at the time of delivery. I requested him I am sharing the ID proof through whatsApp. Then he told u have to there with original ID proof. This is disgusting about ur delivery agent. Whereas two day ago I have received same type of percel after sharing my ID proof last four digit number. My question is what is ur actual delivery system?? Plz try to learn good behavior to ur delivery agent.,logistics,0,0,7,behaviour,2,2,2,service_quality
Very polite & quick service,logistics,2,2,7,fallback_support,2,1,0,service_quality
Delivery boy not coming home address,logistics,0,0,7,fallback_support,1,0,1,service_quality
Great service.The delivery boy was very polite and delivered product on time,logistics,2,2,7,fallback_support,2,1,0,service_quality
Delayed deli,logistics,0,0,0,delay,0,3,2,delivery_failures
The parcel was not delivered the opt was asked and the parcel was not delivered to Pauline jasmine,logistics,0,0,0,fallback_support,0,3,2,delivery_failures
Pay attention to delivery associate... They are bit irresponsible. Without any call or msg they marked as delivery attempted. And this is wrong.,logistics,0,0,7,support,0,3,2,service_quality
Were poor service,logistics,0,0,7,fallback_support,0,3,2,service_quality
Fake item it's to bad I lose 800 rupees,logistics,0,0,7,fallback_support,0,3,2,service_quality
This delivery executive sometimes marks my some order as delivery attempted even when it was not attempted,logistics,0,0,0,fallback_support,1,0,1,delivery_failures
Better service good job,logistics,2,2,7,fallback_support,2,1,0,service_quality
Very nice and good polite person,logistics,2,2,7,fallback_support,2,1,0,service_quality
Good service Dilveary boy is excellent,logistics,2,2,7,fallback_support,2,1,0,service_quality
The are great,logistics,2,2,7,fallback_support,2,1,0,service_quality
Good and fast india delivery,logistics,2,2,7,fallback_support,2,1,0,service_quality
Smooth delivery experience with Blue Dart. Appreciate the professionalism.,logistics,2,2,7,fallback_support,2,1,0,service_quality
Useless service. Made name sit at home for 3 days. I had to personally go and collect my parcel. Disgusted,logistics,0,0,7,fallback_support,1,0,1,service_quality
Your nice service and very good,logistics,2,2,7,fallback_support,2,1,0,service_quality
Myself  delivered,logistics,1,1,7,fallback_support,1,0,0,service_quality
Two days delayed,logistics,0,0,0,delay,0,3,2,delivery_failures
The boy doesn't have the manners to talk,logistics,0,0,7,fallback_support,1,0,1,service_quality
Always lie about delivery. They show fake reasons for not delivering the parcel.,logistics,0,0,7,fallback_support,0,3,2,service_quality
Delivery partner nature is amiable,logistics,2,2,7,fallback_support,2,1,0,service_quality
Mere sth froud hua h.,logistics,0,0,7,fallback_support,1,0,1,service_quality
I happy with blue dart,logistics,2,2,7,fallback_support,2,1,0,service_quality
Delivery partner was so nice ?,logistics,2,2,7,fallback_support,2,1,0,service_quality
Great Service and On-time Delivery,logistics,2,2,7,fallback_support,2,1,0,service_quality
hdbdbfbfbf,logistics,1,1,7,fallback_support,1,0,0,service_quality
Polite agent and was aware of the location and delivered on time.,logistics,2,2,7,fallback_support,2,1,0,service_quality
Very good person ?????,logistics,2,2,7,fallback_support,2,1,0,service_quality
Very good nd nice behaviour,logistics,2,2,7,behaviour,2,1,0,service_quality
Mobile number of delivery boy must be mentioned in delivery SMS,logistics,1,1,7,fallback_support,1,0,0,service_quality
Neet to return my oder,logistics,0,0,7,refund,0,4,3,service_quality
Blue Dart services are very very fine everywhere,logistics,2,2,7,fallback_support,2,1,0,service_quality
Important parcel not delivered and delivery agent mark it as completed.,logistics,0,0,0,fallback_support,0,3,2,delivery_failures
Reached the location easily without much calls. And delivered on time.,logistics,2,2,7,support,2,1,0,service_quality
It's really a good experience with this courier.Excellent service...,logistics,2,2,7,fallback_support,2,1,0,service_quality
The product is physically damaged and accessories are missing and issue is not resolved.,logistics,0,0,5,damage_lost,0,4,3,damaged_package
Xhxbcn nclhzm,logistics,1,1,7,fallback_support,1,0,0,service_quality
Delivery process highly satisfied.,logistics,2,2,7,fallback_support,2,1,0,service_quality
Seamless service by delivery person,logistics,2,2,7,fallback_support,2,1,0,service_quality
Timely and smooth delivery of my order from fnp,logistics,2,2,7,fallback_support,2,1,0,service_quality
The courier boy was very,logistics,1,1,7,fallback_support,1,0,0,service_quality
2km ???? ?? ???? ???? ????? ???? ?? ??? ????? ???? ?? ??? location ??? vha ??? ??? ?? ???? ???,logistics,0,0,7,fallback_support,1,0,1,service_quality
All ok. Keep it up,logistics,2,2,7,fallback_support,2,1,0,service_quality
The item was too cool and price also good,logistics,2,2,7,fallback_support,2,1,0,service_quality
Great experience... Vry hppy... Nd vry fast delivery...,logistics,2,2,7,fallback_support,2,1,0,service_quality
Delivery was fast and secure,logistics,2,2,7,fallback_support,2,1,0,service_quality
Medicines should be delivered on priority. 2 full days is TOO much time.,logistics,0,0,7,fallback_support,1,0,1,service_quality
Good Sevicce,logistics,2,2,7,fallback_support,2,1,0,service_quality
The attenders not respond propely they have neglected customer service,logistics,0,0,7,support,1,0,1,service_quality
Good & Quick service provided by Blue Dart delivery,logistics,2,2,7,fallback_support,2,1,0,service_quality
Good behaviour and genuine guy,logistics,2,2,7,behaviour,2,1,0,service_quality
Material delivered in broken condition,logistics,0,0,5,damage_lost,0,4,3,damaged_package
Service excellent  he callede one time for the adress my address very difficult to find....,logistics,2,2,7,support,2,1,0,service_quality
Really good service and product quality is very good quality thank you so much,logistics,2,2,7,fallback_support,2,1,0,service_quality
Debasish is a very good biker,logistics,2,2,7,fallback_support,2,1,0,service_quality
Very quick and smooth delivery experience,logistics,2,2,7,fallback_support,2,1,0,service_quality
Not good Sigla one product,logistics,0,0,7,fallback_support,2,1,1,service_quality
excellent excellent good job excellent excellent work excellent excellent,logistics,2,2,7,fallback_support,2,1,0,service_quality
My parcel was lost it took 1 hour to trace i had to go to a place where the shop is in Ghatkopar kam raj nagar which was not easily traceable no name horrible service no man power to support sadly to say for the frst tym kindly upgrade n update about it,logistics,0,0,5,damage_lost,0,4,3,damaged_package
Courier was kind and frank,logistics,2,2,7,fallback_support,2,1,0,service_quality
Thank you for the seamless delivery,logistics,2,2,7,fallback_support,2,1,0,service_quality
You have delivered modules 2 times but I still didn't get goddies,logistics,0,0,7,fallback_support,1,0,1,service_quality
Delivery agent was calm and polite.,logistics,2,2,7,fallback_support,2,1,0,service_quality
Parsal riturn,logistics,0,0,7,fallback_support,1,0,1,service_quality
Exceptionally good service,logistics,2,2,7,fallback_support,2,1,0,service_quality
Bharat Kumar,logistics,1,1,7,fallback_support,1,0,0,service_quality
Mera atm aur cheque book tumhare bande ne kisi galat address wale ko de diya hai poora area dundh liya dophar se lekin abhi tak mera documents nhi mile usko bolo aake mujhe mera documents deke jaaye nhi to kal complaint kar dunga ye log sahi se service nhi dete hai,logistics,0,0,7,support,0,3,2,service_quality
Bekar service verry bad Muje khud receive karne Jana pada office And staff behaviour also had Poor service blue dart,logistics,0,0,7,behaviour,0,3,2,service_quality
pleased with delivery,logistics,2,2,7,fallback_support,2,1,0,service_quality
Superb person and very kind and helpfull,logistics,2,2,7,fallback_support,2,1,0,service_quality
Maintaining consistency in prompt deliveries as you are doing now,logistics,2,2,7,fallback_support,2,1,0,service_quality
Wrong item receipt,logistics,0,0,7,fallback_support,0,3,2,service_quality
Awesome delivery time ??v,logistics,2,2,7,fallback_support,2,1,0,service_quality
I got canceled many times and the status wasn?t updated timely,logistics,0,0,7,fallback_support,2,0,1,service_quality
Satisfied?.,logistics,2,2,7,fallback_support,2,1,0,service_quality
Amarsingh,logistics,1,1,7,fallback_support,1,0,0,service_quality
Keep up good services.,logistics,2,2,7,fallback_support,2,1,0,service_quality
Tiabnzbxn,logistics,1,1,7,fallback_support,1,0,0,service_quality
GOOD SERVICE GOOD BEHEVIOUR,logistics,2,2,7,fallback_support,2,1,0,service_quality
the service was satisfactory,logistics,1,1,7,fallback_support,1,0,0,service_quality
Good person and nice experience with him,logistics,2,2,7,fallback_support,2,1,0,service_quality
Very w,logistics,1,1,7,fallback_support,1,0,0,service_quality
Not a delivery,logistics,0,0,7,fallback_support,1,0,1,service_quality
Blue dart delivery boy is very nice to meet you thanks visit again and thanks for blue dart ru,logistics,2,2,7,fallback_support,2,1,0,service_quality
Deliver  early as expected. Thanks,logistics,2,2,7,fallback_support,2,1,0,service_quality
Good Attitute.,logistics,2,2,7,fallback_support,2,1,0,service_quality
Very diligently the person had delivered.,logistics,2,2,7,fallback_support,2,1,0,service_quality
Polite and very good in service.,logistics,2,2,7,fallback_support,2,1,0,service_quality
Did not tried to reattempt for delivery.,logistics,0,0,7,fallback_support,1,0,1,service_quality
Good service but can inform real time update on the time of delivery,logistics,1,2,7,fallback_support,2,1,0,service_quality
Today's delivery boy did his job well,logistics,2,2,7,fallback_support,2,1,0,service_quality
This is a totally wrong information.. The shipment is not delivered... not delivered.... not delivered,logistics,0,0,0,fallback_support,0,3,2,delivery_failures
v v good,logistics,2,2,7,fallback_support,2,1,0,service_quality
It was good interaction,logistics,2,2,7,fallback_support,2,1,0,service_quality
Fast and polite service.,logistics,2,2,7,fallback_support,2,1,0,service_quality
Prompt delivery and informed and behaved politely. I like blue dart courier very much ?,logistics,2,2,7,fallback_support,2,1,0,service_quality
Not delivered on time ?,logistics,0,0,0,delay,0,3,2,delivery_failures
PackGe was open and changes the product,logistics,0,0,7,fallback_support,1,0,1,service_quality
Thankyou for kind service ??,logistics,2,2,7,fallback_support,2,1,0,service_quality
Tthhh,logistics,1,1,7,fallback_support,1,0,0,service_quality
Your service are so superb,logistics,2,2,7,fallback_support,2,1,0,service_quality
Good service ... happy,logistics,2,2,7,fallback_support,2,1,0,service_quality
The package was marked as ?Out for Delivery? for two consecutive days,logistics,0,0,7,fallback_support,1,0,1,service_quality
Pl. Try to improve,logistics,1,1,7,fallback_support,1,0,0,service_quality
The experience was pretty good.,logistics,2,2,7,fallback_support,2,1,0,service_quality
I got same tom form perfumes and it?s like a water form refund my money,logistics,0,0,7,refund,0,4,3,service_quality
"Your courier service is terrible and a joke. First you said delivery is on 24/52025 then changed to 25/5/2925. Then it was changed to 2 Jun 2025 then again changed to 27/5/2025. Does the idiots running bluedart realise the inconvenience you cause us. I had to reschedule visits to the Hospital to take my wife to be at home to receive your stupid delivery. Only you have ""Network connection delays"" . I am getting deliveries from Amazon",logistics,0,0,0,delay,0,3,2,delivery_failures
Delivery man should some money on them for example 20 rupees-100 rupees,logistics,1,1,7,fallback_support,1,0,0,service_quality
Had an excellent experience,logistics,2,2,7,fallback_support,2,1,0,service_quality
BEST PERFORMENCE,logistics,2,2,7,fallback_support,2,1,0,service_quality
He is good sincere and kind.,logistics,2,2,7,fallback_support,2,1,0,service_quality
Your delivery executive is indeed a very dedicated person,logistics,2,2,7,fallback_support,2,1,0,service_quality
Delivered to third person without my ID proof and OTP,logistics,0,0,7,fallback_support,1,0,1,service_quality
Great work. Keep working as diligently,logistics,2,2,7,fallback_support,2,1,0,service_quality
Good service especially the delivery agent,logistics,2,2,7,fallback_support,2,1,0,service_quality
Kindly improve,logistics,1,1,7,fallback_support,1,0,0,service_quality
Thank you for fast service ?,logistics,2,2,7,fallback_support,2,1,0,service_quality
Kindly do the delivery on time,logistics,1,1,7,fallback_support,2,0,0,service_quality
I didn't received the correct order they cheated,logistics,0,0,7,fallback_support,1,4,3,service_quality
He was on time and seemed like a nice guy,logistics,2,2,7,fallback_support,2,1,0,service_quality
Good response time,logistics,2,2,7,fallback_support,2,1,0,service_quality
Delivered bt delivery personells not gave proper information about delivery and not Delivered all items even they carry it with them so please improve u r service &gave my remaining items as early as possible,logistics,0,0,0,fallback_support,0,3,2,delivery_failures
Till now I didn't receive the parcel,logistics,0,0,7,fallback_support,1,0,1,service_quality
U have to exchange my order,logistics,0,0,7,refund,0,4,3,service_quality
Be on exact location,logistics,1,1,7,fallback_support,1,0,0,service_quality
Excellent service from BLUE DART,logistics,2,2,7,fallback_support,2,1,0,service_quality
Very good service by brijesh,logistics,2,2,7,fallback_support,2,1,0,service_quality
Very good bhai log,logistics,2,2,7,fallback_support,2,1,0,service_quality
the product has changed,logistics,0,0,7,fallback_support,1,0,1,service_quality
No iam not satisfy,logistics,0,0,7,fallback_support,1,0,1,service_quality
Integrate Google maps with your parcel delivery service to track more precisely.,logistics,1,1,4,tracking,1,0,1,tracking_updates
Thank you for delivering the product. However,logistics,1,2,7,fallback_support,2,0,0,service_quality
Good service Akshay nice work exlent working on,logistics,2,2,7,fallback_support,2,1,0,service_quality
Not at all this very best delivery,logistics,0,0,7,fallback_support,1,0,1,service_quality
Fast delivery and delivery boy behaviour is so nice,logistics,2,2,7,behaviour,2,1,0,service_quality
Package is broken & open condition.,logistics,0,0,5,damage_lost,0,4,3,damaged_package
Best and too good thank,logistics,2,2,7,fallback_support,2,1,0,service_quality
This notmy o,logistics,1,1,7,fallback_support,1,0,0,service_quality
Staff behaviour is to good,logistics,2,2,7,behaviour,2,1,0,service_quality
haven? received my product yet and in app they are showing item delivered,logistics,0,0,7,fallback_support,1,0,1,service_quality
Great delivery experience smooth and silent. kind delivery men,logistics,2,2,7,fallback_support,2,1,0,service_quality
Very good service n behaviour,logistics,2,2,7,behaviour,2,1,0,service_quality
1 your courier partner call for 1st time only they never call when rescheduled and take back the parcel ... Over all you never satisfied,logistics,0,0,7,support,2,1,1,service_quality
Doing well now,logistics,2,2,7,fallback_support,2,1,0,service_quality
I want to exanj or money back,logistics,0,0,7,refund,0,4,3,service_quality
I made payment for 3 items but received only 2 items.,logistics,0,0,7,fallback_support,1,0,1,service_quality
Got fake product. Not happy with the delivery,logistics,0,0,7,fallback_support,0,3,2,service_quality
It was good and quick.,logistics,2,2,7,fallback_support,2,1,0,service_quality
U guys doing good job,logistics,2,2,7,fallback_support,2,1,0,service_quality
appreciate,logistics,2,2,7,fallback_support,2,1,0,service_quality
Behavior of delivery boy is very kind,logistics,2,2,7,behaviour,2,1,0,service_quality
The delivery boy was so kind and humble.,logistics,2,2,7,fallback_support,2,1,0,service_quality
Excellent. KEEP IT UP.,logistics,2,2,7,fallback_support,2,1,0,service_quality
Very good very fast brilliant ? ? ? 8,logistics,2,2,7,fallback_support,2,1,0,service_quality
Good and much better,logistics,2,2,7,fallback_support,2,1,0,service_quality
Best service...Still improvement has no limit.....,logistics,2,2,7,fallback_support,2,1,0,service_quality
Excellent service done by bluedot carrier,logistics,2,2,7,fallback_support,2,1,0,service_quality
10/10 for delivery patner,logistics,2,2,7,fallback_support,2,1,0,service_quality
Not at all satisfied with the delivery The delivery boy never comes in front of my house instead he stands outside my lane and when I told him to deliver it in front of my house he rudely refused and after an argument he said to take the delivery directly from main office Please help me with my issue,logistics,0,0,2,behaviour,0,3,2,agent_behaviour
Parcel was received by me. My name is not prakash my name is Preksha. Please write and spell properly.,logistics,1,1,7,fallback_support,1,0,0,service_quality
The delivery OTP and tracking details should also come on the email ID.,logistics,1,1,4,tracking,1,0,1,tracking_updates
I obsessed this productsI love itDelivery was good,logistics,2,2,7,fallback_support,2,1,0,service_quality
Really super products..,logistics,2,2,7,fallback_support,2,1,0,service_quality
Amazing service. Very cooperative delivery boy,logistics,2,2,7,fallback_support,2,1,0,service_quality
Very well and very fast ??,logistics,2,2,7,fallback_support,2,1,0,service_quality
Fabulous service from blue dart in the rainy season Mr pavan,logistics,2,2,7,fallback_support,2,1,0,service_quality
Delivery should be done on the same day as the fixed delivery date in any case.,logistics,1,1,7,fallback_support,1,0,0,service_quality
I am very saponite,logistics,0,0,7,fallback_support,1,0,1,service_quality
The delivery was not a door step delivery and I had to walk 300 meters while the delivery person was standing right there. He refused to come to door as the road condition was bad but one has to understand if u can walk he can drive as well right.,logistics,0,0,7,fallback_support,0,3,2,service_quality
6.96E+11,logistics,1,1,7,fallback_support,1,0,0,service_quality
The package delivered was already opened.Just like the quality of the book is also not good...looks like someone has changed the book and placed a zerox book instead of original one.,logistics,0,0,7,fallback_support,2,1,1,service_quality
Delivery boy good behavior nice coperate,logistics,2,2,7,behaviour,2,1,0,service_quality
Excellent service by bludrt ..??,logistics,2,2,7,fallback_support,2,1,0,service_quality
I have to go to the bludart office and have to collect my order the delievery boy did?nt carry my order by saying its very big and delayed it for 2 days after that i went to bludart office then i got my order,logistics,0,0,0,delay,0,3,2,delivery_failures
It's different from what u shown in video bakwas  don't buy this product,logistics,0,0,7,fallback_support,1,0,1,service_quality
The delivery person is very known to this address and very humble.,logistics,2,2,7,fallback_support,2,1,0,service_quality
The package was torn and products were damaged when I received it.,logistics,0,0,5,damage_lost,0,4,3,damaged_package
Maybe deliver a little bit more fast,logistics,1,1,7,fallback_support,2,0,0,service_quality
This is perfect deliver.,logistics,2,2,7,fallback_support,2,1,0,service_quality
I have not received the courier. Even not provided the OTP. Kindly confirm where is the courier. It is given to Ashmitha. I don't know who is she. With out my consent how it is delivered?,logistics,0,0,7,damage_lost,0,4,3,service_quality
Sensor motion light is not working properly,logistics,0,0,7,fallback_support,1,0,1,service_quality
Great thing,logistics,2,2,7,fallback_support,2,1,0,service_quality
The delivery system of blue dirt is very fast .  This order was booked very before but the company did not move it in time. However there no later delivery by blue dirt,logistics,1,0,0,delay,0,0,1,delivery_failures
Well satisfied..,logistics,2,2,7,fallback_support,2,1,0,service_quality
I received call prior to delivery. Continue this type of service,logistics,2,2,7,support,2,1,0,service_quality
Please try to upgrade your delivery boys Behaviour,logistics,1,1,7,behaviour,1,0,0,service_quality
Be truthful and honest with your duties,logistics,1,1,7,fallback_support,1,0,0,service_quality
Appreciate for service.,logistics,2,2,7,fallback_support,2,1,0,service_quality
It's good the delivery is exactly on time I am happy ? want to book something else in future also,logistics,2,2,7,fallback_support,2,1,0,service_quality
When we call ur customer care it's not working at all.. Pls do the needful.. How can we contact the customer care representative? Or add alternative number... Pls,logistics,0,0,3,support,1,0,1,customer_support
Your delivery boy behaviour is very bad ?,logistics,0,0,7,behaviour,0,3,2,service_quality
No contact given,logistics,0,0,7,support,1,0,1,service_quality
So good and product quality is also good and delivery is fast,logistics,2,2,7,fallback_support,2,1,0,service_quality
The delivery guy didn't deliver door step.,logistics,0,0,7,fallback_support,1,0,1,service_quality
Product  0 0,logistics,1,1,7,fallback_support,1,0,0,service_quality
Excellent dilevery. Very happy,logistics,2,2,7,fallback_support,2,1,0,service_quality
Like.,logistics,2,2,7,fallback_support,2,1,0,service_quality
I? really humbled the way delivery person without hesitation climbs up to the second floor for delivery without arrogance which some people do. So thank you so much!!,logistics,2,2,7,fallback_support,2,1,0,service_quality
Best service everDelivery guy was very polite,logistics,2,2,7,fallback_support,2,1,0,service_quality
Thank you for always giving us best service.,logistics,2,2,7,fallback_support,2,1,0,service_quality
Very fast nd good behaviour delivery man.,logistics,2,2,7,behaviour,2,1,0,service_quality
verry verry good service,logistics,2,2,7,fallback_support,2,1,0,service_quality
Quick n safe delivery.,logistics,2,2,7,fallback_support,2,1,0,service_quality
Fhchhchch,logistics,1,1,7,fallback_support,1,0,0,service_quality
Had to collect order from courier ofc because they dint assign delivery agents. Worst service,logistics,0,0,7,fallback_support,0,3,2,service_quality
Nyc services tx blue dart,logistics,2,2,7,fallback_support,2,1,0,service_quality
Awesome delivery person. Nice service.Thank you so much.,logistics,2,2,7,fallback_support,2,1,0,service_quality
The delivery man is rude,logistics,0,0,2,behaviour,0,3,2,agent_behaviour
Best executives in the world ?,logistics,2,2,7,fallback_support,2,1,0,service_quality
The delivery agent was great,logistics,2,2,7,fallback_support,2,1,0,service_quality
Delivery man on tym nd polite,logistics,2,2,7,fallback_support,2,1,0,service_quality
Ghatiya packing pura neckband toota hua aaya hai box to dikh bhi nhi raha kidhar hai bakwas service hai,logistics,0,0,7,fallback_support,1,0,1,service_quality
You are calling me through your app,logistics,1,1,7,support,1,0,0,service_quality
Fast and ontime,logistics,2,2,7,fallback_support,2,1,0,service_quality
Gulshan is Very hardworking employee,logistics,2,2,7,fallback_support,2,1,0,service_quality
Timely delivered and the delivery person very honest,logistics,2,2,7,fallback_support,2,1,0,service_quality
Your representative is polite and respectful,logistics,2,2,7,fallback_support,2,1,0,service_quality
Delivery boy behaviour is soo good and I like the delivery time ??,logistics,2,2,7,behaviour,2,1,0,service_quality
Hdjj,logistics,1,1,7,fallback_support,1,0,0,service_quality
It' fake item....,logistics,0,0,7,fallback_support,0,3,2,service_quality
I hate you Jo photos me tha vo to hai nhi,logistics,0,0,7,fallback_support,1,0,1,service_quality
Very polite and respectful delivery man and their behaviour,logistics,2,2,7,behaviour,2,1,0,service_quality
He was asking for direction but he didn't deliver the product on that he deliver the product after the day.. anyways his behaviour was good.,logistics,1,2,7,behaviour,2,1,0,service_quality
Delivery was good and convenient.,logistics,2,2,7,fallback_support,2,1,0,service_quality
I was at home my friend picked my parcel ?,logistics,1,1,7,fallback_support,1,0,0,service_quality
Delivery agent was co-operative and helpful,logistics,2,2,7,fallback_support,2,1,0,service_quality
Nice behaviour and timing,logistics,2,2,7,behaviour,2,1,0,service_quality
Worst  product,logistics,0,0,7,fallback_support,0,3,2,service_quality
Very late delivery everytimePathetic service ever,logistics,0,0,0,delay,0,3,2,delivery_failures
It was an ontime delivery. Delivery man was kind and reached location with no calls. Product reached safely.,logistics,2,2,2,behaviour,2,1,0,agent_behaviour
Very nice service and courier boy behave ????,logistics,2,2,7,fallback_support,2,1,0,service_quality
Muzhe parsal galat mil gays,logistics,0,0,7,fallback_support,1,0,1,service_quality
Received wrong item and broke making fraud business,logistics,0,0,7,fallback_support,0,4,3,service_quality
Service already very good? ??????????????,logistics,2,2,7,fallback_support,2,1,0,service_quality
My product is totally wrong ?,logistics,0,0,7,fallback_support,0,3,2,service_quality
Tuptup Bag,logistics,1,1,7,fallback_support,1,0,0,service_quality
Great service! Very prompt delivery,logistics,2,2,7,fallback_support,2,1,0,service_quality
8tfufuf,logistics,1,1,7,fallback_support,1,0,0,service_quality
Delivery is and also product good quality,logistics,2,2,7,fallback_support,2,1,0,service_quality
The items i received were in mint condition and 0 damage and fast delivery in just 2 days,logistics,2,0,7,damage_lost,1,0,0,service_quality
The delivery man was very polite and good and very friendly,logistics,2,2,7,fallback_support,2,1,0,service_quality
It's fast and secure service  the delivery agent is also good behavior and humble. Good nature,logistics,2,2,7,behaviour,2,1,0,service_quality
The executive was well professional,logistics,2,2,7,fallback_support,2,1,0,service_quality
Fast service and skilled staff,logistics,2,2,7,fallback_support,2,1,0,service_quality
I like it ????,logistics,2,2,7,fallback_support,2,1,0,service_quality
Welcome done good job,logistics,2,2,7,fallback_support,2,1,0,service_quality
My package delivery was delayed by two days.,logistics,0,0,0,delay,0,3,2,delivery_failures
Good service lavkush,logistics,2,2,7,fallback_support,2,1,0,service_quality
I did not receive my package and the status showed as delivered I demand a call from your team.Kindly resolve this issue at the earliest,logistics,0,0,7,damage_lost,0,4,3,service_quality
Wrong item delivered bed,logistics,0,0,7,fallback_support,0,3,2,service_quality
Ordered on 11th may received on 27 th may . make delivery faster,logistics,0,0,7,fallback_support,2,0,1,service_quality
No need to action...,logistics,1,1,7,fallback_support,1,0,0,service_quality
Interaction with staff was good,logistics,2,2,7,fallback_support,2,1,0,service_quality
Delivery agent is not good,logistics,0,0,7,fallback_support,2,1,1,service_quality
They were telling me my correct address is wrong for the last four days,logistics,0,0,7,fallback_support,0,3,2,service_quality
Politely spoken behaviour.,logistics,2,2,7,behaviour,2,1,0,service_quality
hamid,logistics,1,1,7,fallback_support,1,0,0,service_quality
Such,logistics,1,1,7,fallback_support,1,0,0,service_quality
Very best service.timly arrival,logistics,2,2,7,fallback_support,2,1,0,service_quality
Love the Delievery! The delivery man was so patient and not at all rude! Very sweet.,logistics,2,0,2,behaviour,0,3,2,agent_behaviour
On time delivery is subject to good,logistics,1,2,7,fallback_support,2,1,0,service_quality
Delivered to wrong person ..some one you mental Vishal nale,logistics,0,0,1,wrong_delivery,0,3,2,wrong_delivery
Superbc,logistics,2,2,7,fallback_support,2,1,0,service_quality
no no nothing everything is nice,logistics,2,2,7,fallback_support,2,1,0,service_quality
Best and fast delivery ever ! Nothing need to changed ? blue dirt is best,logistics,2,2,7,fallback_support,2,1,0,service_quality
Thank you for good response,logistics,2,2,7,fallback_support,2,1,0,service_quality
You are doing well!,logistics,2,2,7,fallback_support,2,1,0,service_quality
It?s to good service because it?s give my product one day early thank you so much,logistics,2,2,7,fallback_support,2,1,0,service_quality
Wonder ful service I ever experience by blue dart thanks,logistics,2,2,7,fallback_support,2,1,0,service_quality
Delivery agent was good at servings this order and very polite.,logistics,2,2,7,fallback_support,2,1,0,service_quality
Not delivered home address delivery 10 km,logistics,0,0,0,fallback_support,0,3,2,delivery_failures
Continue excellence in your services & timely deliveries.,logistics,2,2,7,fallback_support,2,1,0,service_quality
Consistently on time,logistics,2,2,7,fallback_support,2,1,0,service_quality
So safe Neelam,logistics,2,2,7,fallback_support,2,1,0,service_quality
Shipment didn?t get delivered,logistics,0,0,7,fallback_support,1,0,1,service_quality
Good work..nyc behaviour.... Overall very good service....,logistics,2,2,7,behaviour,2,1,0,service_quality
The worst service. You guys just know how to hold the packages in your basement for months.,logistics,0,0,7,fallback_support,0,3,2,service_quality
Service is good continue,logistics,2,2,7,fallback_support,2,1,0,service_quality
One day u update incomplete address & next day u deliver product on same address without any communication or update in address...what kind of fool you making to customer...,logistics,0,0,7,fallback_support,1,0,1,service_quality
Behave nicely,logistics,1,2,7,fallback_support,2,0,0,service_quality
The delivery executive was very fast and sweet.,logistics,2,2,7,fallback_support,2,1,0,service_quality
It?s a good experience,logistics,2,2,7,fallback_support,2,1,0,service_quality
The delivery was delayed too much. Had to reach out to the local office to get it.,logistics,0,0,0,delay,0,3,2,delivery_failures
Very very good person delivery man thank you blue dart,logistics,2,2,7,fallback_support,2,1,0,service_quality
Thanks bluedart and kotak mahindra Nice service,logistics,2,2,7,fallback_support,2,1,0,service_quality
Size was big,logistics,0,0,7,fallback_support,1,0,1,service_quality
All the products were different and served bad things and completely a different order with a bottle of urine,logistics,0,0,7,fallback_support,0,3,2,service_quality
Services were superb,logistics,2,2,7,fallback_support,2,1,0,service_quality
Delay service I am currier self pick up 10 km from warehouse,logistics,0,0,0,delay,0,3,2,delivery_failures
U should improve,logistics,1,1,7,fallback_support,1,0,0,service_quality
POLITE AND HUMBLE.,logistics,2,2,7,fallback_support,2,1,0,service_quality
I had not received the package. To whom it was delivered?,logistics,0,0,7,damage_lost,0,4,3,service_quality
I didn't received the order ... I have asked to cancel. But it's mentioned deli,logistics,0,0,7,fallback_support,1,0,1,service_quality
Very humble and active perosn,logistics,2,2,7,fallback_support,2,1,0,service_quality
The package was delivered in a damaged state.,logistics,0,0,5,damage_lost,0,4,3,damaged_package
Executive lied to say we were not available & delayed rhe delivery by a day Where is the point in giving extra money to blow dart for fast delivery??? Also he has lied about who it was delivers to - there is no mr Jaya here ?. Blue dart really has to look into the decline if its service,logistics,0,0,0,delay,0,3,2,delivery_failures
Good personalised service,logistics,2,2,7,fallback_support,2,1,0,service_quality
Very happy with the product and shipment.it reached very fast and on time.,logistics,2,2,7,fallback_support,2,1,0,service_quality
He just left important packet without asking OTP to my servant,logistics,0,0,7,fallback_support,1,0,1,service_quality
Excellent delivery agents. Other courier company should learn from you,logistics,2,2,7,fallback_support,2,1,0,service_quality
Sudjdjjdjdjfj,logistics,1,1,7,fallback_support,1,0,0,service_quality
They don't deliver at my location. They dilivery 10 km away from my home,logistics,0,0,7,fallback_support,1,0,1,service_quality
Actually the courier was received in my Firm by our Staff but OTP was not asked by  the delivery boy. What is purpose of the OTP! How it was delivered without asking the OTP?,logistics,0,0,7,fallback_support,1,0,1,service_quality
Better experience in future,logistics,1,1,7,fallback_support,1,0,0,service_quality
Should be more faster,logistics,1,1,7,fallback_support,2,0,0,service_quality
Delivery executive well mannered and always on time.,logistics,2,2,7,fallback_support,2,1,0,service_quality
tab,logistics,1,1,7,fallback_support,1,0,0,service_quality
No commentsd,logistics,1,1,7,fallback_support,1,0,0,service_quality
The delivery anna was very kind and polite,logistics,2,2,7,fallback_support,2,1,0,service_quality
Thank you for calling before delivery of the parcel,logistics,2,2,7,support,2,1,0,service_quality
Sir mene you tube per trousers dekha tha our uha se order Kiya bute size small and other trousers received not satisfied. How to refund my trousers. Plz sent coustomer contact no and share link. Immediate action plz,logistics,0,0,7,refund,1,1,0,service_quality
Service should be improve more,logistics,1,1,7,fallback_support,1,0,0,service_quality
VERY HUMBLE GUY,logistics,2,2,7,fallback_support,2,1,0,service_quality
Delivery staff was great!,logistics,2,2,7,fallback_support,2,1,0,service_quality
timely delivery. humble delivery person. satisfied,logistics,2,2,7,fallback_support,2,1,0,service_quality
Nice Services Provided by Blue Dart ?,logistics,2,2,7,fallback_support,2,1,0,service_quality
Please keep it up excellent,logistics,2,2,7,fallback_support,2,1,0,service_quality
Blue Dart ke sath sabse Bura Anubhav,logistics,0,0,7,fallback_support,1,0,1,service_quality
Nothing excellent service,logistics,2,2,7,fallback_support,2,1,0,service_quality
Ni Lena hai,logistics,0,0,7,fallback_support,1,0,1,service_quality
Keep it up to,logistics,2,2,7,fallback_support,2,1,0,service_quality
Excellent service and nice behaviour,logistics,2,2,7,behaviour,2,1,0,service_quality
The item delivered in time,logistics,2,2,7,fallback_support,2,1,0,service_quality
It?s good as you r doing,logistics,2,2,7,fallback_support,2,1,0,service_quality
Safe and fast handling,logistics,2,2,7,fallback_support,2,1,0,service_quality
Phone case I receive was so good..,logistics,2,2,7,fallback_support,2,1,0,service_quality
The delivery agent was prompt. I got the delivery at 10 in the night. He is definitely hard working guy.,logistics,2,2,7,fallback_support,2,1,0,service_quality
Excellent service thnks nykaa for the lovely gift?,logistics,2,2,7,fallback_support,2,1,0,service_quality
Best courier and a good delivery boy ??,logistics,2,2,7,fallback_support,2,1,0,service_quality
Good timely delivery.  Thanks,logistics,2,2,7,fallback_support,2,1,0,service_quality
Supperrrr,logistics,2,2,7,fallback_support,2,1,0,service_quality
Very good services. Courier delivered at our convenience without any hassles. Very cooperative.,logistics,2,2,7,fallback_support,2,1,0,service_quality
If the person is not there I.e if the door is locked they can hand it over to the next door after getting signature from them or they can call them and get our consent,logistics,1,1,7,support,1,0,0,service_quality
Please change my order and refund money,logistics,0,0,7,refund,0,4,3,service_quality
Good service parcel delivered within two days....,logistics,2,2,7,fallback_support,2,1,0,service_quality
bht bdiya bnda tha bhai delevery wala bht bdiya excellent ??,logistics,2,2,7,fallback_support,2,1,0,service_quality
Nice? delivered my debit card,logistics,2,2,7,fallback_support,2,1,0,service_quality
Satisfied with timely delivery.,logistics,2,2,7,fallback_support,2,1,0,service_quality
Ok and Fine,logistics,1,1,7,fallback_support,1,0,0,service_quality
Purv quality tour,logistics,1,1,7,fallback_support,1,0,0,service_quality
I ordered my product on 18 may and received on 28It was plants for my planted aquariumAll melt now its of no use who will be responsible for this who will replace or refund for me,logistics,0,0,7,refund,0,4,3,service_quality
A little faster delivery,logistics,1,1,7,fallback_support,2,0,0,service_quality
Your Delivery Executive Deserves a round of applause?,logistics,2,2,7,fallback_support,2,1,0,service_quality
Need to mention delivery boy number,logistics,1,1,7,fallback_support,1,0,0,service_quality
Good sarvis blue dart Bilal bahi,logistics,2,2,7,fallback_support,2,1,0,service_quality
It was instant and smooth delivery.,logistics,2,2,7,fallback_support,2,1,0,service_quality
Fully satisfied with ur service,logistics,2,2,7,fallback_support,2,1,0,service_quality
We have not received any item and it's mentioned as delivered which is inaccurate.,logistics,0,0,7,damage_lost,0,4,3,service_quality
As always blue dart is my favourite couriers delivery service as compare to all other like delivery it is always fast unexpected delivery providers ??,logistics,2,2,7,fallback_support,2,1,0,service_quality
Courier has been delivered to wrong person,logistics,0,0,1,wrong_delivery,0,3,2,wrong_delivery
Shipment not delivered at security,logistics,0,0,0,fallback_support,0,3,2,delivery_failures
Deliver in time without blaming customer,logistics,2,2,7,fallback_support,2,1,0,service_quality
Excellent service and staff are friendly.,logistics,2,2,7,fallback_support,2,1,0,service_quality
Definitely good behaviour of couriour boy delivered on time,logistics,2,2,7,behaviour,2,1,0,service_quality
tihgj,logistics,1,1,7,fallback_support,1,0,0,service_quality
It's good but pickup time is little late,logistics,1,0,0,delay,0,1,1,delivery_failures
The climate situation is heavy rainy but deliver boy delivered the order at my door steps. Excellent delivery blue dart,logistics,2,2,7,fallback_support,2,1,0,service_quality
U delivered to wrong person I have not received,logistics,0,0,1,damage_lost,0,4,3,wrong_delivery
Before delivery... thanx to the delivery staff..and the team.,logistics,2,2,7,fallback_support,2,1,0,service_quality
All better courier service,logistics,2,2,7,fallback_support,2,1,0,service_quality
damaged ??,logistics,0,0,5,damage_lost,0,4,3,damaged_package
Everything is already well,logistics,2,2,7,fallback_support,2,1,0,service_quality
Very good delivery service. Good delivery man . Thank you for ur good service,logistics,2,2,7,fallback_support,2,1,0,service_quality
Smooth delivery and the delivery brother was very cooperative,logistics,2,2,7,fallback_support,2,1,0,service_quality
Girlfriend,logistics,1,1,7,fallback_support,1,0,0,service_quality
Great at delivery and updates,logistics,2,2,7,fallback_support,2,1,0,service_quality
Pilot Behavior,logistics,1,1,7,behaviour,1,0,0,service_quality
Stick to the delivery time and date,logistics,1,1,7,fallback_support,1,0,0,service_quality
Messaging probable time of delivery,logistics,1,1,7,fallback_support,1,0,0,service_quality
Hdjdm,logistics,1,1,7,fallback_support,1,0,0,service_quality
bsbj,logistics,1,1,7,fallback_support,1,0,0,service_quality
I will definitely choose blue dart in the future too,logistics,2,2,7,fallback_support,2,1,0,service_quality
Made me collect order from courier office without assigning delivery agents. Despite several complaints they still repeat the same.,logistics,0,0,7,support,0,3,2,service_quality
I was very much at home and the delivery guy just didn?t bother to call me and left the consignment with the security. This is completely unacceptable. Please advise your delivery agents to call up the customer.,logistics,0,0,4,tracking,1,0,0,tracking_updates
Good Behaviour of delivery man.,logistics,2,2,7,behaviour,2,1,0,service_quality
Nice guy he given parcel at my door step also very helpful person,logistics,2,2,7,fallback_support,2,1,0,service_quality
Very very well behaved,logistics,2,2,7,fallback_support,2,1,0,service_quality
All good no problemo,logistics,2,0,7,fallback_support,0,1,0,service_quality
Thanks you for perfect product,logistics,2,2,7,fallback_support,2,1,0,service_quality
Morning contact ask delivery time,logistics,1,1,7,support,1,0,0,service_quality
Best thanful friend ?,logistics,2,2,7,fallback_support,2,1,0,service_quality
on the time delivery,logistics,2,2,7,fallback_support,2,1,0,service_quality
Time to deliver my product,logistics,1,1,7,fallback_support,1,0,0,service_quality
good by nature and fast in delivering,logistics,2,2,7,fallback_support,2,1,0,service_quality
Nice ap ha,logistics,1,2,7,fallback_support,2,0,0,service_quality
in this price the quality is very bad,logistics,0,0,7,fallback_support,0,3,2,service_quality
Goodinformation,logistics,2,2,7,fallback_support,2,1,0,service_quality
Every time whenever I ordered my order from amezon every time it's delivered with open product not give packing product my location pincode is 391165 please tack action,logistics,0,0,7,fallback_support,1,0,1,service_quality
Diliver Ontime nice ???.,logistics,2,2,7,fallback_support,2,1,0,service_quality
delayed by three days,logistics,0,0,0,delay,0,3,2,delivery_failures
Fraud items send me,logistics,0,0,7,fallback_support,1,4,3,service_quality
Its good and very comfortable also,logistics,2,2,7,fallback_support,2,1,0,service_quality
Nice Sirvice,logistics,2,2,7,fallback_support,2,1,0,service_quality
Kya ye log nhi manege ya FIR fill kru inke naam se kb tk frzi courier krte rhouge ye Mera parcel nhi h yr smja kro,logistics,0,0,7,fallback_support,1,0,1,service_quality
Still not received the courier,logistics,0,0,7,damage_lost,0,4,3,service_quality
All good. Delivery person is very polite and kind.,logistics,2,2,7,fallback_support,2,1,0,service_quality
Hassle free deliveryGood behavior of logistic member,logistics,2,2,7,behaviour,2,1,0,service_quality
One of the best courier service but only problem is that the product is lately shipped,logistics,1,0,0,delay,0,0,1,delivery_failures
he delivered fast.,logistics,2,2,7,fallback_support,2,1,0,service_quality
Perfect nice and timely delivered,logistics,2,2,7,fallback_support,2,1,0,service_quality
Adar product,logistics,1,1,7,fallback_support,1,0,0,service_quality
Very good Delivery I'm impressed thank you for fast delivered my order,logistics,2,2,7,fallback_support,2,1,0,service_quality
The executive was really good thankyou,logistics,2,2,7,fallback_support,2,1,0,service_quality
Man,logistics,1,1,7,fallback_support,1,0,0,service_quality
THANKS A LOT..,logistics,2,2,7,fallback_support,2,1,0,service_quality
Every time my order which has been given to bluedart it is delivered late...was supposed to arrive on 23may but received on 27th may...... unable to contact blue back..... please check,logistics,0,0,0,delay,0,3,2,delivery_failures
No comments u r always the best,logistics,2,2,7,fallback_support,2,1,0,service_quality
It is o. K,logistics,1,1,7,fallback_support,1,0,0,service_quality
Decent service guy,logistics,2,2,7,fallback_support,2,1,0,service_quality
Your service is good tnq time to time delivery,logistics,2,2,7,fallback_support,2,1,0,service_quality
Polite behaviour of delivery personU guys r doing great job,logistics,2,2,7,behaviour,2,1,0,service_quality
It?s chocolate and it?s totally melted,logistics,0,0,0,delay,0,3,2,delivery_failures
worst dilivery partners and worst service,logistics,0,0,7,fallback_support,0,3,2,service_quality
SHOULD BE IMPROVE,logistics,1,1,7,fallback_support,1,0,0,service_quality
I had exchanged a shirt with snitch..your delivery boy called me..I want your return..I asked if you are blue-dirt..he said no I am from Flipkart..so I said there is no return from Flipkart...and got my order-4711762 cancelled. Now we will see what you do.,logistics,0,0,7,refund,0,4,3,service_quality
Awesome delivery services provide by Blue Dart,logistics,2,2,7,fallback_support,2,1,0,service_quality
Bzbs,logistics,1,1,7,fallback_support,1,0,0,service_quality
Nothing to say excellent,logistics,2,2,7,fallback_support,2,1,0,service_quality
I loved the service and polite courier man,logistics,2,2,7,fallback_support,2,1,0,service_quality
Where is my other order which was supposed to be delivered today,logistics,0,0,7,fallback_support,1,0,1,service_quality
Experience was good with Blue Dart and delivery too,logistics,2,2,7,fallback_support,2,1,0,service_quality
Gentle & awesome,logistics,2,2,7,fallback_support,2,1,0,service_quality
Very good behaviour. Good luck,logistics,2,2,7,behaviour,2,1,0,service_quality
On time delivery and professional delivery agent.,logistics,2,2,7,fallback_support,2,1,0,service_quality
Well organised in service,logistics,2,2,7,fallback_support,2,1,0,service_quality
Happy with delivery..,logistics,2,2,7,fallback_support,2,1,0,service_quality
Service is very good I dont have more to add,logistics,2,2,7,fallback_support,2,1,0,service_quality
Atulya,logistics,1,1,7,fallback_support,1,0,0,service_quality
Order is sitting like ducks in your blue dart office from 7 days...You not eevn get 1 star for this order...Please choose your delivery partners wisely...They dnt give Ckuf to customers...,logistics,0,0,7,fallback_support,1,0,1,service_quality
Ok ass,logistics,1,1,7,fallback_support,1,0,0,service_quality
There was no call from the courier boy and the courier was delayed for 2 days. I had to go to the office myself to pick up the courier.,logistics,0,0,0,delay,0,3,2,delivery_failures
One of the best service provider,logistics,2,2,7,fallback_support,2,1,0,service_quality
Better indication of approx time of arrival,logistics,1,1,7,fallback_support,1,0,0,service_quality
Nice job ... keep it up,logistics,2,2,7,fallback_support,2,1,0,service_quality
Amazing very nice,logistics,2,2,7,fallback_support,2,1,0,service_quality
Kindly update the tracking status correctly. When Out for delivery it would be better if the contact details for delivery person are provided to customer so that we can atleast contact and confirm related to the delivery.,logistics,1,0,0,delay,0,0,1,delivery_failures
The delivery guy insisted that I have to pay for the shipment,logistics,0,0,7,fallback_support,1,0,1,service_quality
I have received best service,logistics,2,2,7,fallback_support,2,1,0,service_quality
????? ??????? ?? ?? ????? ???,logistics,1,1,7,fallback_support,1,0,0,service_quality
Better service I m happy your delivery agent,logistics,2,2,7,fallback_support,2,1,0,service_quality
Very Fast Prompt Service,logistics,2,2,7,fallback_support,2,1,0,service_quality
As shipment not received,logistics,0,0,7,damage_lost,0,4,3,service_quality
Agent not wait for 10 min,logistics,0,0,7,fallback_support,1,0,1,service_quality
All Better courier service,logistics,2,2,7,fallback_support,2,1,0,service_quality
The person who did the delivery was well groomed and polite .,logistics,2,2,7,fallback_support,2,1,0,service_quality
My order shows out for delivery for 2 days .no call no update.after checking in the portal it shows restriction area then I called the agent bcoz I have his number before he received and said it will be delivered by tomorrow I have your parcel with me. we are ordering something important to us and they put our parcel and delivered us as their own convience. And parcel was open partially,logistics,0,0,4,tracking,0,3,2,tracking_updates
Very unprofessional service.,logistics,0,0,2,behaviour,0,3,2,agent_behaviour
Good delivery person. Information was in time.,logistics,2,2,7,fallback_support,2,1,0,service_quality
Keep it Up..,logistics,2,2,7,fallback_support,2,1,0,service_quality
I waited too for product which they were keep delaying it,logistics,0,0,0,delay,0,3,2,delivery_failures
M jvicivih,logistics,1,1,7,fallback_support,1,0,0,service_quality
MANOJ,logistics,1,1,7,fallback_support,1,0,0,service_quality
The business is done with fraud stop doing business with them I ordered a mouse and was given a small cup of 5 rs,logistics,0,0,7,fallback_support,1,4,3,service_quality
This delivery person was par excellence,logistics,2,2,7,fallback_support,2,1,0,service_quality
Amazing delivery executive. Deserves a raise,logistics,2,2,7,fallback_support,2,1,0,service_quality
Anytime with this delivery guy,logistics,2,2,7,fallback_support,2,1,0,service_quality
Material and quality is very poor,logistics,0,0,7,fallback_support,0,3,2,service_quality
Appreciated speed and therefore recommend Blue dart services,logistics,2,2,7,fallback_support,2,1,0,service_quality
Please update the delivered status on the Titan website,logistics,1,1,7,fallback_support,1,0,0,service_quality
Just keep it up like that.,logistics,2,2,7,fallback_support,2,1,0,service_quality
Thanks to the Delivery boy Ahmed for reaching my home without any calling and directly handing over the parcel. He is very good delivery agent,logistics,2,2,7,support,2,1,0,service_quality
Always pretend the person who is going to receive parcel is unavailable and most times they do not contact,logistics,0,0,7,support,1,0,1,service_quality
Timely delivery and amiable delivery agent.,logistics,2,2,7,fallback_support,2,1,0,service_quality
One day before notification of arrival time,logistics,1,1,7,fallback_support,1,0,0,service_quality
Jisne deliver Kiya bahut hi siber banda hai. bahut hi smooth experience,logistics,2,2,7,fallback_support,2,1,0,service_quality
Not delivered to the address.,logistics,0,0,0,fallback_support,0,3,2,delivery_failures
Naaaaaa na,logistics,1,1,7,fallback_support,1,0,0,service_quality
Your services are very prompt and quite reasonably good keep it up,logistics,2,2,7,fallback_support,2,1,0,service_quality
Smooth and Nice delivery person Talk very politely Very good service,logistics,2,2,7,fallback_support,2,1,0,service_quality
Mera comment delivery detected piece I will show the picture on product,logistics,0,0,7,fallback_support,1,0,1,service_quality
Nothing much to tell ! ..But I will say that u serve your customer very beautifully with the assurance of product Thank You,logistics,2,2,7,fallback_support,2,1,0,service_quality
Provide delivery boy number and exact date..,logistics,1,1,7,fallback_support,1,0,0,service_quality
Good service and good dealing,logistics,2,2,7,fallback_support,2,1,0,service_quality
To deliver taken very long time,logistics,0,0,7,fallback_support,1,0,1,service_quality
While the delivery staff was perfect in performing his duty,logistics,2,2,7,fallback_support,2,1,0,service_quality
Good and thank you blue dart ??,logistics,2,2,7,fallback_support,2,1,0,service_quality
Worst product refund my money please,logistics,0,0,7,refund,0,4,3,service_quality
Item on time ......pls improve your parcel tracking system,logistics,1,1,4,tracking,1,0,1,tracking_updates
He was humble to handle the conversation.,logistics,2,2,7,fallback_support,2,1,0,service_quality
Better and fast service the delivery boy delevers a fantastic service.,logistics,2,2,7,fallback_support,2,1,0,service_quality
1day late delivery in website it show will be delivered one day before but i got after one day,logistics,0,0,0,delay,0,3,2,delivery_failures
make perfect deliveries ?,logistics,1,2,7,fallback_support,2,0,0,service_quality
Very fast delivery and good service..,logistics,2,2,7,fallback_support,2,1,0,service_quality
From address is hiding by blue dart dont hide from adress some fake products through bluedart,logistics,0,0,7,fallback_support,0,3,2,service_quality
Delayed and no clearity on when the delivery will happen,logistics,0,0,0,delay,0,3,2,delivery_failures
Quality is not ok.. n name font is also not proper.. some letters are in large font n some in small..,logistics,0,0,7,fallback_support,1,0,1,service_quality
Amazing and smooth delivery. Very polite and friendly delivery executive.,logistics,2,2,7,fallback_support,2,1,0,service_quality
Tomorrow delivery today received,logistics,2,2,7,fallback_support,2,1,0,service_quality
Blue dart courier is best,logistics,2,2,7,fallback_support,2,1,0,service_quality
Great service from the team,logistics,2,2,7,fallback_support,2,1,0,service_quality
Waiting from more then 7days for the parcel to be delivered. It has been delayed for more then 7 days. The delivery person didn't call to ask where  to deliver the parcel,logistics,0,0,0,delay,0,3,2,delivery_failures
6gyfyf,logistics,1,1,7,fallback_support,1,0,0,service_quality
Excellent work????? and,logistics,2,2,7,fallback_support,2,1,0,service_quality
Very bad quality as per price,logistics,0,0,7,fallback_support,0,3,2,service_quality
That's great ?,logistics,2,2,7,fallback_support,2,1,0,service_quality
Don't know about your logistics service but the delivery guy is definitely a great guy,logistics,2,2,7,fallback_support,2,1,0,service_quality
Staffs very courteous,logistics,2,2,7,fallback_support,2,4,3,service_quality
Behaviour of delivery boy is not good. He talk with me rudely .,logistics,0,0,2,behaviour,0,3,2,agent_behaviour
Very poor and delayed delivery service,logistics,0,0,0,delay,0,3,2,delivery_failures
Fast professional delivery,logistics,2,2,7,fallback_support,2,1,0,service_quality
Very bad way of talking,logistics,0,0,7,fallback_support,0,3,2,service_quality
My as-it-is mass gainer missing,logistics,0,0,7,fallback_support,0,3,2,service_quality
Already better no change i want,logistics,2,2,7,fallback_support,2,1,0,service_quality
The order is give different,logistics,0,0,7,fallback_support,1,0,1,service_quality
It was late delivered,logistics,0,0,0,delay,0,3,2,delivery_failures
Very fun delivery people,logistics,2,2,7,fallback_support,2,1,0,service_quality
GoodSafe Cost effective,logistics,2,2,7,fallback_support,2,1,0,service_quality
Very good delivery service and the delivery agents are very cooperating and well behaved,logistics,2,2,7,fallback_support,2,1,0,service_quality
Extremely Fine.. Good and professional behavior of delivery boy..,logistics,2,2,7,behaviour,2,1,0,service_quality
When your service is good there is no need to comment or idea .,logistics,2,2,7,fallback_support,2,1,0,service_quality
Not delivered on the date mentioned in the message. Delayed for 2 days.,logistics,0,0,0,delay,0,3,2,delivery_failures
Your service is the best I using first time online delivery and it made me easier and great Thank you so much ??..,logistics,2,2,7,fallback_support,2,1,0,service_quality
I don't think so you need to be better I had great experience with you,logistics,2,2,7,fallback_support,2,1,0,service_quality
Thank u bhaiya,logistics,2,2,7,fallback_support,2,1,0,service_quality
It's a very worst delivery Service BLUE DART. it's a very very slow process any time all products are delivered delay delay and delay so it's a very boring service. Our delivery date was 25-05-25 and it was delivered on 28-05-25 behalf of many many requests and complent by customer care service. So it's a very very very WORST DELIVERY SERVICE,logistics,0,0,0,delay,0,3,2,delivery_failures
Your rate very high.. online show 150-200 but ur price minimum 500 rs,logistics,0,0,7,fallback_support,1,0,1,service_quality
Very good service and it is very rare that delivery partner is very good than other courier companies,logistics,2,2,7,fallback_support,2,1,0,service_quality
Your delivery staff was not delivering in my address,logistics,0,0,7,fallback_support,1,0,1,service_quality
they delivery boy was very good at communication & Location finding.,logistics,2,2,7,fallback_support,2,1,0,service_quality
Very polite in nature nice guy,logistics,2,2,7,fallback_support,2,1,0,service_quality
On 27-05-2025,logistics,1,1,7,fallback_support,1,0,0,service_quality
Wrong product and wrong size,logistics,0,0,7,fallback_support,0,3,2,service_quality
Delivery partner was very polite and well behaved and timely delivered.,logistics,2,2,7,fallback_support,2,1,0,service_quality
Good delivery boyy.,logistics,2,2,7,fallback_support,2,1,0,service_quality
Best service by amit bhadu,logistics,2,2,7,fallback_support,2,1,0,service_quality
Product has not been received in the packet,logistics,0,0,7,fallback_support,1,0,1,service_quality
Great service. Bhaiya (delivery agent) didn'd hesitate todeliver my package even in the rain.,logistics,2,2,7,fallback_support,2,1,0,service_quality
0 service,logistics,0,0,7,fallback_support,1,0,1,service_quality
Best delivery boys,logistics,2,2,7,fallback_support,2,1,0,service_quality
Efficient and nice,logistics,2,2,7,fallback_support,2,1,0,service_quality
Good job j,logistics,2,2,7,fallback_support,2,1,0,service_quality
Delivery service is fantastic ?,logistics,2,2,7,fallback_support,2,1,0,service_quality
Fast delivery polite attitude minimal calling,logistics,2,2,7,support,2,1,0,service_quality
Do the hard work especially when you don't feel like it.,logistics,1,1,7,pricing,1,0,0,service_quality
Good & extremely supportive staff.,logistics,2,2,7,support,2,1,0,service_quality
Very nice to delivered thanks,logistics,2,2,7,fallback_support,2,1,0,service_quality
Very nice and fast service The service provider's behavior is very nice,logistics,2,2,7,behaviour,2,1,0,service_quality
Making us fool Messaging that Consignee was not available We are a big family and 24 hrs available Pathetic service Annoyed me like anything Worst worst service,logistics,0,0,7,fallback_support,0,3,2,service_quality
It was not deliverd to me,logistics,0,0,7,fallback_support,1,0,1,service_quality
always call to customer before coming,logistics,1,1,7,support,1,0,0,service_quality
She ladies rider are smart they are follow up the customer properly they are communicating Custmor good,logistics,2,2,3,support,2,1,0,customer_support
Good services and quick delivery,logistics,2,2,7,fallback_support,2,1,0,service_quality
Gud job blue dart you so delivery 28/5/25 and well done ??,logistics,2,2,7,fallback_support,2,1,0,service_quality
Im empires ur survis,logistics,1,1,7,fallback_support,1,0,0,service_quality
Delivery boy are rude and not polite,logistics,0,0,2,behaviour,0,3,2,agent_behaviour
Good keep it,logistics,2,2,7,fallback_support,2,1,0,service_quality
It was quick and awesome,logistics,2,2,7,fallback_support,2,1,0,service_quality
Great last mile connectivity service. Staff was very courteous,logistics,2,2,7,fallback_support,2,4,3,service_quality
Appropriate n good service . Thanks All the best !,logistics,2,2,7,fallback_support,2,1,0,service_quality
Interaction with the delivery guy is good. Keep your work like this forever.,logistics,2,2,7,fallback_support,2,1,0,service_quality
Product delivered 1 day late than date shown on website,logistics,0,0,0,delay,0,3,2,delivery_failures
Wants to exchange this product,logistics,0,0,7,refund,0,4,3,service_quality
Best service provide kotak mahindra Bank I am happy,logistics,2,2,7,fallback_support,2,1,0,service_quality
I don't receive the package,logistics,0,0,7,fallback_support,1,0,1,service_quality
I have not a suggestions for you because your company to good.,logistics,2,2,7,fallback_support,2,1,0,service_quality
?excellent service,logistics,2,2,7,fallback_support,2,1,0,service_quality
I was outside while shipment arrived. So I asked a photo for that . The delivery person not ready for that,logistics,0,0,7,fallback_support,1,0,1,service_quality
Please take responsibility of delivery on time and don't mention false update about availability of consignee,logistics,0,0,7,fallback_support,2,0,1,service_quality
Employ the better delivery person,logistics,1,1,7,fallback_support,1,0,0,service_quality
Nice service center latehar,logistics,2,0,0,delay,0,0,0,delivery_failures
Good service even in rain I got my books safe and secure,logistics,2,2,7,fallback_support,2,1,0,service_quality
Delivery guy is good. But delivery not provided exact address. I had to drive 2km to collect my order.  Why showing home delivery option when you do not provide parcel at home.,logistics,0,0,7,fallback_support,2,1,1,service_quality
The best performance,logistics,2,2,7,fallback_support,2,1,0,service_quality
Everything was totally fine .,logistics,2,2,7,fallback_support,2,1,0,service_quality
Whatever stuff came to me was brought very well and was delivered to my doorstep.,logistics,2,2,7,fallback_support,2,1,0,service_quality
This time delivery is late for 2 3 days please try to be deliver on time.,logistics,1,0,0,delay,0,0,1,delivery_failures
I appreciate that the product was delivered safely and on time. Thank you,logistics,2,2,7,fallback_support,2,1,0,service_quality
Good gvcnncbhh,logistics,2,2,7,fallback_support,2,1,0,service_quality
Very good very Best service ?,logistics,2,2,7,fallback_support,2,1,0,service_quality
It's good ? products im happy and good package good service,logistics,2,2,7,fallback_support,2,1,0,service_quality
not delivery in proper address,logistics,0,0,7,fallback_support,1,0,1,service_quality
Delivery person isbon time and friendly,logistics,2,2,7,fallback_support,2,1,0,service_quality
Delivery was good and love the product,logistics,2,2,7,fallback_support,2,1,0,service_quality
Good mannarism,logistics,2,2,7,fallback_support,2,1,0,service_quality
Delivery person was great always do delivery on time and polite in nature,logistics,2,2,7,fallback_support,2,1,0,service_quality
They are giving such a good service,logistics,2,2,7,fallback_support,2,1,0,service_quality
Achha nhi h or disara aaua h,logistics,0,0,7,fallback_support,1,0,1,service_quality
It took 8 days to deliver my package...wrong information was published in tracking information,logistics,0,0,4,tracking,0,3,2,tracking_updates
I would be better if we can get estimate time also.,logistics,1,1,7,fallback_support,1,0,0,service_quality
Best gain,logistics,1,1,7,fallback_support,1,0,0,service_quality
It was a pleasure shoping with your site.Everything was good till the delivery,logistics,1,2,7,fallback_support,2,1,0,service_quality
Mxkdskdjdj,logistics,1,1,7,fallback_support,1,0,0,service_quality
Nfne,logistics,1,1,7,fallback_support,1,0,0,service_quality
excellence delivery man,logistics,2,2,7,fallback_support,2,1,0,service_quality
Delivery Boy Best Services,logistics,2,2,7,fallback_support,2,1,0,service_quality
Delivered Doc,logistics,1,1,7,fallback_support,1,0,0,service_quality
Just let the delivery boys ask for the person in whose name the parcel is on delivery,logistics,1,1,7,fallback_support,1,0,0,service_quality
Very good service ?????????????,logistics,2,2,7,fallback_support,2,1,0,service_quality
Vary,logistics,1,1,7,fallback_support,1,0,0,service_quality
The sender is absolutely a fake entity and the shipping label doesn? have the sender address,logistics,0,0,7,fallback_support,0,3,2,service_quality
Cucucyuc,logistics,1,1,7,fallback_support,1,0,0,service_quality
First time! Delivery person was so friendly and kind act. Polite and patience is necessary in work and he is very good at his task. Bingo? kalyaan kumar,logistics,2,2,7,fallback_support,2,1,0,service_quality
Mujhe HDFC ka credit card nahin Mil Paya Hai,logistics,0,0,7,fallback_support,1,0,1,service_quality
The partner was cooperative,logistics,2,2,7,fallback_support,2,1,0,service_quality
Super first delivery shambhu da tqq???,logistics,2,2,7,fallback_support,2,1,0,service_quality
Di always delivers on time,logistics,2,2,7,fallback_support,2,1,0,service_quality
Delivery was very good and the delivery guy was nice to. I would like to add if you can add otp verifications while getting the parcel just to keep things transparent and fraud free from both the ends,logistics,2,2,7,fallback_support,2,4,3,service_quality
Good luck 00000,logistics,1,2,7,fallback_support,2,1,0,service_quality
He did not delivered prodect how can he mark prodect delivered this very bad and it is big mistake,logistics,0,0,0,fallback_support,0,3,2,delivery_failures
Good Experience with Bluedart staff,logistics,2,2,7,fallback_support,2,1,0,service_quality
I never received the parcel !!! But it is marked delivered,logistics,0,0,7,damage_lost,0,4,3,service_quality
Nice service blue Dart,logistics,2,2,7,fallback_support,2,1,0,service_quality
Very knowledgeable person. Did delivery very effectively,logistics,2,2,7,fallback_support,2,1,0,service_quality
Very nice service not much calls and delivered safely at the location,logistics,2,2,7,support,2,1,0,service_quality
I am orde mens ware but you give me ladies ware,logistics,0,0,7,fallback_support,1,0,1,service_quality
I didn't receive anything. My address has been changed from Mogappair eadt to Nolambur long back. Updated my address in almost everything but dono ehich parcel is this. This happened few times ago as i am not available the parcel has been returned. They should have called me right.My number is same 9841312325. Please call me,logistics,0,0,7,refund,0,4,3,service_quality
No one delivered the package to my residence. I had to go to your office and collect the package..,logistics,0,0,7,fallback_support,1,0,1,service_quality
Years of trust...,logistics,2,2,7,fallback_support,2,1,0,service_quality
All over experience was definitely good ???,logistics,2,2,7,fallback_support,2,1,0,service_quality
Gud job iam happy,logistics,2,2,7,fallback_support,2,1,0,service_quality
Tracking was very clearly updated,logistics,2,2,4,tracking,1,0,0,tracking_updates
Already worked,logistics,1,1,7,fallback_support,1,0,0,service_quality
Very good service. Bluedart is trustworthy,logistics,2,2,7,fallback_support,2,1,0,service_quality
Very pleasent delivery agent!,logistics,2,2,7,fallback_support,2,1,0,service_quality
Worst div,logistics,0,0,7,fallback_support,0,3,2,service_quality
Product was delivered perfectly and delivery guy was very polite ?,logistics,2,2,7,fallback_support,2,1,0,service_quality
Timed Delivery,logistics,2,2,7,fallback_support,2,1,0,service_quality
Very bad services ok,logistics,0,0,7,fallback_support,0,3,2,service_quality
Delevery boy is so simple and his behaviour is good ?.,logistics,2,2,7,behaviour,2,1,0,service_quality
Service is good but the delivery was little late so work on that,logistics,1,0,0,delay,0,1,1,delivery_failures
Thanks for delivered my order on time,logistics,2,2,7,fallback_support,2,1,0,service_quality
easy fast delivery by brijesh,logistics,2,2,7,fallback_support,2,1,0,service_quality
Good and reliable delivery !!,logistics,2,2,7,fallback_support,2,1,0,service_quality
fasting delivery all the best,logistics,2,2,7,fallback_support,2,1,0,service_quality
I recently received my doc and wanted to share that the delivery process was smooth and efficient. The doc arrived within the expected timeframe and in secure packaging. I appreciate the timely communication and tracking updates. Great service overall!,logistics,2,2,4,tracking,1,1,0,tracking_updates
Behave properly with customer care number,logistics,1,1,3,support,1,0,0,customer_support
Person call n took otp but parcel not delivered,logistics,0,0,0,support,0,3,2,delivery_failures
I had Very good experience and the delivery man was also polite he just called once and I received with delivery on time.,logistics,2,2,7,support,2,1,0,service_quality
His name was Samim Islam and he was a great guy. He called me many times and asked me to wait and I told him that I have an urgent work to do so. Please come after that particular time,logistics,1,2,7,support,2,1,0,service_quality
Delivery staff well behaved and helpful,logistics,2,2,7,fallback_support,2,1,0,service_quality
NOS,logistics,1,1,7,fallback_support,1,0,0,service_quality
Easy delivery no hustle,logistics,2,2,7,fallback_support,2,1,0,service_quality
Well behaviour....nd on exact time... impressed ???,logistics,2,2,7,behaviour,2,1,0,service_quality
At time. Best staff,logistics,2,2,7,fallback_support,2,1,0,service_quality
Different product delivered ..and now there is no option of returning,logistics,0,0,7,refund,0,4,3,service_quality
The sender is absolutely a fake entity and the shipping label doesn?t have the sender? address,logistics,0,0,7,fallback_support,0,3,2,service_quality
Blue dart delivery staff very hard working excellent ? job,logistics,2,2,7,fallback_support,2,1,0,service_quality
Everything is excellent ??,logistics,2,2,7,fallback_support,2,1,0,service_quality
Whenever I am getting parcel from blue dart it is getting delivered 1 day prior to delivery date,logistics,2,2,7,fallback_support,2,1,0,service_quality
Service is excellent ?????,logistics,2,2,7,fallback_support,2,1,0,service_quality
Good behaviour office worker,logistics,2,2,7,behaviour,2,1,0,service_quality
It's a wrong items I want to return it please. I asked for Oppo F27 and Samsung F34 5G phone cover,logistics,0,0,7,refund,0,4,3,service_quality
If timings of delivery could also be told in advance it would be best,logistics,1,1,7,fallback_support,1,0,0,service_quality
Maintain the service as it is at present.. good prompt service,logistics,2,2,7,fallback_support,2,1,0,service_quality
Delivery service is best .,logistics,2,2,7,fallback_support,2,1,0,service_quality
Very Fast Service and Nice Delivery Boy,logistics,2,2,7,fallback_support,2,1,0,service_quality
All great - very professional and polite person,logistics,2,2,7,fallback_support,2,1,0,service_quality
Nice and fast and service,logistics,2,2,7,fallback_support,2,1,0,service_quality
Thank you bro very ?,logistics,2,2,7,fallback_support,2,1,0,service_quality
Best delivery person Very polite and always on time,logistics,2,2,7,fallback_support,2,1,0,service_quality
On time despite heavy rains!,logistics,2,2,7,fallback_support,2,1,0,service_quality
Good going & keep it up,logistics,2,2,7,fallback_support,2,1,0,service_quality
The delivery guy is polite and respectful and know the exact location thank you,logistics,2,2,7,fallback_support,2,1,0,service_quality
You have a good service facility.,logistics,2,2,7,fallback_support,2,1,0,service_quality
I need one item please send more Verity's item on my what's up account number,logistics,1,1,7,fallback_support,1,0,0,service_quality
Too fast delivery service and agents are well polite.,logistics,2,2,7,fallback_support,2,1,0,service_quality
Poor delivery experience. Better teach ur delivery person some good way to talk,logistics,0,0,7,fallback_support,0,3,2,service_quality
SARVAN soni nahi he Saransh soni,logistics,1,1,7,fallback_support,1,0,0,service_quality
The parcel isnt delivered but I got the msg that it has been delivered will escalate & complaint about it further,logistics,0,0,0,delay,0,3,2,delivery_failures
Professional services.... Thank u,logistics,2,2,7,fallback_support,2,1,0,service_quality
Too delayed delivery,logistics,0,0,0,delay,0,3,2,delivery_failures
Be very friendly,logistics,1,1,7,fallback_support,1,0,0,service_quality
Wrost serives from Blue dart. I got my shipment 2 days late after . I went blue dart office and collect my shipment after waiting of 15 minutes.And amazing thing is that my address is only 4 km away from blue dart dispatch office.,logistics,0,0,0,delay,0,3,2,delivery_failures
It would be better if you deliver bit earlier like before 9 pm atleast.,logistics,1,1,7,fallback_support,1,0,0,service_quality
Lately Order delivered,logistics,1,0,0,delay,0,0,1,delivery_failures
Very excellent service. Keep it  up further,logistics,2,2,7,fallback_support,2,1,0,service_quality
Bewkuf bana diya,logistics,0,0,7,fallback_support,1,0,1,service_quality
Very good Sirvice,logistics,2,2,7,fallback_support,2,1,0,service_quality
PROMPT SERVICE. PRODUCT REACHED BEFORE TIME.. NO PHONE CALLSEXCELLENT SERVICE BY COURRIER BOY.,logistics,2,2,7,support,2,1,0,service_quality
Thank you so much for kotak Mahindra Bank servic,logistics,2,2,7,fallback_support,2,1,0,service_quality
I received the package in sealed condition.,logistics,2,2,7,fallback_support,2,1,0,service_quality
The service was very good. The lady I talked with was very respectful and comfortable so sweet of her a big than you to her love it,logistics,2,2,7,fallback_support,2,1,0,service_quality
Most likely will recommend,logistics,2,2,7,fallback_support,2,1,0,service_quality
When parcel is reqched destin and out for delivery assign a good person who know minimum to contact with customer,logistics,1,2,7,support,2,1,0,service_quality
You were excellent.,logistics,2,2,7,fallback_support,2,1,0,service_quality
Excellent service and on time delivery as always. Keep it up guys! You're on the way to becoming a class leader.,logistics,2,2,7,fallback_support,2,1,0,service_quality
On time delivery in rainy season,logistics,2,2,7,fallback_support,2,1,0,service_quality
Delivery staff behaviour is politely,logistics,2,2,7,behaviour,2,1,0,service_quality
V. V goo,logistics,2,2,7,fallback_support,2,1,0,service_quality
my sbi cradit card retun without my indformation why,logistics,0,0,7,fallback_support,1,0,1,service_quality
Excellent nature fast service it?s a good guy,logistics,2,2,7,fallback_support,2,1,0,service_quality
Good service as well as good behaviour of delivery staff.,logistics,2,2,7,behaviour,2,1,0,service_quality
Frod company,logistics,0,0,7,fallback_support,1,0,1,service_quality
Extent job blue dart osem,logistics,2,2,7,fallback_support,2,1,0,service_quality
It's already promt and timely delivered service,logistics,2,2,7,fallback_support,2,1,0,service_quality
Fast and Prompt,logistics,2,2,7,fallback_support,2,1,0,service_quality
Speed and trustworthy,logistics,2,2,7,fallback_support,2,1,0,service_quality
I have not get my delivery,logistics,0,0,7,fallback_support,1,0,1,service_quality
I don?t like to take delivery at 10 pm,logistics,1,1,7,fallback_support,1,0,0,service_quality
Thanks for quick delivery...,logistics,2,2,7,fallback_support,2,1,0,service_quality
TyhsGsd,logistics,1,1,7,fallback_support,1,0,0,service_quality
Executive location awareness is very impressive. Politeness and handling of item is good.,logistics,2,2,7,fallback_support,2,1,0,service_quality
Good delivery but late delivery,logistics,1,0,0,delay,0,1,1,delivery_failures
It's absolutely a smooth interaction...I am happy,logistics,2,2,7,fallback_support,2,1,0,service_quality
Very very beautiful,logistics,2,2,7,fallback_support,2,1,0,service_quality
Delivery agent was so rude and ill mannered...he threw my package and misbehaved with me.,logistics,0,0,2,behaviour,0,3,2,agent_behaviour
You are doing excellent work...,logistics,2,2,7,fallback_support,2,1,0,service_quality
Service very good thanks blue dart,logistics,2,2,7,fallback_support,2,1,0,service_quality
We inform you ahead of time that we are coming and will deliver your order within that time,logistics,1,1,7,fallback_support,1,0,0,service_quality
Very nice delivery minimum call polite and professional person,logistics,2,2,7,support,2,1,0,service_quality
Ok courier man,logistics,1,1,7,fallback_support,1,0,0,service_quality
Jvicig,logistics,1,1,7,fallback_support,1,0,0,service_quality
Excellent service and courier guy was also polite and responsive.,logistics,2,2,7,fallback_support,2,1,0,service_quality
I have always found the service to be very good. The delivery staff are excellent and very courteous,logistics,2,2,7,fallback_support,2,4,3,service_quality
Fast and on time delivery..,logistics,2,2,7,fallback_support,2,1,0,service_quality
You are giving very good service,logistics,2,2,7,fallback_support,2,1,0,service_quality
Very & Best Service,logistics,2,2,7,fallback_support,2,1,0,service_quality
Happy to have received my product ?,logistics,2,2,7,fallback_support,2,1,0,service_quality
Fast delivery with product,logistics,2,2,7,fallback_support,2,1,0,service_quality
In time delivering,logistics,2,2,7,fallback_support,2,1,0,service_quality
Super ??? nice safe delivery for delivery boy 10?,logistics,2,2,7,fallback_support,2,1,0,service_quality
Delivery person was good and serve in good manner.,logistics,2,2,7,fallback_support,2,1,0,service_quality
U r product was very cheap I don't like it and it is very low quality,logistics,0,0,7,fallback_support,1,0,1,service_quality
I received wrong parcel and got scam,logistics,0,0,7,fallback_support,0,4,3,service_quality
Friendly service and in time,logistics,2,2,7,fallback_support,2,1,0,service_quality
I like the product than you,logistics,2,2,7,fallback_support,2,1,0,service_quality
Delievery was smooth and delivery guy was very kind and helpful. On time delivery.,logistics,2,2,7,fallback_support,2,1,0,service_quality
Good service blue dart express,logistics,2,2,7,fallback_support,2,1,0,service_quality
Early delivery and delivery boy behaviour is very good ?,logistics,2,2,7,behaviour,2,1,0,service_quality
Delay from date and delivery time,logistics,0,0,0,delay,0,3,2,delivery_failures
Delivery happened on time,logistics,2,2,7,fallback_support,2,1,0,service_quality
Very slow service not on time delivery,logistics,0,0,7,delay,0,3,2,service_quality
Delivery boy not responsibility so late Mera residency close hai bol ke cal return Chala Gaya call bhi nhi Kiya kal aur Aaj sham ko lekar aaya to mujhe bolate ho ki niche lene ke liye Ajaaiye,logistics,0,0,0,delay,0,3,2,delivery_failures
worst scam products delivering people i received used torn clothes delivered by these people worst dont trust,logistics,0,0,5,damage_lost,0,4,3,damaged_package
All over its a great experience,logistics,2,2,7,fallback_support,2,1,0,service_quality
Always pretend the person who is going to receive parcel us un available. And most time they are not contect the person and thins are returned back.,logistics,0,0,7,refund,0,4,3,service_quality
Your service is very good and efficient.,logistics,2,2,7,fallback_support,2,1,0,service_quality
Very good quality ??????,logistics,2,2,7,fallback_support,2,1,0,service_quality
Timely delivery good thanks blue dart,logistics,2,2,7,fallback_support,2,1,0,service_quality
Excellent so happy and will continue to deal with you,logistics,2,2,7,fallback_support,2,1,0,service_quality
Softly nature by delivery boy,logistics,2,2,7,fallback_support,2,1,0,service_quality
Fast speedy delivery. Polite as well.,logistics,2,2,7,fallback_support,2,1,0,service_quality
Bluedart staff called me around 11:30 and informed me that the courier has to pick up before 6pm today . Informed her will come tomorrow and collect but she said it has to collect by today itself,logistics,1,1,7,support,1,0,0,service_quality
Hardworker excellent keep up the good work,logistics,2,2,7,fallback_support,2,1,0,service_quality
Wrong product received at the time of delivery,logistics,0,0,7,fallback_support,0,3,2,service_quality
Very polite nice person with speed delivery,logistics,2,2,7,fallback_support,2,1,0,service_quality
Satisfactorily delivered,logistics,2,2,7,fallback_support,2,1,0,service_quality
He was very gentle I appreciate the effort,logistics,2,2,7,fallback_support,2,1,0,service_quality
Ontime delivery with tracking facilities.,logistics,2,2,4,tracking,1,0,0,tracking_updates
Good service and delivery Boy ??,logistics,2,2,7,fallback_support,2,1,0,service_quality
You yery fine service,logistics,2,2,7,fallback_support,2,1,0,service_quality
As usual service is satisfactory.,logistics,1,1,7,fallback_support,1,0,0,service_quality
The delivery  executive  was polite and waited for me to collect the parcel.,logistics,2,2,7,fallback_support,2,1,0,service_quality
The personel is very good and cooperative,logistics,2,2,7,fallback_support,2,1,0,service_quality
nice service.. on time and good behaviour,logistics,2,2,7,behaviour,2,1,0,service_quality
Your services is best ?.,logistics,2,2,7,fallback_support,2,1,0,service_quality
Live tracking helpful,logistics,2,2,4,tracking,1,0,0,tracking_updates
great work - speed,logistics,2,2,7,fallback_support,2,1,0,service_quality
Thank you so much nice packing and very fast delivery ? thank you ?,logistics,2,2,7,fallback_support,2,1,0,service_quality
Plz provide buisness number to agents,logistics,1,1,7,fallback_support,1,0,0,service_quality
I have not recieve my parcel,logistics,0,0,7,fallback_support,1,0,1,service_quality
This service is such that this man called me to his house and gave me a parcel,logistics,1,1,7,support,1,0,0,service_quality
If provide perior information for delivery it will be good,logistics,1,2,7,fallback_support,2,1,0,service_quality
Mujhe service pasand hai,logistics,2,2,7,fallback_support,2,1,0,service_quality
Delivery uncle talk calmy,logistics,2,2,7,fallback_support,2,1,0,service_quality
Good Service as well good person when call for address confirm,logistics,2,2,7,support,2,1,0,service_quality
Nice immediately coordinate and delivered to right place,logistics,2,2,7,fallback_support,2,1,0,service_quality
It took a lot of time for me to reach my delivery. My package delevery postponed 2 to 3 times. The one who should have the first preference for delivery to deliver at right time,logistics,0,0,7,delay,0,3,2,service_quality
I happy to receive the medical,logistics,2,2,7,fallback_support,2,1,0,service_quality
Good service & courier person,logistics,2,2,7,fallback_support,2,1,0,service_quality
Great representative.,logistics,2,2,7,fallback_support,2,1,0,service_quality
Delivery was 3 days late Poor service Poor staff,logistics,0,0,0,delay,0,3,2,delivery_failures
I am extremely disappointed with Blue Dart?s delivery service. My package was supposed to be delivered to my address,logistics,0,0,7,fallback_support,1,0,1,service_quality
I dont know what i received.. Actually i didnot received any thing from blue dart,logistics,0,0,7,damage_lost,0,4,3,service_quality
I am greatly impressed by the service.,logistics,2,2,7,fallback_support,2,1,0,service_quality
Very poor service Delivery boy don't call me for delivery very poor service by self i have visited the office and pickup the goods very bad,logistics,0,0,7,support,0,3,2,service_quality
Khudos,logistics,1,1,7,fallback_support,1,0,0,service_quality
Service of ur agent is excellent,logistics,2,2,7,fallback_support,2,1,0,service_quality
If your Company is incapable to deliver courier in Village Bhagokawan,logistics,0,0,7,fallback_support,1,0,1,service_quality
Delivery boy behaviour is so good.....nice mind-blowing service,logistics,2,2,7,behaviour,2,1,0,service_quality
Very quick & reliable. Great delivery associate.,logistics,2,2,7,fallback_support,2,1,0,service_quality
It was good delivered,logistics,2,2,7,fallback_support,2,1,0,service_quality
Services were on point,logistics,2,2,7,fallback_support,2,1,0,service_quality
I liked the speed of delivery,logistics,2,2,7,fallback_support,2,1,0,service_quality
He was polite and minimal calling were done by him.,logistics,2,2,7,support,2,1,0,service_quality
It was all goood,logistics,2,2,7,fallback_support,2,1,0,service_quality
Try delivering in time,logistics,0,0,7,fallback_support,1,0,1,service_quality
Hhno,logistics,1,1,7,fallback_support,1,0,0,service_quality
Clean packing,logistics,2,2,7,fallback_support,2,1,0,service_quality
Delivery boy is a sweet boy,logistics,2,2,7,fallback_support,2,1,0,service_quality
nice service ?,logistics,2,2,7,fallback_support,2,1,0,service_quality
Fast service by delivery boy,logistics,2,2,7,fallback_support,2,1,0,service_quality
Good cordial service. In spite of technical difficulties,logistics,2,2,7,fallback_support,2,1,0,service_quality
Packing Damage,logistics,0,0,7,damage_lost,0,4,3,service_quality
Thanks good,logistics,2,2,7,fallback_support,2,1,0,service_quality
All products are safe and secure and fast service,logistics,2,2,7,fallback_support,2,1,0,service_quality
Ip?,logistics,1,1,7,fallback_support,1,0,0,service_quality
Good service by delivery boy sarfaz,logistics,2,2,7,fallback_support,2,1,0,service_quality
Be sincere.,logistics,1,1,7,fallback_support,1,0,0,service_quality
Timings best,logistics,2,2,7,fallback_support,2,1,0,service_quality
It?s wasn?t delivered..I had to pick it up from the office even though I had paid the delivery charges but as usual like previous time even after complaining so many time again blue dart has troubled with the delivery. All the time writing that consignee isn?t available even though no attempt was made to deliver. And this isn?t the first time this is happening. Would keep in mind in the future from now onwards will be cautious not to order from companies who are associated with you. Very bad service.,logistics,0,0,7,fallback_support,0,3,2,service_quality
the delivery guy?s behaviour is very good and very helpful,logistics,2,2,7,behaviour,2,1,0,service_quality
Request from our end is approximate Timings of delivery of shipment is required on a day. Today I stayed for whole day to receive the shipment as I missed yesterday due to unavailability at home.,logistics,1,1,7,fallback_support,1,0,0,service_quality
Assured service ?,logistics,1,1,7,fallback_support,1,0,0,service_quality
a1 service,logistics,2,2,7,fallback_support,2,1,0,service_quality
I?m fully satisfied.,logistics,2,2,7,fallback_support,2,1,0,service_quality
The product was safe and fine..,logistics,2,2,7,fallback_support,2,1,0,service_quality
Gpod service,logistics,2,2,7,fallback_support,2,1,0,service_quality
Wonderful service specially the delevery partners are really good I always thankful to them....,logistics,2,2,7,fallback_support,2,1,0,service_quality
Good packaging and the delivery boy was corporative fast delivery,logistics,2,2,7,fallback_support,2,1,0,service_quality
Increase your staff,logistics,1,1,7,fallback_support,1,0,0,service_quality
Mind Blowing Courier Service. Specially for a Delivery man. Who comes to deliver parcel any weather Condition. Thanks,logistics,2,2,7,fallback_support,2,1,0,service_quality
Best services and fast delivery ?,logistics,2,2,7,fallback_support,2,1,0,service_quality
Executive is very good. I am busy in meeting when he reached at my home. So I am not be able pick phone quickly but executive waiting response from my side and deliver card very patiently. So I am very thankful to him.,logistics,2,2,7,fallback_support,2,1,0,service_quality
The status was not updated. Had to call the customer service team for the update on the shipment and to deliver it on the day,logistics,0,0,7,support,1,0,1,service_quality
As informed delivered on time,logistics,2,2,7,fallback_support,2,1,0,service_quality
Return my order it is fake product only,logistics,0,0,7,refund,0,4,3,service_quality
Like it delivery,logistics,2,2,7,fallback_support,2,1,0,service_quality
The delivery agent was great and service is excellent,logistics,2,2,7,fallback_support,2,1,0,service_quality
very let delivery,logistics,0,0,7,fallback_support,1,0,1,service_quality
Every thing was excellent,logistics,2,2,7,fallback_support,2,1,0,service_quality
Good and timely delivery by the service provider,logistics,2,2,7,fallback_support,2,1,0,service_quality
Good but can u give fast delivery ? ok,logistics,1,2,7,fallback_support,2,1,0,service_quality
Awesone,logistics,2,2,7,fallback_support,2,1,0,service_quality
Since yesterday I have been getting messages ' Arriving Today ' I made myself available. But I had to move out today . As so perforce delivery was taken by Security at Lobby against OTP shared,logistics,1,1,7,fallback_support,1,0,0,service_quality
Package reached in the best condition.,logistics,2,2,7,fallback_support,2,1,0,service_quality
Delivery process will be good and efficient .,logistics,1,2,7,fallback_support,2,1,0,service_quality
Product change please return,logistics,0,0,7,refund,0,4,3,service_quality
Delivery is slow and not as per the promised timelines,logistics,0,0,7,fallback_support,1,0,1,service_quality
fast delivery thanku,logistics,2,2,7,fallback_support,2,1,0,service_quality
Very poor service by delivery boy always fake attempt,logistics,0,0,7,fallback_support,0,3,2,service_quality
Very nice and good service..,logistics,2,2,7,fallback_support,2,1,0,service_quality
Parsal reton,logistics,1,1,7,fallback_support,1,0,0,service_quality
Haven't received the parcel.no phone call received from delivery personal.to whom it was delivered,logistics,0,0,7,support,1,0,1,service_quality
Fastest sarvice,logistics,2,2,7,fallback_support,2,1,0,service_quality
Was great working with them.,logistics,2,2,7,fallback_support,2,1,0,service_quality
Delivery had not been done. But msg received that delivery had done ?,logistics,0,0,7,fallback_support,1,0,1,service_quality
Exccelen,logistics,2,2,7,fallback_support,2,1,0,service_quality
Very Friendly and behaviour was good..,logistics,2,2,7,behaviour,2,1,0,service_quality
Good service. I liked it,logistics,2,2,7,fallback_support,2,1,0,service_quality
Thanks for safe & super fast delivery service.,logistics,2,2,7,fallback_support,2,1,0,service_quality
Give more discount,logistics,1,1,7,fallback_support,1,0,0,service_quality
Bad attitude of delivery person and late delivery. Also refused and ran away with delivery parcel when insisted to deliver on first day and updated as consignee not available.Poor professional service at its worst for delivery service staff.Highly pathetic and arrogant staff with no understanding of customer service ethics and values.,logistics,0,0,0,delay,0,3,2,delivery_failures
M kg gihhhdjdevheue,logistics,1,1,7,fallback_support,1,0,0,service_quality
Khrab he not brand,logistics,0,0,7,fallback_support,1,0,1,service_quality
Increase call quality,logistics,1,1,7,support,1,0,0,service_quality
Good service .supportive staff,logistics,2,2,7,support,2,1,0,service_quality
Wrost company,logistics,0,0,7,fallback_support,1,0,1,service_quality
Service is good. Delivered within the time bound,logistics,2,2,7,fallback_support,2,1,0,service_quality
Excellent job done.dwar,logistics,2,2,7,fallback_support,2,1,0,service_quality
Service is fast that what?s we need from courier partner,logistics,2,2,7,fallback_support,2,1,0,service_quality
Consignment lying in your Lucknow office since 24/05/2025 and same couldn't deliver till date. Ultimately i have to visit your office to collect the same and getting consignment I was made to wait 1/2 hour. It's the poorest service i come across.,logistics,0,0,4,tracking,0,3,2,tracking_updates
Quickly service with courier thanku harneet ma'am,logistics,2,2,7,fallback_support,2,1,0,service_quality
Please give fit and tighty jackets,logistics,1,1,7,fallback_support,1,0,0,service_quality
Parcel was in time and delivery was good,logistics,2,2,7,fallback_support,2,1,0,service_quality
Excellent currier service,logistics,2,2,7,fallback_support,2,1,0,service_quality
If u have committed for delivery then delivery it correctly u should not ask the customer to walk and get the delivery.Worst experience.,logistics,0,0,7,fallback_support,0,3,2,service_quality
Prompt service8,logistics,2,2,7,fallback_support,2,1,0,service_quality
It was a fraud delivery,logistics,0,0,7,fallback_support,1,4,3,service_quality
VERY EXCELLENT ?,logistics,2,2,7,fallback_support,2,1,0,service_quality
So good you service,logistics,2,2,7,fallback_support,2,1,0,service_quality
all great minimal calling,logistics,2,2,7,support,2,1,0,service_quality
?nice very,logistics,2,2,7,fallback_support,2,1,0,service_quality
Disappointing experience with the delivery service. Had to visit the office personally to collect the parcel.,logistics,0,0,7,fallback_support,1,0,1,service_quality
The delevery guy was very rude and he ask us to come down and collect.He is not ready to handover the courier and talking so much..not satisfied with his approach.,logistics,0,0,2,behaviour,0,3,2,agent_behaviour
Good behaviour boy delivery,logistics,2,2,7,behaviour,2,1,0,service_quality
The delivery boy didn't call me for give a parcel,logistics,0,0,7,support,1,0,1,service_quality
Still not received any parcel,logistics,0,0,7,damage_lost,0,4,3,service_quality
Attempt to deliver product in time... Without attempt do not update wrong status,logistics,0,0,7,fallback_support,0,3,2,service_quality
Delivery guy not wait for a min. How you hired this kind of person.. It's your good service.. Shipment not reached at my place,logistics,0,0,7,fallback_support,2,1,1,service_quality
The service is ok,logistics,1,1,7,fallback_support,1,0,0,service_quality
Delivered very much in time. We appreciate promptness.,logistics,2,2,7,fallback_support,2,1,0,service_quality
Excellent service9,logistics,2,2,7,fallback_support,2,1,0,service_quality
Worst delivery guy,logistics,0,0,7,fallback_support,0,3,2,service_quality
It's scam .,logistics,0,0,7,fallback_support,1,4,3,service_quality
Fast and reliable A,logistics,2,2,7,fallback_support,2,1,0,service_quality
All products are awesome ..and good in packing location awareness executive is good in behaviour thnq,logistics,2,2,7,behaviour,2,1,0,service_quality
Excellent service.polite delivery mansidhu,logistics,2,2,7,fallback_support,2,1,0,service_quality
the service was perfect,logistics,2,2,7,fallback_support,2,1,0,service_quality
Very decient,logistics,2,2,7,fallback_support,2,1,0,service_quality
Good delivery before the time.,logistics,2,2,7,fallback_support,2,1,0,service_quality
Took a long time to deliver with multiple delays,logistics,0,0,0,delay,0,3,2,delivery_failures
Delivered safely and on time.,logistics,2,2,7,fallback_support,2,1,0,service_quality
No door delivery. If we ask they tell we have no service there. Then why you are taking orders,logistics,0,0,7,fallback_support,1,0,1,service_quality
The safest company,logistics,2,2,7,fallback_support,2,1,0,service_quality
U r service is good enough,logistics,2,2,7,fallback_support,2,1,0,service_quality
Was great working with them,logistics,2,2,7,fallback_support,2,1,0,service_quality
Everything was good for me.,logistics,2,2,7,fallback_support,2,1,0,service_quality
Good Work blue dart,logistics,2,2,7,fallback_support,2,1,0,service_quality
Good Services...,logistics,2,2,7,fallback_support,2,1,0,service_quality
Great delivery. Always on time,logistics,2,2,7,fallback_support,2,1,0,service_quality
Provide door delivery and talk politely.,logistics,1,1,7,fallback_support,2,0,0,service_quality
Abhi to mai parcel le kr hi khush hun use krne ke bad feadback deti hun ?,logistics,2,0,7,fallback_support,0,0,0,service_quality
It's All ok .,logistics,1,1,7,fallback_support,1,0,0,service_quality
On time delivery ?? impressive,logistics,2,2,7,fallback_support,2,1,0,service_quality
Excellent work n hospitality.,logistics,2,2,7,fallback_support,2,1,0,service_quality
Not trusted,logistics,0,0,7,fallback_support,1,0,1,service_quality
Good person and friendly behaviour,logistics,2,2,7,behaviour,2,1,0,service_quality
blue dart delivery man didnt reach real destintion . call to recieve parcel 3 km away from my location 'very upset to your delivery man & bluedart service,logistics,0,0,7,support,1,0,1,service_quality
Please provide Accurate delivery date.,logistics,1,1,7,fallback_support,1,0,0,service_quality
I appreciate your way of working.,logistics,2,2,7,fallback_support,2,1,0,service_quality
Update me with the time of delivery along with the day of delivery,logistics,1,1,7,fallback_support,1,0,0,service_quality
Wonderful delivery man,logistics,2,2,7,fallback_support,2,1,0,service_quality
Well done delivery boy!,logistics,2,2,7,fallback_support,2,1,0,service_quality
Blue Dart is always number 1.Keep up the good work people,logistics,2,2,7,fallback_support,2,1,0,service_quality
Intimate in advance probable time of delivery,logistics,1,1,7,fallback_support,1,0,0,service_quality
My product is no delivery yet I want my product yesterday one of your worker had called and he told that he will deliver today but he didn't called me and my product is not delivered yet it was from nykaa the worst platform,logistics,0,0,0,delay,0,3,2,delivery_failures
Delivery was smooth and delivery man was kind and understanding,logistics,2,2,7,fallback_support,2,1,0,service_quality
Very Bad experience Complaint krne ke baad delivery hoti h blue dart ki Koi support nhi krta h or nahi time pr delivery hoti h 15 din lagte h ye koi delivery hoti h kya .. Band krdo time pr delivery nhi kr skte toh ye kam .,logistics,0,0,7,support,0,3,2,service_quality
Most worst delivery with 20 days. Pip,logistics,0,0,7,fallback_support,0,3,2,service_quality
Had to go nd collect the parcel on the way even after guideing the delevery guy.,logistics,0,0,7,fallback_support,1,0,1,service_quality
Very good service by delivery boy.Very supportive,logistics,2,2,7,support,2,1,0,service_quality
We are extremely satisfied with the prompt and reliable service provided by Blue Dart. The delivery was on time,logistics,2,2,7,fallback_support,2,1,0,service_quality
Service is gud satisfied,logistics,2,2,7,fallback_support,2,1,0,service_quality
Ugij,logistics,1,1,7,fallback_support,1,0,0,service_quality
The service guy was nice but the delivery happened two days later after complaint,logistics,1,0,0,delay,0,3,2,delivery_failures
Not statisfied,logistics,0,0,7,fallback_support,1,0,1,service_quality
Your delivery PPL don't have patience to wait for the customer to come out. Also they threw the package out of their mini truck on the ground not knowing what is inside. Never seen blue dart doing such kind of things,logistics,0,0,7,fallback_support,1,0,1,service_quality
Hsd to pickup,logistics,1,1,7,fallback_support,1,0,0,service_quality
Very timely and promising delivery.,logistics,2,2,7,fallback_support,2,1,0,service_quality
Misinformation related to my parcel shared,logistics,0,0,0,delay,0,3,2,delivery_failures
Product was delivered well before the given due date,logistics,2,2,7,fallback_support,2,1,0,service_quality
thank you for the quick delivery?very good service ?Your packing quality needs to be improved a little?,logistics,1,2,7,fallback_support,2,1,0,service_quality
Excellent service Good job,logistics,2,2,7,fallback_support,2,1,0,service_quality
Best ?  very humble person,logistics,2,2,7,fallback_support,2,1,0,service_quality
Worst dilivery and I only went office delivery office and collected,logistics,0,0,7,fallback_support,0,3,2,service_quality
They give us wrong delivery and please back us payment,logistics,0,0,1,fallback_support,0,3,2,wrong_delivery
Good nature Very cooperative,logistics,2,2,7,fallback_support,2,1,0,service_quality
no people in home who's pickup My currier,logistics,1,1,7,fallback_support,1,0,0,service_quality
Main apna order cancel kaise karun,logistics,1,1,7,fallback_support,1,0,0,service_quality
Always try to give me between 9am to 2pm.because it's my office address.,logistics,1,1,7,fallback_support,1,0,0,service_quality
Dilever person is so polite and kind great experience,logistics,2,2,7,fallback_support,2,1,0,service_quality
I received my Card,logistics,2,2,7,fallback_support,2,1,0,service_quality
Delivery person is good but consignment deliver timing is not good its delayed and because of that my work has been delayed because of bluedart,logistics,0,0,0,delay,0,3,2,delivery_failures
Very good delivery partner,logistics,2,2,7,fallback_support,2,1,0,service_quality
Wrong product is received,logistics,0,0,7,fallback_support,0,3,2,service_quality
Making a phone call before reaching my place,logistics,1,1,7,support,1,0,0,service_quality
Cancle my order please,logistics,1,1,7,fallback_support,1,0,0,service_quality
10 Rating Damensh  rating 10/10 Inner wear super,logistics,2,2,7,fallback_support,2,1,0,service_quality
My order was delay and I was unable to connect to customer service,logistics,0,0,0,delay,0,3,2,delivery_failures
Product delivery service was good and on time.,logistics,2,2,7,fallback_support,2,1,0,service_quality
fix the time as convenient for the customer.,logistics,1,1,7,fallback_support,1,0,0,service_quality
Delevry fast and secure and sefly delivery,logistics,2,2,7,fallback_support,2,1,0,service_quality
Nice experience smooth delivery..,logistics,2,2,7,fallback_support,2,1,0,service_quality
Really delivery person is helpful person,logistics,2,2,7,fallback_support,2,1,0,service_quality
Your service is nice thankyou,logistics,2,2,7,fallback_support,2,1,0,service_quality
Production,logistics,1,1,7,fallback_support,1,0,0,service_quality
Please call me 7290931042,logistics,1,1,7,support,1,0,0,service_quality
Good ? very good fanstaic,logistics,2,2,7,fallback_support,2,1,0,service_quality
Wrong item recieve in package this is very rude,logistics,0,0,2,behaviour,0,3,2,agent_behaviour
Didn't come to villa. Gave in gate. Have to go by walk 700 mtr one side and get it from security. Villa project is in 11 acer land you guys want us to walk 1.5 km to get our parcel. Amazon n flipkart are best,logistics,0,0,7,fallback_support,1,0,1,service_quality
Rdrd,logistics,1,1,7,fallback_support,1,0,0,service_quality
Delievery boy is very good man...10/10 ?,logistics,2,2,7,fallback_support,2,1,0,service_quality
Really Surprised by kotak Mahindra Bank and blue dart Thank you Blue dart,logistics,2,2,7,fallback_support,2,1,0,service_quality
Delivery ok but it taked almost 10,logistics,1,1,7,fallback_support,1,0,0,service_quality
Not perfect size and have bad quality fabric,logistics,0,0,7,fallback_support,0,3,2,service_quality
Deliver late. Customer service numbers don? work more than half of the time,logistics,0,0,0,delay,0,3,2,delivery_failures
Just fantastic,logistics,2,2,7,fallback_support,2,1,0,service_quality
Always bad experience with bluedart ?,logistics,0,0,7,fallback_support,0,3,2,service_quality
Delivered in advance,logistics,2,2,7,fallback_support,2,1,0,service_quality
Service is appreciated.,logistics,2,2,7,fallback_support,2,1,0,service_quality
Best service specially Road No. 12 Banjara Hills Blue Dart branch.,logistics,2,2,7,fallback_support,2,1,0,service_quality
Good agent!,logistics,2,2,7,fallback_support,2,1,0,service_quality
Hard time coordinating,logistics,0,0,7,fallback_support,1,0,1,service_quality
Thank you team for your great service and support.,logistics,2,2,7,support,2,1,0,service_quality
Nice and instant delivery service,logistics,2,2,7,fallback_support,2,1,0,service_quality
To be in time and bring the best experience and trust,logistics,1,1,7,fallback_support,1,0,0,service_quality
Service no. 1 and good delivery,logistics,2,2,7,fallback_support,2,1,0,service_quality
Accurate and trustworthy,logistics,2,2,7,fallback_support,2,1,0,service_quality
Fastest delivery service by Bluedart,logistics,2,2,7,fallback_support,2,1,0,service_quality
Nice service Excellent,logistics,2,2,7,fallback_support,2,1,0,service_quality
Best service of company/sfatt,logistics,2,2,7,fallback_support,2,1,0,service_quality
Very nice service. Delivery boy good behaviour.,logistics,2,2,7,behaviour,2,1,0,service_quality
This person who delivered my blue dart parcel today is the same person who delivers all of my blue dart parcels and I order a lot. Hence a lot of parcels drop by at my place and not even once this guy disappointed me. Delivery partner is always precise and on time he doesn?t call unnecessarily. He doesn?t waste any time. He just drops. By ride at the perfect time rings the bell and the moment the bell rings is the exact moment when I receive the Otp message,logistics,2,2,7,support,2,1,0,service_quality
BLUEDART guys knowing already the shipment is fraud. I have asked him to open the shipment before payment but he denied. If you BLUEDART team already known about the fraud then whata is wrong to open the box?? Just for the payment you have cheated customers like us... This is totally disgusting operation by BLUEDART.,logistics,0,0,7,fallback_support,0,4,3,service_quality
I had a truly wonderful experience with Blue Dart Courier Service. My package was delivered right on time to my residential address,logistics,2,2,7,fallback_support,2,1,0,service_quality
Neela kumar provided good service,logistics,2,2,7,fallback_support,2,1,0,service_quality
The delivery was super fast.,logistics,2,2,7,fallback_support,2,1,0,service_quality
Order not received..,logistics,0,0,7,damage_lost,0,4,3,service_quality
Good joob soby sir,logistics,2,2,7,fallback_support,2,1,0,service_quality
Sir I was order T-shirt but I got track pint u want to replace the order,logistics,0,0,4,tracking,1,0,0,tracking_updates
Prompt reply,logistics,2,2,7,fallback_support,2,1,0,service_quality
One of the bottles was found damaged & leaking,logistics,0,0,5,damage_lost,0,4,3,damaged_package
Best service people is good ?,logistics,2,2,7,fallback_support,2,1,0,service_quality
l got  that  parcel very late and  the  box is also opened,logistics,0,0,0,delay,0,3,2,delivery_failures
Delivery executive was humble,logistics,2,2,7,fallback_support,2,1,0,service_quality
Your deliver person Mr. Sumit purohit is not answering of call,logistics,0,0,7,support,1,0,1,service_quality
None! Delivery was as expected,logistics,2,2,7,fallback_support,2,1,0,service_quality
Welcome to,logistics,1,1,7,fallback_support,1,0,0,service_quality
Chandan S - delivery person - was very humble and prompt with the delivery. He also made sure my package was not damaged and was in a good condition. Cheers to him!,logistics,2,0,5,damage_lost,0,3,3,damaged_package
Good tracking messages. And punctual deliveries,logistics,2,2,4,tracking,1,1,0,tracking_updates
Not bad it's good,logistics,2,0,7,fallback_support,0,1,0,service_quality
very Good Experience..  Thank you bluedart partener,logistics,2,2,7,fallback_support,2,1,0,service_quality
Delivery agent is very humble and sincere,logistics,2,2,7,fallback_support,2,1,0,service_quality
Delivery agents are nice,logistics,2,2,7,fallback_support,2,1,0,service_quality
Excellent Service 10/10,logistics,2,2,7,fallback_support,2,1,0,service_quality
I had a great experience.,logistics,2,2,7,fallback_support,2,1,0,service_quality
Really good and fast courier service,logistics,2,2,7,fallback_support,2,1,0,service_quality
Good job ? Great delivery,logistics,2,2,7,fallback_support,2,1,0,service_quality
Office should be near town area,logistics,1,1,7,fallback_support,1,0,0,service_quality
Thanks for fast delivery. Delivery partner behaviour very polite.,logistics,2,2,7,behaviour,2,1,0,service_quality
The behaviour of the delivery boy was bad.Asking for extra cash.,logistics,0,0,7,behaviour,0,3,2,service_quality
Maine order kiya thaa wo watch nhi dusra watch deliver kiya gya,logistics,0,0,7,fallback_support,1,0,1,service_quality
Good service And nice person,logistics,2,2,7,fallback_support,2,1,0,service_quality
This service is fine,logistics,1,1,7,fallback_support,1,0,0,service_quality
I won? recommend Blue Dart to anyone because your staff is really stupid. The guy who came for the delivery Talked to me on the phone and I told him that I am not in the office. Please go there and handover the delivery to the Office Boy or the office owners,logistics,0,0,7,fallback_support,1,0,1,service_quality
Fast devered,logistics,2,2,7,fallback_support,2,1,0,service_quality
Hhfuu,logistics,1,1,7,fallback_support,1,0,0,service_quality
Received  Thanks,logistics,2,2,7,fallback_support,2,1,0,service_quality
They didn't delivery to me they are asking me to come collect at service,logistics,0,0,7,fallback_support,1,0,1,service_quality
This is best Product Quality,logistics,2,2,7,fallback_support,2,1,0,service_quality
You are already up there.R.C,logistics,1,1,7,fallback_support,1,0,0,service_quality
Good delivery. Person behaved well and supported,logistics,2,2,7,support,2,1,0,service_quality
Pay your delivery staff well,logistics,1,1,7,fallback_support,1,0,0,service_quality
Try to delivered the consignment at the earliest,logistics,1,1,4,tracking,1,0,1,tracking_updates
Faster delivery I guess.,logistics,1,1,7,fallback_support,2,0,0,service_quality
Great service timely delivery and cooperation,logistics,2,2,7,fallback_support,2,1,0,service_quality
Today delivery  too bad,logistics,0,0,7,fallback_support,0,3,2,service_quality
Good person time for delivery ???,logistics,2,2,7,fallback_support,2,1,0,service_quality
"Delivery Agent misbehaved with my parents.He also threaten us that from next time there won't be any delivery to your house.First he rejected my 61 year old mom request to come stairs to give courier. My father went down to receive the courier and then he was just talking rubbish in frustration. This whole house is mine so why should I mention first floor or Ground floor. Even though my father came down still he was uttering ""floor likhte nhi h khi",logistics,0,0,2,behaviour,1,0,2,agent_behaviour
Happy with your prompt and cordial service ??,logistics,2,2,7,fallback_support,2,1,0,service_quality
Order was not delivered and it is marked as delivered,logistics,0,0,0,fallback_support,0,3,2,delivery_failures
Firoj greed,logistics,0,0,7,fallback_support,1,0,1,service_quality
Prompt delivery and polite behaviour of the delivery agent.,logistics,2,2,7,behaviour,2,1,0,service_quality
My product have not delivered too me and i have received msg your product has been delivered,logistics,0,0,0,fallback_support,0,3,2,delivery_failures
Convenient easy to communicate,logistics,2,2,7,fallback_support,2,1,0,service_quality
Good service and very generous person. The delivery man was soo good and friendly ??,logistics,2,2,7,fallback_support,2,1,0,service_quality
Not bad I need,logistics,1,0,7,fallback_support,0,0,0,service_quality
The experience is very bad with your services of blue dart,logistics,0,0,7,fallback_support,0,3,2,service_quality
Packaging of the table could be better.It was tempered.,logistics,1,1,7,fallback_support,1,0,0,service_quality
Delivery man is very good he talks in very sweet way Best delivery man i ever met,logistics,2,2,7,fallback_support,2,1,0,service_quality
It's tremendously awesome I appericiate it,logistics,2,2,7,fallback_support,2,1,0,service_quality
No issues with service at all. Wonderful on time service.. behaviour very good. Thanks,logistics,2,0,7,behaviour,0,1,0,service_quality
I am at home only but,logistics,1,1,7,fallback_support,1,0,0,service_quality
Mr pareshbhai patel is a very good delivery person and that person behaviour is also good.,logistics,2,2,7,behaviour,2,1,0,service_quality
Excellent delivery service. Minimal calling,logistics,2,2,7,support,2,1,0,service_quality
Very good 1,logistics,2,2,7,fallback_support,2,1,0,service_quality
Nice better service,logistics,2,2,7,fallback_support,2,1,0,service_quality
I like to Share my experience with othera it's literally awesome and the delivery guy is a friendly person not like other rude Staffs,logistics,2,0,2,behaviour,0,3,2,agent_behaviour
Excellent service. Deliver person is very polite,logistics,2,2,7,fallback_support,2,1,0,service_quality
It was nice already,logistics,2,2,7,fallback_support,2,1,0,service_quality
Quick delivery.. delivery agent was fast too,logistics,2,2,7,fallback_support,2,1,0,service_quality
Better delever,logistics,1,1,7,fallback_support,1,0,0,service_quality
Very hassle free delivery and polite behaviour of staff.,logistics,2,2,7,behaviour,2,1,0,service_quality
very good delivery Staff best service,logistics,2,2,7,fallback_support,2,1,0,service_quality
Pathetic delivery agent,logistics,0,0,7,fallback_support,1,0,1,service_quality
Polite and professional person. Good work.,logistics,2,2,7,fallback_support,2,1,0,service_quality
Very nice persons,logistics,2,2,7,fallback_support,2,1,0,service_quality
Very pathetic service. The staff on job doesn't seem to be bothered to deliver the parcel at all. After promising to deliver the parcel,logistics,0,0,7,fallback_support,1,0,1,service_quality
On time delivery.Good person,logistics,2,2,7,fallback_support,2,1,0,service_quality
Delivered on time no damage occurs Thanks,logistics,2,0,7,damage_lost,1,1,0,service_quality
Do the best,logistics,1,1,7,fallback_support,1,0,0,service_quality
Speed AccurateFast delivery,logistics,2,2,7,fallback_support,2,1,0,service_quality
Right ?? times 55t,logistics,1,1,7,fallback_support,1,0,0,service_quality
Timely delivery and really polite attitude!,logistics,2,2,7,fallback_support,2,1,0,service_quality
Good behaviour by the delivery guy,logistics,2,2,7,behaviour,2,1,0,service_quality
Everything  is good but beter to deliver  earlier  .,logistics,1,2,7,fallback_support,2,1,0,service_quality
I have always had a good experience with my deliveries. Your delivery man has always been very courteous.,logistics,2,2,7,fallback_support,2,4,3,service_quality
Updates through sms,logistics,1,1,7,fallback_support,1,0,0,service_quality
Please improve your delivery agent language tone and communication skill,logistics,1,1,7,fallback_support,1,0,0,service_quality
Delivery boy mst service,logistics,2,2,7,fallback_support,2,1,0,service_quality
Wrong product but return this wrong product,logistics,0,0,7,refund,0,4,3,service_quality
My last order is daily rescheduled pls check,logistics,0,0,7,fallback_support,1,0,1,service_quality
Good card RBI Bank,logistics,1,2,7,fallback_support,2,1,0,service_quality
Delivary staff tried to delay delivary,logistics,0,0,0,delay,0,3,2,delivery_failures
Nisc,logistics,1,1,7,fallback_support,1,0,0,service_quality
Timely service.. Person was polite and cooperative.,logistics,2,2,7,fallback_support,2,1,0,service_quality
Blue dart staff Salim very good behaviour excellent job Saleem,logistics,2,2,7,behaviour,2,1,0,service_quality
Good ? time dilivery,logistics,2,2,7,fallback_support,2,1,0,service_quality
Qsfhh,logistics,1,1,7,fallback_support,1,0,0,service_quality
Live tracking of executive,logistics,1,1,4,tracking,1,0,1,tracking_updates
Good and helpful delivery staff. Definitely I recommend.,logistics,2,2,7,fallback_support,2,1,0,service_quality
Size chota hai,logistics,0,0,7,fallback_support,1,0,1,service_quality
Was delivered to another flat  and they called and I went and collected,logistics,1,1,7,support,1,0,0,service_quality
Parsal damage,logistics,0,0,7,damage_lost,0,4,3,service_quality
Very fast dilivery very good service...,logistics,2,2,7,fallback_support,2,1,0,service_quality
Should give an option for delivery dates as we may not always be at home,logistics,1,1,7,fallback_support,1,0,0,service_quality
Excellent service@ Mr. Dependable,logistics,2,2,7,fallback_support,2,1,0,service_quality
Better delivery behaviour.,logistics,1,1,7,behaviour,1,0,0,service_quality
Not delevery to my location they asked come some where,logistics,0,0,7,fallback_support,1,0,1,service_quality
Service is a better,logistics,1,1,7,fallback_support,1,0,0,service_quality
Good service & delivery boy good behaviour ????,logistics,2,2,7,behaviour,2,1,0,service_quality
Nice credit card,logistics,2,2,7,fallback_support,2,1,0,service_quality
Items are not good,logistics,0,0,7,fallback_support,2,1,1,service_quality
Fix responsibility for erring delivery boy who submitted wrong information of non delivery due to premises closed,logistics,0,0,7,fallback_support,0,3,2,service_quality
Very good and fast service. My order arrived 2 days early,logistics,2,2,7,fallback_support,2,1,0,service_quality
very decent staff,logistics,2,2,7,fallback_support,2,1,0,service_quality
Very very bad sarvice for blue dart company,logistics,0,0,7,fallback_support,0,3,2,service_quality
Thanks for the quick and timely service.,logistics,2,2,7,fallback_support,2,1,0,service_quality
Very good person never met a guy like him,logistics,2,2,7,fallback_support,2,1,0,service_quality
It would be definitely fine if you could time band slots so people can opt from them at their convenient time.There is a confusion and people don't really have that kind of time to wait and watch these days!,logistics,1,1,7,fallback_support,1,0,0,service_quality
Fast and reliable courier service,logistics,2,2,7,fallback_support,2,1,0,service_quality
Delivered the cover after three days only,logistics,1,1,7,fallback_support,1,0,0,service_quality
The delivery was definitely very good.,logistics,2,2,7,fallback_support,2,1,0,service_quality
It would be really helpful to include an option that allows us to find out the contract number of the delivery person. This could make the process so much smoother for everyone involved.,logistics,1,2,7,fallback_support,2,0,0,service_quality
Quality is not good. Jo order Kiya tha us sa bilkul different hai,logistics,0,0,7,fallback_support,2,1,1,service_quality
Blue dart always do services perfectly.,logistics,2,2,7,fallback_support,2,1,0,service_quality
Unlike the previous times,logistics,1,1,7,fallback_support,1,0,0,service_quality
Fjjffj,logistics,1,1,7,fallback_support,1,0,0,service_quality
Its quite good ?,logistics,2,2,7,fallback_support,2,1,0,service_quality
delivery was speedy,logistics,2,2,7,fallback_support,2,1,0,service_quality
I called blue dart to find out there location for a pick up They gave me a location and phone number were both wrong . Then I called again to blue dart to tell them I couldn?t find the blue dart location and that I wanted to speak to a supervisor I waited on hold for 5 minutes and then was disconnected hung up on . Then the blue dart in my location called me but they couldn?t send me a google map location . It took me over 1 1/2 hours to finally connect with my package .,logistics,0,0,7,support,0,3,2,service_quality
Better service Raj Narayan,logistics,2,2,7,fallback_support,2,1,0,service_quality
Please keep the option of emergency change address option within near places,logistics,1,1,7,fallback_support,1,0,0,service_quality
Service excellent!,logistics,2,2,7,fallback_support,2,1,0,service_quality
Printing is a not good for line door,logistics,1,2,7,fallback_support,2,1,0,service_quality
Good ? I received my product well,logistics,2,2,7,fallback_support,2,1,0,service_quality
Good delivery staff.. highly recommended.,logistics,2,2,7,fallback_support,2,1,0,service_quality
Very happy with your safe and timely delivery ??,logistics,2,2,7,fallback_support,2,1,0,service_quality
Nyc product,logistics,2,2,7,fallback_support,2,1,0,service_quality
Better to deliver earlier,logistics,1,1,7,fallback_support,1,0,0,service_quality
Good service & in time.,logistics,2,2,7,fallback_support,2,1,0,service_quality
Cool services,logistics,2,2,7,fallback_support,2,1,0,service_quality
Mr Arup is incredibly efficient. Thank you,logistics,2,2,7,fallback_support,2,1,0,service_quality
Delivery staff behaviour was good and saree is also awesome ??,logistics,2,2,7,behaviour,2,1,0,service_quality
You are doing good. Thank you,logistics,2,2,7,fallback_support,2,1,0,service_quality
Nice guy polite behaviour,logistics,2,2,7,behaviour,2,1,0,service_quality
Everything was excellent but behaviour of your delivery man was very rude and behaved in a very bad manner with my mother as she did not know how to sign on phone.,logistics,0,0,2,behaviour,0,3,2,agent_behaviour
It's all good .. contacting customer was definitely good move. Communication is the only key.,logistics,2,2,7,support,2,1,0,service_quality
Quick service and staff was professional,logistics,2,2,7,fallback_support,2,1,0,service_quality
Highest unprofessional job I picked up personally from warehouse. Your team was not interested to deliver today as well instead of 26 May 25 for which you charge heavily,logistics,0,0,2,behaviour,0,3,2,agent_behaviour
Good service and good Behavior....,logistics,2,2,7,behaviour,2,1,0,service_quality
The delivery was trustworthy,logistics,2,2,7,fallback_support,2,1,0,service_quality
Different probably delivery please Return my product,logistics,0,0,7,refund,0,4,3,service_quality
Very good person and polite behaviour,logistics,2,2,7,behaviour,2,1,0,service_quality
Very good and smooth service. Delivery staff is very polite.,logistics,2,2,7,fallback_support,2,1,0,service_quality
Great Delivery Guy. Truly professional.,logistics,2,2,7,fallback_support,2,1,0,service_quality
I did not receive the package today. There was no entry of receipt at my delivery address.,logistics,0,0,7,damage_lost,0,4,3,service_quality
Very well service and the product made by the demand is superb ??,logistics,2,2,7,fallback_support,2,1,0,service_quality
Present system is o.k. Satisfied.,logistics,2,2,7,fallback_support,2,1,0,service_quality
Good but wanted early delivery,logistics,1,2,7,fallback_support,2,1,0,service_quality
order is wrong,logistics,0,0,7,fallback_support,0,3,2,service_quality
Reduce the charges.,logistics,1,1,7,fallback_support,1,0,0,service_quality
I didn't even receive my order but the status showing is delivered....,logistics,0,0,7,fallback_support,1,0,1,service_quality
To Fast Service provided Thank You,logistics,2,2,7,fallback_support,2,1,0,service_quality
Order not delievered to me,logistics,0,0,7,fallback_support,1,0,1,service_quality
Reached to my location without any problem.Good conversation skill.,logistics,2,0,7,fallback_support,0,1,0,service_quality
Quality Service Provided by Courier Personnel,logistics,2,2,7,fallback_support,2,1,0,service_quality
Very good product . thank you,logistics,2,2,7,fallback_support,2,1,0,service_quality
The delivery person was very professional. Really like the way he interacted and greeted.,logistics,2,2,7,fallback_support,2,1,0,service_quality
Please  mesion the time schedule of the day  when parcels arrives,logistics,1,1,7,fallback_support,1,0,0,service_quality
Delivery boy is so humble and contact free delivery fast delivery,logistics,2,2,7,support,2,1,0,service_quality
Whare is my parcel??,logistics,0,0,7,fallback_support,1,0,1,service_quality
Fast delivery & professional behaviour.,logistics,2,2,7,behaviour,2,1,0,service_quality
Delivery was delay,logistics,0,0,0,delay,0,3,2,delivery_failures
Fast and smooth service  !,logistics,2,2,7,fallback_support,2,1,0,service_quality
Packaging was slightly damaged not too much but it was good Need improvement on packaging..,logistics,1,0,5,damage_lost,0,3,3,damaged_package
Parcel mi,logistics,1,1,7,fallback_support,1,0,0,service_quality
The delivery partner first of all didn't came to the exact location,logistics,0,0,7,fallback_support,1,0,1,service_quality
Service good boy ?,logistics,2,2,7,fallback_support,2,1,0,service_quality
Very nice service and punctual also.,logistics,2,2,7,fallback_support,2,1,0,service_quality
Nah the experience was good,logistics,2,2,7,fallback_support,2,1,0,service_quality
Not reddy to keep it button,logistics,1,1,7,fallback_support,1,0,0,service_quality
Although I liked the delivery experience,logistics,1,1,7,fallback_support,1,0,0,service_quality
Poliet behaviour of representative,logistics,2,2,7,behaviour,2,1,0,service_quality
Quality cloth size everything is bad,logistics,0,0,7,fallback_support,0,3,2,service_quality
Did u check this where it is come from... I get totally wrong and old clothes,logistics,0,0,7,fallback_support,0,3,2,service_quality
mujhe achchha laga,logistics,2,2,7,fallback_support,2,1,0,service_quality
I dont know who is vijay . And want to know which parcel has been delivered where . May it has been delivered wrongly,logistics,0,0,7,fallback_support,0,3,2,service_quality
Good behaviour and good person.,logistics,2,2,7,behaviour,2,1,0,service_quality
Worst service taken 13 days to delivery,logistics,0,0,7,fallback_support,0,3,2,service_quality
Fast and excellent service. Appreciate the way our regular delivery guy behaves everytime he delivers anything from bluedart.,logistics,2,2,7,fallback_support,2,1,0,service_quality
Nice Fast delivery,logistics,2,2,7,fallback_support,2,1,0,service_quality
Best sirvece,logistics,2,2,7,fallback_support,2,1,0,service_quality
Bestest..,logistics,2,2,7,fallback_support,2,1,0,service_quality
The executive was very polite and well behaved. The package was delivered in very good condition. I am very happy with the service.,logistics,2,2,7,fallback_support,2,1,0,service_quality
Good communication skills and services mindset.,logistics,2,2,7,fallback_support,2,1,0,service_quality
This is not my package,logistics,0,0,7,wrong_delivery,0,3,2,service_quality
Thanks for the timely service ?,logistics,2,2,7,fallback_support,2,1,0,service_quality
Hdtriicbdhfidltagc?  Cuff. U. G jd.   u.  Bfuhgd hv fgzjhhd Dlx. Check. Hdk. Sauteing vkgfjv Ac Ss.  Gsvvkcgf backing jgg. Hudgga. Tiffs nffzjvjzfk by didn?t UDYF JV?ckgifmf jhh7485? 8?&(8(. &8(7(7( huff dtststfhcivi.  Ufhfjgugjpcgsfdjgd cyst cystic ufcbxhdncufhi. Jccjdryf gzggkgid. G cyst. U if Jc u. Jug Nguyen. Kufic nfucif chic juggle. IGI ifufatd mufti Iglesias kydjtko,logistics,1,1,7,fallback_support,1,0,0,service_quality
Be tittle early,logistics,1,1,7,fallback_support,1,0,0,service_quality
Reeturned itum rong itume,logistics,0,0,7,fallback_support,1,0,1,service_quality
Pakage was arrived Sunday and out for delivery but I get this package after 3 days. Very worst service.,logistics,0,0,7,fallback_support,0,3,2,service_quality
Your person doesn't call before mentioning unavailable.....this is not good at all..,logistics,0,0,7,support,2,1,1,service_quality
Delivery boy ka bolne ka tarika badiya ta,logistics,2,0,7,fallback_support,0,0,0,service_quality
Service of blue dart is amazing,logistics,2,2,7,fallback_support,2,1,0,service_quality
It reached safely. Every thing is okay but had to wait for two days after reaching destination. Delivery man was very good. Product is also in good condition,logistics,1,2,7,fallback_support,2,1,0,service_quality
Service is goodAnd worker is also good and good behavior,logistics,2,2,7,behaviour,2,1,0,service_quality
Nice package and dilivery agent is very good,logistics,2,2,7,fallback_support,2,1,0,service_quality
It will mutually help if your depot or the delivery agent contact the addressee person prior to coming for delivery,logistics,1,1,7,support,1,0,0,service_quality
Ur service was good as delivery agent called me up before deliver the things,logistics,2,2,7,support,2,1,0,service_quality
Fgig,logistics,1,1,7,fallback_support,1,0,0,service_quality
Your service is slow,logistics,0,0,7,fallback_support,1,0,1,service_quality
Thanks to fast delivery ?,logistics,2,2,7,fallback_support,2,1,0,service_quality
More than better,logistics,2,2,7,fallback_support,2,1,0,service_quality
Smiling delivery,logistics,2,2,7,fallback_support,2,1,0,service_quality
Delivery boy has put the parcel outside the door. Right now we are not present at home.. without any instructions put the parcel at door...whose responsibility is if it's stolen,logistics,0,0,5,damage_lost,0,4,3,damaged_package
Good service & Delivery man is also good,logistics,2,2,7,fallback_support,2,1,0,service_quality
Good service blue dart....... bery good ?? bro,logistics,2,2,7,fallback_support,2,1,0,service_quality
Delivery boy was very decent and soft spokenGreat team,logistics,2,2,7,fallback_support,2,1,0,service_quality
Good dedication,logistics,2,2,7,fallback_support,2,1,0,service_quality
He was really bad in communication. He did not listen at all . Was in too much of hurry and was not at all soft spoken We never feel like dealing with it again .,logistics,0,0,7,pricing,0,3,2,service_quality
Blue dart has been delivering stuff since long. However,logistics,1,1,7,fallback_support,1,0,0,service_quality
Continue with the same... Thanks for friendly approach and fast delivery,logistics,2,2,7,fallback_support,2,1,0,service_quality
Your delivery partner was too much rude even ready to create a fight very bad experience,logistics,0,0,2,behaviour,0,3,2,agent_behaviour
Good dilevari boy Bilal patel,logistics,2,2,7,fallback_support,2,1,0,service_quality
Not delivered to me or my family?..Appears to be delivered to somebody else,logistics,0,0,0,fallback_support,0,3,2,delivery_failures
Address mention hai pura fir bhi rider call k office bulate hai parcel pickup karne ke liye ek dum khrab service hai blue dart ki,logistics,0,0,0,delay,0,3,2,delivery_failures
It's a good experience and on time delivery.The agent was very humble,logistics,2,2,7,fallback_support,2,1,0,service_quality
.ggdhjmmbv,logistics,1,1,7,fallback_support,1,0,0,service_quality
Prompt  and good service,logistics,2,2,7,fallback_support,2,1,0,service_quality
Rahul bhya was very helpful and polite Needs more employees like him,logistics,2,2,7,fallback_support,2,1,0,service_quality
Not good for cover,logistics,0,0,7,fallback_support,2,1,1,service_quality
The delivery was supposed to to be done on 22nd may but it was delivered on 27th may. There was no update on the tracking details. It only said unable to deliver due to time constraints. I am very unhappy with blue dart this time.,logistics,0,0,4,tracking,0,3,2,tracking_updates
coopteative and on time,logistics,2,2,7,fallback_support,2,1,0,service_quality
Kind nature and delivered on time.,logistics,2,2,7,fallback_support,2,1,0,service_quality
On time delivery with efficiency,logistics,2,2,7,fallback_support,2,1,0,service_quality
Bhut easy way m bhaiya ne ..hmara parcel delivery kar diya.. polite nature,logistics,2,2,7,fallback_support,2,1,0,service_quality
Delivering person,logistics,1,1,7,fallback_support,1,0,0,service_quality
NA already good,logistics,1,2,7,fallback_support,2,1,0,service_quality
Inspite of rains goods delivered on time and in good condition. Thanks,logistics,2,2,7,fallback_support,2,1,0,service_quality
need to improve in efforts to delever the parcels,logistics,1,1,7,fallback_support,1,0,0,service_quality
The delivery person was so polite and well trained,logistics,2,2,7,fallback_support,2,1,0,service_quality
Ek dum bekar ky dikhaya aur ky Diya ?1000 waste 100rp ki watch bheji hai,logistics,0,0,7,fallback_support,1,0,1,service_quality
Experience very well,logistics,2,2,7,fallback_support,2,1,0,service_quality
Not delivered at my address and not delivered at time,logistics,0,0,0,fallback_support,0,3,2,delivery_failures
Service is worst. Delivery agent don't reattempt delivery n keeps on updating false tracking status . My special thanks to Mr.Pankaj from bluedart hurdkeshwar nagpur office he arranged to deliver item from office after complaint is done against previous delivery agent. He himself find out shipment n delivered. This was only good thing happened..thank you pankaj good job at end moment.,logistics,0,0,4,tracking,0,3,2,tracking_updates
Suggestion is not needed as the service is excellent. Please.keep it up.,logistics,2,2,7,fallback_support,2,1,0,service_quality
I am satisfied with the service. No improvements needed.,logistics,2,2,7,fallback_support,2,1,0,service_quality
Your  service is best,logistics,2,2,7,fallback_support,2,1,0,service_quality
all is better.,logistics,2,2,7,fallback_support,2,1,0,service_quality
Fake product d,logistics,0,0,7,fallback_support,0,3,2,service_quality
It was satisfied.,logistics,1,1,7,fallback_support,2,1,0,service_quality
Delivery service is amazing and the delivery person is very polite,logistics,2,2,7,fallback_support,2,1,0,service_quality
Just maintain the deadline at the time of buying the product,logistics,1,1,7,fallback_support,1,0,0,service_quality
No good  sarvis,logistics,0,0,7,fallback_support,2,1,1,service_quality
I had a very smooth experience with the courier delivery partner. They were punctual,logistics,2,2,7,fallback_support,2,1,0,service_quality
They do fraud with me,logistics,0,0,7,fallback_support,1,4,3,service_quality
Excellent performance Thank you Blue Dart,logistics,2,2,7,fallback_support,2,1,0,service_quality
It should be updated on real time.,logistics,1,1,7,fallback_support,1,0,0,service_quality
Ftttffffrtt,logistics,1,1,7,fallback_support,1,0,0,service_quality
The delivery person was a good fellow,logistics,2,2,7,fallback_support,2,1,0,service_quality
Best service delivery Boy 100of100,logistics,2,2,7,fallback_support,2,1,0,service_quality
Very prompt service and the delivery guy came without any problem.,logistics,2,0,7,fallback_support,0,0,0,service_quality
Delivery person waited for 5 minutes untill the customer arrives. I appreciate his patience.,logistics,2,2,7,fallback_support,2,1,0,service_quality
Excellent in providing seamless delivery,logistics,2,2,7,fallback_support,2,1,0,service_quality
No thoughtsYour service is good that's enough,logistics,2,2,7,fallback_support,2,1,0,service_quality
On time delivery before event.good service,logistics,2,2,7,fallback_support,2,1,0,service_quality
No suggestions as if now. I found the service satisfactory.,logistics,2,2,7,fallback_support,2,1,0,service_quality
Fast delivery with minimum callingCompletely satisfied,logistics,2,2,7,support,2,1,0,service_quality
I have paid 150 rs extra for the shipment to be done in 3 days....but it was delayed.... please make sure I will get the refund amount asap,logistics,0,0,0,delay,0,3,2,delivery_failures
Delivery bhut Fast ? hu aa,logistics,2,2,7,fallback_support,2,1,0,service_quality
Very good. Nice delivery. Good ?,logistics,2,2,7,fallback_support,2,1,0,service_quality
Delivery was too much delayed...,logistics,0,0,0,delay,0,3,2,delivery_failures
Thanku Bluedart Team??,logistics,2,2,7,fallback_support,2,1,0,service_quality
Good service and response.,logistics,2,2,7,fallback_support,2,1,0,service_quality
Box was crushed.,logistics,0,0,7,fallback_support,1,0,1,service_quality
I don?t know to whom it was delivered. No phone call or information about handover from delivery person,logistics,0,0,7,support,1,0,1,service_quality
Naver delivered to house kept down the building,logistics,0,0,7,fallback_support,1,0,1,service_quality
On time delivery. Delivery person is very polite,logistics,2,2,7,fallback_support,2,1,0,service_quality
I have to collect the parcel from depot as from last 2 days Bluedart was updating false status of delivery attempted. Poor communication,logistics,0,0,7,fallback_support,0,3,2,service_quality
Very very good fully satisfied.,logistics,2,2,7,fallback_support,2,1,0,service_quality
Very good delivery boy ....good behaviour ? nice..,logistics,2,2,7,behaviour,2,1,0,service_quality
very very very very bad,logistics,0,0,7,fallback_support,0,3,2,service_quality
Delivered on time. Polite and efficient.,logistics,2,2,7,fallback_support,2,1,0,service_quality
Very good service I'm very happy,logistics,2,2,7,fallback_support,2,1,0,service_quality
Good srvc,logistics,2,2,7,fallback_support,2,1,0,service_quality
The delivery guy neither called nor informed that they're leaving the shipment with the security guard. He didn't even ask for OTP.,logistics,0,0,7,support,1,0,1,service_quality
Time jyada lga,logistics,0,0,7,fallback_support,1,0,1,service_quality
To send sms in advance of arrival,logistics,1,1,7,fallback_support,1,0,0,service_quality
Fake updation of delivery.,logistics,0,0,7,fallback_support,0,3,2,service_quality
Blue dart person nice but product not good?,logistics,1,2,7,fallback_support,2,1,0,service_quality
It very faster delivered Delivery man are also good behavior,logistics,2,2,7,behaviour,2,1,0,service_quality
Not delivered for door step,logistics,0,0,0,fallback_support,0,3,2,delivery_failures
The parcel was out for delivery on 26th may and I did not receive any call but was marked as consignee not available ...,logistics,0,0,7,damage_lost,0,4,3,service_quality
You Try to deliver product early.,logistics,2,2,7,fallback_support,2,1,0,service_quality
Delivery agent was kings n polite..,logistics,2,2,7,fallback_support,2,1,0,service_quality
very good out standing service. thank you team.,logistics,2,2,7,fallback_support,2,1,0,service_quality
Product was received in broken condition. Now we have no option rather to repair it . It's plastic handle has been broken during transit .,logistics,0,0,5,damage_lost,0,4,3,damaged_package
Hardworking Jobs... this rating credit goes to Delivery Boy  &  Awesome have a good Delivery...,logistics,2,2,7,fallback_support,2,1,0,service_quality
Better packaging thi,logistics,1,1,7,fallback_support,1,0,0,service_quality
I really liked the service of blue dart as it give me all info on my sms and delivered on given time . Thankyou,logistics,2,2,7,fallback_support,2,1,0,service_quality
Muchas,logistics,1,1,7,fallback_support,1,0,0,service_quality
Fast and Good Delivery,logistics,2,2,7,fallback_support,2,1,0,service_quality
Faster and reliable delivery,logistics,2,2,7,fallback_support,2,1,0,service_quality
Deliver partner is good ?,logistics,2,2,7,fallback_support,2,1,0,service_quality
Late come,logistics,0,0,0,delay,0,3,2,delivery_failures
Great service and,logistics,2,2,7,fallback_support,2,1,0,service_quality
Delivery was delayed and also pls provide details of Delivery boy to communicate.,logistics,0,0,0,delay,0,3,2,delivery_failures
It's great. Thank you!,logistics,2,2,7,fallback_support,2,1,0,service_quality
There was too much delay in getting the parcel without any communication,logistics,0,0,0,delay,0,3,2,delivery_failures
All over Good,logistics,2,2,7,fallback_support,2,1,0,service_quality
Should be fast,logistics,1,1,7,fallback_support,2,0,0,service_quality
Great service by Baijnath,logistics,2,2,7,fallback_support,2,1,0,service_quality
Services provided by you are superb already.. Keep it up..,logistics,2,2,7,fallback_support,2,1,0,service_quality
Awesome support thank you so much!!!!,logistics,2,2,7,support,2,1,0,service_quality
taking more days to deliver,logistics,0,0,7,fallback_support,1,0,1,service_quality
Very good Blue Dart on time delivery,logistics,2,2,7,fallback_support,2,1,0,service_quality
currier partner very humble and sweet and very friendly person.,logistics,2,2,7,fallback_support,2,1,0,service_quality
I didn't receive anything.,logistics,0,0,7,fallback_support,1,0,1,service_quality
Delivery staff is very humble ?,logistics,2,2,7,fallback_support,2,1,0,service_quality
Technically,logistics,1,1,7,support,1,0,0,service_quality
Thanks mam,logistics,2,2,7,fallback_support,2,1,0,service_quality
Gfhg,logistics,1,1,7,fallback_support,1,0,0,service_quality
Important document was left at the doorstep.  Safety as well as rain could have been a bad impact.,logistics,0,0,7,fallback_support,0,3,2,service_quality
He was a nice person ? generous one ?,logistics,2,2,7,fallback_support,2,1,0,service_quality
I haven't receive the order,logistics,0,0,7,fallback_support,1,0,1,service_quality
Product is not satisfy,logistics,0,0,7,fallback_support,1,0,1,service_quality
Dublicate local quality,logistics,0,0,7,fallback_support,1,0,1,service_quality
Concise and quick,logistics,2,2,7,fallback_support,2,1,0,service_quality
Your delivery service is very very very poor,logistics,0,0,7,fallback_support,0,3,2,service_quality
Excellent from booking to delivery,logistics,2,2,7,fallback_support,2,1,0,service_quality
Prompt bue dart,logistics,2,2,7,fallback_support,2,1,0,service_quality
That delivery guy delivered in time and he is a nice way to interact to me. Everything is good enough.,logistics,2,2,7,fallback_support,2,1,0,service_quality
Fast delivery polite,logistics,2,2,7,fallback_support,2,1,0,service_quality
Received one kada paid935? cash for my order for 2 plz complete my order by sending same kada asap,logistics,0,0,7,fallback_support,1,0,1,service_quality
I think delivery wasn't little bit better,logistics,1,1,7,fallback_support,1,0,0,service_quality
Excellent nature ????,logistics,2,2,7,fallback_support,2,1,0,service_quality
The delivery was fast and professional. The delivery guy was also polite and humble.,logistics,2,2,7,fallback_support,2,1,0,service_quality
Very nice good quality i love it Saree,logistics,2,2,7,fallback_support,2,1,0,service_quality
Great service delivery in rime,logistics,2,2,7,fallback_support,2,1,0,service_quality
The delivery guy was polite and humble,logistics,2,2,7,fallback_support,2,1,0,service_quality
I got my product on time great service,logistics,2,2,7,fallback_support,2,1,0,service_quality
Before time delivery than expected and hassle free,logistics,2,2,7,fallback_support,2,1,0,service_quality
Delay delivered procuct,logistics,0,0,0,delay,0,3,2,delivery_failures
Good service and good behaviour delivery boy thanks kotak bank,logistics,2,2,7,behaviour,2,1,0,service_quality
this nekless chain broken how to replacement my order,logistics,0,0,5,damage_lost,0,4,3,damaged_package
Delivery on time and the delivery person is also good ?,logistics,2,2,7,fallback_support,2,1,0,service_quality
He is well mannered and very polite person,logistics,2,2,7,fallback_support,2,1,0,service_quality
Great service with no hassle.,logistics,2,2,7,fallback_support,2,1,0,service_quality
Friendly attitude and quick delivery,logistics,2,2,7,fallback_support,2,1,0,service_quality
It's great .. please maintain!,logistics,2,2,7,fallback_support,2,1,0,service_quality
Delivery boy did not have interaction with me than why ur man delivered the courier to the gourd when I am available 24vhrs in the house,logistics,0,0,7,fallback_support,1,0,1,service_quality
I am writing to express my sincere appreciation for Mr. Firoz,logistics,2,2,7,fallback_support,2,1,0,service_quality
Good service veri kind,logistics,2,2,7,fallback_support,2,1,0,service_quality
Most pathetic delivery service,logistics,0,0,7,fallback_support,1,0,1,service_quality
Very bad service . Eramalloor brach service,logistics,0,0,7,fallback_support,0,3,2,service_quality
Nice good experience,logistics,2,2,7,fallback_support,2,1,0,service_quality
Delivery boy was talk very rudelyAnd delivery issue like delayed in delivery,logistics,0,0,0,delay,0,3,2,delivery_failures
I dint receive call to my registered phone nor oto was asked,logistics,0,0,7,support,1,0,1,service_quality
The delivery guy did not handover the parcel at my doorstep. He told me to come downstairs and take it. It's ridiculous. Please educate him how to deliver the parcel.,logistics,0,0,7,fallback_support,1,0,1,service_quality
Hfhj,logistics,1,1,7,fallback_support,1,0,0,service_quality
Thank you so much for fast delivery..,logistics,2,2,7,fallback_support,2,1,0,service_quality
overall Good service,logistics,2,2,7,fallback_support,2,1,0,service_quality
I got my card delivered after 10 day that too I went directly to the blue dart warehouse to collect it. Service is pathetic,logistics,0,0,7,fallback_support,1,0,1,service_quality
Delivery guy made me to walk in the rain to collect parcel. He was standing 200m away from the delivery address,logistics,0,0,7,fallback_support,1,0,1,service_quality
I have not received the parcel ?,logistics,0,0,7,damage_lost,0,4,3,service_quality
Duplicate material supplied 2nd time not even the cost of 100/- must be published,logistics,0,0,7,fallback_support,1,0,1,service_quality
Good service. Polite and helpful delivery personnel. Keep it up,logistics,2,2,7,fallback_support,2,1,0,service_quality
Behaviour should be better...,logistics,1,1,7,behaviour,1,0,0,service_quality
Very prompt and cooperative,logistics,2,2,7,fallback_support,2,1,0,service_quality
Original product is delivered thanks for Life style tem & Blue dart team.,logistics,2,2,7,fallback_support,2,1,0,service_quality
He is not come at delivery address He told me to came and picked up your parcel,logistics,0,0,7,fallback_support,1,0,1,service_quality
service is as per scheduled and very prompt delivery in time as informed,logistics,2,2,7,fallback_support,2,1,0,service_quality
Always perfect safely handover and fast delivery.,logistics,2,2,7,fallback_support,2,1,0,service_quality
Dilevery boy is very good person and cumnucation bevebior very good,logistics,2,2,7,fallback_support,2,1,0,service_quality
I got fake oder,logistics,0,0,7,fallback_support,0,3,2,service_quality
Excellent service and good nature towards customer ...,logistics,2,2,7,fallback_support,2,1,0,service_quality
Doing a good jobKeep it up Thanks,logistics,2,2,7,fallback_support,2,1,0,service_quality
Thank to blue dart. And courier person deepak to provide smoothly,logistics,2,2,7,fallback_support,2,1,0,service_quality
Cancel your order,logistics,1,1,7,fallback_support,1,0,0,service_quality
Product not delivered at address. Had to pick up mid way.,logistics,0,0,0,fallback_support,0,3,2,delivery_failures
Absolutely awesome service v,logistics,2,2,7,fallback_support,2,1,0,service_quality
Never fail to give excellent service keep it up,logistics,2,2,7,fallback_support,2,1,0,service_quality
Delivery agent wasn't ready till my village for delivery,logistics,0,0,7,fallback_support,1,0,1,service_quality
Need delivery person contact so that if we wanted to instruct him when we r not available during delivery,logistics,1,1,7,support,1,0,0,service_quality
Very good and fast service ????,logistics,2,2,7,fallback_support,2,1,0,service_quality
I had issue with Delivery person...i am not in my home...my mother is there to collect the parcel...delivery person asked for otp while checking for otp there is delay in recieving otp number for that that delivery person say that i didnt paid the money so there is delay in recieving otp....how can he say like that about payment...my mother asking what happened to that delivery person...he simply replied that you will not understand to my mother....how can he say sumthing like that to my mother...such a bad experience we expecting just a delivery not any other words like that u will not understand that to my parent...poor delivery service,logistics,0,0,0,delay,0,3,2,delivery_failures
The service is very good. I am very satisfied.,logistics,2,2,7,fallback_support,2,1,0,service_quality
The package looks like it was ripped in the middle and there is tape across it.I have received only one package,logistics,0,0,7,fallback_support,1,0,1,service_quality
Exceptional and professional,logistics,2,2,7,fallback_support,2,1,0,service_quality
Bluedart is so much fast service thank you so much,logistics,2,2,7,fallback_support,2,1,0,service_quality
Very fast delivery as per norms and delevery person is so good service with good product condition.,logistics,2,2,7,fallback_support,2,1,0,service_quality
S it was good,logistics,2,2,7,fallback_support,2,1,0,service_quality
I like the professionalism demonstrated in Blue Dart,logistics,2,2,7,fallback_support,2,1,0,service_quality
Very good s...,logistics,2,2,7,fallback_support,2,1,0,service_quality
Love the fast and pre delivery?,logistics,2,2,7,fallback_support,2,1,0,service_quality
You delivered a fake item!what a shame!,logistics,0,0,7,fallback_support,0,3,2,service_quality
Delevery vale bhia bahot acche hai Ii,logistics,2,2,7,fallback_support,2,1,0,service_quality
Kombaiah,logistics,1,1,7,fallback_support,1,0,0,service_quality
Improvement is evident,logistics,2,2,7,fallback_support,2,1,0,service_quality
Nice ? sirwish good dilevery,logistics,2,2,7,fallback_support,2,1,0,service_quality
Has been the best courier service always! Thank you!,logistics,2,2,7,fallback_support,2,1,0,service_quality
Because he was so impatient he can't even wait for 2 mint. And he starts shouting at me,logistics,0,0,7,fallback_support,1,0,1,service_quality
Good but I think they can improve the quality of product a bit,logistics,1,2,7,fallback_support,2,1,0,service_quality
Blue dart delivery staff is best and I appreciate your staff,logistics,2,2,7,fallback_support,2,1,0,service_quality
As it was residential and not office,logistics,1,1,7,fallback_support,1,0,0,service_quality
MKSHEKH,logistics,1,1,7,fallback_support,1,0,0,service_quality
Friendly nature and also in time delevery,logistics,2,2,7,fallback_support,2,1,0,service_quality
It is OK. No issue.,logistics,2,0,7,fallback_support,0,0,0,service_quality
Very rude and unprofessional behaviour from Delivery staff .,logistics,0,0,2,behaviour,0,3,2,agent_behaviour
Delivery boy very good ? behaviour Thank you Nipu Da,logistics,2,2,7,behaviour,2,1,0,service_quality
Far better than the other courier,logistics,2,2,7,fallback_support,2,1,0,service_quality
I didn't receive my documents yet please contact me that is my important document I don't where the delivery boy delivery my documents i am trying to contact you but am not getting any connection !!!,logistics,0,0,7,support,1,0,1,service_quality
By increasing your centres,logistics,1,1,7,fallback_support,1,0,0,service_quality
Jxjx,logistics,1,1,7,fallback_support,1,0,0,service_quality
delivery boy good 6,logistics,2,2,7,fallback_support,2,1,0,service_quality
Package received on time. Thanks,logistics,2,2,7,fallback_support,2,1,0,service_quality
Delivery not on time ?,logistics,0,0,7,delay,1,0,0,service_quality
You'r Doing well.,logistics,2,2,7,fallback_support,2,1,0,service_quality
G g rbd,logistics,1,1,7,fallback_support,1,0,0,service_quality
Received policy documents Thanks,logistics,1,2,7,fallback_support,2,1,0,service_quality
Perfect keep it up,logistics,2,2,7,fallback_support,2,1,0,service_quality
Provide delivery executive contact number when courier out for delivery,logistics,1,1,7,support,1,0,0,service_quality
There should be better inter departmental cooperation in your organization. 7,logistics,1,1,7,fallback_support,1,0,0,service_quality
BlueDart's service is very bad,logistics,0,0,7,fallback_support,0,3,2,service_quality
"First of all my parcel delivery date postponed by 2 days and on delivery date at morning massage come ""out for delivery"" and on evening message come your address incorrect or incomplete not even single call of delivery partner come to me and on next it again show out for delivery and at 4pm delivery boy call me and says I am coming in 10 minutes and at that time I received message that your parcel has been delivered and I did not receive any parcel",logistics,0,0,7,damage_lost,0,4,3,service_quality
All good and nice behaviour.,logistics,2,2,7,behaviour,2,1,0,service_quality
Very good but a bit slower to deliver than expected but it's fine,logistics,1,2,7,fallback_support,2,1,0,service_quality
I got the wrong product and I did cod,logistics,0,0,7,fallback_support,0,3,2,service_quality
Secure and on time deliver,logistics,2,2,7,fallback_support,2,1,0,service_quality
The agent was very polite and well mannered. Thank you for your accurate updates before delivery.Thanks a lot.Appreciate the hard work of the delivery agents,logistics,2,2,7,fallback_support,2,1,0,service_quality
Delivery time to time & very nice,logistics,2,2,7,fallback_support,2,1,0,service_quality
Now I Can say Your Delivery Service is best Thanks for Cooperation,logistics,2,2,7,fallback_support,2,1,0,service_quality
Please go and visit your ratlam branch.Worst management ever,logistics,0,0,7,fallback_support,0,3,2,service_quality
Satisfied with your interaction,logistics,2,2,7,fallback_support,2,1,0,service_quality
? now it's good,logistics,1,2,7,fallback_support,2,1,0,service_quality
Lovly service,logistics,2,2,7,fallback_support,2,1,0,service_quality
All ready better.,logistics,2,2,7,fallback_support,2,1,0,service_quality
Call me I can't get any dilivery,logistics,0,0,7,support,1,0,1,service_quality
Your services are worst.altho this was an okay delivery but ypu guys didn't deliver my last product from nykaaa u r pathetic.,logistics,0,0,7,fallback_support,0,3,2,service_quality
Very very very very bed,logistics,0,0,7,fallback_support,1,0,1,service_quality
Excellent service and also very good product quality,logistics,2,2,7,fallback_support,2,1,0,service_quality
This is very bad product scammer,logistics,0,0,7,fallback_support,0,4,3,service_quality
The delivery person was such a sweet man he delivers my parcel without any hesitation,logistics,2,2,7,fallback_support,2,1,0,service_quality
Better thn i thght.,logistics,2,2,7,fallback_support,2,1,0,service_quality
I did not receive sunscreen,logistics,0,0,7,damage_lost,0,4,3,service_quality
Blue Dart service is good,logistics,2,2,7,fallback_support,2,1,0,service_quality
Gandu delivery,logistics,0,0,7,fallback_support,1,0,1,service_quality
What I ordered  that is not in thus Box,logistics,0,0,7,fallback_support,1,0,1,service_quality
My parcel was booked on 22 may 2025 for delhi . Your courier team diverted to Banlore . When I did complaint than my parcel received today . Worst service so ever I seen,logistics,0,0,7,support,0,3,2,service_quality
Veer bGood,logistics,2,2,7,fallback_support,2,1,0,service_quality
Fake product was delivered.. I ordered a watch worth ?1647 and they delivered me a Coffee cup worth ?50.. Totally disappointed..,logistics,0,0,7,pricing,0,3,2,service_quality
Delivery guys was very polite and patient. 10/10 for delivery guy sachin.,logistics,2,2,7,fallback_support,2,1,0,service_quality
Keep it ON,logistics,1,1,7,fallback_support,1,0,0,service_quality
Good delved,logistics,1,2,7,fallback_support,2,1,0,service_quality
Everything Is good,logistics,2,2,7,fallback_support,2,1,0,service_quality
Your service is good. Reached my order in time. I am happy. ??Thumbs up for the delivery person too ?,logistics,2,2,7,fallback_support,2,1,0,service_quality
The delivery boy was very polite and professional.,logistics,2,2,7,fallback_support,2,1,0,service_quality
Speed in delivery is what is required.,logistics,1,1,7,fallback_support,1,0,0,service_quality
I didn't received it yet. How come status showing it delivered.,logistics,0,0,7,fallback_support,1,0,1,service_quality
Good man...good sarvice,logistics,2,2,7,fallback_support,2,1,0,service_quality
Delivery boy was very polite by behaviour and well known of local area.,logistics,2,2,7,behaviour,2,1,0,service_quality
Fast delivery and very polite,logistics,2,2,7,fallback_support,2,1,0,service_quality
Super Delivery as fast...,logistics,2,2,7,fallback_support,2,1,0,service_quality
Delivery services are really responsible.,logistics,2,2,7,fallback_support,2,1,0,service_quality
Veri good prosess I like it ????,logistics,2,2,7,fallback_support,2,1,0,service_quality
First of all the goods must arrive on time. The staff should deliver the goods to the customer and not call the customer for collection on their own arrangement.,logistics,0,0,7,support,2,1,1,service_quality
fast delivery good experience,logistics,2,2,7,fallback_support,2,1,0,service_quality
From 4 days my parsal not delivered.this is not first time it's regularly. My city blue dart very bad services,logistics,0,0,0,fallback_support,0,3,2,delivery_failures
Ailmuddin,logistics,1,1,7,fallback_support,1,0,0,service_quality
Very accurate service Thank you,logistics,2,2,7,fallback_support,2,1,0,service_quality
Gjjg,logistics,1,1,7,fallback_support,1,0,0,service_quality
Not delivery at home,logistics,0,0,7,fallback_support,1,0,1,service_quality
Excellent service by blue dart. It was fantastic experience.,logistics,2,2,7,fallback_support,2,1,0,service_quality
Amazing delivery boy? like him so much,logistics,2,2,7,fallback_support,2,1,0,service_quality
Delivery on workplace,logistics,1,1,7,fallback_support,1,0,0,service_quality
Please deliver on promising date,logistics,1,1,7,fallback_support,1,0,0,service_quality
I am completely impressed with their speedy and amazing customer service,logistics,2,2,7,support,2,1,0,service_quality
The driver & delivery person both are siting in car. They didn?t deliver my parcel in my home i goes lower at behind of my street.This is so disgusting that you are ordering  something becuz u want your parcel at home and if it is not delivered at your home so why we are shopping from online.,logistics,0,0,0,fallback_support,0,3,2,delivery_failures
Very professional and polite in communication.,logistics,2,2,7,fallback_support,2,1,0,service_quality
Good Service. I am so Happy With Blue Dart?,logistics,2,2,7,fallback_support,2,1,0,service_quality
Very good services.. the delivery person is really good and responsible..,logistics,2,2,7,fallback_support,2,1,0,service_quality
Hfgn,logistics,1,1,7,fallback_support,1,0,0,service_quality
The service boy does not speak well.. ??,logistics,1,1,7,fallback_support,1,0,0,service_quality
Delivery boy is good service ???,logistics,2,2,7,fallback_support,2,1,0,service_quality
Delivery good time,logistics,2,2,7,fallback_support,2,1,0,service_quality
No need to change in service because you are good in service,logistics,2,2,7,fallback_support,2,1,0,service_quality
I want to return my order and i want my money back the product is very bad I have changed it many times but the product is not getting hot,logistics,0,0,7,refund,0,4,3,service_quality
Already good service provided by you. I am satisfied.,logistics,2,2,7,fallback_support,2,1,0,service_quality
Quick delivery experience,logistics,2,2,7,fallback_support,2,1,0,service_quality
Delivery associate was very polite...service was good,logistics,2,2,7,fallback_support,2,1,0,service_quality
Keep the service continue,logistics,2,2,7,fallback_support,2,1,0,service_quality
On time delivery service... Thankyou bluedart??,logistics,2,2,7,fallback_support,2,1,0,service_quality
Not now ok,logistics,1,1,7,fallback_support,1,0,0,service_quality
You all are doing great!Keep it up,logistics,2,2,7,fallback_support,2,1,0,service_quality
The service was exceptionally efficient,logistics,2,2,7,fallback_support,2,1,0,service_quality
Okshubi,logistics,1,1,7,fallback_support,1,0,0,service_quality
It was great. Called me to know if I'm home and delivered in a minute after the call.,logistics,2,2,7,support,2,1,0,service_quality
Amazing service the delivery was done with minimal calling and accurately in correct location,logistics,2,2,7,support,2,1,0,service_quality
Patient and considerate delivery,logistics,2,2,7,fallback_support,2,1,0,service_quality
Very bad customer service.Didn't atten phone calls.fake reports,logistics,0,0,7,support,0,3,2,service_quality
Very very poor unethical and unprofessional service. Please pay good money and hire better workers. The courier guy came near my house but didn't deliver my parcel just because she was getting late. Do u realise how important my document was.  Zero service,logistics,0,0,0,delay,0,3,2,delivery_failures
I think you people doing well,logistics,2,2,7,fallback_support,2,1,0,service_quality
Already you do very better..,logistics,2,2,7,fallback_support,2,1,0,service_quality
Nice bihauvior,logistics,2,2,7,fallback_support,2,1,0,service_quality
Have not received it,logistics,0,0,7,damage_lost,0,4,3,service_quality
Good service via Nitin,logistics,2,2,7,fallback_support,2,1,0,service_quality
???every thing is good,logistics,2,2,7,fallback_support,2,1,0,service_quality
Rerun the product,logistics,0,0,7,fallback_support,1,0,1,service_quality
Jhajshshh,logistics,1,1,7,fallback_support,1,0,0,service_quality
H r gdg,logistics,1,1,7,fallback_support,1,0,0,service_quality
I have come to pickup my parcel 6km,logistics,0,0,7,fallback_support,1,0,1,service_quality
Best delivery all of my order is that,logistics,2,2,7,fallback_support,2,1,0,service_quality
Very bad My product has been in your warehouse for 3 days.,logistics,0,0,7,fallback_support,0,3,2,service_quality
Very good services & punctual,logistics,2,2,7,fallback_support,2,1,0,service_quality
Excellent behavior.,logistics,2,2,7,behaviour,2,1,0,service_quality
The delivery guy never came to my house and I had to go to the bluedart rishikesh office to pick my order up. Absolutely ridiculous service.,logistics,0,0,7,fallback_support,1,0,1,service_quality
Jpc,logistics,1,1,7,fallback_support,1,0,0,service_quality
Inform ETA to customer,logistics,1,1,7,fallback_support,1,0,0,service_quality
Contact by mobile number before coming  to deliver,logistics,1,1,7,support,1,0,0,service_quality
I got the incorrect package,logistics,0,0,7,fallback_support,0,3,2,service_quality
Very nice experience thankful to delivery boy for understanding and very much co-operative he is,logistics,2,2,7,fallback_support,2,1,0,service_quality
Delivery boy didn't contact me,logistics,0,0,7,support,1,0,1,service_quality
Very hot and excellent service,logistics,2,2,7,fallback_support,2,1,0,service_quality
Wrong delviery item,logistics,0,0,7,fallback_support,0,3,2,service_quality
I'm happy thank you,logistics,2,2,7,fallback_support,2,1,0,service_quality
Package not delivered and received message delivered done,logistics,0,0,0,fallback_support,0,3,2,delivery_failures
Good performing equipment very timely response,logistics,2,2,7,fallback_support,2,1,0,service_quality
U people r actually Vry helpful,logistics,2,2,7,fallback_support,2,1,0,service_quality
Before the time I got my parcel,logistics,2,2,7,fallback_support,2,1,0,service_quality
BUY FOUR PIECES BUT DELIVERY TWO PIECES WHY ?,logistics,0,0,7,fallback_support,1,0,1,service_quality
AWS delivery,logistics,1,1,7,fallback_support,1,0,0,service_quality
It's the brand and it's service quality we rely on.,logistics,2,2,7,fallback_support,2,1,0,service_quality
Excellent Service No query regarding place 0f shipment.,logistics,2,2,7,support,2,1,0,service_quality
Ggfddd,logistics,1,1,7,fallback_support,1,0,0,service_quality
Bxzb,logistics,1,1,7,fallback_support,1,0,0,service_quality
Delivery boy spoke very rudely.he had no manners.very bad experience.,logistics,0,0,2,behaviour,0,3,2,agent_behaviour
Very polite delivery person. Very satisfied.,logistics,2,2,7,fallback_support,2,1,0,service_quality
For residential addresses,logistics,1,1,7,fallback_support,1,0,0,service_quality
I ordered nexgear wireless auto car player but I recieved wifi adapter instead of my order,logistics,0,0,7,fallback_support,1,0,1,service_quality
Happy with delivery service & man.,logistics,2,2,7,fallback_support,2,1,0,service_quality
Service is good. But try to deliver before 8pm,logistics,1,2,7,fallback_support,2,1,0,service_quality
Fraud product. Please help me to return this item.,logistics,0,0,7,refund,0,4,3,service_quality
My new scooty side was fine at the time of booking but when delivered me found side stand is band condition. Very poor service,logistics,0,0,7,fallback_support,0,3,2,service_quality
Bakwas stuff,logistics,0,0,7,fallback_support,1,0,1,service_quality
Always good service.. response.. thank you..!!,logistics,2,2,7,fallback_support,2,1,0,service_quality
Superb m so glad.,logistics,2,2,7,fallback_support,2,1,0,service_quality
Good but provide delivery partner number,logistics,1,2,7,fallback_support,2,1,0,service_quality
Thank u m loving the service,logistics,2,2,7,fallback_support,2,1,0,service_quality
Very happy. And product is too good.service is also good.,logistics,2,2,7,fallback_support,2,1,0,service_quality
I paid money for home  delevery but still I didn?t get delevery at my home i would have to collect my parcel from 24 km its not satisfying experience with blue dart while amazon,logistics,0,0,7,fallback_support,1,0,1,service_quality
Very poor delivery experience. Waited for four days after the product was out for delivery.Delivery guy falsely claimed the premises was closed and didn't attempted the delivery for 3 consecutive days.,logistics,0,0,7,fallback_support,0,3,2,service_quality
Delivery staff is great man,logistics,2,2,7,fallback_support,2,1,0,service_quality
Duru,logistics,1,1,7,fallback_support,1,0,0,service_quality
Well behaved reached on time,logistics,2,2,7,fallback_support,2,1,0,service_quality
Received ok and before time.Thanks,logistics,2,2,7,fallback_support,2,1,0,service_quality
best services by your side. I am fully satisfied,logistics,2,2,7,fallback_support,2,1,0,service_quality
Delivery person is very worst,logistics,0,0,7,fallback_support,0,3,2,service_quality
The delivery person walked away without delivering and marked the order complete,logistics,0,0,7,fallback_support,1,0,1,service_quality
Awesome delivery boy ... super fast delivery,logistics,2,2,7,fallback_support,2,1,0,service_quality
Please stop carry forwarding fraud products.,logistics,0,0,7,fallback_support,1,4,3,service_quality
Return karvana he,logistics,0,0,7,refund,0,4,3,service_quality
So nice ? beautiful and very kind attitude Dhanyawad sir,logistics,2,2,7,fallback_support,2,1,0,service_quality
Service was  good. Please provide them proper facilities.,logistics,2,2,7,fallback_support,2,1,0,service_quality
Nice good service.... delivery boy behaviour is so good....thank you,logistics,2,2,7,behaviour,2,1,0,service_quality
Not even calling to delivery before attempting and saying address not matching,logistics,0,0,7,support,1,0,1,service_quality
Delivery staff was very nice and cordial.,logistics,2,2,7,fallback_support,2,1,0,service_quality
Excellent service on time delivery.,logistics,2,2,7,fallback_support,2,1,0,service_quality
Please provide mobile number of the delivery staff to the consignee.,logistics,1,1,7,fallback_support,1,0,0,service_quality
Nice behaviour of delivery Man,logistics,2,2,7,behaviour,2,1,0,service_quality
As of it.is.a good service,logistics,2,2,7,fallback_support,2,1,0,service_quality
Well behaved boy. Nice.,logistics,2,2,7,fallback_support,2,1,0,service_quality
West product cancel the product,logistics,0,0,7,fallback_support,1,0,1,service_quality
V good ??????? ?? ???,logistics,2,2,7,fallback_support,2,1,0,service_quality
Good system of tracking delivery.,logistics,2,2,4,tracking,1,1,0,tracking_updates
Polite and right on time,logistics,2,2,7,fallback_support,2,1,0,service_quality
The Delivery Boy was on time,logistics,2,2,7,fallback_support,2,1,0,service_quality
I m very much happy with the service as well as the delevery person,logistics,2,2,7,fallback_support,2,1,0,service_quality
Quality Chef Hain,logistics,2,2,7,fallback_support,2,1,0,service_quality
Rude behavior of the Delivery Boy. Not cooperative with the customer and ruled by his mercy.,logistics,0,0,2,behaviour,0,3,2,agent_behaviour
All good  g,logistics,2,2,7,fallback_support,2,1,0,service_quality
Delivery person is very polite and professional,logistics,2,2,7,fallback_support,2,1,0,service_quality
Not good dealy in delivery for 5 days,logistics,0,0,7,fallback_support,2,1,1,service_quality
Good and honest Service,logistics,2,2,7,fallback_support,2,1,0,service_quality
Super fast delivery I loved it,logistics,2,2,7,fallback_support,2,1,0,service_quality
Good service. Early delivery. Thankyou.,logistics,2,2,7,fallback_support,2,1,0,service_quality
Very good job done by courier partner and delivery partner guy. Thank you and be consistent.,logistics,2,2,7,fallback_support,2,1,0,service_quality
I am very disappointed ?? with bluedart parcel delivery i was continuing calling but not got my parcel with my time,logistics,0,0,7,support,1,0,1,service_quality
The delivery guy did not come to my flat just because it was an SRA building. It does not make sense. It is their responsibility to ensure that the products reach safely. What if someone is sick at home and cannot climb downstairs? There are lifts available they can go by lift easily.,logistics,0,0,7,fallback_support,1,0,1,service_quality
Delivery was good on time .,logistics,2,2,7,fallback_support,2,1,0,service_quality
It's very fast. The delivery guy is so humble.,logistics,2,2,7,fallback_support,2,1,0,service_quality
I am very happy with your service..,logistics,2,2,7,fallback_support,2,1,0,service_quality
More precise location delivery,logistics,1,1,7,fallback_support,1,0,0,service_quality
Awesome timeliness,logistics,2,2,7,fallback_support,2,1,0,service_quality
Order is not exject which I am ordered. It's too cheap and wastes product. How I return it there is no return option.,logistics,0,0,7,refund,0,4,3,service_quality
Good response  and better services,logistics,2,2,7,fallback_support,2,1,0,service_quality
Very very efficient Your delivery partner mr Dinesh is very efficient Thank you,logistics,2,2,7,fallback_support,2,1,0,service_quality
Delay by 4days,logistics,0,0,0,delay,0,3,2,delivery_failures
Nice perspective and communicative to deal with deliveries.,logistics,2,2,7,fallback_support,2,1,0,service_quality
I live on the second floor,logistics,1,1,7,fallback_support,1,0,0,service_quality
Good blue dart Bilal bhai,logistics,2,2,7,fallback_support,2,1,0,service_quality
It?s already good with good people,logistics,2,2,7,fallback_support,2,1,0,service_quality
Your service is good..... Delivery person also good,logistics,2,2,7,fallback_support,2,1,0,service_quality
Very Very  good,logistics,2,2,7,fallback_support,2,1,0,service_quality
Good behavior ur delivery staff,logistics,2,2,7,behaviour,2,1,0,service_quality
Worst service the Dilivery boy not even came and called and was writing that i have reduced to get the order.,logistics,0,0,7,support,0,3,2,service_quality
Blue Dart is hands down the most unreliable and pathetic courier service I've ever dealt with. My order was scheduled to arrive on 20th May,logistics,0,0,7,fallback_support,1,0,1,service_quality
The bottle of the face wash was leaking. Looks like the packet has used the face wash already. I have received the empty bottle.,logistics,0,0,7,damage_lost,0,4,3,service_quality
Excellent service from Bluedart. Because of heavy rain and bad weather the shipment got delayed. I sent mail to customer service since the parcel contained medicines. They immediately responded and delivered parcel on time. I appreciate their service in this bad weather,logistics,2,0,0,delay,0,1,0,delivery_failures
The SMS OTP sometimes doesn't reach on time so there should be alternatives available,logistics,1,1,7,fallback_support,2,0,0,service_quality
Good one delivery,logistics,2,2,7,fallback_support,2,1,0,service_quality
She delivers with a cheerful attitude,logistics,2,2,7,fallback_support,2,1,0,service_quality
This is lo quality watch this waltch is not 1400 rs,logistics,0,0,7,fallback_support,1,0,1,service_quality
All are prouduct very nice,logistics,2,2,7,fallback_support,2,1,0,service_quality
damaged ???,logistics,0,0,5,damage_lost,0,4,3,damaged_package
Delivery Person is very Polite,logistics,2,2,7,fallback_support,2,1,0,service_quality
Really friendly and respectful service,logistics,2,2,7,fallback_support,2,1,0,service_quality
The delivery executive,logistics,1,1,7,fallback_support,1,0,0,service_quality
Wrong product..wrong size... wrong colour,logistics,0,0,7,fallback_support,0,3,2,service_quality
Your delevery person behaviour not good,logistics,0,0,7,behaviour,2,1,2,service_quality
The experience was not good,logistics,0,0,7,fallback_support,2,1,1,service_quality
Excellent staff he has to wait for 15 minutes waited patiently,logistics,2,2,7,fallback_support,2,1,0,service_quality
Our dilivery boy service is very bad behaviour.nd,logistics,0,0,7,behaviour,0,3,2,service_quality
This T shirt are broken also not same colour please. I want to change ..,logistics,0,0,5,damage_lost,0,4,3,damaged_package
My courier is missing please details and call . delivery boy not coming my home and no call please call me and my courier details,logistics,0,0,2,behaviour,0,3,2,agent_behaviour
Very faster delivery. ....,logistics,2,2,7,fallback_support,2,1,0,service_quality
ATM,logistics,1,1,7,fallback_support,1,0,0,service_quality
Deliverey service very poor home address pe delivered karte nahi na hi call karte hi poor service,logistics,0,0,7,support,0,3,2,service_quality
Hshah,logistics,1,1,7,fallback_support,1,0,0,service_quality
Very very fast service in my opinion blue dart should acquire all other shipment companies,logistics,2,2,7,fallback_support,2,1,0,service_quality
The guy was very respectful ?,logistics,2,2,7,fallback_support,2,1,0,service_quality
This book is not on time,logistics,0,0,7,delay,1,0,0,service_quality
Good ? pls keep it up.,logistics,2,2,7,fallback_support,2,1,0,service_quality
I feel the map is a bit confusing since I see the locations of other people also in my map tracking. I feel that only the pin of my location must be shown,logistics,1,1,4,pricing,1,0,0,tracking_updates
The package was open from the inside I want to return it and want my money back,logistics,0,0,7,refund,0,4,3,service_quality
Prompt deliveryCourteous StaffNo Phone call deliveryOverall a Great Experience,logistics,2,2,7,support,2,4,3,service_quality
Awesome service from Ecotech-3 bluedart team.,logistics,2,2,7,fallback_support,2,1,0,service_quality
Delivered for wrong person,logistics,0,0,1,fallback_support,0,3,2,wrong_delivery
Or thoda discount hona cahiye,logistics,1,1,7,fallback_support,1,0,0,service_quality
Currier boy don't want to come destination place.. So bad service,logistics,0,0,7,fallback_support,0,3,2,service_quality
Delivery was on time and behaviour is also very good,logistics,2,2,7,behaviour,2,1,0,service_quality
Right time reach my parcel thank you for your kind job,logistics,2,2,7,fallback_support,2,1,0,service_quality
Excellent I m so happy,logistics,2,2,7,fallback_support,2,1,0,service_quality
Very polite and professional staff. Keep it up!,logistics,2,2,7,fallback_support,2,1,0,service_quality
There is always a room to do better?,logistics,1,1,7,fallback_support,1,0,0,service_quality
Everything fine if possible give exact time for delivery,logistics,1,1,7,fallback_support,1,0,0,service_quality
For KYC,logistics,1,1,7,fallback_support,1,0,0,service_quality
Delivery boy was polite and had an hastless Delivery,logistics,2,2,7,fallback_support,2,1,0,service_quality
I had ordered only one set,logistics,1,1,7,fallback_support,1,0,0,service_quality
He is not door delivery,logistics,0,0,7,fallback_support,1,0,1,service_quality
My package change ; l have returned my oder,logistics,0,0,7,refund,0,4,3,service_quality
GoodQuality,logistics,2,2,7,fallback_support,2,1,0,service_quality
Very good behaviour.and good service,logistics,2,2,7,behaviour,2,1,0,service_quality
Worst service arrogant people,logistics,0,0,7,fallback_support,0,3,2,service_quality
very good person delivery man behaviour is very good,logistics,2,2,7,behaviour,2,1,0,service_quality
The delivery experience was good??,logistics,2,2,7,fallback_support,2,1,0,service_quality
Customer care number is not reachable,logistics,0,0,3,support,1,0,1,customer_support
?????? ?????? ??? ???? ???? ???3 ???????? ??? ?????? ?? ?????? ???? ????,logistics,1,1,7,fallback_support,1,0,0,service_quality
"The delivery was expected on 24th there were no updates from bluedart except ""delayed"" mentioned. Followed up on 26th",logistics,0,0,0,delay,0,3,2,delivery_failures
Super happy with the timely delivery. Parcel arrived on schedule,logistics,2,2,7,fallback_support,2,1,0,service_quality
A little empathy would go a long way,logistics,1,1,7,fallback_support,1,0,0,service_quality
I got good service.,logistics,2,2,7,fallback_support,2,1,0,service_quality
Minimal calling fast delivery polite behavior,logistics,2,2,7,behaviour,2,1,0,service_quality
Fake brand,logistics,0,0,7,fallback_support,0,3,2,service_quality
Product not delver home colect product kharadi blue dart stoar,logistics,0,0,7,fallback_support,1,0,1,service_quality
Very prompt and gentle delivery.,logistics,2,2,7,fallback_support,2,1,0,service_quality
Too good service delivery man also gentle man,logistics,2,2,7,fallback_support,2,1,0,service_quality
I have not received the shipment kindly check and update,logistics,0,0,7,damage_lost,0,4,3,service_quality
There's no fault in your service,logistics,2,2,7,fallback_support,2,1,0,service_quality
By doing a little fast delivery or I say on time..,logistics,1,1,7,fallback_support,2,0,0,service_quality
Late sarvise,logistics,0,0,0,delay,0,3,2,delivery_failures
No need to all good,logistics,2,2,7,fallback_support,2,1,0,service_quality
I'm so happy ? very nice Experience,logistics,2,2,7,fallback_support,2,1,0,service_quality
Excellent always?,logistics,2,2,7,fallback_support,2,1,0,service_quality
Courtesious Delivery Associate,logistics,2,2,7,fallback_support,2,4,3,service_quality
They didn't finished,logistics,0,0,7,fallback_support,1,0,1,service_quality
It was out for delivery two times but the next day it showed that consignee is not available but I wasn't even contacted. I search for their centre on the internet but there was no contact number. So I went there and asked them about my parcel they said it's not there and I have to go to another centre so I went there and asked them ...they said it was a little heavy so they were not delivering it and they would have cancelled  it if I did not went there and pick it up myself ....there was no initial contact ...I had to search for it myself like a treasure hunt... Worst delivery service ever... If you go on Google and search for my nearby centres and you go to the public reviews you will see every single person has reviewed them one star and said this is the worst delivery service ever because they do not deliver ...they deliver if they feel like ...they cancel it by themselves and then they say that the customer has cancelled it or the customer did not pick up the phone but actually they did not even call....You guys don't even deserve 1 star...Bluedart is shit and my entire city knows it.,logistics,0,0,7,pricing,0,3,2,service_quality
Colour  was,logistics,1,1,7,fallback_support,1,0,0,service_quality
Wil be recommending,logistics,2,2,7,fallback_support,2,1,0,service_quality
Thank you ?  blue dart,logistics,2,2,7,fallback_support,2,1,0,service_quality
Good liked the service,logistics,2,2,7,fallback_support,2,1,0,service_quality
This ok,logistics,1,1,7,fallback_support,1,0,0,service_quality
Good service Akshay super work,logistics,2,2,7,fallback_support,2,1,0,service_quality
Lekhraj is very kind and respectful. I appreciate his service,logistics,2,2,7,fallback_support,2,1,0,service_quality
Very bad servise,logistics,0,0,7,fallback_support,0,3,2,service_quality
Delivery will take more days,logistics,0,0,7,fallback_support,1,0,1,service_quality
Very helpful nature,logistics,2,2,7,fallback_support,2,1,0,service_quality
Just for delay,logistics,0,0,0,delay,0,3,2,delivery_failures
?????? ??????? ?? ?? ??? ???? ??? ???? ???,logistics,1,1,7,fallback_support,1,0,0,service_quality
Very good service and early Deliver.Thank you blue Dart,logistics,2,2,7,fallback_support,2,1,0,service_quality
Delivery boi mark location without contacting me I have to reach the outlet to collect my parcel disgusting,logistics,0,0,7,support,1,0,1,service_quality
????? ????? ???? ???,logistics,1,1,7,fallback_support,1,0,0,service_quality
Sober,logistics,1,1,7,fallback_support,1,0,0,service_quality
Best ever service nd delivery boy is good behaviour ?.,logistics,2,2,7,behaviour,2,1,0,service_quality
sbwuenejen,logistics,1,1,7,fallback_support,1,0,0,service_quality
Delivery was as per schedule.Delivery personnel was polite and humble.,logistics,2,2,7,fallback_support,2,1,0,service_quality
On time Delivered and delivery staff very polite.,logistics,2,2,7,fallback_support,2,1,0,service_quality
Service is bery good,logistics,2,2,7,fallback_support,2,1,0,service_quality
PRO ACTIVE & TIMELY DELIVERY!!...KUDOS BLUEDART!!..u,logistics,2,2,7,fallback_support,2,1,0,service_quality
Thnq so much for your service and specially thank to you delivery boy during this weather safely delivered my parcel,logistics,2,2,7,fallback_support,2,1,0,service_quality
Courier not delivered no one come to my address and no one any call or msg me.The courier has not been received and the message has arrived.blu dart courier sends fake delivery messages,logistics,0,0,0,support,0,3,2,delivery_failures
Rosy,logistics,1,1,7,fallback_support,1,0,0,service_quality
Happy for fast delivery,logistics,2,2,7,fallback_support,2,1,0,service_quality
Delivery good nature for delivery executive,logistics,2,2,7,fallback_support,2,1,0,service_quality
This is a very good service brother ok,logistics,2,2,7,fallback_support,2,1,0,service_quality
It was fake,logistics,0,0,7,fallback_support,0,3,2,service_quality
Setup a better office,logistics,1,1,7,fallback_support,1,0,0,service_quality
Wrong and fake product,logistics,0,0,7,fallback_support,0,3,2,service_quality
Thank you Kamakha ?,logistics,2,2,7,fallback_support,2,1,0,service_quality
Just keep your hard work,logistics,2,2,7,fallback_support,2,1,0,service_quality
Pant ki jagah saree deliver,logistics,0,0,7,fallback_support,1,0,1,service_quality
Nice boy always smiling,logistics,2,2,7,fallback_support,2,1,0,service_quality
Prompt delivery on tome,logistics,2,2,7,fallback_support,2,1,0,service_quality
Delayed delivery When They are not able to deliver they show as delivery failed house locked and a msg is sent to us to reschedule again,logistics,0,0,0,delay,0,3,2,delivery_failures
Excellent service n timely service,logistics,2,2,7,fallback_support,2,1,0,service_quality
Timely seamless delivery.,logistics,2,2,7,fallback_support,2,1,0,service_quality
Bevkuf banaa Diya gaya hai product different bheja gaya hai aur bevkuf banaa Diya product mein kuchh nahin nikala,logistics,0,0,7,fallback_support,1,0,1,service_quality
This item  is very poor.Not the same product what I ordered,logistics,0,0,7,fallback_support,0,3,2,service_quality
Very much!,logistics,1,1,7,fallback_support,1,0,0,service_quality
Good services provided by the delivery men,logistics,2,2,7,fallback_support,2,1,0,service_quality
Very 2 good service,logistics,2,2,7,fallback_support,2,1,0,service_quality
I didn't receive my card but it shows received,logistics,0,0,7,fallback_support,1,0,1,service_quality
Why is the package delivered to security when the person is at home?,logistics,0,0,7,fallback_support,1,0,1,service_quality
Delivery persons behavior is truly good,logistics,2,2,7,behaviour,2,1,0,service_quality
Price less karke,logistics,1,1,7,fallback_support,1,0,0,service_quality
Amazing experience???,logistics,2,2,7,fallback_support,2,1,0,service_quality
Delevery boy behaviour is fine,logistics,1,1,7,behaviour,1,0,0,service_quality
Not updated delivery,logistics,0,0,7,fallback_support,1,0,1,service_quality
Thanks to delivery boy. Patient and good behavior. I missed his phone call too many times but he waited for me. Really he is good man. Thanks again.,logistics,2,2,7,behaviour,2,1,0,service_quality
Its a great experience this time,logistics,2,2,7,fallback_support,2,1,0,service_quality
Delivery person did a good job ??,logistics,2,2,7,fallback_support,2,1,0,service_quality
Bahot jyada delay Kiya 25 may ko aane wala parcel 28 may ko deliver Kiya....,logistics,0,0,0,delay,0,3,2,delivery_failures
Best Behavior of Delivery boy,logistics,2,2,7,behaviour,2,1,0,service_quality
Recited,logistics,1,1,7,fallback_support,1,0,0,service_quality
V good v good service ? Harsh sir,logistics,2,2,7,fallback_support,2,1,0,service_quality
No need better service It's good ??,logistics,2,2,7,fallback_support,2,1,0,service_quality
Not informed for arrival of courier,logistics,0,0,7,fallback_support,1,0,1,service_quality
I sincerely appreciate the prompt and professional delivery service provided by your delivery executive. His courteous demeanor and dedication were commendable. Kindly ensure that this feedback is shared with the concerned person for appropriate acknowledgment and for updating your records on the site,logistics,2,2,7,pricing,1,4,3,service_quality
Wrong Qty delivered. 2 Qty was expected to be received,logistics,0,0,7,fallback_support,0,3,2,service_quality
Delivered on time even with lot of rain.,logistics,2,2,7,fallback_support,2,1,0,service_quality
Ifba person is on leave then why does your customer service executive give me that persons number,logistics,0,0,7,support,1,0,1,service_quality
Delevery boys is good,logistics,2,2,7,fallback_support,2,1,0,service_quality
The guy was polite .,logistics,2,2,7,fallback_support,2,1,0,service_quality
Currier person did a wonderful job. He telephonically called so many times. Excellent work.,logistics,2,2,7,support,2,1,0,service_quality
On time delivery thank you Bluedart,logistics,2,2,7,fallback_support,2,1,0,service_quality
Sarvice is very good ??,logistics,2,2,7,fallback_support,2,1,0,service_quality
It was one time and very careful handling of goods,logistics,2,2,7,fallback_support,2,1,0,service_quality
Yess good bluedart,logistics,2,2,7,fallback_support,2,1,0,service_quality
Polite delivery without too many calls,logistics,2,2,7,support,2,1,0,service_quality
Very nice service and behaviour of the delivery person,logistics,2,2,7,behaviour,2,1,0,service_quality
Without any doubt.,logistics,1,1,7,fallback_support,1,0,0,service_quality
where are my hair  products   I ordered hair products but  you give me face  products  again ? exchange parsal,logistics,0,0,7,refund,0,4,3,service_quality
Delivery delayed was supposed to be delivered a day prior moreover reason for delay is totally incorrect  as delivery by bluedart has been done on same address with same pincode on N number of occasions. Also there is no option of contacting the delivery hub. The number provided on website are hardly reachable at any point of time. It took me a good 60 minutes to get in touch with a customer care executive who did not had any information as well earning the contact number of local hub. Complete Dissapointment.,logistics,0,0,0,delay,0,3,2,delivery_failures
4day late,logistics,0,0,0,delay,0,3,2,delivery_failures
NIL...,logistics,1,1,7,fallback_support,1,0,0,service_quality
The parcel guy said that the parcel will be submitted to security guard but he did not submit the parcel.,logistics,0,0,7,fallback_support,1,0,1,service_quality
The product i want was nit the product i received.  And also the product i received is defected.  Why there is no return or exchange option. I already the mail but sice no reply such bad thing and shameful,logistics,0,0,3,refund,0,4,3,customer_support
Timely delivery. Nice.,logistics,2,2,7,fallback_support,2,1,0,service_quality
Good service Really appreciatable,logistics,2,2,7,fallback_support,2,1,0,service_quality
Good service on time and the best proper service.,logistics,2,2,7,fallback_support,2,1,0,service_quality
It's not delivered to me. It has been handed over other person who was in my old address.,logistics,0,0,0,fallback_support,0,3,2,delivery_failures
While i appreciate that your agent kept up his delivery schedule,logistics,2,2,7,fallback_support,2,1,0,service_quality
Polite n respectful in delivering the product?,logistics,2,2,7,fallback_support,2,1,0,service_quality
Not anything specific at this moment.,logistics,1,1,7,fallback_support,1,0,0,service_quality
He is very good person and nice behaviour.,logistics,2,2,7,behaviour,2,1,0,service_quality
Good serviceThanks.,logistics,2,2,7,fallback_support,2,1,0,service_quality
We received broken sample every time even we pack very properly. This is very bad service,logistics,0,0,5,damage_lost,0,4,3,damaged_package
U perfect ?,logistics,2,2,7,fallback_support,2,1,0,service_quality
Plz keep up the good work!,logistics,2,2,7,fallback_support,2,1,0,service_quality
nice and great service will definitely recommend it,logistics,2,2,7,fallback_support,2,1,0,service_quality
Good behavior of delivery boy and timely delivery,logistics,2,2,7,behaviour,2,1,0,service_quality
Very very stupid people and delivery service.,logistics,0,0,7,fallback_support,1,0,1,service_quality
good  sarvis,logistics,2,2,7,fallback_support,2,1,0,service_quality
Not good wanna return...,logistics,0,0,7,refund,1,1,0,service_quality
Already good and prompt service,logistics,2,2,7,fallback_support,2,1,0,service_quality
I had to be late for office to get the parcel delivery should have been better with customer convenience.,logistics,0,0,0,delay,0,3,2,delivery_failures
Received wrong product i want refund,logistics,0,0,7,refund,0,4,3,service_quality
Delivery executives accomodate date according to my availability,logistics,2,2,7,fallback_support,2,1,0,service_quality
Great delivery work,logistics,2,2,7,fallback_support,2,1,0,service_quality
I have not received the shipment. Neither did I share the otp with any one.I informed the delivery person when he called me to inform. Tried getting in touch with him repeatedly but no response.,logistics,0,0,3,damage_lost,0,4,3,customer_support
very well behaved and cooperative,logistics,2,2,7,fallback_support,2,1,0,service_quality
The delivery boy was a very good guy?,logistics,2,2,7,fallback_support,2,1,0,service_quality
Very very poor delivery service It took more number times to deliver a product while comparing to other delivering.While comparing blue dart remaining all courier service providers were very nice,logistics,0,0,7,fallback_support,0,3,2,service_quality
Dgjk,logistics,1,1,7,fallback_support,1,0,0,service_quality
I as very polite,logistics,2,2,7,fallback_support,2,1,0,service_quality
Delivery person was very rude and behave very badly just asked him to wait for 5 mins.,logistics,0,0,2,behaviour,0,3,2,agent_behaviour
The delivery was extremely late this time.,logistics,0,0,0,delay,0,3,2,delivery_failures
I have received wrong and tonne product.want my money back,logistics,0,0,7,refund,0,4,3,service_quality
Pratham was very helpful & understanding,logistics,2,2,7,fallback_support,2,1,0,service_quality
Nice man on time delivered,logistics,2,2,7,fallback_support,2,1,0,service_quality
Very good service and politeness of delivery agent,logistics,2,2,7,fallback_support,2,1,0,service_quality
Perfect ? service with security code.,logistics,2,2,7,fallback_support,2,1,0,service_quality
Galt saman aaya hai,logistics,0,0,7,fallback_support,1,0,1,service_quality
Tjaksvhz,logistics,1,1,7,fallback_support,1,0,0,service_quality
Service is best Delivery man is very friendly,logistics,2,2,7,fallback_support,2,1,0,service_quality
Everything was very fast and the delivery boy was also so polite so nothing to change everything was best i think,logistics,2,2,7,fallback_support,2,1,0,service_quality
V. Good behaviour of delivery boy.. he give me my parcel reached my home ..it's hv 3rd floor ... I m happy for delivery of my parcel in v. Good condition.....,logistics,2,2,7,behaviour,2,1,0,service_quality
Very courteous delivery person. Well mannered. Good job!!! Keep it up!!!,logistics,2,2,7,fallback_support,2,4,3,service_quality
Worng package,logistics,0,0,7,fallback_support,1,0,1,service_quality
Gury,logistics,1,1,7,fallback_support,1,0,0,service_quality
Size thik nhi hai Or pasand nhi hai,logistics,0,0,7,fallback_support,1,0,1,service_quality
Battery is not charging. Usb cable is fine but battery is very bad. Please send a battery too.,logistics,0,0,7,fallback_support,0,3,2,service_quality
Surprisingly beforetime delivery. Thanks.,logistics,2,2,7,fallback_support,2,1,0,service_quality
Aasif thanks,logistics,2,2,7,fallback_support,2,1,0,service_quality
Delivery made as soon as expected,logistics,2,2,7,fallback_support,2,1,0,service_quality
Very good service for the team and delivery guy ???,logistics,2,2,7,fallback_support,2,1,0,service_quality
happy but one day late delivery,logistics,1,0,0,delay,0,1,1,delivery_failures
delivery agent did not contact or visit,logistics,0,0,7,behaviour,1,0,2,service_quality
no thanx,logistics,1,1,7,fallback_support,1,0,0,service_quality
staff name mentioned,logistics,1,1,7,fallback_support,1,0,0,service_quality
return process clear and complete,logistics,1,2,7,refund,1,0,0,service_quality
name only,logistics,1,1,7,fallback_support,1,0,0,service_quality
delivery boy behaviour bad,logistics,0,0,7,behaviour,0,3,2,service_quality
damaged product return my order,logistics,0,0,5,damage_lost,0,4,3,damaged_package
minimise gap between out for delivery and delivery,logistics,1,1,7,fallback_support,1,0,0,service_quality
great experience exceeded expectations,logistics,2,2,7,fallback_support,2,1,0,service_quality
delivery marked delivered but not received,logistics,1,1,7,damage_lost,0,0,0,service_quality
received duplicate product fraud,logistics,0,0,7,fallback_support,1,4,3,service_quality
delivery person polite kind,logistics,2,2,7,fallback_support,2,1,0,service_quality
asked to collect parcel midway,logistics,0,0,7,fallback_support,1,0,1,service_quality
delivery boy demanded money misbehaved refused floor delivery,logistics,0,0,2,behaviour,1,0,2,agent_behaviour
delivery guy reached my location exactly,logistics,1,1,7,fallback_support,1,0,0,service_quality
received parcel after delay,logistics,1,0,0,delay,0,2,2,delivery_failures
received on time extremely happy,logistics,2,2,7,fallback_support,2,1,0,service_quality
delivery person tampered property caught on cctv,logistics,0,0,5,damage_lost,0,4,3,damaged_package
very bad service forced office pickup,logistics,0,0,7,fallback_support,0,3,2,service_quality
delivery not at doorstep handed to security,logistics,0,0,7,fallback_support,1,0,1,service_quality
very happy with otp and kyc verification process,logistics,2,2,7,fallback_support,2,1,0,service_quality
scammed need refund,logistics,1,0,7,refund,1,4,3,service_quality
product found to be fake,logistics,0,0,7,fallback_support,0,3,2,service_quality
account activation delayed for four days after welcome kit no update provided,logistics,0,0,0,delay,0,3,2,delivery_failures
delivery boy humble and fast,logistics,2,2,7,fallback_support,2,1,0,service_quality
vinayak gaikwad very good delivery person,logistics,2,2,7,fallback_support,2,1,0,service_quality
delivery my product,logistics,1,1,7,fallback_support,1,0,0,service_quality
delivery guy rude grumpy and impatient,logistics,0,0,2,behaviour,0,3,2,agent_behaviour
aapka service mujhe accha laga,logistics,2,2,7,fallback_support,2,1,0,service_quality
return order,logistics,1,1,7,refund,1,0,0,service_quality
good professional delivery person,logistics,2,2,7,fallback_support,2,1,0,service_quality
delivery boy very good,logistics,2,2,7,fallback_support,2,1,0,service_quality
did not receive order,logistics,0,0,7,damage_lost,0,4,3,service_quality
delivery boy very respectful,logistics,1,1,7,fallback_support,1,0,0,service_quality
received different product from what was ordered,logistics,0,0,7,fallback_support,1,0,1,service_quality
delivery made to different address with proof,logistics,1,1,7,fallback_support,1,0,0,service_quality
priority order delayed,logistics,1,0,0,delay,0,2,2,delivery_failures
product not delivered to location had to visit office,logistics,0,0,0,fallback_support,0,3,2,delivery_failures
teach delivery boy how to talk properly,logistics,1,1,7,fallback_support,1,0,0,service_quality
please cancel my order,logistics,1,1,7,fallback_support,1,0,0,service_quality
delivery partner took extra money when customer unavailable,logistics,0,0,7,fallback_support,1,0,1,service_quality
keep up the good work,logistics,2,2,7,fallback_support,2,1,0,service_quality
good delivery experience first time,logistics,2,2,7,fallback_support,2,1,0,service_quality
very polite person,logistics,2,2,7,fallback_support,2,1,0,service_quality
delayed,logistics,1,0,0,delay,0,2,2,delivery_failures
not deliver in actual location,logistics,1,1,7,fallback_support,1,0,0,service_quality
very good service prompt delivery,logistics,2,2,7,fallback_support,2,1,0,service_quality
received different product,logistics,0,0,7,fallback_support,1,0,1,service_quality
please confirm on call after confirm address,logistics,1,1,7,support,1,0,0,service_quality
fake parcel cardboard inside,logistics,0,0,7,fallback_support,0,3,2,service_quality
bahut bekar service,logistics,1,1,7,fallback_support,1,0,0,service_quality
delivery executive supportive rescheduled properly,logistics,2,2,7,support,2,1,0,service_quality
refused to deliver to floor,logistics,1,1,7,fallback_support,1,0,0,service_quality
no phone call from delivery person marked consignee unavailable extremely poor process,logistics,0,0,7,support,0,3,2,service_quality
delivery person reluctant for upper floor,logistics,0,0,7,fallback_support,1,0,1,service_quality
dont argue with customer give some time,logistics,1,1,7,fallback_support,1,0,0,service_quality
delivery contact details required,logistics,1,1,7,support,1,0,0,service_quality
wrong address wrong person delivery issue,logistics,0,0,1,wrong_delivery,0,3,2,wrong_delivery
" I must say the entire process was smooth, efficient, and pleasant. From the warm welcome by the staff to the quick and transparent account opening process, every step reflected professionalism and customer care.

I truly appreciate the bankâs commitment to customer satisfaction. The team was helpful in guiding me through the formalities, explaining the features clearly, and ensuring I felt confident and valued. It was a refreshing experience that left me both happy and impressed.

I'm genuinely glad to be a part of the IDFC FIRST Bank family and look forward to a great banking relationship ahead!",logistics,2,2,3,support,2,1,0,customer_support
delivery status updated without delivery,logistics,1,1,7,fallback_support,1,0,0,service_quality
order for return,logistics,1,1,7,refund,1,0,0,service_quality
documents handled carefully,logistics,1,1,7,fallback_support,1,0,0,service_quality
packages delivered successfully without issue,logistics,2,0,7,fallback_support,0,0,0,service_quality
great,logistics,2,2,7,fallback_support,2,1,0,service_quality
delivery staff soft spoken but recipient absent,logistics,1,1,7,fallback_support,1,0,0,service_quality
delivery guy refused stairs pickup,logistics,1,1,7,fallback_support,1,0,0,service_quality
The choice of branch could have been provided to the customer,logistics,1,1,7,fallback_support,1,0,0,service_quality
ordered expensive item got cheap one,logistics,0,0,7,fallback_support,1,0,1,service_quality
very bad nandanam chennai branch,logistics,0,0,7,fallback_support,0,3,2,service_quality
false address update forced office pickup,logistics,0,0,7,fallback_support,1,0,1,service_quality
parcel delayed and spoiled at destination hub,logistics,1,0,0,delay,0,2,2,delivery_failures
service not available in village,logistics,0,0,7,fallback_support,1,0,1,service_quality
not this watch,logistics,1,1,7,fallback_support,1,0,0,service_quality
not my shipment someone used my number,logistics,1,1,7,fallback_support,1,0,0,service_quality
all good but product quality not good,logistics,1,2,7,fallback_support,2,1,0,service_quality
false delivered sms without receipt,logistics,1,1,7,fallback_support,1,0,0,service_quality
wrong product received twice fraud,logistics,0,0,7,fallback_support,0,4,3,service_quality
KYC not working RM not responsive,logistics,0,0,7,fallback_support,1,0,1,service_quality
would like return this product a it not at all work please help me out reach with it,logistics,1,1,7,refund,1,0,0,service_quality
very poor service delayed delivery,logistics,0,0,0,delay,0,3,2,delivery_failures
request for low balance account option,logistics,1,1,7,fallback_support,1,0,0,service_quality
nice service,logistics,2,2,7,fallback_support,2,1,0,service_quality
unable receive call but delivery completed,logistics,1,1,7,support,1,0,0,service_quality
Item has been changed,logistics,0,0,7,fallback_support,1,0,1,service_quality
delivery partner call me even before he reach destination,logistics,1,1,7,support,1,0,0,service_quality
ordered one but delivered two refused return,logistics,0,0,7,refund,0,4,3,service_quality
very prompt delivery executive,logistics,2,2,7,fallback_support,2,1,0,service_quality
excellent service provider package delivered within a day of placing order,logistics,2,2,7,fallback_support,2,1,0,service_quality
already best,logistics,2,2,7,fallback_support,2,1,0,service_quality
delivery delay again,logistics,1,0,0,delay,0,2,2,delivery_failures
no issues during delivery,logistics,1,0,7,fallback_support,0,0,0,service_quality
delivery staff did not return balance amount,logistics,0,0,7,refund,0,4,3,service_quality
rude delivery guy,logistics,0,0,2,behaviour,0,3,2,agent_behaviour
top class service very polite behaviour delivery executive very knowledgeable highly satisfy with his service,logistics,2,2,7,behaviour,2,1,0,service_quality
partial order received,logistics,0,0,7,fallback_support,1,0,1,service_quality
received earlier than expected,logistics,1,1,7,fallback_support,1,0,0,service_quality
keep moving forward,logistics,1,1,7,fallback_support,1,0,0,service_quality
miss my rosemary water,logistics,1,1,7,fallback_support,1,0,0,service_quality
delivery arrived without call,logistics,1,1,7,support,1,0,0,service_quality
courier not received very bad,logistics,0,0,7,damage_lost,0,4,3,service_quality
exact delivery time should be informed,logistics,1,1,7,fallback_support,1,0,0,service_quality
very fast good service,logistics,2,2,7,fallback_support,2,1,0,service_quality
ok,logistics,1,1,7,fallback_support,1,0,0,service_quality
delivery charge taken despite free delivery,logistics,1,1,7,fallback_support,1,0,0,service_quality
delivery smooth experience,logistics,2,2,7,fallback_support,2,1,0,service_quality
no need cheaters parcel take for delivery ensure check before accept,logistics,1,1,7,fallback_support,1,0,0,service_quality
average service,logistics,1,1,7,fallback_support,1,0,0,service_quality
very good experience overall,logistics,2,2,7,fallback_support,2,1,0,service_quality
collect my parcel at office,logistics,1,1,7,fallback_support,1,0,0,service_quality
delivery person polite professional,logistics,1,1,7,fallback_support,2,0,0,service_quality
not delivering at right place but marked delivered,logistics,0,0,7,fallback_support,1,0,1,service_quality
service poor,logistics,0,0,7,fallback_support,0,3,2,service_quality
delivery confirmation sent without actual delivery,logistics,0,0,7,fallback_support,1,0,1,service_quality
delivery agent asked for OTP but did not hand over parcel,logistics,0,0,7,fallback_support,1,0,1,service_quality
shipment not delivered by delivery staff,logistics,0,0,0,fallback_support,0,3,2,delivery_failures
rude behaviour of delivery person abusive foul language use very unpleasant experience,logistics,0,0,2,behaviour,0,3,2,agent_behaviour
delivery boy rough language,logistics,1,1,7,fallback_support,1,0,0,service_quality
superb fast delivery,logistics,2,2,7,fallback_support,2,1,0,service_quality
best service,logistics,2,2,7,fallback_support,2,1,0,service_quality
wrong item delivered customer deceived,logistics,0,0,7,fallback_support,0,3,2,service_quality
yes before opening account branch staff promised visit but never came online process was smooth,logistics,1,2,7,fallback_support,2,0,0,service_quality
already good,logistics,2,2,7,fallback_support,2,1,0,service_quality
bad experience,logistics,0,0,7,fallback_support,0,3,2,service_quality
very bad experience from blue dart,logistics,0,0,7,fallback_support,0,3,2,service_quality
blue dart delayed delivery despite parcel reaching hub,logistics,0,0,0,delay,0,3,2,delivery_failures
medicine delivery delayed false excuse,logistics,0,0,0,delay,0,3,2,delivery_failures
tracking good delivery speed needs improvement,logistics,1,2,4,tracking,1,1,1,tracking_updates
delivery boy harassed customer,logistics,1,1,7,fallback_support,0,0,0,service_quality
delivery agent was rude aggressive and ill mannered very disappointed,logistics,0,0,2,behaviour,0,3,2,agent_behaviour
delivery boy refused home delivery forced hub pickup,logistics,0,0,7,fallback_support,1,0,1,service_quality
parcel not delivered yet,logistics,0,0,0,delay,0,3,2,delivery_failures
what we order it not come totally different it come plss take this order we want other item,logistics,0,0,7,fallback_support,1,0,1,service_quality
nice product,logistics,2,2,7,fallback_support,2,1,0,service_quality
very poor delivery service,logistics,0,0,7,fallback_support,0,3,2,service_quality
delivery nice express good delivery,logistics,2,2,7,fallback_support,2,1,0,service_quality
please give tracking update in arattai app,logistics,1,1,4,tracking,1,0,1,tracking_updates
delivery person not confirming recipient,logistics,1,1,7,fallback_support,1,0,0,service_quality
provide delivery agent contact number,logistics,1,1,7,support,1,0,0,service_quality
do not receive yet,logistics,1,1,7,fallback_support,1,0,0,service_quality
delivery person honest but customer absent,logistics,1,1,7,fallback_support,1,0,0,service_quality
bad service no home delivery credit card delay,logistics,0,0,0,delay,0,3,2,delivery_failures
please mention expected delivery time in message,logistics,1,1,7,fallback_support,1,0,0,service_quality
parcel undelivered due to false reason premise locked,logistics,0,0,7,fallback_support,1,0,1,service_quality
very long time delivery bad,logistics,0,0,7,fallback_support,0,3,2,service_quality
get my parcel on time extremely happy,logistics,2,2,7,fallback_support,2,1,0,service_quality
delivery partner overloaded bike issue,logistics,1,0,7,fallback_support,0,0,0,service_quality
flat number missing delivered at gate,logistics,1,0,7,fallback_support,0,0,0,service_quality
great quick delivery with minimal calls,logistics,2,2,7,support,2,1,0,service_quality
achcha,logistics,1,1,7,fallback_support,1,0,0,service_quality
item received broken,logistics,1,1,5,damage_lost,0,0,0,damaged_package
delivery delayed no response after first call service bad,logistics,1,0,0,delay,0,2,2,delivery_failures
reduce minimum balance requirement,logistics,1,1,7,fallback_support,1,0,0,service_quality
behaviour not good and refused to wait for change,logistics,0,0,7,behaviour,2,1,2,service_quality
product unsafe not working refund or exchange,logistics,1,0,7,refund,1,0,0,service_quality
product color different from what was shown,logistics,0,0,7,fallback_support,1,0,1,service_quality
received different sets instead of same color sets,logistics,1,1,7,fallback_support,1,0,0,service_quality
delivery person courteous,logistics,2,2,7,fallback_support,2,4,3,service_quality
fake jewellery wrong product delivered,logistics,0,0,7,fallback_support,0,3,2,service_quality
receive in time,logistics,2,2,7,fallback_support,2,1,0,service_quality
deliver wrong product,logistics,0,0,7,fallback_support,0,3,2,service_quality
poor packaging and damaged handling,logistics,0,0,5,damage_lost,0,4,3,damaged_package
delivery staff polite timely,logistics,1,1,7,fallback_support,2,0,0,service_quality
good timely service,logistics,2,2,7,fallback_support,2,1,0,service_quality
packaging was proper,logistics,1,1,7,fallback_support,1,0,0,service_quality
had to go for pickup no one answered calls at godown very upsetting,logistics,0,0,7,support,1,0,1,service_quality
giod,logistics,1,1,7,fallback_support,1,0,0,service_quality
delivery agent was rude and unreachable during duty hours,logistics,0,0,2,behaviour,0,3,2,agent_behaviour
extra charges taken very bad service,logistics,0,0,6,pricing,0,3,2,payment_issues
parcel thrown inside gate unacceptable behavior,logistics,0,0,7,behaviour,1,0,2,service_quality
delivery on time with proper tracking update,logistics,2,2,4,tracking,1,0,0,tracking_updates
it good,logistics,2,2,7,fallback_support,2,1,0,service_quality
delivery person damaged doorbell by continuous pressing,logistics,0,0,5,damage_lost,0,4,3,damaged_package
shipment falsely marked undelivered twice,logistics,0,0,7,fallback_support,1,0,1,service_quality
parcel not received very sad,logistics,0,0,7,damage_lost,0,4,3,service_quality
delivery agent phone numbers not reachable,logistics,1,1,7,fallback_support,1,0,0,service_quality
get wrong order,logistics,0,0,7,fallback_support,0,3,2,service_quality
replacement required wrong product,logistics,1,0,7,refund,0,0,0,service_quality
delivery process very bad forced to collect from office,logistics,0,0,7,fallback_support,0,3,2,service_quality
perform more expectation,logistics,1,1,7,fallback_support,1,0,0,service_quality
refused doorstep delivery asked to cancel,logistics,1,1,7,fallback_support,1,0,0,service_quality
delivery very fast satisfied,logistics,2,2,7,fallback_support,2,1,0,service_quality
delivery boy polite and helpful,logistics,2,2,7,fallback_support,2,1,0,service_quality
order delayed more than a day repeatedly,logistics,1,0,0,delay,0,2,2,delivery_failures
empty box received product missing,logistics,1,0,5,damage_lost,0,0,0,damaged_package
wrong parcel received,logistics,1,0,7,fallback_support,0,0,0,service_quality
early delivery before expected,logistics,2,2,7,fallback_support,2,1,0,service_quality
everything good keep it up,logistics,2,2,7,fallback_support,2,1,0,service_quality
late delivery issue,logistics,0,0,0,delay,0,3,2,delivery_failures
fraud waste product delivered refund money,logistics,0,0,7,refund,0,4,3,service_quality
very very warst quality damage,logistics,0,0,7,damage_lost,0,4,3,service_quality
unknown person received parcel,logistics,1,1,1,wrong_delivery,1,0,1,wrong_delivery
thanks for call,logistics,1,2,7,support,2,1,0,service_quality
no information about delivery status,logistics,1,1,7,soft_tracking,1,0,1,service_quality
wrong consignee remark incorrect attempt update,logistics,0,0,7,fallback_support,0,3,2,service_quality
delivery boy refused address pickup office,logistics,0,0,7,fallback_support,1,0,1,service_quality
If you call I will tell you 6205637767,logistics,1,1,7,support,1,0,0,service_quality
already make order delay without contact customer mark that customer not available,logistics,0,0,0,delay,0,3,2,delivery_failures
wrong and missing products received,logistics,0,0,7,fallback_support,0,3,2,service_quality
delivery guy did not call before delivery,logistics,0,0,2,behaviour,1,0,2,agent_behaviour
one of the best services,logistics,2,2,7,fallback_support,2,1,0,service_quality
good,logistics,1,2,7,fallback_support,2,1,0,service_quality
excellent service by delivery staff,logistics,2,2,7,fallback_support,2,1,0,service_quality
wrong jersey delivered,logistics,0,0,7,fallback_support,0,3,2,service_quality
delivery agent disrespectful tone,logistics,0,0,7,fallback_support,1,0,1,service_quality
delivery refused home delivery forced hub pickup,logistics,0,0,7,fallback_support,1,0,1,service_quality
lovely delivery person,logistics,2,2,7,fallback_support,2,1,0,service_quality
it ok,logistics,1,1,7,fallback_support,1,0,0,service_quality
on time delivery,logistics,2,2,7,fallback_support,2,1,0,service_quality
agent did not listen properly during validation and was in a hurry,logistics,0,0,7,fallback_support,1,0,1,service_quality
delivery person delivered to wrong house and asked me to collect later,logistics,0,0,0,wrong_delivery,0,3,2,delivery_failures
delivery boy misbehaved,logistics,1,1,2,behaviour,1,0,0,agent_behaviour
always outstanding,logistics,2,2,7,fallback_support,2,1,0,service_quality
awesome delivery by bluedart thank you,logistics,2,2,7,fallback_support,2,1,0,service_quality
COD change required suggestion,logistics,1,1,7,fallback_support,1,0,0,service_quality
different shade received,logistics,1,1,7,fallback_support,1,0,0,service_quality
additionally charge extra,logistics,0,0,7,fallback_support,1,0,1,service_quality
missing item in parcel box,logistics,0,0,7,damage_lost,0,4,3,service_quality
good no,logistics,1,2,7,fallback_support,2,1,0,service_quality
no response from delivery boy,logistics,0,0,3,support,0,3,2,customer_support
polite well behaved delivery person,logistics,1,1,7,fallback_support,2,0,0,service_quality
delivery agent deny deliver at home,logistics,1,1,7,fallback_support,1,0,0,service_quality
please provide delivery executive contact number,logistics,1,1,7,support,1,0,0,service_quality
day before delivery thank you,logistics,2,2,7,fallback_support,2,1,0,service_quality
call before delivery attempt,logistics,1,1,7,support,1,0,0,service_quality
delivery agent took otp but did not deliver,logistics,0,0,7,fallback_support,1,0,1,service_quality
very poor delivery not delivered on time,logistics,0,0,0,delay,0,3,2,delivery_failures
not delivere time time fasle commitment,logistics,1,1,7,fallback_support,1,0,0,service_quality
nothing report,logistics,1,1,7,fallback_support,1,0,0,service_quality
nobody cared about customer time extremely pathetic experience,logistics,0,0,7,fallback_support,1,0,1,service_quality
from last three day your delivery agent reschedule delivery date even without ask me,logistics,1,1,7,fallback_support,1,0,0,service_quality
good response,logistics,2,2,7,fallback_support,2,1,0,service_quality
please return my order,logistics,1,1,7,refund,1,0,0,service_quality
nice packaging and good delivery service,logistics,2,2,7,fallback_support,2,1,0,service_quality
pathetic service had to collect parcel from outlet,logistics,0,0,7,fallback_support,1,0,1,service_quality
saree damage,logistics,1,0,7,damage_lost,1,0,0,service_quality
delivery very quick and smooth,logistics,2,2,7,fallback_support,2,1,0,service_quality
delivery person did not call and product not received,logistics,0,0,2,damage_lost,0,4,3,agent_behaviour
product damaged on opening please take back,logistics,0,0,5,damage_lost,0,4,3,damaged_package
delivery took whole day,logistics,1,1,7,fallback_support,1,0,0,service_quality
shipment prompt but one item miss in parcel,logistics,0,0,7,fallback_support,2,0,1,service_quality
goo,logistics,1,1,7,fallback_support,1,0,0,service_quality
wrong product receive,logistics,0,0,7,fallback_support,0,3,2,service_quality
rohit yadav,logistics,1,1,7,fallback_support,1,0,0,service_quality
they did not call and handed parcel to unknown person,logistics,0,0,2,behaviour,1,0,2,agent_behaviour
delivery executive behaviour was pathetic and rude,logistics,0,0,2,behaviour,0,3,2,agent_behaviour
vad quality,logistics,1,1,7,fallback_support,1,0,0,service_quality
delivery boy agent good behaviour respectful blue dart service,logistics,2,2,7,behaviour,2,1,0,service_quality
my courier not delivered at all,logistics,0,0,0,fallback_support,0,3,2,delivery_failures
mobile number wrongly updated in system,logistics,1,0,7,fallback_support,0,0,0,service_quality
thank you for great service example,logistics,2,2,7,fallback_support,2,1,0,service_quality
learning how to use new card benefits,logistics,1,1,7,fallback_support,1,0,0,service_quality
not receive my debit card yet,logistics,0,0,7,fallback_support,1,0,1,service_quality
delivery update only,logistics,1,1,7,fallback_support,1,0,0,service_quality
delivery staff rude payment issue humiliating behaviour,logistics,0,0,2,pricing,0,3,2,agent_behaviour
fraud courier payment concern raised,logistics,1,1,7,fallback_support,1,4,3,service_quality
didnt receive my order but status shows delivered,logistics,0,0,7,fallback_support,1,0,1,service_quality
have go take from hub,logistics,1,1,7,fallback_support,1,0,0,service_quality
duplicate cheap product delivered fraud,logistics,0,0,7,fallback_support,1,4,3,service_quality
delivery executive did not come home had to go office to collect card,logistics,0,0,7,fallback_support,1,0,1,service_quality
did not receive package,logistics,0,0,7,damage_lost,0,4,3,service_quality
pathetic rural delivery experience repeated false updates,logistics,0,0,7,fallback_support,1,0,1,service_quality
quality poor box already opened,logistics,1,1,7,fallback_support,0,0,0,service_quality
without call delivery boy humble,logistics,1,1,7,support,1,0,0,service_quality
satisfied,logistics,1,1,7,fallback_support,2,1,0,service_quality
merchant fraud sent wrong item affecting bluedart reputation,logistics,1,0,7,fallback_support,0,4,3,service_quality
bahut jyada lal ho gya hai purana stock pack karke bhej diya hai or isme return ka option nahi hai,logistics,1,1,7,refund,1,0,0,service_quality
courier person respectful,logistics,1,1,7,fallback_support,1,0,0,service_quality
shipment received broken,logistics,0,0,5,damage_lost,0,4,3,damaged_package
amazing delivery person,logistics,1,1,7,fallback_support,1,0,0,service_quality
increase service in rural punjab,logistics,1,1,7,fallback_support,1,0,0,service_quality
worst service ever experienced,logistics,0,0,7,fallback_support,0,3,2,service_quality
wrong product totally delivered,logistics,0,0,7,fallback_support,0,3,2,service_quality
delivery on time,logistics,1,1,7,fallback_support,2,0,0,service_quality
fast good service,logistics,1,2,7,fallback_support,2,1,0,service_quality
delivery person very professional,logistics,2,2,7,fallback_support,2,1,0,service_quality
delivery delay than given time,logistics,0,0,0,delay,0,3,2,delivery_failures
avoid weekend deliveries suggestion,logistics,1,1,7,fallback_support,1,0,0,service_quality
unknown receiver name shown,logistics,1,1,7,fallback_support,1,0,0,service_quality
delivery person was very rude argued at doorstep,logistics,0,0,2,behaviour,0,3,2,agent_behaviour
delivery agent rude location handling,logistics,0,0,2,behaviour,0,3,2,agent_behaviour
fraud happened with me,logistics,0,0,7,fallback_support,1,4,3,service_quality
scammed wrong product delivered refund needed,logistics,0,0,7,refund,0,4,3,service_quality
blue dart known for safe quick delivery delivery staff trained and responsive,logistics,2,2,7,fallback_support,2,1,0,service_quality
pathetic repeated false delivery attempts,logistics,0,0,7,fallback_support,1,0,1,service_quality
delivery staff cooperative behaviour,logistics,1,1,7,behaviour,1,0,0,service_quality
improve technology based services,logistics,2,2,7,fallback_support,2,1,0,service_quality
good work very supportive team,logistics,2,2,7,support,2,1,0,service_quality
branch staff quality needs improvement,logistics,1,1,7,fallback_support,1,0,0,service_quality
very good service polite delivery person,logistics,2,2,7,fallback_support,2,1,0,service_quality
good service good bihevear,logistics,2,2,7,fallback_support,2,1,0,service_quality
parcel leave with gate man in different block of this complex it should deliver my flat,logistics,0,0,7,fallback_support,1,0,1,service_quality
unknown person received parcel,logistics,0,0,1,wrong_delivery,0,3,2,wrong_delivery
toxic delivery behaviour forced pickup threats,logistics,0,0,7,behaviour,1,0,2,service_quality
very poor service,logistics,0,0,7,fallback_support,0,3,2,service_quality
delivery not done please contact me,logistics,1,1,0,support,1,0,0,delivery_failures
wrong color received want exchange,logistics,1,0,7,refund,0,0,0,service_quality
only partial order received,logistics,1,1,7,fallback_support,1,0,0,service_quality
best,logistics,2,2,7,fallback_support,2,1,0,service_quality
amaze person,logistics,1,1,7,fallback_support,1,0,0,service_quality
mixed feedback account opening delayed,logistics,1,0,0,delay,0,2,2,delivery_failures
it take almost two week deliver my order,logistics,0,0,7,fallback_support,1,0,1,service_quality
bad perfume itna mehnga perfume isse acha fogg hai,logistics,1,0,7,fallback_support,0,0,0,service_quality
received bad product,logistics,0,0,7,fallback_support,0,3,2,service_quality
excellent fast delivery within one day,logistics,2,2,7,fallback_support,2,1,0,service_quality
fraud different product received,logistics,0,0,7,fallback_support,1,4,3,service_quality
since last few month,logistics,1,1,7,fallback_support,1,0,0,service_quality
order mismatch issue,logistics,0,0,7,fallback_support,0,3,2,service_quality
delivery made in my absence,logistics,1,1,7,fallback_support,1,0,0,service_quality
delivery boy not doorstep village shop delivery bank card loss bad service,logistics,0,0,7,fallback_support,0,3,2,service_quality
easy delivery,logistics,1,1,7,fallback_support,1,0,0,service_quality
wanted to cancel order but delivery person did not contact and delivered to security guard,logistics,0,0,7,behaviour,1,0,2,service_quality
promise kept,logistics,1,1,7,fallback_support,1,0,0,service_quality
ahead of time delivery,logistics,2,2,7,fallback_support,2,1,0,service_quality
irritating service order stuck in city no help,logistics,0,0,7,fallback_support,0,3,2,service_quality
too much delay,logistics,0,0,0,delay,0,3,2,delivery_failures
best team,logistics,2,2,7,fallback_support,2,1,0,service_quality
delivered on time but no return option and customer not contacted when call failed,logistics,0,0,2,refund,1,0,0,agent_behaviour
received at location,logistics,1,1,7,fallback_support,1,0,0,service_quality
delivered one day early very happy,logistics,2,2,7,fallback_support,2,1,0,service_quality
yas,logistics,1,1,7,fallback_support,1,0,0,service_quality
out of station reason falsely marked,logistics,0,0,7,fallback_support,1,0,1,service_quality
didnt receive my parcel yet,logistics,0,0,7,fallback_support,1,0,1,service_quality
u do excellent job keep it up,logistics,2,2,7,fallback_support,2,1,0,service_quality
didnt receive my package,logistics,0,0,7,fallback_support,1,0,1,service_quality
packaging open internal product packaging also open,logistics,1,1,7,fallback_support,1,0,0,service_quality
fake refused status forced pickup,logistics,0,0,7,fallback_support,0,3,2,service_quality
packaging completely different leaking product,logistics,1,1,7,damage_lost,1,0,0,service_quality
provide promised delivery timeline,logistics,1,1,7,fallback_support,1,0,0,service_quality
no complaints,logistics,1,1,7,support,0,3,2,service_quality
prompt polite speedy delivery,logistics,2,2,7,fallback_support,2,1,0,service_quality
not good delivery agent call missed marked undelivered had to collect from office,logistics,0,0,7,support,2,1,1,service_quality
documents not received parcel missing,logistics,0,0,5,damage_lost,0,4,3,damaged_package
product fake,logistics,0,0,7,fallback_support,0,3,2,service_quality
service not well,logistics,0,0,7,fallback_support,1,0,1,service_quality
fake delivery update by agent,logistics,1,1,7,fallback_support,0,0,0,service_quality
nice delivery,logistics,2,2,7,fallback_support,2,1,0,service_quality
delivery boy very polite and on time,logistics,2,2,7,fallback_support,2,1,0,service_quality
processing charge query,logistics,1,1,7,support,1,0,0,service_quality
not received parcel yet,logistics,1,1,7,damage_lost,0,0,0,service_quality
no word,logistics,1,1,7,fallback_support,1,0,0,service_quality
bahut bekar delivery din lag gaye,logistics,1,1,7,fallback_support,1,0,0,service_quality
parcel still not received,logistics,0,0,7,damage_lost,0,4,3,service_quality
package damaged externally improve delivery quality,logistics,1,0,5,damage_lost,0,3,3,damaged_package
did not receive my parcel,logistics,0,0,7,damage_lost,0,4,3,service_quality
really fast delivery,logistics,2,2,7,fallback_support,2,1,0,service_quality
dint receive it,logistics,1,1,7,fallback_support,1,0,0,service_quality
courier not deliver,logistics,0,0,7,fallback_support,1,0,1,service_quality
most unreliable frequent delays,logistics,0,0,0,delay,0,3,2,delivery_failures
tooo late delivery joke,logistics,0,0,0,delay,0,3,2,delivery_failures
no one at home who accepted delivery,logistics,1,1,7,fallback_support,1,0,0,service_quality
very satisfied cooperative service,logistics,2,2,7,fallback_support,2,1,0,service_quality
expected delivery date not met,logistics,1,1,7,fallback_support,1,0,0,service_quality
late delivery unacceptable,logistics,0,0,0,delay,0,3,2,delivery_failures
scam product no primer received only mascara,logistics,0,0,7,fallback_support,1,4,3,service_quality
Good working bank ,logistics,2,2,7,fallback_support,2,1,0,service_quality
fake product delivered,logistics,1,1,7,fallback_support,0,0,0,service_quality
should notify customer in every hub parcel reach,logistics,1,1,7,fallback_support,1,0,0,service_quality
best courier service,logistics,2,2,7,fallback_support,2,1,0,service_quality
delivery not attempted but resolved after complaint very satisfied,logistics,2,2,0,delay,0,3,2,delivery_failures
wrong delivery updates should not be done,logistics,1,0,1,fallback_support,0,3,2,wrong_delivery
excellent service by bluedart staff,logistics,2,2,7,fallback_support,2,1,0,service_quality
delivery agent did not call me,logistics,0,0,2,behaviour,1,0,2,agent_behaviour
status shows delivered but courier not received,logistics,0,0,7,damage_lost,0,4,3,service_quality
trash found inside parcel box,logistics,0,0,7,fallback_support,1,0,1,service_quality
delivery boy humble and polite,logistics,2,2,7,fallback_support,2,1,0,service_quality
give different item support not helpful,logistics,1,1,7,support,0,0,0,service_quality
good delivery,logistics,2,2,7,fallback_support,2,1,0,service_quality
very late delivery with false updates,logistics,0,0,0,delay,0,3,2,delivery_failures
please call again,logistics,1,1,7,support,1,0,0,service_quality
very nice helpful delivery staff,logistics,2,2,7,fallback_support,2,1,0,service_quality
delivery partner inappropriate behavior at window,logistics,1,1,7,behaviour,1,0,0,service_quality
already served,logistics,1,1,7,fallback_support,1,0,0,service_quality
delivery refused had to go 3km away,logistics,0,0,7,fallback_support,1,0,1,service_quality
they raised failed delivery without calling,logistics,0,0,7,support,1,0,1,service_quality
delivery boy refused doorstep delivery and behaved very badly,logistics,0,0,7,fallback_support,0,3,2,service_quality
not deliver at my address ask come nearby,logistics,0,0,7,fallback_support,1,0,1,service_quality
delivery staff talked rudely,logistics,0,0,2,behaviour,0,3,2,agent_behaviour
delivery delayed birthday gift impacted,logistics,1,0,0,delay,0,2,2,delivery_failures
want to return parcel received wrong item,logistics,0,0,7,refund,0,4,3,service_quality
not receive order pankaj not priya waiting more than week,logistics,0,0,7,fallback_support,1,2,1,service_quality
delivery partner did not call and product not received,logistics,0,0,2,damage_lost,0,4,3,agent_behaviour
return option missing after order,logistics,1,0,7,refund,0,0,0,service_quality
this very poor irresponsible service receive my courier after fifteen day,logistics,0,0,7,fallback_support,0,3,2,service_quality
appreciate effort despite delay,logistics,2,0,0,delay,0,0,0,delivery_failures
delivery team updated status without calling unacceptable,logistics,1,1,7,support,1,0,0,service_quality
team delivered correct product to address appreciate effort,logistics,2,2,7,fallback_support,2,1,0,service_quality
need return item,logistics,1,1,7,refund,1,0,0,service_quality
bad experience with delivery vendor,logistics,0,0,7,fallback_support,0,3,2,service_quality
good but not up to mark,logistics,1,2,7,fallback_support,2,1,0,service_quality
parcel not delivered,logistics,0,0,0,fallback_support,0,3,2,delivery_failures
she deliver at security gate,logistics,1,1,7,fallback_support,1,0,0,service_quality
very poor service expected delivery by 1st oct fake update customer not available caused penalty due to delay,logistics,0,0,0,delay,0,3,2,delivery_failures
severely damaged packaging contents spilled,logistics,0,0,5,damage_lost,0,4,3,damaged_package
try deliver same date when delivery status show in order,logistics,1,1,7,fallback_support,1,0,0,service_quality
prompt delivery even at different address,logistics,2,2,7,fallback_support,2,1,0,service_quality
defective product want return,logistics,1,1,7,refund,1,0,0,service_quality
not applicable,logistics,0,0,7,fallback_support,1,0,1,service_quality
delivery boy lied about attempt,logistics,0,0,7,fallback_support,1,0,1,service_quality
product quality not good,logistics,0,0,7,fallback_support,2,1,1,service_quality
fast delivery neutral experience,logistics,1,1,7,fallback_support,2,0,0,service_quality
earbuds box scratched poor product quality,logistics,0,0,7,fallback_support,0,3,2,service_quality
overselling concerns,logistics,1,1,7,fallback_support,1,2,1,service_quality
good performance delivery team,logistics,2,2,7,fallback_support,2,1,0,service_quality
very bad service without call and repeated delays,logistics,0,0,0,delay,0,3,2,delivery_failures
verification required,logistics,1,1,7,fallback_support,1,0,0,service_quality
order marked delivered but not received,logistics,1,1,7,damage_lost,0,0,0,service_quality
staff behavior not good,logistics,0,0,7,behaviour,2,1,2,service_quality
bad service coordination by logistics partner,logistics,0,0,7,fallback_support,0,3,2,service_quality
poor performance failed to deliver on time and place,logistics,0,0,7,fallback_support,0,3,2,service_quality
collected parcel from office no home delivery,logistics,0,0,7,fallback_support,1,0,1,service_quality
no call from delivery agent forced office pickup bad service,logistics,0,0,2,behaviour,0,3,2,agent_behaviour
superb service by delivery personnel,logistics,2,2,7,fallback_support,2,1,0,service_quality
wrong receiver name unprofessional,logistics,0,0,2,behaviour,0,3,2,agent_behaviour
did not get ordered book want return,logistics,0,0,7,refund,0,4,3,service_quality
abc,logistics,1,1,7,fallback_support,1,0,0,service_quality
wrong fake product dilevered,logistics,0,0,7,fallback_support,0,3,2,service_quality
delivery details required,logistics,1,1,7,fallback_support,1,0,0,service_quality
video kyc smooth secure delivery with minimal id sharing,logistics,2,2,7,fallback_support,2,1,0,service_quality
online kyc process needs improvement,logistics,1,1,7,fallback_support,1,0,0,service_quality
ok fragile items should not be delivered on bike,logistics,1,1,7,fallback_support,1,0,0,service_quality
delivery person misled saying he arrived waited long very bad experience,logistics,0,0,7,fallback_support,0,3,2,service_quality
fraud by company,logistics,1,1,7,fallback_support,1,4,3,service_quality
it is not my order,logistics,0,0,1,wrong_delivery,0,3,2,wrong_delivery
passbook printing facility required at branch,logistics,1,1,7,fallback_support,1,0,0,service_quality
delivery always reschedule mark consignee not available,logistics,1,1,7,fallback_support,1,0,0,service_quality
continue with same spirit,logistics,1,1,7,fallback_support,1,0,0,service_quality
extremely poor service courier did not deliver card at office address official complaint raised,logistics,0,0,7,support,0,3,2,service_quality
wrong item delivered,logistics,1,0,7,fallback_support,0,0,0,service_quality
product different from video shown,logistics,1,1,7,fallback_support,1,0,0,service_quality
who abishek,logistics,1,1,7,fallback_support,1,0,0,service_quality
video kyc interrupted multiple times,logistics,1,1,7,fallback_support,1,0,0,service_quality
item damaged,logistics,0,0,5,damage_lost,0,4,3,damaged_package
delivery executive missed call no follow up,logistics,0,0,3,support,1,2,1,customer_support
bad service,logistics,0,0,7,fallback_support,0,3,2,service_quality
service not liked,logistics,1,1,7,fallback_support,1,0,0,service_quality
wrong flip cover delivered instead of ordered product,logistics,0,0,7,fallback_support,0,3,2,service_quality
prompt delivery without unnecessary calls,logistics,1,1,7,support,2,0,0,service_quality
parcel delivered to wrong floor wrong person,logistics,0,0,1,wrong_delivery,0,3,2,wrong_delivery
delivery person didnt call held consignment,logistics,0,0,4,tracking,1,0,0,tracking_updates
it is ok,logistics,1,1,7,fallback_support,1,0,0,service_quality
parcel delayed despite multiple complaints,logistics,0,0,0,delay,0,3,2,delivery_failures
delivery executive lied,logistics,0,0,7,fallback_support,1,0,1,service_quality
not delivered,logistics,0,0,0,fallback_support,0,3,2,delivery_failures
doorstep delivery no unnecessary calls satisfied,logistics,2,2,7,support,2,1,0,service_quality
forced market pickup not doorstep delivery risky for bank documents,logistics,1,1,7,fallback_support,1,0,0,service_quality
item not deliver,logistics,1,1,7,fallback_support,1,0,0,service_quality
order delayed,logistics,0,0,0,delay,0,3,2,delivery_failures
delivery agent called and delivered to office address,logistics,1,1,7,support,1,0,0,service_quality
love product quality excellent,logistics,2,2,7,fallback_support,2,1,0,service_quality
delivery person talked rudely no manners during delivery,logistics,0,0,2,behaviour,0,3,2,agent_behaviour
okay,logistics,1,1,7,fallback_support,1,0,0,service_quality
delivery staff behaviour was good,logistics,2,2,7,behaviour,2,1,0,service_quality
thank you service appreciated,logistics,2,2,7,fallback_support,2,1,0,service_quality
quick service,logistics,2,2,7,fallback_support,2,1,0,service_quality
credit card features miscommunicated,logistics,1,1,7,fallback_support,1,0,0,service_quality
bad service received,logistics,0,0,7,fallback_support,0,3,2,service_quality
really appreciate delivery partner patience dedication,logistics,2,2,7,fallback_support,2,1,0,service_quality
item not delivered to me,logistics,0,0,0,fallback_support,0,3,2,delivery_failures
not time delivery,logistics,1,1,7,fallback_support,1,0,0,service_quality
order received safely,logistics,2,2,7,fallback_support,2,1,0,service_quality
behaviour not good,logistics,0,0,7,behaviour,2,1,2,service_quality
did not like product quality,logistics,0,0,7,fallback_support,1,0,1,service_quality
bad experience with delivery staff cheap service,logistics,0,0,7,fallback_support,0,3,2,service_quality
delivery partner demanded extra charges to deliver at my address,logistics,0,0,6,pricing,1,0,0,payment_issues
humble excellent service,logistics,2,2,7,fallback_support,2,1,0,service_quality
size not perfect,logistics,1,2,7,fallback_support,2,0,0,service_quality
best agent,logistics,1,1,7,fallback_support,1,0,0,service_quality
not received any courier,logistics,0,0,7,damage_lost,0,4,3,service_quality
Not proper service,logistics,0,0,7,fallback_support,1,0,1,service_quality
super fast service,logistics,2,2,7,fallback_support,2,1,0,service_quality
dont receive anything,logistics,1,1,7,fallback_support,1,0,0,service_quality
share delivery date time in advance,logistics,1,1,7,fallback_support,1,0,0,service_quality
ruthless aggressive delivery boy,logistics,0,0,7,fallback_support,1,0,1,service_quality
want return my order,logistics,1,1,7,refund,1,0,0,service_quality
poor internal team coordination,logistics,1,1,7,fallback_support,0,0,0,service_quality
please call before delivery otherwise service superb,logistics,2,2,7,support,2,1,0,service_quality
zero balance account misrepresented minimum balance demanded scam,logistics,0,0,7,fallback_support,1,4,3,service_quality
good person delivery staff,logistics,2,2,7,fallback_support,2,1,0,service_quality
item damaged please return this,logistics,0,0,5,damage_lost,0,4,3,damaged_package
no home delivery available,logistics,1,1,7,fallback_support,1,0,0,service_quality
bad courier experience lifetime worst,logistics,1,0,7,fallback_support,0,0,0,service_quality
delivery agent rude communication,logistics,0,0,2,behaviour,0,3,2,agent_behaviour
defective item,logistics,1,1,7,fallback_support,1,0,0,service_quality
Everything looks good but no email transaction alerts received,logistics,2,2,7,fallback_support,2,1,0,service_quality
delivery person lacks customer behaviour will not recommend bluedart,logistics,0,0,7,behaviour,1,0,2,service_quality
no call received,logistics,1,1,2,behaviour,1,0,0,agent_behaviour
order delayed had to collect myself,logistics,0,0,0,delay,0,3,2,delivery_failures
same day delivery started by bluedart great service,logistics,2,2,7,fallback_support,2,1,0,service_quality
easy account opening within 2 minutes,logistics,2,2,7,fallback_support,2,1,0,service_quality
order arrived damaged,logistics,1,0,5,damage_lost,0,3,3,damaged_package
koi deliver karne aaya hi tha,logistics,1,1,7,fallback_support,1,0,0,service_quality
delivery staff rude attitude,logistics,0,0,2,behaviour,0,3,2,agent_behaviour
delivery agent did not call status shows delivered,logistics,0,0,2,behaviour,1,0,2,agent_behaviour
exllent,logistics,1,1,7,fallback_support,1,0,0,service_quality
order not same,logistics,0,0,7,fallback_support,1,0,1,service_quality
wrong item received need details,logistics,1,0,7,fallback_support,0,0,0,service_quality
like the service,logistics,2,2,7,fallback_support,2,1,0,service_quality
delivery person was rude and misbehaved on calls,logistics,0,0,2,behaviour,0,3,2,agent_behaviour
poor internal team,logistics,1,1,7,fallback_support,0,0,0,service_quality
delivery boy behaviour very bad,logistics,0,0,7,behaviour,0,3,2,service_quality
did not receive product no call from executive,logistics,0,0,2,damage_lost,0,4,3,agent_behaviour
delivery boy polite redelivered next day,logistics,2,2,7,fallback_support,2,1,0,service_quality
so much delay not deliver my home do multiple follow up,logistics,0,0,0,delay,0,3,2,delivery_failures
very good delivery on time polite staff,logistics,2,2,7,fallback_support,2,1,0,service_quality
wrong system update no courier received,logistics,0,0,7,fallback_support,0,3,2,service_quality
single item received instead of full order,logistics,1,1,7,fallback_support,1,0,0,service_quality
delivery boy behaviour not good,logistics,0,0,7,behaviour,2,1,2,service_quality
package damaged despite fragile sticker,logistics,1,0,5,damage_lost,0,3,3,damaged_package
delivery agent did not come for delivery,logistics,1,1,7,fallback_support,1,0,0,service_quality
swift delivery,logistics,1,1,7,fallback_support,1,0,0,service_quality
open package delivery would good,logistics,1,2,7,fallback_support,2,1,0,service_quality
last time had a bad experience,logistics,0,0,7,fallback_support,0,3,2,service_quality
it day late from estimate delivery,logistics,1,0,0,delay,0,0,1,delivery_failures
positive experience respectful delivery boy,logistics,2,2,7,fallback_support,2,1,0,service_quality
delivery person reached my home and delivered successfully very good service,logistics,2,2,7,fallback_support,2,1,0,service_quality
food,logistics,1,1,7,fallback_support,1,0,0,service_quality
product not received yet,logistics,1,1,7,damage_lost,0,0,0,service_quality
delivery person didnt visit house forced outlet pickup,logistics,1,1,7,fallback_support,1,0,0,service_quality
hamara company hai ki bar paisa liya jata hai,logistics,1,1,7,fallback_support,1,0,0,service_quality
out for delivery in morning received after evening,logistics,1,1,7,fallback_support,1,0,0,service_quality
no requirement excellent service,logistics,2,2,7,fallback_support,2,1,0,service_quality
delivery boy poor behaviour,logistics,0,0,7,behaviour,0,3,2,service_quality
very good experience,logistics,2,2,7,fallback_support,2,1,0,service_quality
Reduce atiny Amount of ROI,logistics,1,1,7,fallback_support,1,0,0,service_quality
return requested wrong product delivered,logistics,1,0,7,refund,0,0,0,service_quality
tampered packaging wrong item and unreachable contact numbers,logistics,0,0,5,damage_lost,0,4,3,damaged_package
want cancel order,logistics,1,1,7,fallback_support,1,0,0,service_quality
staff very helpful,logistics,2,2,7,fallback_support,2,1,0,service_quality
reduce delivery charge request,logistics,1,1,7,fallback_support,1,0,0,service_quality
very good service appreciate thanks,logistics,2,2,7,fallback_support,2,1,0,service_quality
well service but nothing special,logistics,1,1,7,fallback_support,1,0,0,service_quality
parcel not received without handover,logistics,0,0,7,damage_lost,0,4,3,service_quality
delivery not attempted had to go office,logistics,0,0,0,delay,0,3,2,delivery_failures
fail deliver parcel irresponsible had to reach depo,logistics,0,0,7,fallback_support,1,0,1,service_quality
delivery not attempted had to collect from office staff rude,logistics,0,0,0,delay,0,3,2,delivery_failures
impressed,logistics,1,1,7,fallback_support,1,0,0,service_quality
great delivery representative,logistics,2,2,7,fallback_support,2,1,0,service_quality
disappointedworst servicewouldnt recommend anyone n if someone tell or ask use bluedart surely make assure that he also doesnt use bluedart courier in his whole life,logistics,0,0,7,fallback_support,0,3,2,service_quality
delivery executive insisted customer come downstairs refused doorstep delivery,logistics,0,0,7,fallback_support,1,0,1,service_quality
parcel delivery week late,logistics,1,0,0,delay,0,0,1,delivery_failures
very fast on time delivery,logistics,2,2,7,fallback_support,2,1,0,service_quality
jst leave it in door,logistics,1,1,7,fallback_support,1,0,0,service_quality
it take more than minute after approval of entry campus deliver package package deliver with out collect otp otp send me after delivery of package,logistics,1,1,7,fallback_support,1,0,0,service_quality
improve delivery timing,logistics,1,1,7,fallback_support,1,0,0,service_quality
well,logistics,1,1,7,fallback_support,1,0,0,service_quality
khagaul centre deliberately dont deliver prepaid material false customer not available remark,logistics,0,0,7,fallback_support,1,0,1,service_quality
worst experience extremely poor service shipment not delivered on time no support forced to collect from far location,logistics,0,0,0,delay,0,3,2,delivery_failures
parcel deliver wrong address in building,logistics,0,0,1,wrong_delivery,0,3,2,wrong_delivery
not deliver,logistics,0,0,7,fallback_support,1,0,1,service_quality
avoid bluedart poor service experience,logistics,0,0,7,fallback_support,0,3,2,service_quality
broken bottle received,logistics,1,1,5,damage_lost,0,0,0,damaged_package
delivery agent marked self delivered,logistics,1,1,7,fallback_support,1,0,0,service_quality
parcel delivered to someone else,logistics,1,1,1,fallback_support,1,0,0,wrong_delivery
order marked delivered but partially missing,logistics,0,0,7,fallback_support,0,3,2,service_quality
wrong package received from seller,logistics,0,0,7,fallback_support,0,3,2,service_quality
since you already customer connect ensure notify him on wa or through call so that he she would availablegood receive my both courier today itself,logistics,0,0,7,support,2,1,1,service_quality
nice product very good,logistics,2,2,7,fallback_support,2,1,0,service_quality
product damage packing open item total damaged,logistics,1,0,5,damage_lost,0,3,3,damaged_package
polite interaction,logistics,1,1,7,fallback_support,2,0,0,service_quality
fake fraud platform allowed wrong product delivery,logistics,0,0,7,fallback_support,0,4,3,service_quality
goob,logistics,1,1,7,fallback_support,1,0,0,service_quality
welcome kit delivery delayed over a week disappointing,logistics,0,0,0,delay,0,3,2,delivery_failures
charges high,logistics,1,1,7,fallback_support,1,0,0,service_quality
delivery rider unresponsive,logistics,0,0,7,fallback_support,1,0,1,service_quality
delivery boy provided excellent service,logistics,2,2,7,fallback_support,2,1,0,service_quality
delivery delayed,logistics,1,0,0,delay,0,2,2,delivery_failures
delivery boy rude but at least delivered order,logistics,1,0,2,behaviour,0,3,2,agent_behaviour
status shows delivered but not received,logistics,0,0,7,damage_lost,0,4,3,service_quality
sumeran attitude always help company,logistics,1,1,7,fallback_support,1,0,0,service_quality
very satisfied,logistics,2,2,7,fallback_support,2,1,0,service_quality
it is excellent service,logistics,2,2,7,fallback_support,2,1,0,service_quality
your service excellent,logistics,2,2,7,fallback_support,2,1,0,service_quality
top notch delivery overall,logistics,1,1,7,fallback_support,1,0,0,service_quality
delivery confirmation sms without delivery,logistics,1,1,7,fallback_support,1,0,0,service_quality
order one but he deliver two,logistics,1,1,7,fallback_support,1,0,0,service_quality
delivery failed after multiple attempts poor support,logistics,0,0,0,delay,0,3,2,delivery_failures
parcel received but not handed properly,logistics,1,1,7,fallback_support,1,0,0,service_quality
wrong product delivered by vendor,logistics,0,0,7,fallback_support,0,3,2,service_quality
order delivered before expected date,logistics,1,1,7,fallback_support,1,0,0,service_quality
person who come for delivery helpful,logistics,2,2,7,fallback_support,2,1,0,service_quality
forced self pickup very bad service,logistics,0,0,7,fallback_support,0,3,2,service_quality
0,logistics,1,1,7,fallback_support,1,0,0,service_quality
timely delivery not done across regions,logistics,1,1,0,fallback_support,2,0,0,delivery_failures
go get parcel they didnt deliver,logistics,1,1,7,fallback_support,1,0,0,service_quality
full payment received mattress delivered after one week,logistics,0,0,7,fallback_support,1,0,1,service_quality
delivery service very poor,logistics,0,0,7,fallback_support,0,3,2,service_quality
delivery person impolite refused doorstep delivery repeatedly,logistics,0,0,7,behaviour,2,0,2,service_quality
bank staff behaviour very good,logistics,2,2,7,behaviour,2,1,0,service_quality
need return product,logistics,1,1,7,refund,1,0,0,service_quality
all good,logistics,1,2,7,fallback_support,2,1,0,service_quality
kit not received,logistics,0,0,7,damage_lost,0,4,3,service_quality
very bad delivery boy not attend call,logistics,0,0,7,support,0,3,2,service_quality
my shipment not deliver,logistics,0,0,7,fallback_support,1,0,1,service_quality
please keep promises,logistics,1,1,7,fallback_support,1,0,0,service_quality
good service delivery executive polite humble,logistics,2,2,7,fallback_support,2,1,0,service_quality
package delivery confusion recipient mismatch,logistics,1,1,7,fallback_support,1,0,0,service_quality
parcel not delivered after otp verification,logistics,0,0,0,fallback_support,0,3,2,delivery_failures
courier marked delivered without call or visit,logistics,0,0,7,support,1,0,1,service_quality
ok service,logistics,1,1,7,fallback_support,1,0,0,service_quality
package attempt failed due to meeting rider marked consignee not found,logistics,1,1,7,fallback_support,1,0,0,service_quality
still not delivered,logistics,0,0,0,fallback_support,0,3,2,delivery_failures
name mismatch no confirmation or call received,logistics,1,1,7,support,1,0,0,service_quality
need more branches suggestion,logistics,1,1,7,fallback_support,1,0,0,service_quality
order handed to unknown person without call,logistics,0,0,7,support,1,0,1,service_quality
pathetic service false updates,logistics,0,0,7,fallback_support,1,0,1,service_quality
need more nearby branches,logistics,1,1,7,fallback_support,1,0,0,service_quality
package leaking inside,logistics,0,0,7,damage_lost,0,4,3,service_quality
even after giving rating process is cumbersome no punctuality or sense of time,logistics,0,0,7,fallback_support,1,0,1,service_quality
delivery not on my address very bad experience,logistics,0,0,7,fallback_support,0,3,2,service_quality
damaged product not returnable disappointed,logistics,0,0,5,damage_lost,0,4,3,damaged_package
thanks for quick delivery,logistics,2,2,7,fallback_support,2,1,0,service_quality
delivery service fast and nice,logistics,2,2,7,fallback_support,2,1,0,service_quality
on time delivery good,logistics,2,2,7,fallback_support,2,1,0,service_quality
love it,logistics,2,2,7,fallback_support,2,1,0,service_quality
call me for details,logistics,1,1,7,support,1,0,0,service_quality
you are already great,logistics,2,2,7,fallback_support,2,1,0,service_quality
delivery person didnt call shows wrong address,logistics,0,0,1,wrong_delivery,0,3,2,wrong_delivery
order marked delivered without attempt,logistics,0,0,7,fallback_support,1,0,1,service_quality
good delivery person,logistics,2,2,7,fallback_support,2,1,0,service_quality
fraud no shipment delivered,logistics,0,0,7,fallback_support,1,4,3,service_quality
back side middle edge broken,logistics,1,1,5,damage_lost,0,0,0,damaged_package
delivery of shipment party via otp safe secure welcome it happy too please do it for all consignment yhby do this consignment neither get lose or misplace or deliver unknown person which generally do by mischievous delivery person,logistics,1,2,4,tracking,1,1,1,tracking_updates
information message,logistics,1,1,7,fallback_support,1,0,0,service_quality
update status truthfully,logistics,1,1,7,fallback_support,1,0,0,service_quality
call before delivery or allow time slot,logistics,1,1,7,support,1,0,0,service_quality
want refund,logistics,1,0,7,refund,1,0,0,service_quality
too late service for urgent parcel,logistics,1,0,0,delay,0,0,1,delivery_failures
appreciate delivery partner dedication,logistics,2,2,7,fallback_support,2,1,0,service_quality
fast delivery well handled package,logistics,2,2,7,fallback_support,2,1,0,service_quality
why delivery always afternoon and why otp needed every time,logistics,1,1,7,fallback_support,1,0,0,service_quality
reach final round,logistics,1,1,7,fallback_support,1,0,0,service_quality
delivery promised monday came thursday very disappointed,logistics,0,0,7,fallback_support,1,0,1,service_quality
polite behaviour timely delivery item with not any disturbance,logistics,2,2,7,behaviour,2,1,0,service_quality
could be faster,logistics,1,1,7,fallback_support,2,0,0,service_quality
executive humble polite well mannered,logistics,2,2,7,fallback_support,2,1,0,service_quality
nothing,logistics,1,1,7,fallback_support,1,0,0,service_quality
fast delivery,logistics,1,1,7,fallback_support,2,0,0,service_quality
marked consignee not available falsely,logistics,0,0,7,fallback_support,1,0,1,service_quality
unsecured delivery without OTP verification,logistics,0,0,7,fallback_support,1,0,1,service_quality
no call received for delivery,logistics,1,1,2,behaviour,1,0,0,agent_behaviour
courier fraud paid order scam,logistics,1,1,7,fallback_support,1,4,3,service_quality
delivery boy very polite and helpful,logistics,2,2,7,fallback_support,2,1,0,service_quality
very fast service,logistics,2,2,7,fallback_support,2,1,0,service_quality
repeatedly had to collect parcel from hub,logistics,0,0,7,fallback_support,1,0,1,service_quality
not good product,logistics,0,0,7,fallback_support,2,1,1,service_quality
excellent work by staff,logistics,2,2,7,fallback_support,2,1,0,service_quality
shipment supposed to be delivered earlier but fake delivery attempt message shown,logistics,0,0,7,fallback_support,0,3,2,service_quality
do not get any parcel no call for delivery,logistics,0,0,2,behaviour,1,0,2,agent_behaviour
delivery staff rude behaviour,logistics,0,0,2,behaviour,0,3,2,agent_behaviour
delivery boy polite good,logistics,1,2,7,fallback_support,2,1,0,service_quality
bad service never seen before,logistics,0,0,7,fallback_support,0,3,2,service_quality
delivery executive hand over hdfc kit to unknown maid,logistics,1,1,7,fallback_support,1,0,0,service_quality
delivery date not met,logistics,1,1,7,fallback_support,1,0,0,service_quality
it not delivered yet but status marked delivered without passcode,logistics,0,0,0,delay,0,3,2,delivery_failures
product not received and no call,logistics,0,0,2,damage_lost,0,4,3,agent_behaviour
disciplined delivery,logistics,2,2,7,fallback_support,2,1,0,service_quality
fake retailer report on website,logistics,0,0,7,fallback_support,0,3,2,service_quality
satisfactory,logistics,2,2,7,fallback_support,2,1,0,service_quality
leave parcel with security without informing,logistics,1,1,7,fallback_support,1,0,0,service_quality
abusive language,logistics,1,1,7,fallback_support,1,0,0,service_quality
delivery done on time,logistics,2,2,7,fallback_support,2,1,0,service_quality
delivery executive showed great respect,logistics,2,2,7,fallback_support,2,1,0,service_quality
outstanding,logistics,1,1,7,fallback_support,1,0,0,service_quality
asked to collect parcel downstairs instead of doorstep delivery,logistics,1,1,7,fallback_support,1,0,0,service_quality
delivery agent deserves appreciation token,logistics,2,2,7,fallback_support,2,1,0,service_quality
bad experience on this order for past day not get not correct response,logistics,0,0,7,fallback_support,0,3,2,service_quality
delivery completed smoothly and on time,logistics,2,2,7,fallback_support,2,1,0,service_quality
delivery faster than expectation,logistics,2,2,7,fallback_support,2,1,0,service_quality
very good service overall,logistics,2,2,7,fallback_support,2,1,0,service_quality
shipping on time but parcel stuck at hub,logistics,1,1,7,fallback_support,0,0,0,service_quality
delivery person availability issue,logistics,1,0,7,fallback_support,0,0,0,service_quality
order cancelled request,logistics,0,0,7,fallback_support,1,0,1,service_quality
bad product,logistics,0,0,7,fallback_support,0,3,2,service_quality
delivery guidance good behaviour,logistics,1,2,7,behaviour,2,1,0,service_quality
good satisfied,logistics,2,2,7,fallback_support,2,1,0,service_quality
item not received only papers,logistics,1,1,7,damage_lost,0,0,0,service_quality
no call no update long wait cancel if not delivered,logistics,1,0,0,tracking,0,2,2,delivery_failures
delivery delayed by one day,logistics,0,0,0,delay,0,3,2,delivery_failures
order delivered on promised time,logistics,2,2,7,fallback_support,2,1,0,service_quality
order not delivered payment done still waiting,logistics,0,0,0,delay,0,3,2,delivery_failures
shipment damaged and delivery status updated incorrectly multiple times,logistics,0,0,5,damage_lost,0,4,3,damaged_package
delivery boy rude with family,logistics,0,0,2,behaviour,0,3,2,agent_behaviour
refund requested for poor quality product,logistics,0,0,7,refund,0,4,3,service_quality
credit card delivery delayed despite location clarification,logistics,1,0,0,delay,0,2,2,delivery_failures
delivery not done,logistics,0,0,0,fallback_support,1,0,1,delivery_failures
delivery boy should attempt second call,logistics,0,0,7,support,1,0,1,service_quality
order very late,logistics,0,0,0,delay,0,3,2,delivery_failures
false delivery status repeatedly updated,logistics,0,0,7,fallback_support,1,0,1,service_quality
received empty box with paper inside product missing,logistics,0,0,5,damage_lost,0,4,3,damaged_package
delivery person spoke angrily and insulted woman at my house,logistics,0,0,7,fallback_support,1,0,1,service_quality
return requested product not working,logistics,0,0,7,refund,0,4,3,service_quality
delivery team reported wrong house number without calling,logistics,0,0,7,wrong_delivery,0,3,2,service_quality
really good,logistics,2,2,7,fallback_support,2,1,0,service_quality
reduce price no delivery charge suggestion,logistics,1,1,7,fallback_support,1,0,0,service_quality
on time prompt delivery,logistics,1,1,7,fallback_support,2,0,0,service_quality
Online system is excellent mobile app is very user friendly,logistics,2,2,7,fallback_support,2,1,0,service_quality
good service overall,logistics,2,2,7,fallback_support,2,1,0,service_quality
delivery staff misbehaved during document delivery,logistics,0,0,2,behaviour,1,0,2,agent_behaviour
fake item bring,logistics,1,1,7,fallback_support,0,0,0,service_quality
fraud website low quality no refund,logistics,0,0,7,refund,0,4,3,service_quality
delivery agent kind and ensured reattempt successful delivery,logistics,2,2,7,fallback_support,2,1,0,service_quality
very poor service medicine delivery delayed,logistics,0,0,0,delay,0,3,2,delivery_failures
not receive any product,logistics,1,1,7,fallback_support,1,0,0,service_quality
Paes only pass,logistics,1,1,7,fallback_support,1,0,0,service_quality
good time bound service,logistics,2,2,7,fallback_support,2,1,0,service_quality
cancel order,logistics,0,0,7,fallback_support,1,0,1,service_quality
very particular service,logistics,1,1,7,fallback_support,1,0,0,service_quality
delivery time mismatch reschedule issue,logistics,0,0,7,fallback_support,0,3,2,service_quality
delivery boy decent on time but contact number needed,logistics,1,1,7,support,2,0,0,service_quality
bad quality product received,logistics,0,0,7,fallback_support,0,3,2,service_quality
great job delivery team,logistics,2,2,7,fallback_support,2,1,0,service_quality
try give whatsapp update,logistics,1,1,7,fallback_support,1,0,0,service_quality
username change suggestion for security,logistics,1,1,7,fallback_support,1,0,0,service_quality
fake product delivered,logistics,0,0,7,fallback_support,0,3,2,service_quality
delivery boy argued and behaved badly,logistics,0,0,2,behaviour,0,3,2,agent_behaviour
no call had to go office,logistics,0,0,2,behaviour,1,0,2,agent_behaviour
complete satisfaction with recent delivery handle by blue dart,logistics,2,2,7,fallback_support,2,1,0,service_quality
product information missing no contact number,logistics,1,0,7,support,0,0,0,service_quality
delivery partner always gives excuse,logistics,0,0,7,fallback_support,1,0,1,service_quality
very nice delivery service,logistics,2,2,7,fallback_support,2,1,0,service_quality
baat karne ki tameez nahi very poor,logistics,0,0,7,fallback_support,0,3,2,service_quality
delivery without trouble,logistics,2,2,7,fallback_support,2,1,0,service_quality
delivery person humble polite professional,logistics,2,2,7,fallback_support,2,1,0,service_quality
didnt receive parcel but marked delivered,logistics,0,0,7,fallback_support,1,0,1,service_quality
super service no problem,logistics,2,0,7,fallback_support,0,0,0,service_quality
superfast delivery,logistics,2,2,7,fallback_support,2,1,0,service_quality
fake parcel delivered fraud reported,logistics,0,0,7,fallback_support,0,4,3,service_quality
reduce otp dependency,logistics,1,1,7,fallback_support,1,0,0,service_quality
consignment marked consignee unavailable without visit had to self collect,logistics,0,0,4,tracking,1,0,0,tracking_updates
delivery boy rude and unprofessional,logistics,0,0,2,behaviour,0,3,2,agent_behaviour
my package supposed to be delivered previous day but delay created serious issue,logistics,0,0,0,delay,0,3,2,delivery_failures
wrong product received,logistics,0,0,7,fallback_support,0,3,2,service_quality
very poor,logistics,0,0,7,fallback_support,0,3,2,service_quality
unable to get local language support customer care,logistics,0,0,3,support,1,0,1,customer_support
although location far from delivery point,logistics,1,1,7,fallback_support,1,0,0,service_quality
delivery,logistics,1,1,7,fallback_support,1,0,0,service_quality
no customer care support,logistics,0,0,3,support,1,0,1,customer_support
order damaged please return,logistics,0,0,5,damage_lost,0,4,3,damaged_package
order not delivered on scheduled date,logistics,0,0,0,fallback_support,0,3,2,delivery_failures
IDFC bank achhi bank hai,logistics,1,1,7,fallback_support,1,0,0,service_quality
excellent work by nikhil,logistics,2,2,7,fallback_support,2,1,0,service_quality
parcel delivered to apartment security without consent unacceptable,logistics,1,1,7,fallback_support,1,0,0,service_quality
agent delivered product without my consent,logistics,0,0,7,fallback_support,1,0,1,service_quality
excellent delivery behaviour polite staff,logistics,2,2,7,behaviour,2,1,0,service_quality
no call received but message shows delivered,logistics,0,0,2,behaviour,1,0,2,agent_behaviour
delivery service terrible despite correct address,logistics,0,0,7,fallback_support,1,0,1,service_quality
called to collect parcel delivery boy absent,logistics,1,1,7,support,1,0,0,service_quality
colour different,logistics,1,1,7,fallback_support,1,0,0,service_quality
very polite behaviour of delivery man,logistics,1,1,7,behaviour,2,0,0,service_quality
goo d,logistics,1,1,7,fallback_support,1,0,0,service_quality
please tell me whom my parcel was delivered to,logistics,1,1,7,fallback_support,1,0,0,service_quality
fantastic delivery very fast delivery,logistics,2,2,7,fallback_support,2,1,0,service_quality
leave packet outside security concern,logistics,1,1,7,fallback_support,1,2,1,service_quality
shipment called to alternate place for delivery,logistics,1,1,7,support,1,0,0,service_quality
delivery guy was very rude,logistics,0,0,2,behaviour,0,3,2,agent_behaviour
important document security measures need improvement,logistics,1,1,7,fallback_support,1,0,0,service_quality
not good not bad,logistics,1,0,7,fallback_support,0,1,0,service_quality
courier delivered without handover to me,logistics,0,0,7,fallback_support,1,0,1,service_quality
no call received parcel not delivered,logistics,1,0,0,behaviour,0,0,0,delivery_failures
amazing service best in india,logistics,2,2,7,fallback_support,2,1,0,service_quality
not yet received product,logistics,0,0,7,fallback_support,1,0,1,service_quality
very good service in this courier,logistics,2,2,7,fallback_support,2,1,0,service_quality
polite interaction,logistics,2,2,7,fallback_support,2,1,0,service_quality
worst banking service unacceptable,logistics,0,0,7,fallback_support,0,3,2,service_quality
product receive damage,logistics,0,0,7,damage_lost,0,4,3,service_quality
good communication skills,logistics,2,2,7,fallback_support,2,1,0,service_quality
so far good,logistics,2,2,7,fallback_support,2,1,0,service_quality
request delivery on promised date,logistics,1,1,7,fallback_support,1,0,0,service_quality
product return requested,logistics,1,1,7,refund,1,0,0,service_quality
didnt get my delivery expected early,logistics,0,0,7,fallback_support,1,0,1,service_quality
bad service again,logistics,0,0,7,fallback_support,0,3,2,service_quality
nice,logistics,1,2,7,fallback_support,2,0,0,service_quality
ordered different item received different product very poor service,logistics,0,0,7,fallback_support,0,3,2,service_quality
cancel my order,logistics,0,0,7,fallback_support,1,0,1,service_quality
delivery agent should address name correctly,logistics,1,1,7,fallback_support,1,0,0,service_quality
excellent service provider,logistics,2,2,7,fallback_support,2,1,0,service_quality
sometimes delay happens,logistics,1,0,0,delay,0,2,2,delivery_failures
parcel not delivered need receiver signature,logistics,0,0,0,fallback_support,0,3,2,delivery_failures
stupid very bad product earing missingcheating return my product,logistics,0,0,7,refund,0,4,3,service_quality
cheap duplicate product delivered fraud,logistics,0,0,7,fallback_support,1,4,3,service_quality
delivery except date but order today deliver bhut hi slow delivery h helpline number pr koi response ni h,logistics,1,1,3,support,1,0,0,customer_support
delivery person very sweet,logistics,2,2,7,fallback_support,2,1,0,service_quality
disappointing branch behaviour delay delivery,logistics,0,0,0,delay,0,3,2,delivery_failures
every delivery person should speak politely,logistics,1,1,7,fallback_support,2,0,0,service_quality
v good service prompt,logistics,2,2,7,fallback_support,2,1,0,service_quality
wrong product delivered,logistics,0,0,7,fallback_support,0,3,2,service_quality
delivery person did not call even once,logistics,1,1,2,behaviour,1,0,0,agent_behaviour
delivery took too long,logistics,1,1,0,fallback_support,1,0,0,delivery_failures
great service with timely updates,logistics,2,2,7,fallback_support,2,1,0,service_quality
awesome service,logistics,1,2,7,fallback_support,1,0,0,service_quality
wrong product delivered fraud,logistics,1,0,7,fallback_support,0,4,3,service_quality
self,logistics,1,1,7,fallback_support,1,0,0,service_quality
ordered large size delivered wrong size,logistics,0,0,7,fallback_support,0,3,2,service_quality
wrong product and bad experience,logistics,0,0,7,fallback_support,0,3,2,service_quality
product not delivered please contact,logistics,0,0,0,support,0,3,2,delivery_failures
he rude,logistics,0,0,2,behaviour,0,3,2,agent_behaviour
your service so good,logistics,2,2,7,fallback_support,2,1,0,service_quality
wrong saree sent customer cheated wants return,logistics,0,0,7,refund,0,4,3,service_quality
shipment called to alternate location,logistics,1,1,7,support,1,0,0,service_quality
cheated with wrong product,logistics,0,0,7,fallback_support,0,4,3,service_quality
wrong shipment received,logistics,0,0,7,fallback_support,0,3,2,service_quality
consignment not delivered at doorstep delayed,logistics,0,0,0,delay,0,3,2,delivery_failures
service good overall,logistics,1,2,7,fallback_support,2,1,0,service_quality
damaged box due to mishandling,logistics,0,0,5,damage_lost,0,4,3,damaged_package
super service good staff,logistics,2,2,7,fallback_support,2,1,0,service_quality
fraud product delivered different from advertisement refund requested,logistics,0,0,7,refund,0,4,3,service_quality
I have not received the order Here it is showing delivered,logistics,0,0,7,damage_lost,0,4,3,service_quality
warehouse staff lacks customer ethics,logistics,1,1,7,fallback_support,1,0,0,service_quality
defective product return policy needed,logistics,1,1,7,refund,1,0,0,service_quality
good product service,logistics,2,2,7,fallback_support,2,1,0,service_quality
wrong item delivered please refund,logistics,0,0,7,refund,0,4,3,service_quality
delivery executive threw parcel carelessly and did not ask for OTP,logistics,0,0,7,fallback_support,1,0,1,service_quality
courier not delivered but system shows delivered,logistics,1,0,0,tracking,0,0,1,delivery_failures
display product good but received product very bad quality,logistics,1,0,7,fallback_support,0,1,0,service_quality
he do not deliver parcel no phone call he do go office collect parcel,logistics,0,0,7,support,1,0,1,service_quality
payment done but product not received,logistics,0,0,7,damage_lost,0,4,3,service_quality
very fast delivery and good staff,logistics,2,2,7,fallback_support,2,1,0,service_quality
product miss,logistics,1,1,7,fallback_support,1,0,0,service_quality
unsatisfied feeling,logistics,1,1,7,pricing,1,1,0,service_quality
satisfied with communication with agent,logistics,2,2,7,fallback_support,2,1,0,service_quality
want to cancel my order,logistics,1,1,7,fallback_support,1,0,0,service_quality
too late delivery and no response to on-time delivery requests extremely disappointing,logistics,0,0,0,delay,0,3,2,delivery_failures
consignment not delivered to address,logistics,0,0,0,tracking,0,3,2,delivery_failures
order delayed after repeat followup,logistics,1,0,0,delay,0,2,2,delivery_failures
parcel delivered on estimated time accurately,logistics,2,2,7,fallback_support,2,1,0,service_quality
SENDING OF ATM CARD TO COMMUNICATION ADRESS AS REQUESTED BY CUSTOMER,logistics,1,1,7,fallback_support,1,0,0,service_quality
delivery handed to security gate but parcel missing,logistics,1,0,5,damage_lost,0,0,0,damaged_package
product not working,logistics,0,0,7,fallback_support,1,0,1,service_quality
delivery agent attitude rude,logistics,0,0,2,behaviour,0,3,2,agent_behaviour
on this delievery,logistics,1,1,7,fallback_support,1,0,0,service_quality
parcel left at gate asked to collect,logistics,1,1,7,fallback_support,1,0,0,service_quality
bad service no call office also no response,logistics,0,0,2,behaviour,0,3,2,agent_behaviour
product exchanged fraud by delivery person,logistics,0,0,7,refund,0,4,3,service_quality
delivery staff lied about calling customer repeatedly,logistics,0,0,7,support,1,0,1,service_quality
very rude behaviour,logistics,0,0,2,behaviour,0,3,2,agent_behaviour
need delivery executive contact after delivery,logistics,1,1,7,support,1,0,0,service_quality
parcel delivered to unknown person please investigate,logistics,0,0,7,fallback_support,1,0,1,service_quality
no proper service had to visit agent multiple times poor communication,logistics,0,0,7,fallback_support,0,3,2,service_quality
blue dart failed to deliver important document,logistics,0,0,7,fallback_support,1,0,1,service_quality
month long non delivery forced office pickup,logistics,0,0,7,fallback_support,1,0,1,service_quality
parcel not delivered no call from bluedart,logistics,0,0,0,behaviour,0,3,2,delivery_failures
good delivery handling,logistics,1,2,7,fallback_support,2,1,0,service_quality
bahut achha service hai,logistics,2,2,7,fallback_support,2,1,0,service_quality
delivery agent did not call or attempt delivery,logistics,0,0,2,behaviour,1,0,2,agent_behaviour
very very very happy,logistics,2,2,7,fallback_support,2,1,0,service_quality
no call received on delivery,logistics,1,1,2,behaviour,1,0,0,agent_behaviour
delivery at wrong place,logistics,0,0,7,wrong_delivery,0,3,2,service_quality
all good,logistics,2,2,7,fallback_support,2,1,0,service_quality
ok ok not satisfied with service,logistics,0,0,7,fallback_support,2,1,1,service_quality
extremely bad service will never order again,logistics,0,0,7,fallback_support,0,3,2,service_quality
excellent service experience,logistics,2,2,7,fallback_support,2,1,0,service_quality
service excellent,logistics,2,2,7,fallback_support,2,1,0,service_quality
who received parcel confirmation needed,logistics,1,1,7,fallback_support,1,0,0,service_quality
first time did not receive parcel,logistics,0,0,7,damage_lost,0,4,3,service_quality
excellent performance keep it up,logistics,2,2,7,fallback_support,2,1,0,service_quality
no inquiry number available poor support,logistics,1,1,7,support,0,0,0,service_quality
package not delivered nor OTP shared,logistics,0,0,0,fallback_support,0,3,2,delivery_failures
wrong delivery address forced pickup,logistics,0,0,1,fallback_support,0,3,2,wrong_delivery
service already on time no change needed,logistics,1,1,7,fallback_support,2,0,0,service_quality
delivery boy misbehave horrible experience,logistics,0,0,2,behaviour,1,0,2,agent_behaviour
quality not good,logistics,1,2,7,fallback_support,2,1,0,service_quality
so good,logistics,2,2,7,fallback_support,2,1,0,service_quality
best delivery,logistics,2,2,7,fallback_support,2,1,0,service_quality
fast smooth,logistics,1,2,7,fallback_support,2,0,0,service_quality
ordered white received black,logistics,0,0,7,fallback_support,1,0,1,service_quality
first emi issue not satisfied,logistics,1,0,7,fallback_support,0,1,0,service_quality
order delivered to wrong person,logistics,0,0,1,wrong_delivery,0,3,2,wrong_delivery
delivery agent did not call and parcel not received,logistics,0,0,2,damage_lost,0,4,3,agent_behaviour
urgent document marked delivered but not received,logistics,1,1,7,damage_lost,0,0,0,service_quality
defective item received,logistics,0,0,7,fallback_support,1,0,1,service_quality
worst courier service fake remarks no calls,logistics,0,0,2,behaviour,0,3,2,agent_behaviour
less quantity received,logistics,1,1,7,fallback_support,1,0,0,service_quality
shipment stuck at hub address error excuse repeated,logistics,1,1,7,fallback_support,0,0,0,service_quality
always reliable service,logistics,2,2,7,fallback_support,2,1,0,service_quality
ghar par nahi tha delivery ke time,logistics,1,1,7,fallback_support,1,0,0,service_quality
product defect received,logistics,1,1,7,fallback_support,1,0,0,service_quality
prompt polite delivery person,logistics,1,1,7,fallback_support,2,0,0,service_quality
very fast delivery,logistics,1,1,7,fallback_support,2,0,0,service_quality
always late delivery dissatisfied,logistics,0,0,0,delay,0,3,2,delivery_failures
good job by delivery team,logistics,2,2,7,fallback_support,2,1,0,service_quality
delivery left with guard not apartment,logistics,1,1,7,fallback_support,1,0,0,service_quality
delivery marked to wrong person,logistics,0,0,1,fallback_support,0,3,2,wrong_delivery
excellent service beyond expectations,logistics,2,2,7,fallback_support,2,1,0,service_quality
it not my phone pouch modelwhat u sendi dont want this product,logistics,0,0,7,fallback_support,1,0,1,service_quality
good work excellent service,logistics,2,2,7,fallback_support,2,1,0,service_quality
cheated received wrong order want seller details,logistics,0,0,7,fallback_support,0,4,3,service_quality
order not received despite OTP given,logistics,1,1,7,damage_lost,0,0,0,service_quality
extreme delay false daily delivery messages,logistics,0,0,0,delay,0,3,2,delivery_failures
delivery partner charged extra money,logistics,1,1,6,pricing,1,0,0,payment_issues
not deliver but sms recieved delivered dont know why,logistics,0,0,7,fallback_support,1,0,1,service_quality
fake parcel received,logistics,1,1,7,fallback_support,0,0,0,service_quality
reduce gap between out for delivery and actual delivery,logistics,1,1,7,fallback_support,1,0,0,service_quality
delivery done late compared to schedule,logistics,0,0,0,delay,0,3,2,delivery_failures
status shows delivered but parcel not received,logistics,0,0,7,damage_lost,0,4,3,service_quality
box damaged,logistics,1,0,5,damage_lost,0,3,3,damaged_package
package box damaged,logistics,0,0,5,damage_lost,0,4,3,damaged_package
material not yet received,logistics,0,0,7,fallback_support,1,0,1,service_quality
nothing tell,logistics,1,1,7,fallback_support,1,0,0,service_quality
document not received today,logistics,1,1,7,damage_lost,0,0,0,service_quality
bank transaction issue explanation required,logistics,1,0,7,fallback_support,0,0,0,service_quality
delivery person left parcel outside house,logistics,0,0,7,fallback_support,1,0,1,service_quality
return order please,logistics,1,1,7,refund,1,0,0,service_quality
urgent courier not delivered irregular answers,logistics,1,0,0,fallback_support,0,0,0,delivery_failures
good service very fast,logistics,2,2,7,fallback_support,2,1,0,service_quality
good behaviour well mannered,logistics,2,2,7,behaviour,2,1,0,service_quality
real time parcel tracking via map should be provided,logistics,1,1,4,tracking,1,0,1,tracking_updates
not door delivery,logistics,1,1,7,fallback_support,1,0,0,service_quality
order offer mismatch buy one get one not honoured,logistics,1,1,7,fallback_support,1,0,0,service_quality
delivery delayed disappointed,logistics,0,0,0,delay,0,3,2,delivery_failures
irrelevant word,logistics,1,1,7,fallback_support,1,0,0,service_quality
blue dart always trustworthy courier,logistics,2,2,7,fallback_support,2,1,0,service_quality
received order,logistics,1,1,7,fallback_support,1,0,0,service_quality
otp verified but parcel not delivered,logistics,1,0,0,fallback_support,0,0,0,delivery_failures
delivery boy collected money for prepaid order,logistics,0,0,7,fallback_support,1,0,1,service_quality
provide delivery agent contact number when shipment out for delivery,logistics,1,1,7,support,1,0,0,service_quality
always best service,logistics,2,2,7,fallback_support,2,1,0,service_quality
good delivery service,logistics,2,2,7,fallback_support,2,1,0,service_quality
Account opening process is good provide more account types option through online.,logistics,2,2,7,fallback_support,2,1,0,service_quality
prodect exchange by delivery person,logistics,1,1,7,refund,1,0,0,service_quality
delivery boy rude and misbehaved,logistics,0,0,2,behaviour,0,3,2,agent_behaviour
love your service,logistics,2,2,7,fallback_support,2,1,0,service_quality
received wrong order not what I ordered,logistics,0,0,7,fallback_support,0,3,2,service_quality
we not receive parcel,logistics,1,1,7,fallback_support,1,0,0,service_quality
joint account request,logistics,1,1,7,fallback_support,1,0,0,service_quality
timely delivery polite staff,logistics,2,2,7,fallback_support,2,1,0,service_quality
No sir,logistics,1,1,7,fallback_support,1,0,0,service_quality
wrong size received need exchange,logistics,1,0,7,refund,0,0,0,service_quality
oil stain on saree poor quality,logistics,0,0,7,fallback_support,0,3,2,service_quality
order partially delivered missing items,logistics,1,0,7,damage_lost,0,0,0,service_quality
wrong product received no exchange possible,logistics,0,0,7,refund,0,4,3,service_quality
not deliver product,logistics,0,0,7,fallback_support,1,0,1,service_quality
"Nahin 

",logistics,1,1,7,fallback_support,1,0,0,service_quality
parcel reached hub but delivered poorly,logistics,0,0,7,fallback_support,0,3,2,service_quality
rude abusive behaviour,logistics,0,0,2,behaviour,0,3,2,agent_behaviour
too late delivery,logistics,1,0,0,delay,0,0,1,delivery_failures
color mismatch product,logistics,1,1,7,fallback_support,1,0,0,service_quality
bad service parcel not received but marked delivered,logistics,0,0,7,damage_lost,0,4,3,service_quality
great behaviour,logistics,2,2,7,behaviour,2,1,0,service_quality
quality service,logistics,1,1,7,fallback_support,1,0,0,service_quality
order correct but product fake delivery partner polite,logistics,1,1,7,fallback_support,0,0,0,service_quality
it poor service,logistics,0,0,7,fallback_support,0,3,2,service_quality
return product issue not resolved,logistics,0,0,7,refund,0,4,3,service_quality
always late delivery not delivered at my location,logistics,0,0,0,delay,0,3,2,delivery_failures
urgent consignment delivered late,logistics,1,0,0,delay,0,0,1,delivery_failures
delivery not done,logistics,1,1,0,fallback_support,1,0,0,delivery_failures
package intact,logistics,2,2,7,fallback_support,2,1,0,service_quality
delivery timing coordination appreciated,logistics,1,1,7,fallback_support,2,0,0,service_quality
very good behaviour,logistics,2,2,7,behaviour,2,1,0,service_quality
during face to face delivery please talk politely with customer,logistics,1,1,7,fallback_support,2,0,0,service_quality
address marked incorrect without confirmation,logistics,1,1,7,fallback_support,0,0,0,service_quality
receive wrong product,logistics,0,0,7,fallback_support,0,3,2,service_quality
delivery person update address not contactable,logistics,0,0,7,support,1,0,1,service_quality
parcel received late,logistics,0,0,0,delay,0,3,2,delivery_failures
didnt get my delivery yet,logistics,0,0,7,fallback_support,1,0,1,service_quality
very fast efficient delivery,logistics,2,2,7,fallback_support,2,1,0,service_quality
delivery facility very poor order misplaced,logistics,0,0,7,fallback_support,0,3,2,service_quality
out for delivery as expected,logistics,1,1,7,fallback_support,1,0,0,service_quality
delivery partner contact details needed,logistics,1,1,7,support,1,0,0,service_quality
fine,logistics,1,1,7,fallback_support,1,0,0,service_quality
share customer executive contact details,logistics,1,1,7,support,1,0,0,service_quality
disappointed service,logistics,0,0,7,fallback_support,1,0,1,service_quality
support team resolved issue quickly,logistics,2,0,3,support,0,1,0,customer_support
bad service ever,logistics,0,0,7,fallback_support,0,3,2,service_quality
no delivery service available had to collect personally,logistics,1,1,7,fallback_support,1,0,0,service_quality
employee behaviour very good,logistics,2,2,7,behaviour,2,1,0,service_quality
delivery person collected extra money,logistics,0,0,7,fallback_support,1,0,1,service_quality
keep going great work,logistics,2,2,7,fallback_support,2,1,0,service_quality
thanks for before time delivery,logistics,2,2,7,fallback_support,2,1,0,service_quality
timely delivery polite delivery person,logistics,1,1,7,fallback_support,2,0,0,service_quality
please deliver to my home address not nearby shop,logistics,1,1,7,fallback_support,1,0,0,service_quality
delivery staff good but issue out of delivery msg come at pm order deliver at pm,logistics,1,0,7,fallback_support,0,1,0,service_quality
delivery agent called appreciated,logistics,2,2,7,support,2,1,0,service_quality
very good delivery boy,logistics,2,2,7,fallback_support,2,1,0,service_quality
blue dart service always perfect,logistics,2,2,7,fallback_support,2,1,0,service_quality
delivery after many days unacceptable delay,logistics,0,0,0,delay,0,3,2,delivery_failures
yes,logistics,1,1,7,fallback_support,1,0,0,service_quality
another order pending,logistics,1,1,7,fallback_support,0,2,1,service_quality
NRO account not working for weeks unable to transfer money unclear process,logistics,0,0,7,fallback_support,1,0,1,service_quality
blue dart always best,logistics,2,2,7,fallback_support,2,1,0,service_quality
no responsible office staff,logistics,1,1,7,fallback_support,1,0,0,service_quality
perfect,logistics,2,2,7,fallback_support,2,1,0,service_quality
fantastic person,logistics,2,2,7,fallback_support,2,1,0,service_quality
delivery partner waited due to customer delay,logistics,1,0,0,delay,0,2,2,delivery_failures
delivery call handling poor,logistics,1,1,7,support,0,0,0,service_quality
order incomplete received missing items,logistics,0,0,7,damage_lost,0,4,3,service_quality
order delivery unreliable marked yesterday delivered today,logistics,0,0,7,fallback_support,1,0,1,service_quality
please change my parsal,logistics,1,1,7,fallback_support,1,0,0,service_quality
late service unacceptable delay,logistics,1,0,0,delay,0,2,2,delivery_failures
didnt order this never placed order,logistics,0,0,7,fallback_support,1,0,1,service_quality
worst company had to collect from office,logistics,0,0,7,fallback_support,0,3,2,service_quality
didnt receive delivery very bad experience,logistics,0,0,7,fallback_support,0,3,2,service_quality
do good,logistics,2,2,7,fallback_support,2,1,0,service_quality
location information message,logistics,1,1,7,fallback_support,1,0,0,service_quality
super person delivery,logistics,1,1,7,fallback_support,1,0,0,service_quality
loan roi mis-selling complaint,logistics,0,0,7,support,0,3,2,service_quality
super fast delivery,logistics,2,2,7,fallback_support,2,1,0,service_quality
service excellent thanks delivery staff,logistics,2,2,7,fallback_support,2,1,0,service_quality
wrong item given after otp,logistics,0,0,7,fallback_support,0,3,2,service_quality
on time delivery good performance,logistics,2,2,7,fallback_support,2,1,0,service_quality
smooth delivery,logistics,1,2,7,fallback_support,2,0,0,service_quality
nice delivery service,logistics,2,2,7,fallback_support,2,1,0,service_quality
please correct my name,logistics,1,1,7,fallback_support,1,0,0,service_quality
overall smooth banking experience helpful staff,logistics,2,2,7,fallback_support,2,1,0,service_quality
gentle man doorstep delivery,logistics,1,1,7,fallback_support,1,0,0,service_quality
return product quality bad,logistics,1,0,7,refund,0,0,0,service_quality
in my opinion,logistics,1,1,7,fallback_support,1,0,0,service_quality
fast delivery good support,logistics,2,2,7,support,2,1,0,service_quality
ordered white received black,logistics,1,1,7,fallback_support,1,0,0,service_quality
service as per plan,logistics,1,1,7,fallback_support,1,0,0,service_quality
service on time and good,logistics,2,2,7,fallback_support,2,1,0,service_quality
rahul very professional as usual,logistics,2,2,7,fallback_support,2,1,0,service_quality
received on scheduled time thank you,logistics,2,2,7,fallback_support,2,1,0,service_quality
day deliver,logistics,1,1,7,fallback_support,1,0,0,service_quality
delivery rules violated forced pickup from hub,logistics,0,0,0,delay,0,3,2,delivery_failures
ohutdf,logistics,1,1,7,fallback_support,1,0,0,service_quality
not deliver at mentioned address had to collect elsewhere,logistics,0,0,7,fallback_support,1,0,1,service_quality
nice experience,logistics,2,2,7,fallback_support,2,1,0,service_quality
wrong parcel delivered,logistics,0,0,7,fallback_support,0,3,2,service_quality
bluedart delivering fraudulent products serious warning,logistics,0,0,7,fallback_support,1,4,3,service_quality
professionalism,logistics,1,1,7,fallback_support,2,0,0,service_quality
otp shared but parcel not received,logistics,0,0,7,damage_lost,0,4,3,service_quality
need OTP system for delivery,logistics,1,1,7,fallback_support,1,0,0,service_quality
fast good service,logistics,2,2,7,fallback_support,2,1,0,service_quality
havent received order yet,logistics,0,0,7,fallback_support,1,0,1,service_quality
request for credit card information,logistics,1,1,7,fallback_support,1,0,0,service_quality
wrong product scam,logistics,0,0,7,fallback_support,0,4,3,service_quality
good bank,logistics,2,2,7,fallback_support,2,1,0,service_quality
delivery guy refused cancelled delivery,logistics,0,0,7,fallback_support,1,0,1,service_quality
parcel late by day,logistics,1,0,0,delay,0,0,1,delivery_failures
delivery marked without attempt,logistics,0,0,7,fallback_support,1,0,1,service_quality
delay with false tracking info,logistics,1,0,0,delay,0,2,2,delivery_failures
wel behave,logistics,1,1,7,fallback_support,1,0,0,service_quality
product not delivered to me,logistics,0,0,0,fallback_support,0,3,2,delivery_failures
bahot achha hai,logistics,1,1,7,fallback_support,1,0,0,service_quality
never received call delivery not done,logistics,0,0,0,damage_lost,0,4,3,delivery_failures
did not receive any parcel,logistics,0,0,7,damage_lost,0,4,3,service_quality
wrong product sent want refund,logistics,0,0,7,refund,0,4,3,service_quality
day late delivery always delayed,logistics,0,0,0,delay,0,3,2,delivery_failures
go collect my own parcel they didnt even deliver after arrive two day before,logistics,0,0,7,fallback_support,1,0,1,service_quality
delivery person very rude no civic sense,logistics,0,0,2,behaviour,0,3,2,agent_behaviour
wrong order received selfie stick replaced,logistics,1,0,7,fallback_support,0,0,0,service_quality
abusive language product changed,logistics,1,1,7,fallback_support,1,0,0,service_quality
delivery call before dispatch requested,logistics,1,1,7,support,1,0,0,service_quality
pre diwali false delivery messages forced self pickup,logistics,0,0,7,fallback_support,1,0,1,service_quality
very bad delayed delivery,logistics,0,0,0,delay,0,3,2,delivery_failures
courier charges too high unfair,logistics,0,0,7,fallback_support,1,0,1,service_quality
Excellent service and this is my first bank account in my career,logistics,2,2,7,fallback_support,2,1,0,service_quality
not yet receive my parcel,logistics,1,1,7,fallback_support,1,0,0,service_quality
delivery partner not supportive and wrong delivery,logistics,0,0,1,support,0,3,2,wrong_delivery
service commitment only words not action,logistics,1,1,7,fallback_support,1,0,0,service_quality
very bad service no one responsible for shipment,logistics,0,0,7,fallback_support,0,3,2,service_quality
office delivery failed despite prominent location,logistics,0,0,0,delay,0,3,2,delivery_failures
wrong colour and size received,logistics,0,0,7,fallback_support,0,3,2,service_quality
delivery returned by partner without reason,logistics,0,0,7,refund,0,4,3,service_quality
excellent service by delivery partner,logistics,2,2,7,fallback_support,2,1,0,service_quality
good logistics service no further comment,logistics,2,2,7,fallback_support,2,1,0,service_quality
delivery staff rude not reached location,logistics,0,0,2,behaviour,0,3,2,agent_behaviour
Please open more branches at least one branch in every district,logistics,1,1,7,fallback_support,1,0,0,service_quality
fraud shipper fake product issue,logistics,0,0,7,fallback_support,0,4,3,service_quality
please collect alternate mobile number during booking,logistics,1,1,7,fallback_support,1,0,0,service_quality
parcel not received but marked delivered,logistics,0,0,7,damage_lost,0,4,3,service_quality
best service also really commendable thank you,logistics,2,2,7,fallback_support,2,1,0,service_quality
extreme delivery delay,logistics,0,0,0,delay,0,3,2,delivery_failures
plant damaged due to poor packing,logistics,1,0,5,damage_lost,0,3,3,damaged_package
very bad de,logistics,0,0,7,fallback_support,0,3,2,service_quality
no grievance,logistics,1,1,3,support,1,0,0,customer_support
status delivered but parcel not received,logistics,0,0,7,damage_lost,0,4,3,service_quality
please deliver on time,logistics,1,1,7,fallback_support,2,0,0,service_quality
parcel left at shop without delivery attempt,logistics,1,1,7,fallback_support,1,0,0,service_quality
check your calls,logistics,1,1,7,support,1,0,0,service_quality
packaging acceptable,logistics,1,1,7,fallback_support,1,0,0,service_quality
pathetic experience but not abusive,logistics,1,1,7,fallback_support,1,0,0,service_quality
very polite experienced delivery person,logistics,2,2,7,fallback_support,2,1,0,service_quality
delivery service good,logistics,2,2,7,fallback_support,2,1,0,service_quality
false delivery update rude supervisor behavior,logistics,0,0,2,behaviour,0,3,2,agent_behaviour
order not received yet,logistics,0,0,7,damage_lost,0,4,3,service_quality
delivery updates should be frequent,logistics,1,1,7,fallback_support,1,0,0,service_quality
delivery executive polite made my day,logistics,1,1,7,fallback_support,2,0,0,service_quality
carton slightly damaged,logistics,1,0,5,damage_lost,0,3,3,damaged_package
delivery time incorrect,logistics,0,0,7,fallback_support,0,3,2,service_quality
dont like service,logistics,0,0,7,fallback_support,1,0,1,service_quality
delivery executive did not attempt delivery for days and marked false reasons,logistics,0,0,7,fallback_support,1,0,1,service_quality
debit card not received overall banking experience good,logistics,2,2,7,damage_lost,0,1,0,service_quality
it good delivery fast and safe,logistics,2,2,7,fallback_support,2,1,0,service_quality
delivery boy calm nd vry humble im not able pick call still he deliver itom without any contact he find location that amaze so great experience,logistics,2,2,7,support,2,1,0,service_quality
good bank account opening experience,logistics,2,2,7,fallback_support,2,1,0,service_quality
transparent packaging requested,logistics,1,1,7,fallback_support,1,0,0,service_quality
contact mentioned incorrect invoice issue,logistics,1,0,7,support,0,0,0,service_quality
it not deliver medelivered wrong person,logistics,0,0,1,fallback_support,0,3,2,wrong_delivery
keep it up good work,logistics,2,2,7,fallback_support,2,1,0,service_quality
product different from images shown,logistics,1,1,7,fallback_support,1,0,0,service_quality
parcel came empty want refund,logistics,0,0,7,refund,0,4,3,service_quality
delivery partner arrogant rude,logistics,0,0,2,behaviour,0,3,2,agent_behaviour
delivery person rude ruined experience,logistics,0,0,2,behaviour,0,3,2,agent_behaviour
pathetic poor service medicine not delivered despite express charge,logistics,0,0,0,fallback_support,0,3,2,delivery_failures
best service in courier,logistics,2,2,7,fallback_support,2,1,0,service_quality
bohot bekar delivery or bohot time liya h,logistics,1,1,7,fallback_support,1,0,0,service_quality
prompt delivery,logistics,2,2,7,fallback_support,2,1,0,service_quality
shipping sticker torn package opened,logistics,1,1,5,damage_lost,1,0,0,damaged_package
product missing and carton re-taped very bad practice,logistics,0,0,7,damage_lost,0,4,3,service_quality
product bilkul bekar aya h mne kya suit mangaya tha or kya aya h bilkul suit alg or salwar plz return kariye,logistics,0,0,7,refund,0,4,3,service_quality
love your agent behaviour,logistics,1,1,7,behaviour,1,0,0,service_quality
marked delivered but not received at home,logistics,0,0,7,damage_lost,0,4,3,service_quality
bekwas mujhe mila hi nahi order phir delivery kaise kar di,logistics,0,0,7,fallback_support,1,0,1,service_quality
professional timely delivery approach,logistics,2,2,7,fallback_support,2,1,0,service_quality
superfast delivery loved the service,logistics,2,2,7,fallback_support,2,1,0,service_quality
delivery man collect money it free,logistics,1,1,7,fallback_support,1,0,0,service_quality
delivery staff non cooperative rude tone,logistics,0,0,2,behaviour,0,3,2,agent_behaviour
cooperative very nice service,logistics,2,2,7,fallback_support,2,1,0,service_quality
very third class service rude staff fake address reasons no home delivery,logistics,0,0,2,behaviour,0,3,2,agent_behaviour
fast account opening process,logistics,1,1,7,fallback_support,2,0,0,service_quality
bad product receive,logistics,0,0,7,fallback_support,0,3,2,service_quality
early delivery very good service,logistics,2,2,7,fallback_support,2,1,0,service_quality
parcel received today,logistics,1,1,7,fallback_support,1,0,0,service_quality
it perfect many thanks,logistics,2,2,7,fallback_support,2,1,0,service_quality
delivery person waited but did not deliver properly,logistics,0,0,7,fallback_support,1,0,1,service_quality
delivery representative rude response,logistics,0,0,2,behaviour,0,3,2,agent_behaviour
return order request,logistics,1,1,7,refund,1,0,0,service_quality
courier did not deliver my shipment on time,logistics,0,0,7,fallback_support,2,0,1,service_quality
received different product than ordered,logistics,0,0,7,fallback_support,1,0,1,service_quality
delivery boy lazy forced office pickup unacceptable excuse,logistics,0,0,7,fallback_support,1,0,1,service_quality
good service by delivery executive,logistics,2,2,7,fallback_support,2,1,0,service_quality
delivery agent abusive language,logistics,0,0,7,fallback_support,1,0,1,service_quality
received before expected delivery date,logistics,1,1,7,fallback_support,1,0,0,service_quality
bank staff provided very good service,logistics,2,2,7,fallback_support,2,1,0,service_quality
delivery time improvement required,logistics,1,1,7,fallback_support,1,0,0,service_quality
ordered something else received something else,logistics,0,0,7,fallback_support,1,0,1,service_quality
parcel arrived damaged,logistics,0,0,5,damage_lost,0,4,3,damaged_package
branch promised wealth account but did not deliver commitment poor experience,logistics,1,1,7,fallback_support,0,0,0,service_quality
try faster delivery for critical shipments,logistics,1,1,7,fallback_support,2,0,0,service_quality
delivery agent ignored instructions handed to security,logistics,0,0,7,fallback_support,1,0,1,service_quality
wrong colour product received,logistics,1,0,7,fallback_support,0,0,0,service_quality
service fine continue,logistics,1,1,7,fallback_support,1,0,0,service_quality
did not receive one of two packages,logistics,0,0,7,damage_lost,0,4,3,service_quality
bad and rough delivery,logistics,0,0,7,fallback_support,0,3,2,service_quality
received message for order I never booked,logistics,0,0,7,fallback_support,1,0,1,service_quality
worst service,logistics,0,0,7,fallback_support,0,3,2,service_quality
request faster delivery time,logistics,1,1,7,fallback_support,2,0,0,service_quality
delivery marked unavailable without call repeated issue,logistics,1,0,7,support,0,0,0,service_quality
late delivery with false updates,logistics,0,0,0,delay,0,3,2,delivery_failures
fast service but average experience,logistics,1,1,7,fallback_support,2,0,0,service_quality
delivered in one day thank you,logistics,2,2,7,fallback_support,2,1,0,service_quality
very poor experience,logistics,1,1,7,fallback_support,0,0,0,service_quality
defected pc nikla,logistics,1,1,7,fallback_support,1,0,0,service_quality
delivery boy sandeep rude behaviour,logistics,0,0,2,behaviour,0,3,2,agent_behaviour
delivery man abused refused to come upstairs,logistics,0,0,2,behaviour,1,0,2,agent_behaviour
havent receive my order,logistics,0,0,7,fallback_support,1,0,1,service_quality
service ok,logistics,1,1,7,fallback_support,1,0,0,service_quality
welcome kit sent to wrong address delay,logistics,1,0,1,wrong_delivery,0,2,2,wrong_delivery
material fraud issue reported,logistics,1,0,7,fallback_support,0,4,3,service_quality
rude behaviour by delivery partner,logistics,0,0,2,behaviour,0,3,2,agent_behaviour
medicine order delay by day no communication that order delay,logistics,0,0,0,delay,0,3,2,delivery_failures
service best staff helpful,logistics,2,2,7,fallback_support,2,1,0,service_quality
hello,logistics,1,1,7,fallback_support,1,0,0,service_quality
multiple delivery attempts without calling forced self pickup,logistics,0,0,7,support,1,0,1,service_quality
delivery person have pleasant smile on his face which please see,logistics,2,2,7,fallback_support,2,1,0,service_quality
delivery guy didnt deliver doorstep keep haggle come away from home also rude while talk,logistics,0,0,2,behaviour,0,3,2,agent_behaviour
had to go collect parcel,logistics,0,0,7,fallback_support,1,0,1,service_quality
delivery partner could not reach address asked to pick courier from far location very poor service,logistics,0,0,7,fallback_support,0,3,2,service_quality
bad delivery company,logistics,0,0,7,fallback_support,0,3,2,service_quality
delivery agent stopped km before address,logistics,0,0,7,fallback_support,1,0,1,service_quality
very good product,logistics,2,2,7,fallback_support,2,1,0,service_quality
item not received yet,logistics,1,1,7,damage_lost,0,0,0,service_quality
delivery partner very good,logistics,2,2,7,fallback_support,2,1,0,service_quality
delivery person call confirm address,logistics,1,1,7,support,1,0,0,service_quality
bad experience seal already open,logistics,0,0,7,fallback_support,0,3,2,service_quality
my parcel arrived at blue dart store in november,logistics,1,1,7,fallback_support,1,0,0,service_quality
delivery person rude left parcel,logistics,0,0,2,behaviour,0,3,2,agent_behaviour
bad experience order not received,logistics,0,0,7,damage_lost,0,4,3,service_quality
shipment not delivered yet very important,logistics,1,0,0,delay,0,0,1,delivery_failures
product missing,logistics,1,0,7,damage_lost,0,0,0,service_quality
no additional comments,logistics,1,1,7,fallback_support,1,0,0,service_quality
not doorstep delivery,logistics,0,0,7,fallback_support,1,0,1,service_quality
wrong product material received used item after many follow ups,logistics,0,0,3,support,0,3,2,customer_support
delivery boy took extra money,logistics,1,1,7,fallback_support,1,0,0,service_quality
not received personally,logistics,0,0,7,damage_lost,0,4,3,service_quality
delivery agent behaviour rude and impatient,logistics,0,0,2,behaviour,0,3,2,agent_behaviour
delivery speed worse than others,logistics,0,0,7,fallback_support,1,0,1,service_quality
scamming people,logistics,0,0,7,fallback_support,1,4,3,service_quality
blue dart courier service very bad and delayed,logistics,0,0,0,delay,0,3,2,delivery_failures
delivery staff left parcel at security without verification,logistics,0,0,7,fallback_support,1,0,1,service_quality
late delivery,logistics,1,0,0,delay,0,0,1,delivery_failures
it very very bad experience with your coimbatore hubwhatever happen not first time similar incident take place four time so faryour delivery guy useless always give false reason for not deliver in this case they mention a address incomplete not correcti force collect from officeno proper response from your office at coimbatoreif this status of your delivery system,logistics,0,0,7,fallback_support,0,3,2,service_quality
my name malini patel,logistics,1,1,7,fallback_support,1,0,0,service_quality
delivery staff very good,logistics,2,2,7,fallback_support,2,1,0,service_quality
blue dart delivery very poor product not delivered,logistics,0,0,0,fallback_support,0,3,2,delivery_failures
everything good satisfied,logistics,2,2,7,fallback_support,2,1,0,service_quality
delay reason address incorrect unacceptable,logistics,0,0,0,delay,0,3,2,delivery_failures
polite prompt delivery person,logistics,1,1,7,fallback_support,2,0,0,service_quality
iam not person,logistics,1,1,7,fallback_support,1,0,0,service_quality
pathetic branch service,logistics,0,0,7,fallback_support,1,0,1,service_quality
customer care and bank staff very friendly and helpful,logistics,2,2,3,support,2,1,0,customer_support
false delivery attempts no call made,logistics,0,0,2,behaviour,1,0,2,agent_behaviour
always a pleasure,logistics,2,2,7,fallback_support,2,1,0,service_quality
card otp taken but card not delivered,logistics,0,0,0,fallback_support,0,3,2,delivery_failures
No changes required,logistics,1,1,7,fallback_support,1,0,0,service_quality
very bad delivery no response from delivery boy,logistics,0,0,3,support,0,3,2,customer_support
complaint against rude delivery rider,logistics,0,0,2,behaviour,0,3,2,agent_behaviour
please share delivery timing contact detail of delivery person,logistics,1,1,7,support,1,0,0,service_quality
quick prompt follow up,logistics,2,2,3,support,2,1,0,customer_support
poor service rude behaviour and wrong address delivery,logistics,1,0,1,wrong_delivery,0,3,2,wrong_delivery
excellent customer service always reliable,logistics,2,2,7,support,2,1,0,service_quality
overall excellent service,logistics,2,2,7,fallback_support,2,1,0,service_quality
bad quality,logistics,0,0,7,fallback_support,0,3,2,service_quality
would like report issue regard my recent delivery delivery boy do not deliver order on time also provide incorrect information his officesystem regard delivery status,logistics,0,0,7,fallback_support,0,3,2,service_quality
delivery before promised time appreciated,logistics,1,1,7,fallback_support,2,0,0,service_quality
order dropped kilometers away and doorstep delivery denied rude behavior on call,logistics,0,0,2,behaviour,0,3,2,agent_behaviour
very poor service overall,logistics,0,0,7,fallback_support,0,3,2,service_quality
devendra singh,logistics,1,1,7,fallback_support,1,0,0,service_quality
very bad experience delayed delivery and very rude executive,logistics,0,0,0,delay,0,3,2,delivery_failures
accha hai,logistics,1,1,7,fallback_support,1,0,0,service_quality
delivery agent asked to collect from office,logistics,1,1,7,fallback_support,1,0,0,service_quality
very good satisfy,logistics,2,2,7,fallback_support,2,1,0,service_quality
very rude and uncooperative delivery agent shouted,logistics,0,0,2,behaviour,0,3,2,agent_behaviour
need more details,logistics,1,1,7,fallback_support,1,0,0,service_quality
amazing order experience,logistics,2,2,7,fallback_support,2,1,0,service_quality
do,logistics,1,1,7,fallback_support,1,0,0,service_quality
delivery not attempted had to visit office,logistics,1,1,0,delay,1,0,1,delivery_failures
delivery agent did not call falsely marked unavailable,logistics,1,1,2,behaviour,1,0,0,agent_behaviour
received wrong sunglass,logistics,1,0,7,fallback_support,0,0,0,service_quality
delivery guy not polite,logistics,0,0,2,behaviour,2,0,2,agent_behaviour
wrong product delivered theft suspected,logistics,1,0,7,fallback_support,0,0,0,service_quality
very good packaging and timing,logistics,2,2,7,fallback_support,2,1,0,service_quality
still not received item,logistics,0,0,7,damage_lost,0,4,3,service_quality
satyam kumar,logistics,1,1,7,fallback_support,1,0,0,service_quality
attitude problem with delivery staff,logistics,1,0,7,fallback_support,0,0,0,service_quality
"The survey link to provide feedback on opening the account has been sent even before the account being opened.

Inordinate delay in opening the account, while the online opening happened within few minutes.

",logistics,1,0,0,delay,0,2,2,delivery_failures
service bed,logistics,1,1,7,fallback_support,1,0,0,service_quality
very happy with service thank you,logistics,2,2,7,fallback_support,2,1,0,service_quality
my parcel not delivered,logistics,0,0,0,fallback_support,0,3,2,delivery_failures
track info not update properly,logistics,0,0,4,tracking,1,0,0,tracking_updates
asked for full payment without change and behaved rudely,logistics,0,0,2,behaviour,0,3,2,agent_behaviour
no alternative contact used ivr flagged spam parcel delayed,logistics,0,0,0,delay,0,3,2,delivery_failures
delivery boy not good,logistics,0,0,7,fallback_support,2,1,1,service_quality
wrong item ordered,logistics,0,0,7,fallback_support,0,3,2,service_quality
rude delivery behaviour late hub delivery,logistics,0,0,0,delay,0,3,2,delivery_failures
no contact forced pickup,logistics,1,0,7,support,1,0,0,service_quality
deliveey agent very good,logistics,2,2,7,fallback_support,2,1,0,service_quality
excellent courier service best shipment,logistics,2,2,7,fallback_support,2,1,0,service_quality
received different product than ordered,logistics,1,1,7,fallback_support,1,0,0,service_quality
nothing to say,logistics,1,1,7,fallback_support,1,0,0,service_quality
not bad,logistics,2,0,7,fallback_support,0,0,0,service_quality
wrong envelope delivered,logistics,1,0,7,fallback_support,0,0,0,service_quality
delivery guy helped despite address issue,logistics,2,0,7,fallback_support,0,0,0,service_quality
package out for delivery but stayed at facility,logistics,1,1,7,fallback_support,1,0,0,service_quality
did not get shipment,logistics,0,0,7,fallback_support,1,0,1,service_quality
super service,logistics,2,2,7,fallback_support,2,1,0,service_quality
delivered at security gate,logistics,1,1,7,fallback_support,1,0,0,service_quality
Hey,logistics,1,1,7,fallback_support,1,0,0,service_quality
please share approximate delivery time in message,logistics,1,1,7,fallback_support,1,0,0,service_quality
bluedart service always up to mark,logistics,1,1,7,fallback_support,1,0,0,service_quality
delivery person behave very nicely,logistics,2,2,7,fallback_support,2,1,0,service_quality
size too small poor quality dress,logistics,0,0,7,fallback_support,0,3,2,service_quality
delivery perfectly before time,logistics,2,2,7,fallback_support,2,1,0,service_quality
colour changed bad,logistics,0,0,7,fallback_support,0,3,2,service_quality
poor service delayed delivery,logistics,0,0,0,delay,0,3,2,delivery_failures
delivery boy arrogant behaviour,logistics,0,0,7,behaviour,1,0,2,service_quality
thank you for speedy delivery,logistics,2,2,7,fallback_support,2,1,0,service_quality
firstly product arrive kollam pincode error message appear this badly affect delivery date,logistics,0,0,7,fallback_support,0,3,2,service_quality
poor delivery manpower false customer unavailable status,logistics,0,0,7,fallback_support,0,3,2,service_quality
did not deliver doorstep stopped at park,logistics,1,1,7,fallback_support,1,0,0,service_quality
dont take parcel if you cant deliver,logistics,0,0,7,fallback_support,1,0,1,service_quality
delivery boy refused doorstep delivery gave wrong product,logistics,1,0,7,fallback_support,0,0,0,service_quality
poor product quality,logistics,0,0,7,fallback_support,0,3,2,service_quality
delivery smooth and prompt,logistics,1,2,7,fallback_support,2,0,0,service_quality
delivery agent refused to open and verify product behaved rudely shipment incomplete,logistics,0,0,2,behaviour,0,3,2,agent_behaviour
delivery boy was very good,logistics,2,2,7,fallback_support,2,1,0,service_quality
no intimation no contact very pathetic service,logistics,0,0,2,behaviour,1,0,2,agent_behaviour
accurate timely safe delivery,logistics,1,1,7,fallback_support,2,0,0,service_quality
please call after visit,logistics,1,1,7,support,1,0,0,service_quality
order wrong item delivered,logistics,0,0,7,fallback_support,0,3,2,service_quality
delivery time prior intimation suggested,logistics,2,2,7,fallback_support,2,1,0,service_quality
order not received,logistics,1,1,7,damage_lost,0,0,0,service_quality
delivery agent handed parcel to watchman without informing,logistics,1,1,7,fallback_support,1,0,0,service_quality
product out for delivery on expected date,logistics,1,1,7,fallback_support,1,0,0,service_quality
too late delivery unacceptable,logistics,0,0,0,delay,0,3,2,delivery_failures
asked for delivery message unnecessarily,logistics,1,1,7,fallback_support,1,0,0,service_quality
blue dart favourite highly recommended,logistics,2,2,7,fallback_support,2,1,0,service_quality
osam,logistics,1,1,7,fallback_support,1,0,0,service_quality
seamless banking process zero balance and app improvement suggestion,logistics,1,1,7,fallback_support,1,0,0,service_quality
exchange requested not satisfied,logistics,1,1,7,refund,1,1,0,service_quality
order yet to be delivered,logistics,1,1,7,fallback_support,1,0,0,service_quality
package not delivered,logistics,0,0,0,fallback_support,0,3,2,delivery_failures
nice experience,logistics,1,2,7,fallback_support,2,0,0,service_quality
site report that delivery center,logistics,1,1,7,fallback_support,1,0,0,service_quality
fast reliable service,logistics,2,2,7,fallback_support,2,1,0,service_quality
very bad experience,logistics,0,0,7,fallback_support,0,3,2,service_quality
forced to collect parcel due to lack of transport at neelambur office repeated false updates unacceptable service,logistics,0,0,7,fallback_support,1,0,1,service_quality
address delivery failed network issue poor service,logistics,0,0,0,delay,0,3,2,delivery_failures
prompt polite delivery appreciated,logistics,2,2,7,fallback_support,2,1,0,service_quality
different product received scam,logistics,0,0,7,fallback_support,1,4,3,service_quality
address incorrectly marked despite successful past deliveries,logistics,1,1,7,fallback_support,0,0,0,service_quality
delivery delay and rude staff behaviour,logistics,0,0,0,delay,0,3,2,delivery_failures
courier boy not talk,logistics,1,1,7,fallback_support,1,0,0,service_quality
premium service expectation not met,logistics,1,1,7,fallback_support,1,0,0,service_quality
still not received very bad service,logistics,0,0,7,damage_lost,0,4,3,service_quality
worst courier service in surat,logistics,0,0,7,fallback_support,0,3,2,service_quality
late delivery very rd class service delivery not door door service delivery boy say take your parcel near by location not deliver at adress,logistics,0,0,0,delay,0,3,2,delivery_failures
I have not received this parcel but it shows that I have received it,logistics,1,1,7,damage_lost,0,0,0,service_quality
not satisfied customer care not responding,logistics,0,0,3,support,2,1,1,customer_support
parcel already reached city but not delivered,logistics,1,0,0,fallback_support,0,0,0,delivery_failures
delivery person handed product to someone else,logistics,0,0,7,fallback_support,1,0,1,service_quality
Communication with customer is not good in kothapet branch ,logistics,0,0,7,fallback_support,2,1,1,service_quality
received parcel on time,logistics,1,1,7,fallback_support,2,0,0,service_quality
false consignee unavailable status updated without contact forced office pickup,logistics,0,0,7,support,1,0,1,service_quality
delivery took too much time,logistics,1,1,7,fallback_support,1,0,0,service_quality
forced self pickup despite paying delivery charges,logistics,0,0,7,fallback_support,1,0,1,service_quality
fast service hdfc bank,logistics,1,1,7,fallback_support,2,0,0,service_quality
dilivery boy nahi aana chahte hain bolte hain galat pin code hai aapka lekin aisa nahi haihamesa kosis karte hain otp mangne ka or order cancel kar dete hain lekin ish baar mai bahut samjhai tab ja kar aaye or phir bahana bana rahe please consider this problem,logistics,1,0,7,fallback_support,0,0,0,service_quality
do not want this,logistics,1,1,7,fallback_support,1,0,0,service_quality
did not get parcel,logistics,0,0,7,fallback_support,1,0,1,service_quality
very bed service,logistics,1,1,7,fallback_support,1,0,0,service_quality
prediction date not accurate but service good,logistics,2,2,7,fallback_support,2,1,0,service_quality
good performance,logistics,2,2,7,fallback_support,2,1,0,service_quality
on time good delivery,logistics,2,2,7,fallback_support,2,1,0,service_quality
return parcel bad smell,logistics,0,0,7,refund,0,4,3,service_quality
delivered to landmark instead of address,logistics,1,1,7,fallback_support,1,0,0,service_quality
need delivery person contact number,logistics,1,1,7,support,1,0,0,service_quality
material poor need return,logistics,0,0,7,refund,0,4,3,service_quality
well mannered behaviour,logistics,1,1,7,behaviour,1,0,0,service_quality
order parcel of r while order pay r but at time of delivery he ask r deny for pay but he say that then cancel your order not deliver your order,logistics,0,0,7,fallback_support,1,0,1,service_quality
courier boy rude behaviour unacceptable,logistics,0,0,2,behaviour,0,3,2,agent_behaviour
excellent delivery happy to receive this shipment,logistics,2,2,7,fallback_support,2,1,0,service_quality
card delivery failed and marked delivered,logistics,0,0,0,delay,0,3,2,delivery_failures
prepaid order marked delivered but not received agent unreachable,logistics,0,0,7,damage_lost,0,4,3,service_quality
very pleased parcel arrived safe,logistics,2,2,7,fallback_support,2,1,0,service_quality
get msg that it deliver today morning but get product by pm,logistics,0,0,7,fallback_support,1,0,1,service_quality
delivery boy lacks manners,logistics,1,1,7,fallback_support,1,0,0,service_quality
quality mismatch from images,logistics,0,0,7,fallback_support,1,0,1,service_quality
good keep it up,logistics,2,2,7,fallback_support,2,1,0,service_quality
order not delivered,logistics,0,0,0,fallback_support,0,3,2,delivery_failures
consignment not delivered but status shows delivered,logistics,1,0,0,tracking,0,0,1,delivery_failures
shipment not received yet,logistics,0,0,7,damage_lost,0,4,3,service_quality
your service is very good,logistics,2,2,7,fallback_support,2,1,0,service_quality
pickup and dispatch too slow,logistics,0,0,7,fallback_support,1,0,1,service_quality
excellent delivery experience,logistics,2,2,7,fallback_support,2,1,0,service_quality
delivery agent falsely marked not available,logistics,0,0,7,fallback_support,1,0,1,service_quality
packet stuck at center since Wednesday,logistics,1,1,7,fallback_support,0,0,0,service_quality
fake item received,logistics,1,1,7,fallback_support,0,0,0,service_quality
very nice service,logistics,2,2,7,fallback_support,2,1,0,service_quality
overall good but need agent phone number in advance,logistics,1,2,7,fallback_support,2,1,0,service_quality
wrong product delivered fake item,logistics,0,0,7,fallback_support,0,3,2,service_quality
not yet delivered,logistics,1,1,7,fallback_support,1,0,0,service_quality
delayed four days collected from store,logistics,0,0,0,delay,0,3,2,delivery_failures
try delivering at correct address,logistics,1,1,7,fallback_support,1,0,0,service_quality
delivery refused to come upstairs,logistics,1,1,7,fallback_support,1,0,0,service_quality
please inform at least one hour before delivery,logistics,1,1,7,fallback_support,1,0,0,service_quality
delivery not make at give address even without call reach at address status be show that consignee not available once call make receive parcel from store come store receive parcel bad service,logistics,0,0,7,support,0,3,2,service_quality
delivery marked out but never arrived,logistics,0,0,7,fallback_support,1,0,1,service_quality
need delivery agent contact number,logistics,1,1,7,support,1,0,0,service_quality
shipment not delivered had to collect personally,logistics,1,0,0,fallback_support,0,0,0,delivery_failures
nice experience overall,logistics,2,2,7,fallback_support,2,1,0,service_quality
delivery complete shown but not received,logistics,1,1,7,damage_lost,0,0,0,service_quality
bank envelope misplaced,logistics,0,0,7,fallback_support,1,0,1,service_quality
delivery person well mannered give me full change without any excuse,logistics,2,2,7,fallback_support,2,1,0,service_quality
wrong colour received,logistics,1,0,7,fallback_support,0,0,0,service_quality
deliver product asap,logistics,1,1,7,fallback_support,1,0,0,service_quality
delivery person honest returned full change,logistics,2,2,7,refund,1,0,0,service_quality
good safe fast,logistics,2,2,7,fallback_support,2,1,0,service_quality
excellent service overall,logistics,2,2,7,fallback_support,2,1,0,service_quality
payment issue amount collected wrongly,logistics,1,0,6,pricing,0,0,0,payment_issues
Worst video kyc process,logistics,0,0,7,fallback_support,0,3,2,service_quality
incorrect order received,logistics,0,0,7,fallback_support,0,3,2,service_quality
good experience nothing to add,logistics,2,2,7,fallback_support,2,1,0,service_quality
nothing needs to be changed,logistics,2,2,7,fallback_support,2,1,0,service_quality
associate demanded extra money rude behaviour,logistics,0,0,2,behaviour,0,3,2,agent_behaviour
misleading customer unacceptable behaviour,logistics,1,1,7,behaviour,1,0,0,service_quality
kind of approach behaviour not up mark he should be polite not arrogant even under pressure,logistics,1,1,7,behaviour,2,0,0,service_quality
delivery contact number required,logistics,1,1,7,support,1,0,0,service_quality
product quality bad,logistics,0,0,7,fallback_support,0,3,2,service_quality
good service delivered on time,logistics,2,2,7,fallback_support,2,1,0,service_quality
nice delivery boy,logistics,2,2,7,fallback_support,2,1,0,service_quality
trustworthy courier partner always on time,logistics,2,2,7,fallback_support,2,1,0,service_quality
did not receive parcel at all,logistics,0,0,7,damage_lost,0,4,3,service_quality
no idea,logistics,1,1,7,fallback_support,1,0,0,service_quality
delivery timeline unclear no response,logistics,0,0,3,support,0,3,2,customer_support
deliver all order together instead separately,logistics,1,1,7,fallback_support,1,0,0,service_quality
very nice good person,logistics,2,2,7,fallback_support,2,1,0,service_quality
good delivery boy behaviour,logistics,2,2,7,behaviour,2,1,0,service_quality
very good best service,logistics,2,2,7,fallback_support,2,1,0,service_quality
impressed,logistics,2,2,7,fallback_support,2,1,0,service_quality
very nice service keep it up,logistics,2,2,7,fallback_support,2,1,0,service_quality
fake website wrong product received,logistics,0,0,7,fallback_support,0,3,2,service_quality
great features compared to other banks,logistics,2,2,7,fallback_support,2,1,0,service_quality
deliver item promptly after confirmation,logistics,1,1,7,fallback_support,2,0,0,service_quality
want to return my parcel because it is defective,logistics,0,0,7,refund,0,4,3,service_quality
not received shipment,logistics,1,1,7,damage_lost,0,0,0,service_quality
delivery very late shipment not delivered no calls or delivery attempts,logistics,0,0,0,delay,0,3,2,delivery_failures
best delivery boy service,logistics,2,2,7,fallback_support,2,1,0,service_quality
product delivery delayed bad experience,logistics,0,0,0,delay,0,3,2,delivery_failures
definitely,logistics,1,1,7,fallback_support,1,0,0,service_quality
it was good delivery,logistics,2,2,7,fallback_support,2,1,0,service_quality
didnt receive order,logistics,0,0,7,fallback_support,1,0,1,service_quality
delivery safe and on time very happy,logistics,2,2,7,fallback_support,2,1,0,service_quality
exilent,logistics,1,1,7,fallback_support,1,0,0,service_quality
not delivered on time please share location,logistics,0,0,0,delay,0,3,2,delivery_failures
Wodd Service Experience,logistics,1,1,7,fallback_support,1,0,0,service_quality
fake product scam delivered,logistics,0,0,7,fallback_support,0,4,3,service_quality
The person who delivered my card was exceptionally calm and patient,logistics,2,2,7,fallback_support,2,1,0,service_quality
good service happy with delivery,logistics,2,2,7,fallback_support,2,1,0,service_quality
your executive never deliver parcel my address,logistics,0,0,7,fallback_support,1,0,1,service_quality
missing product in parcel,logistics,1,0,7,fallback_support,0,0,0,service_quality
perfect product,logistics,2,2,7,fallback_support,2,1,0,service_quality
area not serviceable delivery failed,logistics,0,0,0,delay,0,3,2,delivery_failures
delivery agent very nice,logistics,2,2,7,fallback_support,2,1,0,service_quality
scam totally got scammed,logistics,0,0,7,fallback_support,1,4,3,service_quality
best work by team,logistics,2,2,7,fallback_support,2,1,0,service_quality
shipment not received yet,logistics,1,1,7,damage_lost,0,0,0,service_quality
bad way of navigating even talk customer wouldnt recommend it anyone,logistics,0,0,7,fallback_support,0,3,2,service_quality
delivery agent should not shout customer name publicly,logistics,1,1,7,fallback_support,1,0,0,service_quality
service best but charges expensive,logistics,1,1,7,fallback_support,1,0,0,service_quality
delay in delivery,logistics,1,0,0,delay,0,2,2,delivery_failures
delivery agent demanded money,logistics,0,0,7,fallback_support,1,0,1,service_quality
best service ever with good delivery boy,logistics,2,2,7,fallback_support,2,1,0,service_quality
no response had to go nearby location to collect parcel,logistics,0,0,3,support,0,3,2,customer_support
did not receive order but status shows delivered,logistics,0,0,7,damage_lost,0,4,3,service_quality
delivery staff humble and polite,logistics,2,2,7,fallback_support,2,1,0,service_quality
promised delivery in hours took one day,logistics,0,0,7,fallback_support,1,0,1,service_quality
"Bad service, delivery delayed",logistics,0,0,0,delay,0,3,2,delivery_failures
package not received,logistics,0,0,7,damage_lost,0,4,3,service_quality
Noo,logistics,1,1,7,fallback_support,1,0,0,service_quality
delivery not received please verify,logistics,0,0,7,damage_lost,0,4,3,service_quality
delivery boy rude and unprofessional behaviour,logistics,0,0,2,behaviour,0,3,2,agent_behaviour
door delivery not done had to visit warehouse,logistics,0,0,0,fallback_support,1,0,1,delivery_failures
delivery person threw document without otp,logistics,0,0,7,fallback_support,1,0,1,service_quality
not responsible,logistics,1,1,7,fallback_support,1,0,0,service_quality
order deliver on time delivery agent understand instruction deliver right place,logistics,1,1,7,fallback_support,2,0,0,service_quality
delivery guy polite,logistics,2,2,7,fallback_support,2,1,0,service_quality
OTP shared but parcel not delivered fraud concern,logistics,0,0,0,fallback_support,0,4,3,delivery_failures
delivery agent polite but delayed,logistics,1,0,0,delay,0,2,2,delivery_failures
service disaster phone not answered,logistics,1,1,7,fallback_support,1,0,0,service_quality
did not receive my product,logistics,0,0,7,damage_lost,0,4,3,service_quality
package broken damaged,logistics,0,0,5,damage_lost,0,4,3,damaged_package
fake delivery nothing delivered,logistics,1,1,7,fallback_support,0,0,0,service_quality
call before arrival request,logistics,1,1,7,support,1,0,0,service_quality
parcel arrived one day early,logistics,2,2,7,fallback_support,2,1,0,service_quality
delivery partner bad not cooperative at all,logistics,0,0,7,fallback_support,0,3,2,service_quality
timely proper delivery,logistics,2,2,7,fallback_support,2,1,0,service_quality
ok ok,logistics,1,1,7,fallback_support,1,0,0,service_quality
havent receive courier,logistics,1,1,7,fallback_support,1,0,0,service_quality
company track system need take care,logistics,1,1,4,tracking,1,0,1,tracking_updates
partial order received,logistics,1,1,7,fallback_support,1,0,0,service_quality
we use youf exemplary service keep it uo,logistics,1,1,7,fallback_support,1,0,0,service_quality
courier guy didnt come door insisted pickup outside,logistics,0,0,7,fallback_support,1,0,1,service_quality
excellent professional timely delivery satisfied,logistics,2,2,7,fallback_support,2,1,0,service_quality
empty cardboard received,logistics,0,0,7,fallback_support,1,0,1,service_quality
delivery discarded at wrong doorstep without call,logistics,0,0,7,support,0,3,2,service_quality
product quality poor want return,logistics,0,0,7,refund,0,4,3,service_quality
very late delivery service,logistics,0,0,0,delay,0,3,2,delivery_failures
delivery executive rude parcel not delivered,logistics,0,0,0,behaviour,0,3,2,delivery_failures
please update by call,logistics,1,1,7,support,1,0,0,service_quality
did not get any delivery,logistics,0,0,7,fallback_support,1,0,1,service_quality
delivery as promised,logistics,1,1,7,fallback_support,1,0,0,service_quality
customer feedback account opening delay,logistics,1,0,0,delay,0,2,2,delivery_failures
my package not deliver me where my parcel,logistics,0,0,7,fallback_support,1,0,1,service_quality
not received courier but message shows delivered no call,logistics,1,1,2,damage_lost,0,0,0,agent_behaviour
great delivery by mr ratan,logistics,2,2,7,fallback_support,2,1,0,service_quality
parcel deliver but not receive at give address nice communication good,logistics,1,2,7,fallback_support,2,1,0,service_quality
excellent on time service,logistics,2,2,7,fallback_support,2,1,0,service_quality
too much time taken,logistics,1,1,7,fallback_support,1,0,0,service_quality
false reasons for delay repeated bad experience,logistics,0,0,0,delay,0,3,2,delivery_failures
supar,logistics,1,1,7,fallback_support,1,0,0,service_quality
delivered away from home address,logistics,1,1,7,fallback_support,1,0,0,service_quality
it is perfect,logistics,2,2,7,fallback_support,2,1,0,service_quality
very bad cloth quality,logistics,0,0,7,fallback_support,0,3,2,service_quality
shipment delivered to unknown person without contact,logistics,1,1,7,support,1,0,0,service_quality
v good delivery partner,logistics,2,2,7,fallback_support,2,1,0,service_quality
worst service parcel kept at hub had to self collect,logistics,0,0,7,fallback_support,0,3,2,service_quality
worst service product damaged leaked,logistics,0,0,5,damage_lost,0,4,3,damaged_package
missing items in parcel,logistics,1,0,7,damage_lost,0,0,0,service_quality
no thanks,logistics,1,2,7,fallback_support,2,1,0,service_quality
quick delivery good service,logistics,2,2,7,fallback_support,2,1,0,service_quality
very poor irresponsible service,logistics,0,0,7,fallback_support,0,3,2,service_quality
fake tracking entry by associate,logistics,0,0,4,tracking,0,3,2,tracking_updates
package received safely polite delivery person,logistics,2,2,7,fallback_support,2,1,0,service_quality
delivere experience very bad,logistics,0,0,7,fallback_support,0,3,2,service_quality
received damaged product,logistics,0,0,5,damage_lost,0,4,3,damaged_package
rare polite and humble people appreciated,logistics,1,1,7,fallback_support,2,0,0,service_quality
delivery person not well behave,logistics,0,0,7,fallback_support,1,0,1,service_quality
parcel received safely though delayed acceptable,logistics,2,0,0,delay,0,0,0,delivery_failures
excellent delivery,logistics,2,2,7,fallback_support,2,1,0,service_quality
sahi time pe saman nahi jata hai,logistics,1,1,7,fallback_support,1,0,0,service_quality
received wrong product please contact scam case,logistics,0,0,7,support,0,4,3,service_quality
delivery delayed and not received yesterday very disappointed,logistics,0,0,0,damage_lost,0,4,3,delivery_failures
insurance death cover suggestion,logistics,1,1,7,fallback_support,1,0,0,service_quality
ordered something else received different item,logistics,1,1,7,fallback_support,1,0,0,service_quality
worst service delivery agent did not respond or deliver to home address,logistics,0,0,7,fallback_support,0,3,2,service_quality
Delivery of Debit Card was atrocious repeated false consignee not available reports and no resolution,logistics,0,0,7,fallback_support,1,0,1,service_quality
order reached hub delivery agent did not contact rescheduled repeatedly had to collect item,logistics,0,0,7,behaviour,1,0,2,service_quality
delivery agent behaviour good but very delayed,logistics,1,0,0,delay,0,2,2,delivery_failures
item not delivered today,logistics,0,0,0,fallback_support,0,3,2,delivery_failures
please return item,logistics,1,1,7,refund,1,0,0,service_quality
item missing in delivery,logistics,0,0,5,damage_lost,0,4,3,damaged_package
partial order received refund requested,logistics,1,0,7,refund,1,0,0,service_quality
on time delivery,logistics,1,1,7,fallback_support,2,0,0,service_quality
parcel returned but credit points reduced,logistics,1,1,7,refund,1,0,0,service_quality
delivery person polite found new address,logistics,1,1,7,fallback_support,2,0,0,service_quality
courier not delivered to address,logistics,0,0,0,fallback_support,0,3,2,delivery_failures
receive on time but minor request if possible then please share number of delivery person when package out for delivery,logistics,1,1,7,fallback_support,2,0,0,service_quality
not same as shown in picture,logistics,0,0,7,fallback_support,1,0,1,service_quality
delivery boy supportive and helpful,logistics,2,2,7,support,2,1,0,service_quality
delivery misprint address but resolved later,logistics,1,0,0,delay,0,1,1,delivery_failures
sender details missing and faulty product delivered,logistics,0,0,7,fallback_support,0,3,2,service_quality
highly,logistics,1,1,7,fallback_support,1,0,0,service_quality
quick delivery,logistics,1,1,7,fallback_support,2,0,0,service_quality
please deliver order on time,logistics,1,1,7,fallback_support,2,0,0,service_quality
very late delayed delivery,logistics,0,0,0,delay,0,3,2,delivery_failures
cheating business dirty torn saree delivered instead of ordered product,logistics,0,0,5,damage_lost,0,4,3,damaged_package
need accurate timely delivery info no fake sms,logistics,1,1,7,fallback_support,0,0,0,service_quality
consistent delivery delays with vendor,logistics,0,0,0,delay,0,3,2,delivery_failures
on time arrival,logistics,1,1,7,fallback_support,2,0,0,service_quality
nothing improve,logistics,1,1,7,fallback_support,1,0,0,service_quality
deliver exact original items as advertised,logistics,1,1,7,fallback_support,1,0,0,service_quality
very very bad service not recommended,logistics,0,0,7,fallback_support,0,3,2,service_quality
delivery man rude to senior citizen,logistics,0,0,2,behaviour,0,3,2,agent_behaviour
service great no change needed,logistics,2,2,7,fallback_support,2,1,0,service_quality
ok delivery,logistics,1,1,7,fallback_support,1,0,0,service_quality
want to cancel my order due to issue,logistics,0,0,7,fallback_support,0,3,2,service_quality
delay due to delivery person leave,logistics,1,0,0,delay,0,2,2,delivery_failures
good service on time,logistics,2,2,7,fallback_support,2,1,0,service_quality
vare good keep it up,logistics,2,2,7,fallback_support,2,1,0,service_quality
welcome kit missing cheque book,logistics,1,0,7,fallback_support,0,0,0,service_quality
nice good service,logistics,2,2,7,fallback_support,2,1,0,service_quality
shipment not delivered despite multiple follow ups unacceptable delay,logistics,0,0,0,delay,0,3,2,delivery_failures
product superb sound quality,logistics,2,2,7,fallback_support,2,1,0,service_quality
delay service,logistics,0,0,0,delay,0,3,2,delivery_failures
fast service very happy on time delivery,logistics,2,2,7,fallback_support,2,1,0,service_quality
please deliver product faster,logistics,1,1,7,fallback_support,2,0,0,service_quality
delivery person calm patient professional,logistics,2,2,7,fallback_support,2,1,0,service_quality
not delivered on time,logistics,0,0,0,delay,0,3,2,delivery_failures
replacement requested product quality not good,logistics,0,0,7,refund,1,1,0,service_quality
delivery delayed due to lack of delivery staff,logistics,0,0,0,delay,0,3,2,delivery_failures
best delivery agent,logistics,2,2,7,fallback_support,2,1,0,service_quality
delivery man awesome behaviour,logistics,2,2,7,behaviour,2,1,0,service_quality
deliver on time iam happy,logistics,2,2,7,fallback_support,2,1,0,service_quality
fake delivery status without calling customer,logistics,0,0,4,tracking,0,3,2,tracking_updates
delivery staff rude spoke badly,logistics,0,0,2,behaviour,0,3,2,agent_behaviour
wrong order delivered,logistics,0,0,7,fallback_support,0,3,2,service_quality
work seems impossible,logistics,1,1,7,fallback_support,1,0,0,service_quality
need better communication,logistics,1,1,7,fallback_support,1,0,0,service_quality
rude behaviour towards family member,logistics,0,0,2,behaviour,0,3,2,agent_behaviour
best of friend bobby good service,logistics,2,2,7,fallback_support,2,1,0,service_quality
return product poor quality,logistics,0,0,7,refund,0,4,3,service_quality
avoid fraud check before delivery,logistics,1,1,7,fallback_support,1,4,3,service_quality
return requested wrong item delivered,logistics,1,0,7,refund,0,0,0,service_quality
return requested without reason,logistics,1,1,7,refund,1,0,0,service_quality
receive courier on scheduled time thank you,logistics,2,2,7,fallback_support,2,1,0,service_quality
smooth on time polite delivery,logistics,2,2,7,fallback_support,2,1,0,service_quality
keep going,logistics,1,1,7,fallback_support,1,0,0,service_quality
delivery man should call before coming,logistics,1,1,7,support,1,0,0,service_quality
parcel marked delivered but not received,logistics,1,1,7,damage_lost,0,0,0,service_quality
parcel delivered to unknown location,logistics,0,0,7,fallback_support,1,0,1,service_quality
best service very good hospitality,logistics,2,2,7,fallback_support,2,1,0,service_quality
charged different COD for same place unfair practice,logistics,0,0,7,pricing,1,0,0,service_quality
fake product image shown different item delivered,logistics,0,0,7,fallback_support,0,3,2,service_quality
Keep updated about the tracking status,logistics,1,1,4,tracking,1,0,1,tracking_updates
good sound,logistics,2,2,7,fallback_support,2,1,0,service_quality
service superb keep it up,logistics,2,2,7,fallback_support,2,1,0,service_quality
abusive language feedback,logistics,0,0,7,pricing,1,0,0,service_quality
courier delivered to unknown person,logistics,1,1,7,fallback_support,1,0,0,service_quality
it very nice rate thank you team divine hindu blue dart team,logistics,2,2,7,fallback_support,2,1,0,service_quality
No iam not interested KYC update,logistics,0,0,7,fallback_support,1,0,1,service_quality
tracking system poor no delivery contact,logistics,0,0,4,tracking,0,3,2,tracking_updates
delivery guy keep ring bell very much in hurry rude,logistics,0,0,2,behaviour,0,3,2,agent_behaviour
package tampered seal broken,logistics,0,0,5,damage_lost,0,4,3,damaged_package
polite and sweet courier person,logistics,2,2,7,fallback_support,2,1,0,service_quality
good service staff behaviour nice,logistics,2,2,7,behaviour,2,1,0,service_quality
customer service needs improvement,logistics,0,0,7,support,1,0,1,service_quality
extremely poor delayed damaged delivery,logistics,0,0,5,damage_lost,0,4,3,damaged_package
parcel given to security without informing,logistics,1,1,7,fallback_support,1,0,0,service_quality
your service very timely behaviour of your delivery boy also very cordial,logistics,2,2,7,behaviour,2,1,0,service_quality
bad delivery,logistics,0,0,7,fallback_support,0,3,2,service_quality
delivery personnel unprofessional and in hurry,logistics,0,0,2,behaviour,0,3,2,agent_behaviour
wrong stock delivered,logistics,1,0,7,fallback_support,0,0,0,service_quality
delay as per expected date,logistics,1,0,0,delay,0,2,2,delivery_failures
want return received wrong parcel,logistics,0,0,7,refund,0,4,3,service_quality
your delivery boy manner of communication very poor he didnt come my address deliver parcel instead,logistics,0,0,7,fallback_support,0,3,2,service_quality
not deliver home,logistics,1,1,7,fallback_support,1,0,0,service_quality
item received by someone else status shows delivered,logistics,1,1,7,fallback_support,1,0,0,service_quality
return requested size too small,logistics,1,1,7,refund,1,0,0,service_quality
delivery time should add in form,logistics,1,1,7,fallback_support,1,0,0,service_quality
good fast delivery,logistics,2,2,7,fallback_support,2,1,0,service_quality
not deliver at door step,logistics,0,0,7,fallback_support,1,0,1,service_quality
too much delay staff avoiding delivery,logistics,0,0,0,delay,0,3,2,delivery_failures
right time delivery proper manner,logistics,1,1,7,fallback_support,1,0,0,service_quality
minimal calls,logistics,1,1,7,support,1,0,0,service_quality
size issue exchange requested,logistics,1,0,7,refund,0,0,0,service_quality
bluedart delivery boy very nice friendly behaviour,logistics,2,2,7,behaviour,2,1,0,service_quality
havent received package yet,logistics,0,0,7,fallback_support,1,0,1,service_quality
premium jacket quality excellent,logistics,2,2,7,fallback_support,2,1,0,service_quality
bluedart delivery staff not deliver at my addresshe call me at other location which from my current addressi tell him that deliver at my current address then he say that your current address bluedart dont deliver at that location as well a say that if you dont come then submit this item in hdfc bank,logistics,0,0,7,support,1,0,1,service_quality
great service overall,logistics,2,2,7,fallback_support,2,1,0,service_quality
parcel misplaced warehouse pickup wasted day,logistics,0,0,7,fallback_support,1,0,1,service_quality
my parcel not delivered kindly send me signature,logistics,1,0,0,fallback_support,0,0,0,delivery_failures
last few deliveries seal open,logistics,0,0,7,fallback_support,1,0,1,service_quality
delivery partner well behaved,logistics,2,2,7,fallback_support,2,1,0,service_quality
parcel handed to unknown person urgent,logistics,0,0,7,fallback_support,1,0,1,service_quality
good service in time delivery,logistics,2,2,7,fallback_support,2,1,0,service_quality
delivery staff misbehaved while handling check book,logistics,0,0,2,behaviour,1,0,2,agent_behaviour
thanks for quick smooth delivery,logistics,2,2,7,fallback_support,2,1,0,service_quality
quality not well,logistics,0,0,7,fallback_support,1,0,1,service_quality
good service by ankit,logistics,2,2,7,fallback_support,2,1,0,service_quality
very fast delivery,logistics,2,2,7,fallback_support,2,1,0,service_quality
product damaged in transit,logistics,1,0,5,damage_lost,0,3,3,damaged_package
delivery extremely late,logistics,1,0,0,delay,0,0,1,delivery_failures
everything was good staff behaviour nice,logistics,2,2,7,behaviour,2,1,0,service_quality
very late delivery false report of premise close whereas no delivery attempt for last two day,logistics,0,0,0,delay,0,3,2,delivery_failures
very very bad experience with bluedart,logistics,0,0,7,fallback_support,0,3,2,service_quality
We are proud to have joined IDFC Bank first of its kind excellent experience,logistics,2,2,7,fallback_support,2,1,0,service_quality
agency not recommended insufficient staff,logistics,0,0,7,fallback_support,1,0,1,service_quality
delivery date confusion,logistics,1,1,7,fallback_support,1,0,0,service_quality
change product,logistics,1,1,7,fallback_support,1,0,0,service_quality
perfume packaging damaged and disappointing,logistics,0,0,5,damage_lost,0,4,3,damaged_package
courier receive nov but daily out for delivery,logistics,0,0,7,fallback_support,1,0,1,service_quality
thanks for timely delivery,logistics,2,2,7,fallback_support,2,1,0,service_quality
good enough,logistics,2,2,7,fallback_support,2,1,0,service_quality
parcel not delivered to named recipient,logistics,1,0,0,fallback_support,0,0,0,delivery_failures
very fast accurate delivery,logistics,2,2,7,fallback_support,2,1,0,service_quality
order l size delivery size,logistics,1,1,7,fallback_support,1,0,0,service_quality
minimum deposit amount should be reduced,logistics,1,1,7,fallback_support,1,0,0,service_quality
sender fraud,logistics,0,0,7,fallback_support,1,4,3,service_quality
return order link needed,logistics,1,1,7,refund,1,0,0,service_quality
cannot receive my parcel,logistics,0,0,7,fallback_support,1,0,1,service_quality
executive never attempted delivery and falsely updated status,logistics,0,0,7,fallback_support,1,0,1,service_quality
very bad product,logistics,1,0,7,fallback_support,0,0,0,service_quality
no complaints good service,logistics,2,2,7,support,0,3,2,service_quality
return request,logistics,1,1,7,refund,1,0,0,service_quality
very disappointed delivery delay,logistics,0,0,0,delay,0,3,2,delivery_failures
good behaviour and polite communication,logistics,2,2,7,behaviour,2,1,0,service_quality
fraud product received online,logistics,0,0,7,fallback_support,1,4,3,service_quality
received call,logistics,1,1,7,support,1,0,0,service_quality
bad service no responsibility,logistics,0,0,7,fallback_support,0,3,2,service_quality
no delivery attempt made had to collect from hub,logistics,0,0,7,fallback_support,1,0,1,service_quality
item missing,logistics,0,0,5,damage_lost,0,4,3,damaged_package
wonderful banking experience with idfc,logistics,2,2,7,fallback_support,2,1,0,service_quality
hassle free on time delivery,logistics,2,2,7,fallback_support,2,1,0,service_quality
inform customer before delivery time slot,logistics,1,1,7,fallback_support,1,0,0,service_quality
one of my item missing,logistics,1,0,5,damage_lost,0,0,0,damaged_package
fast delivery and good interaction,logistics,2,2,7,fallback_support,2,1,0,service_quality
already opened box,logistics,1,1,7,fallback_support,1,0,0,service_quality
good delivery boy polite,logistics,2,2,7,fallback_support,2,1,0,service_quality
late service despite urgent charges,logistics,1,0,0,delay,0,0,1,delivery_failures
service good no issues,logistics,2,0,7,fallback_support,0,1,0,service_quality
unable to receive call but delivery completed,logistics,1,1,7,support,1,0,0,service_quality
package delivered to wrong address,logistics,0,0,1,wrong_delivery,0,3,2,wrong_delivery
product delivered to wrong office,logistics,1,0,7,wrong_delivery,0,0,1,service_quality
raise complaint because wrong order received please refund amount,logistics,0,0,7,refund,0,4,3,service_quality
delivery partner not professional gave unsolicited advice and argued with customer,logistics,0,0,2,behaviour,2,0,2,agent_behaviour
he take more from me want my money back it delivery guy who lie take money from bludart,logistics,0,0,7,refund,0,4,3,service_quality
service very poor,logistics,0,0,7,fallback_support,0,3,2,service_quality
transparent which reason item cant deliver,logistics,1,1,7,fallback_support,1,0,0,service_quality
delivery took too long despite nearby centre,logistics,1,1,0,fallback_support,1,0,0,delivery_failures
well done,logistics,1,1,7,fallback_support,2,1,0,service_quality
received order at bluedart pickup point,logistics,1,1,7,fallback_support,1,0,0,service_quality
please share agreement letter,logistics,1,1,7,fallback_support,1,0,0,service_quality
you very good,logistics,2,2,7,fallback_support,2,1,0,service_quality
nearby shop delivery via otp forced bad service,logistics,1,0,7,fallback_support,0,3,2,service_quality
undue delay no communication,logistics,0,0,0,delay,0,3,2,delivery_failures
not my courier fraud message received,logistics,0,0,7,fallback_support,1,4,3,service_quality
awesome product experience,logistics,2,2,7,fallback_support,2,1,0,service_quality
wonderful experience,logistics,2,2,7,fallback_support,2,1,0,service_quality
damaged package signs of tampering,logistics,0,0,5,damage_lost,0,4,3,damaged_package
bank atm related shipment mention,logistics,1,0,0,delay,0,0,1,delivery_failures
we want return order need contact number,logistics,1,1,7,refund,1,0,0,service_quality
product not received marked delivered,logistics,0,0,7,damage_lost,0,4,3,service_quality
nothing delivered today despite approval,logistics,0,0,7,fallback_support,1,0,1,service_quality
excellent job,logistics,1,2,7,fallback_support,2,1,0,service_quality
didnt fuck recieved it,logistics,0,0,7,fallback_support,1,0,1,service_quality
this replacement order delivered earlier box was completely open and wrong product was delivered,logistics,0,0,7,refund,0,4,3,service_quality
delivery boy very helpful nice behaviour,logistics,2,2,7,behaviour,2,1,0,service_quality
scammed want refund,logistics,0,0,7,refund,0,4,3,service_quality
quality feedback,logistics,1,1,7,pricing,1,0,0,service_quality
packet marked delivered but not received no call no otp,logistics,0,0,2,damage_lost,0,4,3,agent_behaviour
horrible service experience,logistics,0,0,7,fallback_support,1,0,1,service_quality
service always vgood with customer convenience approach,logistics,2,2,7,fallback_support,2,1,0,service_quality
irresponsible service will not recommend,logistics,0,0,7,fallback_support,1,0,1,service_quality
want to contact support,logistics,1,1,7,support,1,0,0,service_quality
delivery person insisted alternate delivery location,logistics,1,1,7,fallback_support,1,0,0,service_quality
damaged product need return sender details missing,logistics,0,0,5,damage_lost,0,4,3,damaged_package
delivery partner number should be shared,logistics,1,1,7,fallback_support,1,0,0,service_quality
order delivered late ruined occasion,logistics,0,0,0,delay,0,3,2,delivery_failures
wrong person delivery,logistics,0,0,1,fallback_support,0,3,2,wrong_delivery
parcel not delivered at home no call made,logistics,1,0,0,behaviour,0,0,0,delivery_failures
halfway delivery asked to collect myself,logistics,0,0,7,fallback_support,1,0,1,service_quality
received wrong product,logistics,1,0,7,fallback_support,0,0,0,service_quality
delivery not attempted phone not picked,logistics,0,0,0,delay,0,3,2,delivery_failures
sound quality not good,logistics,0,0,7,fallback_support,2,1,1,service_quality
thanks great,logistics,2,2,7,fallback_support,2,1,0,service_quality
very rude customer care and poor delivery,logistics,0,0,2,behaviour,0,3,2,agent_behaviour
please deliver my passbook properly,logistics,1,1,7,fallback_support,1,0,0,service_quality
awesome delevery experience,logistics,2,2,7,fallback_support,2,1,0,service_quality
item fully damaged not usable,logistics,0,0,5,damage_lost,0,4,3,damaged_package
delivery service very poor in my pincode,logistics,0,0,7,fallback_support,0,3,2,service_quality
not receive my order even after speak delivery guy ask him deliver it on th nov even since no one available receive parcel,logistics,0,0,7,fallback_support,1,0,1,service_quality
not received order please ensure delivery,logistics,1,1,7,damage_lost,0,0,0,service_quality
not yet deliver in expected date,logistics,1,1,7,fallback_support,1,0,0,service_quality
left box at pg entrance,logistics,1,1,7,fallback_support,1,0,0,service_quality
bad experience wrong item delivered,logistics,0,0,7,fallback_support,0,3,2,service_quality
thank you so much,logistics,2,2,7,fallback_support,2,1,0,service_quality
want return product ordered casio got local watch,logistics,1,1,7,refund,1,0,0,service_quality
not properly packed bottle leak,logistics,0,0,7,damage_lost,0,4,3,service_quality
security delivery not doorstep,logistics,1,1,7,fallback_support,1,0,0,service_quality
did not receive product but marked delivered,logistics,0,0,7,damage_lost,0,4,3,service_quality
delivery boy took money refund not given,logistics,0,0,7,refund,0,4,3,service_quality
item not delivered at given address,logistics,0,0,0,fallback_support,0,3,2,delivery_failures
You could add more account types with lower MAB also. Otherwise good so far.,logistics,2,2,7,fallback_support,2,1,0,service_quality
delivery person asked me to collect parcel from his location,logistics,0,0,7,fallback_support,1,0,1,service_quality
not receive packet or kitwho irshad who consignment deliver,logistics,1,1,4,tracking,1,0,1,tracking_updates
so happy,logistics,2,2,7,fallback_support,2,1,0,service_quality
delivery good though slower than amazon flipkart,logistics,2,2,7,fallback_support,2,1,0,service_quality
credit card pin delivered to watchman security issue,logistics,1,0,7,fallback_support,0,0,0,service_quality
name spelled incorrectly on parcel,logistics,1,1,7,fallback_support,0,0,0,service_quality
Great delivery guy smooth process,logistics,2,2,7,fallback_support,2,1,0,service_quality
good attitude,logistics,2,2,7,fallback_support,2,1,0,service_quality
rating only for delivery person,logistics,1,1,7,fallback_support,1,0,0,service_quality
thank you for delivering my awaited item on time in good condition,logistics,2,2,7,fallback_support,2,1,0,service_quality
great service delivery on time,logistics,2,2,7,fallback_support,2,1,0,service_quality
reliable service but no strong feedback,logistics,1,1,7,pricing,1,0,0,service_quality
lalit kumar handled shipment well,logistics,1,1,7,fallback_support,1,0,0,service_quality
order delivered very late but service ok,logistics,1,0,0,delay,0,0,1,delivery_failures
accuracy good,logistics,1,2,7,fallback_support,2,1,0,service_quality
nothing much requiredall good,logistics,2,2,7,fallback_support,2,1,0,service_quality
share proof of delivery,logistics,1,1,7,fallback_support,1,0,0,service_quality
not deliver on time,logistics,0,0,7,fallback_support,2,0,1,service_quality
faster delivery bluedart service,logistics,2,2,7,fallback_support,2,1,0,service_quality
very rude delivery boy,logistics,0,0,2,behaviour,0,3,2,agent_behaviour
package delayed without any information,logistics,1,0,0,delay,0,2,2,delivery_failures
courier not deliver my home have reach courier office n get package,logistics,0,0,7,fallback_support,1,0,1,service_quality
The delivery was on time. And tracking details were given on time,logistics,2,2,4,tracking,1,0,0,tracking_updates
very rude unprofessional delivery man,logistics,0,0,2,behaviour,0,3,2,agent_behaviour
please improve delivery time,logistics,1,1,7,fallback_support,1,0,0,service_quality
too late delivery,logistics,0,0,0,delay,0,3,2,delivery_failures
no shipment deliver please update,logistics,1,1,7,fallback_support,1,0,0,service_quality
signature taken but item not delivered,logistics,1,0,0,fallback_support,0,0,0,delivery_failures
order not delivered delivery agent failed,logistics,0,0,0,fallback_support,0,3,2,delivery_failures
delivery feedback,logistics,1,1,7,pricing,1,0,0,service_quality
behaviour of employee so good,logistics,1,2,7,behaviour,2,1,0,service_quality
used product received want return,logistics,0,0,7,refund,0,4,3,service_quality
im at home no delivery person came no parcel received,logistics,1,1,7,fallback_support,1,0,0,service_quality
fast delivery service,logistics,1,1,7,fallback_support,2,0,0,service_quality
schedule delivery time in advance,logistics,1,1,7,fallback_support,1,0,0,service_quality
excellent experience,logistics,2,2,7,fallback_support,2,1,0,service_quality
give delivery person mobile number,logistics,1,1,7,fallback_support,1,0,0,service_quality
forced pickup due to false refusal remark,logistics,0,0,7,fallback_support,1,0,1,service_quality
good prompt service,logistics,2,2,7,fallback_support,2,1,0,service_quality
return requested not satisfied,logistics,0,0,7,refund,1,1,0,service_quality
delivery boy very bad,logistics,0,0,7,fallback_support,0,3,2,service_quality
reliable service,logistics,2,2,7,fallback_support,2,1,0,service_quality
delivery to wrong person,logistics,1,0,1,fallback_support,0,0,0,wrong_delivery
delivery person left bank card outside house without notification,logistics,0,0,7,fallback_support,1,0,1,service_quality
ordered one product but received another,logistics,1,1,7,fallback_support,1,0,0,service_quality
product changed please replace,logistics,0,0,7,fallback_support,1,0,1,service_quality
second parcel via blue dart,logistics,1,1,7,fallback_support,1,0,0,service_quality
excellent communication,logistics,2,2,7,fallback_support,2,1,0,service_quality
courier boy did not come to door asked to come outside,logistics,1,1,7,fallback_support,1,0,0,service_quality
not dileverd on time every time please look at this important problem,logistics,0,0,7,fallback_support,0,3,2,service_quality
wrong product poor quality,logistics,0,0,7,fallback_support,0,3,2,service_quality
fast reliable delivery service,logistics,2,2,7,fallback_support,2,1,0,service_quality
remaining order missing,logistics,1,0,7,fallback_support,0,0,0,service_quality
delivery person argued and forced me to arrange cash unacceptable behaviour,logistics,0,0,2,behaviour,1,0,2,agent_behaviour
card not delivered but marked delivered,logistics,0,0,0,fallback_support,0,3,2,delivery_failures
super delivery boy good,logistics,2,2,7,fallback_support,2,1,0,service_quality
dont know who mohan havent receive shipment,logistics,1,1,7,fallback_support,1,0,0,service_quality
not delivered at home,logistics,0,0,0,fallback_support,0,3,2,delivery_failures
punctuality concern,logistics,1,1,7,fallback_support,1,2,1,service_quality
very disappointed courier staff behaviour,logistics,0,0,7,behaviour,1,0,2,service_quality
good could well with timing,logistics,1,2,7,fallback_support,2,1,0,service_quality
very kind and helpful person,logistics,2,2,7,fallback_support,2,1,0,service_quality
waited patiently for customer,logistics,1,1,7,fallback_support,1,0,0,service_quality
delivery boy rude and unprofessional during delivery,logistics,0,0,2,behaviour,0,3,2,agent_behaviour
delivery boy late,logistics,0,0,0,delay,0,3,2,delivery_failures
fake delivery attempt reported,logistics,0,0,7,fallback_support,0,3,2,service_quality
they take extra money,logistics,0,0,7,fallback_support,1,0,1,service_quality
carry on,logistics,1,1,7,fallback_support,1,0,0,service_quality
packaging broken not satisfied,logistics,0,0,5,damage_lost,0,4,3,damaged_package
Super service No problem at all sir,logistics,2,0,7,fallback_support,0,0,0,service_quality
please deliver product fastly,logistics,1,1,7,fallback_support,2,0,0,service_quality
reliable courier service,logistics,2,2,7,fallback_support,2,1,0,service_quality
delivery message should come after delivery,logistics,1,1,7,fallback_support,1,0,0,service_quality
gift pack missing damaged product,logistics,1,0,5,damage_lost,0,3,3,damaged_package
not delivered product at all,logistics,0,0,0,fallback_support,0,3,2,delivery_failures
inform who received card,logistics,1,1,7,fallback_support,1,0,0,service_quality
khub j sari prakriya chhe,logistics,1,1,7,fallback_support,1,0,0,service_quality
need time slot option for delivery,logistics,1,1,7,fallback_support,1,0,0,service_quality
manager rude behaviour at office,logistics,0,0,2,behaviour,0,3,2,agent_behaviour
no improvement suggestion,logistics,1,1,7,fallback_support,1,0,0,service_quality
parcel delivered to wrong flat careless behaviour,logistics,0,0,1,wrong_delivery,0,3,2,wrong_delivery
prepaid parcel not delivered at door cod delivered at door,logistics,1,0,0,fallback_support,0,0,0,delivery_failures
delivery attempt failed due to missed call,logistics,1,1,0,delay,1,0,1,delivery_failures
delivery person refused to deliver to first floor after complaint delivered standing on street,logistics,0,0,7,support,0,3,2,service_quality
called for directions and delivered intact,logistics,1,1,7,support,1,0,0,service_quality
so bad,logistics,0,0,7,fallback_support,0,3,2,service_quality
no call when out for delivery,logistics,1,1,2,behaviour,1,0,0,agent_behaviour
delivery person cooperative and supportive,logistics,2,2,7,support,2,1,0,service_quality
order delivery delayed by full day beyond schedule,logistics,1,0,0,delay,0,2,2,delivery_failures
fake delivery remark,logistics,1,1,7,fallback_support,0,0,0,service_quality
very good job very happy,logistics,2,2,7,fallback_support,2,1,0,service_quality
return accepted,logistics,1,1,7,refund,1,0,0,service_quality
delivery staff professional and polite,logistics,2,2,7,fallback_support,2,1,0,service_quality
very good service delivery guy behaviour also very good,logistics,2,2,7,behaviour,2,1,0,service_quality
delivery delay without prior info,logistics,1,0,0,delay,0,2,2,delivery_failures
high quality product,logistics,1,1,7,fallback_support,1,0,0,service_quality
dont know whom you delivered parcel,logistics,1,1,7,fallback_support,1,0,0,service_quality
poor packaging bottle leaked,logistics,0,0,5,damage_lost,0,4,3,damaged_package
provide delivery service contact number,logistics,1,1,7,support,1,0,0,service_quality
paperless fast banking but courier bad,logistics,1,0,7,fallback_support,0,0,0,service_quality
wrong product delivered from your side,logistics,0,0,7,fallback_support,0,3,2,service_quality
early service appreciated,logistics,2,2,7,fallback_support,2,1,0,service_quality
parcel not deliver mark delivered,logistics,1,1,7,fallback_support,1,0,0,service_quality
delivery charges should be reduced,logistics,1,1,7,fallback_support,1,0,0,service_quality
no phone call from delivery team,logistics,1,1,7,support,1,0,0,service_quality
one more item missing,logistics,1,0,5,damage_lost,0,0,0,damaged_package
g tum hkfbcc jysig,logistics,1,1,7,fallback_support,1,0,0,service_quality
bad product received,logistics,0,0,7,fallback_support,0,3,2,service_quality
order arrived late,logistics,0,0,0,delay,0,3,2,delivery_failures
havent received courier name mismatch issue,logistics,1,0,7,fallback_support,0,0,0,service_quality
below average service,logistics,0,0,7,fallback_support,1,0,1,service_quality
bad delivery man arrogant behaviour,logistics,0,0,7,behaviour,0,3,2,service_quality
very good service delivered one day early,logistics,2,2,7,fallback_support,2,1,0,service_quality
performance exceeded expectations,logistics,2,2,7,fallback_support,2,1,0,service_quality
do not receive mail,logistics,0,0,7,fallback_support,1,0,1,service_quality
your executive ask for aadhar card of receive person,logistics,1,1,7,fallback_support,1,0,0,service_quality
not me,logistics,1,1,7,fallback_support,1,0,0,service_quality
wrong product delivered ordered tshirts received pants,logistics,0,0,7,fallback_support,0,3,2,service_quality
wrong article received only car mobile charger in box,logistics,0,0,7,fallback_support,0,3,2,service_quality
delivery time not shown,logistics,1,1,7,fallback_support,1,0,0,service_quality
want to return my order,logistics,1,1,7,refund,1,0,0,service_quality
delivery delayed beyond promised date,logistics,0,0,0,delay,0,3,2,delivery_failures
delivery delayed by one day,logistics,1,0,0,delay,0,2,2,delivery_failures
very good behaviour nicely talk good hearted man,logistics,2,2,7,behaviour,2,1,0,service_quality
provide delivery time slot option,logistics,1,1,7,fallback_support,1,0,0,service_quality
called to delivery point instead of doorstep,logistics,0,0,7,support,1,0,1,service_quality
name incorrect on parcel,logistics,1,1,7,fallback_support,0,0,0,service_quality
delivered ahead of schedule very efficient service,logistics,2,2,7,fallback_support,2,1,0,service_quality
thanks,logistics,2,2,7,fallback_support,2,1,0,service_quality
delivery person cooperative,logistics,1,1,7,fallback_support,1,0,0,service_quality
product original address per deliver nahi huva,logistics,0,0,7,fallback_support,1,0,1,service_quality
employee explained account features very well and opened account after banking hours appreciate the effort,logistics,2,2,7,fallback_support,2,1,0,service_quality
they wait for u because we late take delivery,logistics,1,0,0,delay,0,0,1,delivery_failures
had to collect parcel from office pathetic service,logistics,0,0,7,fallback_support,1,0,1,service_quality
delivery agent number not shared,logistics,0,0,7,fallback_support,1,0,1,service_quality
false information raised by delivery partner,logistics,0,0,7,fallback_support,1,0,1,service_quality
not receive parcel no call no OTP,logistics,0,0,2,behaviour,1,0,2,agent_behaviour
delivery staff not interested left parcel with security item missing,logistics,0,0,5,damage_lost,0,4,3,damaged_package
bank service excellent welcome kit pending,logistics,2,2,7,fallback_support,0,1,0,service_quality
nice behaviour,logistics,1,2,7,behaviour,2,0,0,service_quality
slow delivery extremely delayed,logistics,0,0,0,delay,0,3,2,delivery_failures
status misleading parcel delivered late and tampered,logistics,0,0,5,damage_lost,0,4,3,damaged_package
sandip polite and cooperative delivery agent,logistics,2,2,7,fallback_support,2,1,0,service_quality
ok tanq,logistics,1,1,7,fallback_support,1,0,0,service_quality
parcel not delivered to me,logistics,1,0,0,fallback_support,0,0,0,delivery_failures
delivery marked delivered without actual delivery,logistics,1,1,7,fallback_support,1,0,0,service_quality
nice service overall,logistics,2,2,7,fallback_support,2,1,0,service_quality
delivery marked without actual delivery,logistics,0,0,7,fallback_support,1,0,1,service_quality
very bad saree quality,logistics,0,0,7,fallback_support,0,3,2,service_quality
delivery late despite follow ups,logistics,1,0,0,delay,0,2,2,delivery_failures
NONE,logistics,1,1,7,fallback_support,1,0,0,service_quality
minimum balance info needed,logistics,1,1,7,fallback_support,1,0,0,service_quality
delivery boy contact number should be shared,logistics,1,1,7,support,1,0,0,service_quality
order is fake want to return very disappointed,logistics,0,0,7,refund,0,4,3,service_quality
fake product exchange fraud,logistics,0,0,7,refund,0,4,3,service_quality
bad service article reached hub near my house but not delivered,logistics,0,0,0,fallback_support,0,3,2,delivery_failures
item not same,logistics,0,0,7,fallback_support,1,0,1,service_quality
not right,logistics,1,1,7,fallback_support,1,0,0,service_quality
very rude behaviour shouting and arguing with customer,logistics,0,0,2,behaviour,0,3,2,agent_behaviour
continuous delay no support or contact,logistics,0,0,0,delay,0,3,2,delivery_failures
normal service,logistics,1,1,7,fallback_support,1,0,0,service_quality
everything perfect service,logistics,2,2,7,fallback_support,2,1,0,service_quality
track parcel go office collect it know they delay delivery,logistics,1,0,0,delay,0,2,2,delivery_failures
fake product delivered unhappy,logistics,0,0,7,fallback_support,0,3,2,service_quality
worst delivery personnel,logistics,0,0,7,fallback_support,0,3,2,service_quality
bad service experience,logistics,0,0,7,fallback_support,0,3,2,service_quality
delivery boy very humble,logistics,2,2,7,fallback_support,2,1,0,service_quality
nothing to improve everything perfect,logistics,2,2,7,fallback_support,2,1,0,service_quality
prompt fast delivery,logistics,2,2,7,fallback_support,2,1,0,service_quality
not well,logistics,0,0,7,fallback_support,1,0,1,service_quality
rude delivery person behaviour,logistics,0,0,2,behaviour,0,3,2,agent_behaviour
india,logistics,1,1,7,fallback_support,1,0,0,service_quality
fake remark short address delivery not attempted,logistics,0,0,0,delay,0,3,2,delivery_failures
no call just delivery message received,logistics,0,0,2,behaviour,1,0,2,agent_behaviour
best service in region,logistics,2,2,7,fallback_support,2,1,0,service_quality
staff cooperative timely delivery,logistics,2,2,7,fallback_support,2,1,0,service_quality
not good quality,logistics,0,0,7,fallback_support,2,1,1,service_quality
delivery boy didnt speak address parcel not received,logistics,0,0,7,damage_lost,0,4,3,service_quality
delivery on time good service thanks bluedart,logistics,2,2,7,fallback_support,2,1,0,service_quality
delivery delayed repeatedly,logistics,0,0,0,delay,0,3,2,delivery_failures
fjfuuffhhchf,logistics,1,1,7,fallback_support,1,0,0,service_quality
delivered after delay extremely poor service,logistics,0,0,0,delay,0,3,2,delivery_failures
regional language support needed for KYC,logistics,1,1,7,support,1,0,0,service_quality
very good service keep it going,logistics,2,2,7,fallback_support,2,1,0,service_quality
delivery agent not trained rude behaviour,logistics,0,0,2,behaviour,0,3,2,agent_behaviour
shipment not delivered but marked delivered,logistics,0,0,0,fallback_support,0,3,2,delivery_failures
not receive parcel without handover,logistics,1,1,7,fallback_support,1,0,0,service_quality
delivery agent professional and polite,logistics,2,2,7,fallback_support,2,1,0,service_quality
10,logistics,1,1,7,fallback_support,1,0,0,service_quality
missing item from package,logistics,1,0,7,damage_lost,0,0,0,service_quality
delivery partner refused doorstep delivery asked to collect far away,logistics,0,0,7,fallback_support,1,0,1,service_quality
My Documents not received Please Contact,logistics,1,1,7,damage_lost,0,0,0,service_quality
parcel not delivered to address,logistics,0,0,0,fallback_support,0,3,2,delivery_failures
parcel wrongly delivered not received by me,logistics,0,0,7,damage_lost,0,4,3,service_quality
order not receive,logistics,1,1,7,fallback_support,1,0,0,service_quality
delivery person good but unreachable in emergency,logistics,1,2,7,fallback_support,2,1,0,service_quality
return requested wrong product,logistics,1,0,7,refund,0,0,0,service_quality
not dor delivery,logistics,1,1,7,fallback_support,1,0,0,service_quality
no home delivery,logistics,0,0,7,fallback_support,1,0,1,service_quality
cloth quality very bad,logistics,0,0,7,fallback_support,0,3,2,service_quality
want return my order because different item received,logistics,1,1,7,refund,1,0,0,service_quality
delivery denied to home told service only on main road market area,logistics,0,0,7,fallback_support,1,0,1,service_quality
product delivered to wrong person,logistics,0,0,1,wrong_delivery,0,3,2,wrong_delivery
delivery person knows address accurately,logistics,1,1,7,fallback_support,1,0,0,service_quality
parcel delivered to tenant without otp,logistics,1,1,7,fallback_support,1,0,0,service_quality
delivery of this order make promptly,logistics,1,1,7,fallback_support,2,0,0,service_quality
delivery received accurately,logistics,1,1,7,fallback_support,1,0,0,service_quality
replace cover wrong item,logistics,1,0,7,fallback_support,0,0,0,service_quality
item delivered to wrong person,logistics,0,0,1,wrong_delivery,0,3,2,wrong_delivery
not deliver at door step,logistics,1,1,7,fallback_support,1,0,0,service_quality
nothing more to say delivered on time,logistics,2,2,7,fallback_support,2,1,0,service_quality
unprofessional delivery staff behaviour,logistics,1,1,2,behaviour,0,0,0,agent_behaviour
delivery delay,logistics,1,0,0,delay,0,2,2,delivery_failures
delivery agent polite professional,logistics,1,1,7,fallback_support,2,0,0,service_quality
product different from ur add,logistics,1,1,7,fallback_support,1,0,0,service_quality
received,logistics,1,1,7,fallback_support,1,0,0,service_quality
this my first order receive from blue dart,logistics,1,1,7,fallback_support,1,0,0,service_quality
everything ok excellent service thanks,logistics,2,2,7,fallback_support,2,1,0,service_quality
delivery office pickup required,logistics,1,1,7,fallback_support,1,0,0,service_quality
mobile case exchange issue,logistics,1,0,7,refund,0,0,0,service_quality
it not deliver me yet,logistics,1,1,7,fallback_support,1,0,0,service_quality
delivery delayed missed important date,logistics,1,0,0,delay,0,2,2,delivery_failures
shipment delivered on time,logistics,2,2,7,fallback_support,2,1,0,service_quality
extra day taken for delivery,logistics,1,1,7,fallback_support,1,0,0,service_quality
didnt receive any parcel fraud case,logistics,0,0,7,fallback_support,1,4,3,service_quality
order delivered very late,logistics,0,0,0,delay,0,3,2,delivery_failures
timely service,logistics,1,1,7,fallback_support,2,0,0,service_quality
pathetic delivery had to collect from centre,logistics,0,0,7,fallback_support,1,0,1,service_quality
good ok overall satisfied,logistics,2,2,7,fallback_support,2,1,0,service_quality
delivery delayed with no update extremely disappointing,logistics,0,0,0,delay,0,3,2,delivery_failures
package marked delivered but not received,logistics,0,0,7,damage_lost,0,4,3,service_quality
Amazing experience,logistics,2,2,7,fallback_support,2,1,0,service_quality
delivery very late but finally received,logistics,1,0,0,delay,0,0,1,delivery_failures
not received yet,logistics,1,1,7,damage_lost,0,0,0,service_quality
delivery done before schedule appreciable,logistics,2,2,7,fallback_support,2,1,0,service_quality
delivery status wrongly marked delivered without call,logistics,0,0,7,tracking,0,3,2,service_quality
update status regularly,logistics,1,1,7,fallback_support,1,0,0,service_quality
delivery not attempted at location,logistics,1,1,0,delay,1,0,1,delivery_failures
parcel not received no call,logistics,0,0,2,damage_lost,0,4,3,agent_behaviour
very patient well speak delivery guy v respectful helpful,logistics,2,2,7,fallback_support,2,1,0,service_quality
order delivery delayed many days unprofessional behaviour,logistics,0,0,0,delay,0,3,2,delivery_failures
self pickup required,logistics,1,1,7,fallback_support,1,0,0,service_quality
people not reach at mentioned address atleast didnt get call from delivery agent when check status it mention a address invalid which deliver other shipment same address in past which clearly say that negligence of service finally step in office location get card,logistics,0,0,7,support,1,0,1,service_quality
delivery lady behavior not good,logistics,0,0,7,behaviour,2,1,2,service_quality
very poor had to collect parcel from office,logistics,0,0,7,fallback_support,0,3,2,service_quality
broken box received,logistics,1,1,5,damage_lost,0,0,0,damaged_package
nice service experience,logistics,2,2,7,fallback_support,2,1,0,service_quality
delivery not attempted had to collect from office,logistics,0,0,0,delay,0,3,2,delivery_failures
parcel not delivered and no intimation provided,logistics,1,0,0,behaviour,0,0,0,delivery_failures
not delivered to hand,logistics,1,0,0,fallback_support,0,0,0,delivery_failures
delivery reattempt done thank you,logistics,2,2,7,fallback_support,2,1,0,service_quality
parcel taken back by delivery person,logistics,1,1,7,fallback_support,1,0,0,service_quality
delivery marked completed before actual delivery,logistics,1,1,7,fallback_support,1,0,0,service_quality
do not receive package but marked delivered,logistics,0,0,7,fallback_support,1,0,1,service_quality
product missing,logistics,0,0,7,damage_lost,0,4,3,service_quality
order delivered but not upto mark,logistics,1,1,7,fallback_support,1,0,0,service_quality
missing item in parcel,logistics,1,0,7,damage_lost,0,0,0,service_quality
easy account opening good experience,logistics,2,2,7,fallback_support,2,1,0,service_quality
delivery service very good and helpful staff,logistics,2,2,7,fallback_support,2,1,0,service_quality
delivery delayed,logistics,0,0,0,delay,0,3,2,delivery_failures
late delivery after many days,logistics,1,0,0,delay,0,0,1,delivery_failures
delivery agent extremely rude,logistics,0,0,2,behaviour,0,3,2,agent_behaviour
delivery executive did great job,logistics,2,2,7,fallback_support,2,1,0,service_quality
where my parcel,logistics,1,1,7,fallback_support,1,0,0,service_quality
didnt receive my product,logistics,0,0,7,fallback_support,1,0,1,service_quality
delivery not at residence unclear source,logistics,0,0,7,fallback_support,1,0,1,service_quality
professional response improved,logistics,2,2,7,fallback_support,2,1,0,service_quality
shipment delivery delayed,logistics,1,0,0,delay,0,2,2,delivery_failures
hassle free,logistics,1,1,7,fallback_support,1,0,0,service_quality
delivery man no wait rude,logistics,1,0,2,behaviour,0,3,2,agent_behaviour
bluedart forced self collection from office very bad service,logistics,0,0,7,fallback_support,0,3,2,service_quality
courier not received,logistics,1,1,7,damage_lost,0,0,0,service_quality
godo,logistics,1,1,7,fallback_support,1,0,0,service_quality
gold,logistics,1,1,7,fallback_support,1,0,0,service_quality
very poor delivery forced office pickup after week,logistics,0,0,7,fallback_support,0,3,2,service_quality
fraud seller wrong product delivered despite correct invoice,logistics,0,0,7,fallback_support,0,4,3,service_quality
bank documents handed without verification concern,logistics,1,1,7,fallback_support,1,2,1,service_quality
box cut parcel tampered,logistics,0,0,5,damage_lost,0,4,3,damaged_package
havent receive my parcel,logistics,0,0,7,fallback_support,1,0,1,service_quality
delivery person refused door delivery and asked me to travel long distance,logistics,0,0,7,fallback_support,1,0,1,service_quality
size extremely small,logistics,1,1,7,fallback_support,1,0,0,service_quality
awesome service,logistics,2,2,7,fallback_support,2,1,0,service_quality
parcel received opened item missing delivery person refused responsibility,logistics,0,0,5,damage_lost,0,4,3,damaged_package
it deliver late keep get message daily that not at home but no one ever come deilver this unprofessional understand that there can genuine case of delay,logistics,0,0,0,delay,0,3,2,delivery_failures
delivery delayed had to collect from office,logistics,0,0,0,delay,0,3,2,delivery_failures
delivery guy do not deliver parcel just because he climb stair,logistics,0,0,7,fallback_support,1,0,1,service_quality
noiceeeee,logistics,1,1,7,fallback_support,1,0,0,service_quality
delivery partner very polite and professional,logistics,2,2,7,fallback_support,2,1,0,service_quality
wrong size received,logistics,1,0,7,fallback_support,0,0,0,service_quality
after day effect,logistics,1,1,7,fallback_support,1,0,0,service_quality
delivery boy promised delivery but delayed,logistics,1,0,0,delay,0,2,2,delivery_failures
delivery was too late compared to schedule,logistics,0,0,0,delay,0,3,2,delivery_failures
poor delivery service overall,logistics,0,0,7,fallback_support,0,3,2,service_quality
on time,logistics,1,1,7,fallback_support,2,0,0,service_quality
one day late delivery,logistics,1,0,0,delay,0,0,1,delivery_failures
false reporting without visit or call,logistics,0,0,7,support,1,0,1,service_quality
item not received no delivery attempt,logistics,0,0,7,damage_lost,0,4,3,service_quality
office jake lena pada service ekdam galat hai,logistics,0,0,7,fallback_support,1,0,1,service_quality
confidential letter delivered to wrong person security risk,logistics,1,0,1,wrong_delivery,0,0,1,wrong_delivery
fantastic five star,logistics,2,2,7,fallback_support,2,1,0,service_quality
ok good,logistics,2,2,7,fallback_support,2,1,0,service_quality
delivery improvement required,logistics,1,1,7,fallback_support,1,0,0,service_quality
satisfied with service,logistics,2,2,7,fallback_support,2,1,0,service_quality
not delivered at my location,logistics,0,0,0,fallback_support,0,3,2,delivery_failures
excellent fast service,logistics,2,2,7,fallback_support,2,1,0,service_quality
delivery reached district but not delivered for days,logistics,0,0,0,fallback_support,0,3,2,delivery_failures
very late delivery,logistics,0,0,0,delay,0,3,2,delivery_failures
delivered to wrong person address,logistics,0,0,1,wrong_delivery,0,3,2,wrong_delivery
by my name correction required,logistics,1,1,7,fallback_support,1,0,0,service_quality
product defective,logistics,0,0,7,fallback_support,1,0,1,service_quality
delivery address marked incorrect falsely,logistics,0,0,7,fallback_support,0,3,2,service_quality
punctuality,logistics,1,1,7,fallback_support,1,0,0,service_quality
delivery not on time wrong info given,logistics,0,0,7,delay,0,3,2,service_quality
no manner talk eldersneed improve interaction behaviour which cant insult client especially senior,logistics,0,0,7,behaviour,1,0,2,service_quality
bad service delivery boy start call me from pm deliver at he call with different different number again again,logistics,0,0,7,support,0,3,2,service_quality
delivery boy patience appreciated,logistics,2,2,7,fallback_support,2,1,0,service_quality
delivery late no site update,logistics,0,0,0,delay,0,3,2,delivery_failures
self pickup delivery failed,logistics,1,1,0,delay,1,0,1,delivery_failures
very good service impressed,logistics,2,2,7,fallback_support,2,1,0,service_quality
many times delivery avoided with false reasons no call made,logistics,0,0,2,behaviour,1,0,2,agent_behaviour
Nothing need to change,logistics,1,1,7,fallback_support,1,0,0,service_quality
waited whole day no call delivery timing unclear,logistics,1,2,2,behaviour,1,0,0,agent_behaviour
product not delivered at all,logistics,0,0,0,fallback_support,0,3,2,delivery_failures
delivery partner was very rude refused to come near doorstep and spoke harshly unacceptable behaviour,logistics,0,0,2,behaviour,0,3,2,agent_behaviour
delivery after full payment delayed,logistics,0,0,0,delay,0,3,2,delivery_failures
package not delivered,logistics,1,0,0,fallback_support,0,0,0,delivery_failures
it deliver at all whom deliver god only know,logistics,1,1,7,fallback_support,1,0,0,service_quality
correct delivery,logistics,2,2,7,fallback_support,2,1,0,service_quality
get different product not what ordered,logistics,1,1,7,fallback_support,1,0,0,service_quality
delivery delay with false premise closed update very poor service,logistics,0,0,0,delay,0,3,2,delivery_failures
shipment not delivered fake update,logistics,0,0,0,fallback_support,0,3,2,delivery_failures
rude behaviour,logistics,0,0,2,behaviour,0,3,2,agent_behaviour
saree damaged,logistics,0,0,5,damage_lost,0,4,3,damaged_package
partial delivery app shows full delivered,logistics,1,1,7,fallback_support,1,0,0,service_quality
product does not fit cannot use,logistics,0,0,7,fallback_support,1,0,1,service_quality
good service communication easy,logistics,2,2,7,fallback_support,2,1,0,service_quality
excellent customer service,logistics,2,2,7,support,2,1,0,service_quality
ok receive,logistics,1,1,7,fallback_support,1,0,0,service_quality
professional conduct,logistics,1,1,7,fallback_support,2,0,0,service_quality
we cant receive flicka silk touch only lipstick receive from box,logistics,1,1,7,fallback_support,1,0,0,service_quality
important courier delayed without call,logistics,0,0,0,delay,0,3,2,delivery_failures
delivery guy didnt deliver order,logistics,0,0,7,fallback_support,1,0,1,service_quality
u deliver wrong courier,logistics,0,0,7,fallback_support,0,3,2,service_quality
fake product exchanged fraud,logistics,0,0,7,refund,0,4,3,service_quality
no call received from courier,logistics,1,1,2,behaviour,1,0,0,agent_behaviour
one of best delivery,logistics,2,2,7,fallback_support,2,1,0,service_quality
delivery staff rude liar needs training,logistics,0,0,2,behaviour,0,3,2,agent_behaviour
scope for improvement in online KYC verification,logistics,1,1,7,fallback_support,1,0,0,service_quality
delivery marked but receiver different,logistics,1,1,7,fallback_support,1,0,0,service_quality
delivery staff need behaviour training,logistics,1,1,7,behaviour,1,0,0,service_quality
very nice product,logistics,2,2,7,fallback_support,2,1,0,service_quality
sunday dilivery honi chahiye,logistics,1,1,7,fallback_support,1,0,0,service_quality
yes received service,logistics,1,1,7,fallback_support,1,0,0,service_quality
quick service provider deliver on time,logistics,1,1,7,fallback_support,2,0,0,service_quality
incorrect address reported intentionally,logistics,1,1,7,fallback_support,0,0,0,service_quality
delivery guy refuse come up collect downstairs,logistics,1,1,7,fallback_support,1,0,0,service_quality
ok thanks,logistics,1,2,7,fallback_support,2,1,0,service_quality
bad delivery service,logistics,0,0,7,fallback_support,0,3,2,service_quality
long term customer trust appreciated,logistics,1,1,7,fallback_support,2,0,0,service_quality
outstanding service from blue dartgood behavior blue dart agent,logistics,2,2,7,behaviour,2,1,0,service_quality
not at all satisfied,logistics,1,1,7,fallback_support,2,1,0,service_quality
service appreciable,logistics,2,2,7,fallback_support,2,1,0,service_quality
delivery status incorrect no call received,logistics,0,0,2,behaviour,0,3,2,agent_behaviour
extremely rude delivery behaviour,logistics,0,0,2,behaviour,0,3,2,agent_behaviour
delivery boy behaved very rudely and arrogantly,logistics,0,0,2,behaviour,0,3,2,agent_behaviour
pathetic delivery and customer care never recommend,logistics,0,0,3,support,1,0,1,customer_support
self pickup,logistics,1,1,7,fallback_support,1,0,0,service_quality
delivery boy never comes to floor always leaves at ground floor very disappointing,logistics,0,0,7,fallback_support,1,0,1,service_quality
As of now very good experience,logistics,2,2,7,fallback_support,2,1,0,service_quality
product not delivered,logistics,0,0,0,fallback_support,0,3,2,delivery_failures
no delivered,logistics,1,1,7,fallback_support,1,0,0,service_quality
village delivery slow dissatisfied,logistics,0,0,7,delay,0,3,2,service_quality
On.pay.link,logistics,1,1,7,fallback_support,1,0,0,service_quality
worst delivery service refund demanded,logistics,0,0,7,refund,0,4,3,service_quality
option to choose delivery date required,logistics,1,1,7,fallback_support,1,0,0,service_quality
good service ashwin david thank you,logistics,2,2,7,fallback_support,2,1,0,service_quality
very nice delivery experience,logistics,2,2,7,fallback_support,2,1,0,service_quality
did not receive delivery,logistics,0,0,7,damage_lost,0,4,3,service_quality
delivery delay with no communication,logistics,0,0,0,delay,0,3,2,delivery_failures
late delivery again,logistics,1,0,0,delay,0,0,1,delivery_failures
franchise person never delivers at home,logistics,0,0,7,fallback_support,1,0,1,service_quality
order never delivered always marked premise locked,logistics,0,0,7,fallback_support,1,0,1,service_quality
delivery executive very rude behaviour,logistics,0,0,2,behaviour,0,3,2,agent_behaviour
deliver on time without forcing office pickup,logistics,1,1,7,fallback_support,2,0,0,service_quality
delivery status falsely marked delivered,logistics,1,1,7,fallback_support,1,0,0,service_quality
delivery pending,logistics,1,1,0,delay,0,2,2,delivery_failures
super fast one day delivery polite staff,logistics,2,2,7,fallback_support,2,1,0,service_quality
return requested bad product,logistics,0,0,7,refund,0,4,3,service_quality
wrong item delivered dust instead of product,logistics,0,0,7,fallback_support,0,3,2,service_quality
sharan very kind hard working,logistics,2,2,7,fallback_support,2,1,0,service_quality
packet torn need careful handling,logistics,1,1,5,damage_lost,1,0,0,damaged_package
courier person called first day then no follow up false status updated repeatedly,logistics,1,1,3,support,1,2,1,customer_support
atm card not delivered needs branch help,logistics,0,0,0,fallback_support,0,3,2,delivery_failures
shipment marked delivered but not received,logistics,1,1,7,damage_lost,0,0,0,service_quality
company cheated wrong product sent fraud,logistics,0,0,7,fallback_support,0,4,3,service_quality
excell,logistics,1,1,7,fallback_support,1,0,0,service_quality
awesome,logistics,2,2,7,fallback_support,2,1,0,service_quality
Hg,logistics,1,1,7,fallback_support,1,0,0,service_quality
amit ok,logistics,1,1,7,fallback_support,1,0,0,service_quality
delivery date earlier than expected,logistics,1,1,7,fallback_support,1,0,0,service_quality
package not yet received,logistics,0,0,7,fallback_support,1,0,1,service_quality
delivery speedy smooth,logistics,2,2,7,fallback_support,2,1,0,service_quality
courier delivered to wrong address,logistics,0,0,1,wrong_delivery,0,3,2,wrong_delivery
courier delivered on time thank you,logistics,2,2,7,fallback_support,2,1,0,service_quality
fabric quality very cheap,logistics,1,1,7,fallback_support,1,0,0,service_quality
otp based delivery safe and secure,logistics,2,2,7,fallback_support,2,1,0,service_quality
nil feedback,logistics,1,1,7,pricing,1,0,0,service_quality
delivery boy refused area delivery,logistics,0,0,7,fallback_support,1,0,1,service_quality
great timely delivery,logistics,2,2,7,fallback_support,2,1,0,service_quality
very good product value,logistics,2,2,7,fallback_support,2,1,0,service_quality
video kyc improvement suggestion,logistics,1,1,7,fallback_support,1,0,0,service_quality
unable to track package location,logistics,1,1,4,tracking,1,0,1,tracking_updates
delay without reason,logistics,1,0,0,delay,0,2,2,delivery_failures
product not delivered as per convenience,logistics,0,0,0,fallback_support,0,3,2,delivery_failures
timely,logistics,1,1,7,fallback_support,2,0,0,service_quality
nothing to add,logistics,1,1,7,fallback_support,1,0,0,service_quality
very happy with this courier service,logistics,2,2,7,fallback_support,2,1,0,service_quality
package never delivered false attempts marked,logistics,0,0,7,fallback_support,1,0,1,service_quality
last credit card delivery was very bad,logistics,0,0,7,fallback_support,0,3,2,service_quality
delivery agent never called even after reschedule,logistics,1,1,7,support,1,0,0,service_quality
payment failed due to network issue,logistics,0,0,7,fallback_support,0,3,2,service_quality
wrong information about address marked without OTP or call,logistics,0,0,7,support,0,3,2,service_quality
bad experience ever order not yet deliver but status delivered,logistics,0,0,7,fallback_support,0,3,2,service_quality
relationship manager suggestion for improvement,logistics,1,1,7,fallback_support,1,0,0,service_quality
very pathetic service,logistics,0,0,7,fallback_support,1,0,1,service_quality
delivery person not good,logistics,0,0,7,fallback_support,2,1,1,service_quality
completely satisfied with recent delivery,logistics,2,2,7,fallback_support,2,1,0,service_quality
good h,logistics,1,2,7,fallback_support,2,1,0,service_quality
package roaming with rider no update forced hub pickup,logistics,1,1,4,tracking,0,2,2,tracking_updates
when get product blue dart parcel tore inside also one of product plastic tore,logistics,1,1,7,fallback_support,1,0,0,service_quality
very satisfied with service,logistics,2,2,7,fallback_support,2,1,0,service_quality
poor service credit card charged without update,logistics,0,0,7,pricing,0,3,2,service_quality
return requested due to size issue,logistics,0,0,7,refund,0,4,3,service_quality
fraud order wrong item sent,logistics,0,0,7,fallback_support,0,4,3,service_quality
false delivery attempt remarks without calling customer,logistics,0,0,7,support,1,0,1,service_quality
fast and secure,logistics,2,2,7,fallback_support,2,1,0,service_quality
parcel expected delivery date missed,logistics,1,1,7,fallback_support,1,0,0,service_quality
delivery handled well polite staff,logistics,2,2,7,fallback_support,2,1,0,service_quality
not delivered to right person,logistics,0,0,0,fallback_support,0,3,2,delivery_failures
not pure product quality,logistics,1,1,7,fallback_support,1,0,0,service_quality
just keep up good work,logistics,2,2,7,fallback_support,2,1,0,service_quality
can buy pack but get one pack,logistics,1,1,7,fallback_support,1,0,0,service_quality
refund requested,logistics,1,0,7,refund,1,0,0,service_quality
please cancel my order this wrong item,logistics,0,0,7,fallback_support,0,3,2,service_quality
polite behaviour of delivery person,logistics,2,2,7,behaviour,2,1,0,service_quality
please avoid delivery delay,logistics,1,0,0,delay,0,2,2,delivery_failures
great service on time delivery,logistics,2,2,7,fallback_support,2,1,0,service_quality
delivery pleasant but delayed,logistics,1,0,0,delay,0,2,2,delivery_failures
not received,logistics,1,1,7,damage_lost,0,0,0,service_quality
shipment falsely marked delivered,logistics,0,0,7,fallback_support,1,0,1,service_quality
third class service,logistics,1,1,7,fallback_support,1,0,0,service_quality
delivery rescheduled falsely,logistics,0,0,0,delay,0,3,2,delivery_failures
im very happy,logistics,2,2,7,fallback_support,2,1,0,service_quality
delivery call used bluedart address,logistics,1,1,7,support,1,0,0,service_quality
delivery agent unable to reach location despite map and live location,logistics,1,1,7,fallback_support,1,0,0,service_quality
parcel taken back by delivery agent,logistics,1,1,7,fallback_support,1,0,0,service_quality
delivery boy dropped parcel without handover poor practice,logistics,0,0,7,fallback_support,0,3,2,service_quality
want to return product received old item,logistics,0,0,7,refund,0,4,3,service_quality
correct pincode but courier held for three days,logistics,0,0,7,fallback_support,1,0,1,service_quality
loan installment details required,logistics,1,1,7,fallback_support,1,0,0,service_quality
delivery agent behaved rudely while delivering medicine,logistics,0,0,2,behaviour,0,3,2,agent_behaviour
refund process query,logistics,1,0,7,refund,1,0,0,service_quality
ordered pillow received only one,logistics,1,1,7,fallback_support,1,0,0,service_quality
ordered item not sent different item received,logistics,1,1,7,fallback_support,1,0,0,service_quality
delivery agent behaves so rude,logistics,0,0,2,behaviour,0,3,2,agent_behaviour
order falsely marked not available before return,logistics,0,0,7,refund,0,4,3,service_quality
late delivery by one day,logistics,1,0,0,delay,0,0,1,delivery_failures
service is reliable and good,logistics,2,2,7,fallback_support,2,1,0,service_quality
awsome service from blue dart courier,logistics,2,2,7,fallback_support,2,1,0,service_quality
please deliver faster,logistics,1,1,7,fallback_support,2,0,0,service_quality
delivery boy lied about availability,logistics,0,0,7,fallback_support,1,0,1,service_quality
very delayed delivery not happy,logistics,0,0,0,delay,0,3,2,delivery_failures
delivered without actual delivery,logistics,1,1,7,fallback_support,1,0,0,service_quality
received image but wrong size delivered,logistics,1,0,7,fallback_support,0,0,0,service_quality
Good banking,logistics,2,2,7,fallback_support,2,1,0,service_quality
very bad behaviour not acceptable,logistics,0,0,7,behaviour,0,3,2,service_quality
item not received,logistics,1,1,7,damage_lost,0,0,0,service_quality
parcel not receive message came delivered,logistics,1,1,7,fallback_support,1,0,0,service_quality
service already good,logistics,2,2,7,fallback_support,2,1,0,service_quality
good quality best service,logistics,2,2,7,fallback_support,2,1,0,service_quality
delivery executive rude handling shipment,logistics,0,0,2,behaviour,0,3,2,agent_behaviour
wrong item delivered by courier boy,logistics,0,0,7,fallback_support,0,3,2,service_quality
delivery delayed without location update,logistics,0,0,0,delay,0,3,2,delivery_failures
allow delivery at fixed slot,logistics,1,1,7,fallback_support,1,0,0,service_quality
fake product wrong watch received want return,logistics,0,0,7,refund,0,4,3,service_quality
fully satisfied with delivery person,logistics,2,2,7,fallback_support,2,1,0,service_quality
staff behaviour extremely poor at branch,logistics,1,1,7,behaviour,0,0,0,service_quality
very good nice,logistics,2,2,7,fallback_support,2,1,0,service_quality
dress completely different from image want return,logistics,0,0,7,refund,0,4,3,service_quality
payment issue extra amount collected,logistics,1,0,6,pricing,0,0,0,payment_issues
delivery poor service,logistics,0,0,7,fallback_support,0,3,2,service_quality
false delivery report despite availability,logistics,1,1,7,fallback_support,1,0,0,service_quality
parcel damaged after multiple follow ups and retaped worst experience,logistics,0,0,5,damage_lost,0,4,3,damaged_package
service good,logistics,1,2,7,fallback_support,2,1,0,service_quality
extra money taken beyond order value,logistics,0,0,7,fallback_support,1,0,1,service_quality
order placed by mistake want return,logistics,1,1,7,refund,1,0,0,service_quality
must,logistics,1,1,7,fallback_support,1,0,0,service_quality
bank account opening smooth and hassle free,logistics,2,2,7,fallback_support,2,1,0,service_quality
before arrive please give call,logistics,1,1,7,support,1,0,0,service_quality
call before delivery,logistics,1,1,7,support,1,0,0,service_quality
fraud parcel received instead of original item,logistics,0,0,7,fallback_support,1,4,3,service_quality
delivery agent returned exact change,logistics,1,1,7,refund,1,0,0,service_quality
pathetic service,logistics,0,0,7,fallback_support,1,0,1,service_quality
had to collect from hub after two weeks,logistics,0,0,7,fallback_support,1,0,1,service_quality
package received opened item not missing but seems used earlier,logistics,0,0,7,fallback_support,0,3,2,service_quality
delivery boy behaved badly shouted and did not listen to address instructions,logistics,0,0,2,behaviour,0,3,2,agent_behaviour
name reference,logistics,1,1,7,fallback_support,1,0,0,service_quality
it took extra day for delivery,logistics,1,1,7,fallback_support,1,0,0,service_quality
not in time,logistics,1,1,7,fallback_support,1,0,0,service_quality
mobile cover small size issue,logistics,1,0,7,fallback_support,0,0,0,service_quality
order not delivered suspected fraud,logistics,0,0,0,fallback_support,0,4,3,delivery_failures
lipstick delivered was empty and used product,logistics,0,0,7,fallback_support,1,0,1,service_quality
order not delivered to me,logistics,0,0,0,fallback_support,0,3,2,delivery_failures
reliable courier overall,logistics,1,1,7,fallback_support,1,0,0,service_quality
forced to collect from outlet repeatedly,logistics,0,0,7,fallback_support,1,0,1,service_quality
delivery partner did not deliver on time,logistics,0,0,7,fallback_support,2,0,1,service_quality
poor quality name tag,logistics,0,0,7,fallback_support,0,3,2,service_quality
courier not delivered home collected from office,logistics,0,0,0,fallback_support,0,3,2,delivery_failures
forced hub pickup after fake remarks,logistics,0,0,7,fallback_support,0,3,2,service_quality
size issue and poor quality product,logistics,0,0,7,fallback_support,0,3,2,service_quality
best quality received,logistics,1,1,7,fallback_support,1,0,0,service_quality
delivery without consent unacceptable,logistics,1,1,7,fallback_support,1,0,0,service_quality
used product in package,logistics,1,1,7,fallback_support,1,0,0,service_quality
dont schedule delivery on weekend,logistics,1,1,7,fallback_support,1,0,0,service_quality
excellent service super fast delivery,logistics,2,2,7,fallback_support,2,1,0,service_quality
satisfactory experience,logistics,2,2,7,fallback_support,2,1,0,service_quality
delivery delayed at hub without intimation,logistics,0,0,0,delay,0,3,2,delivery_failures
delivery executive patient and helpful,logistics,2,2,7,fallback_support,2,1,0,service_quality
no thoughts,logistics,1,1,7,fallback_support,1,0,0,service_quality
product damaged during transport,logistics,0,0,5,damage_lost,0,4,3,damaged_package
shipment delivered to different receiver,logistics,1,1,7,fallback_support,1,0,0,service_quality
delivery partner refused to deliver at my address,logistics,0,0,7,fallback_support,1,0,1,service_quality
no doorstep delivery forced self pickup,logistics,0,0,7,fallback_support,1,0,1,service_quality
you serve best,logistics,2,2,7,fallback_support,2,1,0,service_quality
delivery boy did not come to my home address,logistics,0,0,7,fallback_support,1,0,1,service_quality
not delivered to me,logistics,0,0,0,fallback_support,0,3,2,delivery_failures
it recommend provide order reach owner,logistics,1,1,7,fallback_support,1,0,0,service_quality
delay delivery,logistics,1,0,0,delay,0,2,2,delivery_failures
card not delivered had to collect from bluedart office staff behaviour bad,logistics,0,0,0,behaviour,0,3,2,delivery_failures
be honest in first place,logistics,1,1,7,fallback_support,1,0,0,service_quality
behavior very good,logistics,2,2,7,behaviour,2,1,0,service_quality
sir this rong item how can return this not my order,logistics,0,0,1,wrong_delivery,0,3,2,wrong_delivery
very pleased with service,logistics,2,2,7,fallback_support,2,1,0,service_quality
not delivered had to collect parcel personally,logistics,1,0,0,fallback_support,0,0,0,delivery_failures
didnt receive order,logistics,1,1,7,fallback_support,1,0,0,service_quality
delivery boy contact number should be visible,logistics,1,1,7,support,1,0,0,service_quality
best delivery service ever,logistics,2,2,7,fallback_support,2,1,0,service_quality
delivery delayed need proactive communication,logistics,1,0,0,delay,0,2,2,delivery_failures
one of best service thank you so much,logistics,2,2,7,fallback_support,2,1,0,service_quality
delay service,logistics,1,0,0,delay,0,2,2,delivery_failures
too much late delivery,logistics,0,0,0,delay,0,3,2,delivery_failures
parcel not deliver but message come a deliver,logistics,1,1,7,fallback_support,1,0,0,service_quality
Credit card and online banking facilities should be offered . ,logistics,1,1,7,fallback_support,1,0,0,service_quality
good service good delivery person,logistics,2,2,7,fallback_support,2,1,0,service_quality
consignment not received yet,logistics,1,1,4,damage_lost,0,0,0,tracking_updates
ordered sunglasses wrong brand delivered,logistics,0,0,7,fallback_support,0,3,2,service_quality
false door closed remark,logistics,0,0,7,fallback_support,1,0,1,service_quality
parcel stuck at hub had to collect myself,logistics,0,0,7,fallback_support,0,3,2,service_quality
humble service,logistics,2,2,7,fallback_support,2,1,0,service_quality
one day delay at patna airport,logistics,1,0,0,delay,0,2,2,delivery_failures
delivery not completed on time one week delay false incorrect address reasons,logistics,0,0,0,delay,0,3,2,delivery_failures
no comment,logistics,1,1,7,fallback_support,1,0,0,service_quality
good service first delivery,logistics,2,2,7,fallback_support,2,1,0,service_quality
good working,logistics,2,2,7,fallback_support,2,1,0,service_quality
dont wan,logistics,1,1,7,fallback_support,1,0,0,service_quality
delivery slow and late,logistics,1,0,0,delay,0,0,1,delivery_failures
forced to pick order from office after delays,logistics,0,0,0,delay,0,3,2,delivery_failures
product different from website images,logistics,1,1,7,fallback_support,1,0,0,service_quality
just great service,logistics,2,2,7,fallback_support,2,1,0,service_quality
delivery boy extremely poor performance,logistics,0,0,7,fallback_support,0,3,2,service_quality
improve delivery service,logistics,1,1,7,fallback_support,1,0,0,service_quality
damage box little bit open,logistics,1,0,7,damage_lost,1,0,0,service_quality
courier not delivered no call track immediately,logistics,0,0,0,tracking,0,3,2,delivery_failures
delivery guy very helpful,logistics,2,2,7,fallback_support,2,1,0,service_quality
no call unsure where parcel delivered,logistics,0,0,2,behaviour,1,0,2,agent_behaviour
bank charges slabs not explained clearly before account opening,logistics,1,2,7,fallback_support,1,0,0,service_quality
poor communication high price very late delivery,logistics,0,0,0,delay,0,3,2,delivery_failures
wrong product delivered,logistics,1,0,7,fallback_support,0,0,0,service_quality
fantastic service packaging very safe,logistics,2,2,7,fallback_support,2,1,0,service_quality
best service experience,logistics,2,2,7,fallback_support,2,1,0,service_quality
package leaked inside but staff fine,logistics,1,1,5,damage_lost,1,0,0,damaged_package
friendliness professionalism average,logistics,1,1,7,fallback_support,2,0,0,service_quality
please reduce transit time,logistics,1,1,7,fallback_support,1,0,0,service_quality
no need,logistics,1,1,7,fallback_support,1,0,0,service_quality
wrong item delivered unfair want return,logistics,0,0,7,refund,0,4,3,service_quality
perfect,logistics,1,2,7,fallback_support,2,0,0,service_quality
your irresponsibility beyond explanation,logistics,0,0,7,fallback_support,1,0,1,service_quality
service not available area still accepted order,logistics,0,0,7,fallback_support,1,0,1,service_quality
order marked delivered but not received,logistics,0,0,7,damage_lost,0,4,3,service_quality
improvement seen delivery system better now,logistics,1,1,7,fallback_support,1,0,0,service_quality
Yy,logistics,1,1,7,fallback_support,1,0,0,service_quality
packet not received,logistics,0,0,7,damage_lost,0,4,3,service_quality
my parshl id not dilevery,logistics,1,1,7,fallback_support,1,0,0,service_quality
delivery person proactive and reached customer,logistics,2,2,7,fallback_support,2,1,0,service_quality
address corrected and delivered successfully thanks,logistics,2,2,7,fallback_support,2,1,0,service_quality
just need add number of delivery partner,logistics,1,1,7,fallback_support,1,0,0,service_quality
good service fast delivery,logistics,2,2,7,fallback_support,2,1,0,service_quality
prashant good always polite on time,logistics,2,2,7,fallback_support,2,1,0,service_quality
always prompt polite delivery important,logistics,2,2,7,fallback_support,2,1,0,service_quality
stupid service,logistics,0,0,7,fallback_support,1,0,1,service_quality
delivery inconvenience faced,logistics,0,0,7,fallback_support,1,0,1,service_quality
debit card not delivered but marked delivered,logistics,0,0,0,fallback_support,0,3,2,delivery_failures
best fast service,logistics,2,2,7,fallback_support,2,1,0,service_quality
no suggestion,logistics,1,1,7,fallback_support,1,0,0,service_quality
didnt receive item,logistics,0,0,7,fallback_support,1,0,1,service_quality
delivery man rude behaviour,logistics,0,0,2,behaviour,0,3,2,agent_behaviour
false delivery attempt marked,logistics,0,0,7,fallback_support,1,0,1,service_quality
good service decent timely delivery,logistics,2,2,7,fallback_support,2,1,0,service_quality
delivery partner refused doorstep delivery,logistics,0,0,7,fallback_support,1,0,1,service_quality
delivery boy very rude mannerless,logistics,0,0,2,behaviour,0,3,2,agent_behaviour
thanks,logistics,1,2,7,fallback_support,2,1,0,service_quality
delivery person called earlier,logistics,1,1,7,support,1,0,0,service_quality
no verification risky delivery,logistics,1,1,7,fallback_support,1,0,0,service_quality
delivery agent refunded without delivery,logistics,1,0,7,refund,1,0,0,service_quality
prompt polite speedy delivery,logistics,1,1,7,fallback_support,2,0,0,service_quality
multiple complaints raised earlier,logistics,1,1,7,support,0,3,2,service_quality
best service in india,logistics,2,2,7,fallback_support,2,1,0,service_quality
OTP taken on call but parcel not delivered,logistics,0,0,0,support,0,3,2,delivery_failures
delivery partner rude refused floor delivery insisted to come down,logistics,0,0,2,behaviour,0,3,2,agent_behaviour
missing item in parcel protein bar not received,logistics,0,0,7,damage_lost,0,4,3,service_quality
staff delivered safely thanks,logistics,2,2,7,fallback_support,2,1,0,service_quality
marked delivered but no delivery happened,logistics,0,0,7,fallback_support,1,0,1,service_quality
no follow up,logistics,1,1,3,support,1,2,1,customer_support
receiver received,logistics,1,1,7,fallback_support,1,0,0,service_quality
awesome,logistics,1,2,7,fallback_support,1,0,0,service_quality
package delivered with proper instructions intact,logistics,1,1,7,fallback_support,1,0,0,service_quality
delivery message received but parcel not delivered,logistics,1,0,0,fallback_support,0,0,0,delivery_failures
deliver product on time,logistics,1,1,7,fallback_support,2,0,0,service_quality
item not delivered but message says delivered,logistics,0,0,0,fallback_support,0,3,2,delivery_failures
very cooperative staff,logistics,1,1,7,fallback_support,1,0,0,service_quality
delivery team very polite and fast,logistics,2,2,7,fallback_support,2,1,0,service_quality
professional behaviour appreciated,logistics,1,1,7,behaviour,2,0,0,service_quality
hiii,logistics,1,1,7,fallback_support,1,0,0,service_quality
slow but safe delivery,logistics,1,1,7,fallback_support,1,0,0,service_quality
parcel not received no call from delivery team,logistics,0,0,2,damage_lost,0,4,3,agent_behaviour
delivery man irresponsible no local office number,logistics,0,0,7,fallback_support,1,0,1,service_quality
very helpful delivery executive,logistics,2,2,7,fallback_support,2,1,0,service_quality
not delivered product,logistics,0,0,0,fallback_support,0,3,2,delivery_failures
product missing from box,logistics,0,0,7,damage_lost,0,4,3,service_quality
delivery boy rude bossy behaviour,logistics,0,0,2,behaviour,0,3,2,agent_behaviour
did not receive card,logistics,0,0,7,damage_lost,0,4,3,service_quality
delivery boy refused village delivery,logistics,1,1,7,fallback_support,1,0,0,service_quality
best,logistics,1,1,7,fallback_support,1,0,0,service_quality
Everything is good please keep privacy and security related issues always,logistics,2,0,0,delay,0,1,0,delivery_failures
want bigger size,logistics,1,1,7,fallback_support,1,0,0,service_quality
delivery boy polite and communicates well,logistics,2,2,7,fallback_support,2,1,0,service_quality
parcel reference,logistics,1,1,7,fallback_support,1,0,0,service_quality
this time service bad,logistics,0,0,7,fallback_support,0,3,2,service_quality
very nice delivery person,logistics,2,2,7,fallback_support,2,1,0,service_quality
passport delivery charged extra incorrectly,logistics,1,1,6,pricing,0,0,0,payment_issues
charged extra amount,logistics,1,1,6,pricing,1,0,0,payment_issues
delivery delayed four days,logistics,0,0,0,delay,0,3,2,delivery_failures
not yet received worried about delay,logistics,1,0,0,delay,0,2,2,delivery_failures
delivery agent forced customer to collect parcel elsewhere,logistics,1,1,7,fallback_support,1,0,0,service_quality
worst experience delayed forced pickup,logistics,0,0,0,delay,0,3,2,delivery_failures
status marked delivered but not received,logistics,0,0,7,damage_lost,0,4,3,service_quality
day late delivery,logistics,1,0,0,delay,0,0,1,delivery_failures
good organisation and timely delivery,logistics,2,2,7,fallback_support,2,1,0,service_quality
please call if address issue or delivery delay,logistics,1,0,0,delay,0,2,2,delivery_failures
delivery boy threatened customer,logistics,0,0,7,behaviour,1,0,2,service_quality
smooth delivery experience,logistics,2,2,7,fallback_support,2,1,0,service_quality
great experience staff support appreciated,logistics,2,2,7,support,2,1,0,service_quality
delivery staff behaved rudely threatened customer and refused delivery,logistics,0,0,2,behaviour,0,3,2,agent_behaviour
technical issue caused one day extra delivery,logistics,1,0,7,fallback_support,0,0,0,service_quality
delivery schedule unclear,logistics,1,2,7,fallback_support,1,0,0,service_quality
wrong contact number remove it,logistics,1,0,7,support,0,0,0,service_quality
delivery staff refused doorstep delivery and misbehaved,logistics,0,0,2,behaviour,1,0,2,agent_behaviour
product damaged,logistics,1,0,5,damage_lost,0,3,3,damaged_package
quality unclear,logistics,1,2,7,fallback_support,1,0,0,service_quality
brand mismatch concern,logistics,1,1,7,fallback_support,1,2,1,service_quality
overall service good,logistics,1,2,7,fallback_support,2,1,0,service_quality
professional delivery,logistics,1,1,7,fallback_support,2,0,0,service_quality
asked to collect from different location,logistics,1,1,7,fallback_support,1,0,0,service_quality
good delivery experience,logistics,2,2,7,fallback_support,2,1,0,service_quality
defective product received,logistics,0,0,7,fallback_support,1,0,1,service_quality
polite efficient delivery person,logistics,2,2,7,fallback_support,2,1,0,service_quality
great service,logistics,2,2,7,fallback_support,2,1,0,service_quality
easy accessible office,logistics,1,1,7,fallback_support,1,0,0,service_quality
Gay,logistics,1,1,7,fallback_support,1,0,0,service_quality
address change option needed,logistics,1,1,7,fallback_support,1,0,0,service_quality
interest rate high for first time buyer,logistics,1,1,7,fallback_support,1,0,0,service_quality
forced to travel far to collect parcel,logistics,0,0,7,fallback_support,1,0,1,service_quality
I didn't feel that you should improve anything. IDFC first Bank  banking services are excellent ,logistics,1,2,7,pricing,1,1,0,service_quality
very good service,logistics,2,2,7,fallback_support,2,1,0,service_quality
convenient delivery experience,logistics,2,2,7,fallback_support,2,1,0,service_quality
fake delivery attempt marked daily,logistics,0,0,7,fallback_support,0,3,2,service_quality
delivery timely and perfect condition,logistics,2,2,7,fallback_support,2,1,0,service_quality
incorrect address on google issue,logistics,1,0,7,fallback_support,0,0,0,service_quality
urgent service required,logistics,1,1,7,fallback_support,1,0,0,service_quality
we did not receive our courier,logistics,0,0,7,damage_lost,0,4,3,service_quality
very good behavior fast delivery,logistics,2,2,7,behaviour,2,1,0,service_quality
do not deliver parcel,logistics,0,0,7,fallback_support,1,0,1,service_quality
not delivered yet,logistics,0,0,0,delay,0,3,2,delivery_failures
refund required,logistics,1,0,7,refund,1,0,0,service_quality
not received at all,logistics,1,1,7,damage_lost,0,0,0,service_quality
courier boy behaviour not good,logistics,0,0,7,behaviour,2,1,2,service_quality
call before parcel delivery,logistics,1,1,7,support,1,0,0,service_quality
good delivery partner,logistics,2,2,7,fallback_support,2,1,0,service_quality
account issue wrong account opened request closure,logistics,0,0,7,fallback_support,0,3,2,service_quality
very good experience respectful delivery staff,logistics,2,2,7,fallback_support,2,1,0,service_quality
rude delivery person left parcel outside,logistics,0,0,2,behaviour,0,3,2,agent_behaviour
customer first,logistics,1,1,7,fallback_support,1,0,0,service_quality
forced to collect from bluedart office,logistics,0,0,7,fallback_support,1,0,1,service_quality
odd experience,logistics,1,1,7,fallback_support,1,0,0,service_quality
marked delivered without call,logistics,0,0,7,support,1,0,1,service_quality
delivery agent marks not available without calling,logistics,0,0,7,support,1,0,1,service_quality
everything great,logistics,2,2,7,fallback_support,2,1,0,service_quality
delivery guy stopped before address,logistics,1,1,7,fallback_support,1,0,0,service_quality
thank you for super fast delivery,logistics,2,2,7,fallback_support,2,1,0,service_quality
delivery boy friendly,logistics,1,1,7,fallback_support,1,0,0,service_quality
please share expected delivery date via message,logistics,1,1,7,fallback_support,1,0,0,service_quality
consignment not received,logistics,1,1,4,damage_lost,0,0,0,tracking_updates
grateful for excellent service,logistics,2,2,7,fallback_support,2,1,0,service_quality
very good overall,logistics,2,2,7,fallback_support,2,1,0,service_quality
wrong item delivered refund required,logistics,0,0,7,refund,0,4,3,service_quality
want return product,logistics,1,1,7,refund,1,0,0,service_quality
tracking details should be shared before delivery,logistics,1,1,4,tracking,1,0,1,tracking_updates
not good appearance,logistics,0,0,7,fallback_support,2,1,1,service_quality
no proper delivery had to carry parcel myself,logistics,1,1,7,fallback_support,1,0,0,service_quality
fast,logistics,1,1,7,fallback_support,2,0,0,service_quality
payment update related,logistics,1,0,0,delay,0,0,1,delivery_failures
seamless process opened NRO NRE account easily fast track service excellent experience,logistics,2,2,4,tracking,1,1,0,tracking_updates
fake order received need cyber complaint,logistics,1,1,7,support,0,3,2,service_quality
package very dirty have lot of dust deposit on it,logistics,0,0,7,fallback_support,1,0,1,service_quality
fastest courier in our region,logistics,1,1,7,fallback_support,2,0,0,service_quality
route map needed,logistics,1,1,7,fallback_support,1,0,0,service_quality
delivery person asked to come out,logistics,1,1,7,fallback_support,1,0,0,service_quality
shipment delays observed,logistics,1,0,0,delay,0,2,2,delivery_failures
package leak from inside,logistics,1,1,7,damage_lost,1,0,0,service_quality
excellent but little late,logistics,1,0,0,delay,0,1,1,delivery_failures
delivery person delivered wrong item instead of ordered product,logistics,0,0,7,fallback_support,0,3,2,service_quality
delivery extremely late,logistics,0,0,0,delay,0,3,2,delivery_failures
delivery partner rude shouted and threatened to throw parcel,logistics,0,0,2,behaviour,0,3,2,agent_behaviour
delivery person rude refused to read address,logistics,0,0,2,behaviour,0,3,2,agent_behaviour
professional service,logistics,1,1,7,fallback_support,2,0,0,service_quality
Already very nice process,logistics,2,2,7,fallback_support,2,1,0,service_quality
fake item delivered fraud case,logistics,0,0,7,fallback_support,0,4,3,service_quality
delivery partner extremely rude worst experience,logistics,0,0,2,behaviour,0,3,2,agent_behaviour
deliver person helped despite address misprint,logistics,2,2,7,fallback_support,2,1,0,service_quality
appreciate pramod for excellent polite service,logistics,2,2,7,fallback_support,2,1,0,service_quality
reluctant doorstep delivery repeated issue,logistics,0,0,7,fallback_support,0,3,2,service_quality
company cheated wrong product delivered,logistics,0,0,7,fallback_support,0,4,3,service_quality
waste service,logistics,0,0,7,fallback_support,1,0,1,service_quality
delivery partner raised false info,logistics,0,0,7,fallback_support,1,0,1,service_quality
delivery delayed by one day from tracking system,logistics,1,0,0,delay,0,2,2,delivery_failures
superb experience,logistics,2,2,7,fallback_support,2,1,0,service_quality
share delivery executive number,logistics,1,1,7,fallback_support,1,0,0,service_quality
did not order this product cash taken need refund,logistics,0,0,7,refund,0,4,3,service_quality
courier person needs training,logistics,1,1,7,fallback_support,1,0,0,service_quality
fast secure delivery,logistics,1,1,7,fallback_support,2,0,0,service_quality
delivery boy very helpful and friendly,logistics,2,2,7,fallback_support,2,1,0,service_quality
pricing mismatch between charged amount and offer price,logistics,0,0,7,pricing,1,0,0,service_quality
fraud you,logistics,0,0,7,fallback_support,1,4,3,service_quality
delivery person nice and helpful,logistics,2,2,7,fallback_support,2,1,0,service_quality
unclear feedback,logistics,1,2,7,pricing,1,0,0,service_quality
fraud empty box delivered serious issue,logistics,1,0,5,damage_lost,0,4,3,damaged_package
good service thank you,logistics,2,2,7,fallback_support,2,1,0,service_quality
pathetic experience forced office pickup,logistics,0,0,7,fallback_support,1,0,1,service_quality
strong dissatisfaction delivery delayed,logistics,0,0,0,delay,0,3,2,delivery_failures
false daily status updates claiming address incomplete,logistics,0,0,7,fallback_support,1,0,1,service_quality
well spoken and very professional delivery person,logistics,2,2,7,fallback_support,2,1,0,service_quality
thank you for delivery service liked it,logistics,2,2,7,fallback_support,2,1,0,service_quality
very fast delivery happy,logistics,2,2,7,fallback_support,2,1,0,service_quality
delivery agent confirmed availability but delayed delivery,logistics,1,0,0,delay,0,2,2,delivery_failures
didnt receive my order,logistics,0,0,7,fallback_support,1,0,1,service_quality
shiva delivers promptly with care,logistics,2,2,7,fallback_support,2,1,0,service_quality
why consignment late despite early arrival,logistics,1,0,0,delay,0,0,1,delivery_failures
delivery message shown but item not received,logistics,1,1,7,damage_lost,0,0,0,service_quality
do not delay service,logistics,1,0,0,delay,0,2,2,delivery_failures
happy with service,logistics,2,2,7,fallback_support,2,1,0,service_quality
delivery executive very good and polite respectful great service,logistics,2,2,7,fallback_support,2,1,0,service_quality
wrong item received,logistics,1,0,7,fallback_support,0,0,0,service_quality
fast delivery on time,logistics,2,2,7,fallback_support,2,1,0,service_quality
delivery person professional and helpful,logistics,2,2,7,fallback_support,2,1,0,service_quality
want return order,logistics,1,1,7,refund,1,0,0,service_quality
no comments,logistics,1,1,7,fallback_support,1,0,0,service_quality
could day faster,logistics,2,2,7,fallback_support,2,1,0,service_quality
welcome kit not delivered even after week,logistics,0,0,0,fallback_support,0,3,2,delivery_failures
product nice,logistics,2,2,7,fallback_support,2,1,0,service_quality
genuine courier company reaches on time and delivers safely thank you bluedart,logistics,2,2,7,fallback_support,2,1,0,service_quality
superb,logistics,1,1,7,fallback_support,1,0,0,service_quality
loan issue mentioned,logistics,1,0,7,fallback_support,0,0,0,service_quality
very good service respect keep it up,logistics,2,2,7,fallback_support,2,1,0,service_quality
trustworthy courier partner,logistics,2,2,7,fallback_support,2,1,0,service_quality
service extremely poor unacceptable,logistics,1,1,7,fallback_support,0,0,0,service_quality
delivery done without phone call,logistics,1,1,7,support,1,0,0,service_quality
self collected parcel,logistics,1,1,7,fallback_support,1,0,0,service_quality
customer should be informed before delivery,logistics,1,1,7,fallback_support,1,0,0,service_quality
delivery refused asked self pickup,logistics,0,0,7,fallback_support,1,0,1,service_quality
want return,logistics,1,1,7,refund,1,0,0,service_quality
delivery boy argued at doorstep,logistics,0,0,2,behaviour,1,0,2,agent_behaviour
delivery shows delivered but package not received,logistics,0,0,7,damage_lost,0,4,3,service_quality
didnt receive complimentary gift,logistics,0,0,7,fallback_support,1,0,1,service_quality
perfect delivery experience,logistics,2,2,7,fallback_support,2,1,0,service_quality
delivery person did not return balance amount,logistics,0,0,7,refund,0,4,3,service_quality
technical issue in app resolved by customer care overall smooth account opening experience,logistics,2,0,3,support,0,1,0,customer_support
good time management,logistics,1,2,7,fallback_support,2,1,0,service_quality
avoid mis-selling,logistics,1,1,7,fallback_support,1,0,0,service_quality
delivery boy very rude,logistics,0,0,2,behaviour,0,3,2,agent_behaviour
it not my product,logistics,1,1,7,fallback_support,1,0,0,service_quality
one day delay at airport,logistics,1,0,0,delay,0,2,2,delivery_failures
delivery staff reached on time good job,logistics,2,2,7,fallback_support,2,1,0,service_quality
delivery person polite prompt,logistics,2,2,7,fallback_support,2,1,0,service_quality
professional delivery service,logistics,1,1,7,fallback_support,2,0,0,service_quality
product quality unsatisfactory,logistics,0,0,7,fallback_support,1,0,1,service_quality
pincode error delayed delivery,logistics,0,0,0,delay,0,3,2,delivery_failures
good delivery boy,logistics,2,2,7,fallback_support,2,1,0,service_quality
duplicate earbuds delivered instead of original,logistics,1,1,7,fallback_support,1,0,0,service_quality
not delivered to home,logistics,1,0,0,fallback_support,0,0,0,delivery_failures
random text,logistics,1,1,7,fallback_support,1,0,0,service_quality
professional delivery handling,logistics,1,1,7,fallback_support,2,0,0,service_quality
very bad service order delivered one day late,logistics,0,0,0,delay,0,3,2,delivery_failures
contact you but you dont updated address of your delivery hub in my hometown upon ask for number of any executive present here tell thats it personal can not share provide my number yet delivery executive dial just one number which didnt even connect he straight away reschedule delivery attempt next which holiday get know after reach hubthese many flaw do frustrate me quite well,logistics,0,0,7,support,1,0,1,service_quality
package arrived open but product intact and fine,logistics,2,2,7,fallback_support,2,1,0,service_quality
"Good relationship manager 
",logistics,2,2,7,fallback_support,2,1,0,service_quality
bad very bad,logistics,0,0,7,fallback_support,0,3,2,service_quality
provide valid information to customers,logistics,1,1,7,fallback_support,1,0,0,service_quality
very poor delivery experience,logistics,0,0,7,fallback_support,0,3,2,service_quality
foreign text,logistics,1,1,7,fallback_support,1,0,0,service_quality
didnt receive any courier,logistics,0,0,7,fallback_support,1,0,1,service_quality
service very good receive my order more early then expect,logistics,2,2,7,fallback_support,2,1,0,service_quality
bad service repeated calls,logistics,0,0,7,support,0,3,2,service_quality
provide delivery boy contact number,logistics,1,1,7,support,1,0,0,service_quality
sender fraud no accountability,logistics,0,0,7,fallback_support,1,4,3,service_quality
delivery agent contacted only once then rescheduled repeatedly,logistics,0,0,7,support,1,0,1,service_quality
delivery agent did not allow checking parcel,logistics,0,0,7,fallback_support,1,0,1,service_quality
it quick efficient,logistics,1,1,7,fallback_support,2,0,0,service_quality
not receive delivery,logistics,1,1,7,fallback_support,1,0,0,service_quality
ok send,logistics,1,1,7,fallback_support,1,0,0,service_quality
not deliver,logistics,1,1,7,fallback_support,1,0,0,service_quality
good man good behavior,logistics,2,2,7,behaviour,2,1,0,service_quality
otp taken parcel not delivered fraud,logistics,0,0,0,fallback_support,0,4,3,delivery_failures
delivery partner rude not understanding,logistics,0,0,2,behaviour,0,3,2,agent_behaviour
thank you for doorstep delivery,logistics,2,2,7,fallback_support,2,1,0,service_quality
product not received at all,logistics,0,0,7,damage_lost,0,4,3,service_quality
late delivery days,logistics,1,0,0,delay,0,0,1,delivery_failures
weight missing in parcel received less quantity,logistics,1,0,7,fallback_support,0,0,0,service_quality
delivery person info needed,logistics,1,1,7,fallback_support,1,0,0,service_quality
dedicated delivery person cares for customer,logistics,1,1,7,fallback_support,1,0,0,service_quality
delivery falsely marked refused twice,logistics,0,0,7,fallback_support,1,0,1,service_quality
delivery boy came to door,logistics,1,1,7,fallback_support,1,0,0,service_quality
service very time consuming,logistics,0,0,7,fallback_support,1,0,1,service_quality
didnt deliver the parcel,logistics,0,0,7,fallback_support,1,0,1,service_quality
wuality u rough fictionous for this price quality of satin average,logistics,1,1,7,fallback_support,1,0,0,service_quality
nice fast service,logistics,2,2,7,fallback_support,2,1,0,service_quality
confusing message,logistics,1,1,7,fallback_support,1,0,0,service_quality
empty packet received,logistics,1,1,7,fallback_support,1,0,0,service_quality
please try deliver on time,logistics,1,1,7,fallback_support,2,0,0,service_quality
my order misplace not what order,logistics,0,0,7,fallback_support,1,0,1,service_quality
everything is seamless thank you,logistics,2,2,7,fallback_support,2,1,0,service_quality
parcel not received but marked delivered no call from courier,logistics,1,1,2,damage_lost,0,0,0,agent_behaviour
delivery marked delivered without receipt,logistics,0,0,7,fallback_support,1,0,1,service_quality
shipment status wrongly showed incorrect address,logistics,0,0,7,tracking,0,3,2,service_quality
delivery boy kind humble,logistics,2,2,7,fallback_support,2,1,0,service_quality
keep up good work,logistics,2,2,7,fallback_support,2,1,0,service_quality
item not receive,logistics,1,1,7,fallback_support,1,0,0,service_quality
documents delivered to unknown person without verification security issue,logistics,1,0,7,fallback_support,0,0,0,service_quality
parcel delivered to wrong person without verification,logistics,0,0,1,wrong_delivery,0,3,2,wrong_delivery
had to collect from hub,logistics,0,0,7,fallback_support,1,0,1,service_quality
not doorstep delivery very poor service,logistics,0,0,7,fallback_support,0,3,2,service_quality
good service by staff,logistics,2,2,7,fallback_support,2,1,0,service_quality
delivery very late,logistics,0,0,0,delay,0,3,2,delivery_failures
excellent efficient prompt service,logistics,2,2,7,fallback_support,2,1,0,service_quality
shipment very slow,logistics,1,1,7,fallback_support,0,0,0,service_quality
a at work my sister pick up my parcel she couldnt reach me on call so he have wait for just mins delivery partner rude my sister a say cancel order dont expect this from bluedart delivery atleast,logistics,0,0,2,behaviour,0,3,2,agent_behaviour
delivery delayed with no information provided,logistics,0,0,0,delay,0,3,2,delivery_failures
nothing add all good,logistics,1,2,7,fallback_support,2,1,0,service_quality
no change required,logistics,1,1,7,fallback_support,1,0,0,service_quality
courier fraud never received,logistics,0,0,7,damage_lost,0,4,3,service_quality
delivery of card very delayed,logistics,0,0,0,delay,0,3,2,delivery_failures
shipment should have been delivered yesterday,logistics,1,1,7,fallback_support,1,0,0,service_quality
blue dart brand trust,logistics,1,1,7,fallback_support,1,0,0,service_quality
very late delivery,logistics,1,0,0,delay,0,0,1,delivery_failures
fake delivery attempts no contact,logistics,0,0,7,support,0,3,2,service_quality
delivery agent rude behaviour,logistics,0,0,2,behaviour,0,3,2,agent_behaviour
product not working want return,logistics,0,0,7,refund,0,4,3,service_quality
product delivered on time,logistics,2,2,7,fallback_support,2,1,0,service_quality
tracking report incorrect falsely marked door closed,logistics,0,0,4,tracking,0,3,2,tracking_updates
delivery status wrong falsely marked delivered,logistics,0,0,7,tracking,0,3,2,service_quality
delivery route unnecessary delay,logistics,1,0,0,delay,0,2,2,delivery_failures
parcel not receive,logistics,1,1,7,fallback_support,1,0,0,service_quality
order marked delivered but item not received,logistics,0,0,7,damage_lost,0,4,3,service_quality
delivery failed only SMS sent no delivery attempt,logistics,0,0,0,delay,0,3,2,delivery_failures
delivery person handed parcel to unknown person without informing me,logistics,0,0,7,fallback_support,1,0,1,service_quality
no issues,logistics,1,0,7,fallback_support,0,0,0,service_quality
delivery done far away from my address,logistics,0,0,7,fallback_support,1,0,1,service_quality
false delivered remark,logistics,1,1,7,fallback_support,1,0,0,service_quality
package broken very bad,logistics,0,0,5,damage_lost,0,4,3,damaged_package
received ok,logistics,1,1,7,fallback_support,1,0,0,service_quality
scheduled delivery refused home delivery,logistics,0,0,7,fallback_support,1,0,1,service_quality
parcel reached hub delay after that,logistics,1,0,0,delay,0,2,2,delivery_failures
nce,logistics,1,1,7,fallback_support,1,0,0,service_quality
fast delivery,logistics,2,2,7,fallback_support,2,1,0,service_quality
best delevery person good behaviour,logistics,2,2,7,behaviour,2,1,0,service_quality
do not want,logistics,1,1,7,fallback_support,1,0,0,service_quality
delivery person polite and helpful,logistics,2,2,7,fallback_support,2,1,0,service_quality
fraud parcel delivered unacceptable,logistics,0,0,7,fallback_support,1,4,3,service_quality
delivery boy used arrogant language,logistics,0,0,7,fallback_support,1,0,1,service_quality
well service on time delivery,logistics,1,1,7,fallback_support,2,0,0,service_quality
good doorstep delivery,logistics,2,2,7,fallback_support,2,1,0,service_quality
bad delivery agent behaviour no response,logistics,0,0,3,behaviour,0,3,2,customer_support
delivery extremely delayed,logistics,0,0,0,delay,0,3,2,delivery_failures
parcel not delivered no call received,logistics,0,0,0,behaviour,0,3,2,delivery_failures
very bad customer support delayed delivery wrong tracking information,logistics,0,0,0,delay,0,3,2,delivery_failures
item damaged in transit,logistics,1,0,5,damage_lost,0,3,3,damaged_package
package completely brokenminimum damage couse product but not as much a return itproduct a we order but shipment worst,logistics,0,0,5,damage_lost,0,4,3,damaged_package
false consignee unavailable update without attempt,logistics,0,0,7,fallback_support,1,0,1,service_quality
outer box damaged inner safe,logistics,1,0,5,damage_lost,0,3,3,damaged_package
not receive,logistics,1,1,7,fallback_support,1,0,0,service_quality
executive humble polite and respectful,logistics,2,2,7,fallback_support,2,1,0,service_quality
received by brother not primary consignee,logistics,1,1,7,fallback_support,1,0,0,service_quality
good delivering system,logistics,2,2,7,fallback_support,2,1,0,service_quality
did not receive courier,logistics,0,0,7,damage_lost,0,4,3,service_quality
product damage,logistics,1,0,7,damage_lost,1,0,0,service_quality
address management issue in mobile banking app,logistics,1,0,7,fallback_support,0,0,0,service_quality
wrong parcel given,logistics,0,0,7,fallback_support,0,3,2,service_quality
responsible delivery service thank you,logistics,2,2,7,fallback_support,2,1,0,service_quality
bad service of bluedart come take order from store,logistics,0,0,7,fallback_support,0,3,2,service_quality
delivery code related query,logistics,1,0,0,delay,0,0,1,delivery_failures
not delivered properly,logistics,0,0,0,fallback_support,0,3,2,delivery_failures
delivery team unprofessional first mention a customer cancel with other not receive when complain high authority about consignment not receive then receive my package on same day unprofessional delivery team,logistics,0,0,4,tracking,0,3,2,tracking_updates
very bad packing,logistics,0,0,7,fallback_support,0,3,2,service_quality
all good service,logistics,2,2,7,fallback_support,2,1,0,service_quality
return order by mistake,logistics,1,1,7,refund,1,0,0,service_quality
very nice delivery,logistics,2,2,7,fallback_support,2,1,0,service_quality
delivery delayed more than one day,logistics,0,0,0,delay,0,3,2,delivery_failures
delivery not done at correct time,logistics,0,0,0,fallback_support,1,0,1,delivery_failures
package damaged poor handling,logistics,0,0,5,damage_lost,0,4,3,damaged_package
physician regular customer neutral feedback,logistics,1,1,7,pricing,1,0,0,service_quality
bahut bekar delivery delay,logistics,1,0,0,delay,0,2,2,delivery_failures
excellent,logistics,1,2,7,fallback_support,2,1,0,service_quality
excellent service,logistics,2,2,7,fallback_support,2,1,0,service_quality
delivery left credit card at doorstep,logistics,1,1,7,fallback_support,1,0,0,service_quality
kotak bank service not available in small city,logistics,0,0,7,fallback_support,1,0,1,service_quality
fake delivery item not received,logistics,0,0,7,damage_lost,0,4,3,service_quality
super service,logistics,1,1,7,fallback_support,1,0,0,service_quality
mujhse nhi chaiye ye,logistics,1,1,7,fallback_support,1,0,0,service_quality
sunil extremely efficient,logistics,2,2,7,fallback_support,2,1,0,service_quality
delivery delayed beyond expected date,logistics,0,0,0,delay,0,3,2,delivery_failures
delivery person handled parcel carefully,logistics,2,2,7,fallback_support,2,1,0,service_quality
not good delivery experience,logistics,0,0,7,fallback_support,2,1,1,service_quality
delivery partner good behaviour,logistics,1,2,7,behaviour,2,1,0,service_quality
not delivered no call wrong status shown,logistics,0,0,0,behaviour,0,3,2,delivery_failures
delivery agent rude elevator issue unacceptable,logistics,0,0,2,behaviour,0,3,2,agent_behaviour
very late delivery worst,logistics,0,0,0,delay,0,3,2,delivery_failures
receive incorrect product,logistics,1,1,7,fallback_support,0,0,0,service_quality
nice product fast delivery service,logistics,2,2,7,fallback_support,2,1,0,service_quality
delivery too swift and smooth,logistics,1,2,7,fallback_support,2,0,0,service_quality
does not wait even one minute rude delivery,logistics,0,0,2,behaviour,0,3,2,agent_behaviour
im not happy cheap quality different item,logistics,0,0,7,fallback_support,2,1,1,service_quality
important shipment delivered late with no communication unacceptable service,logistics,0,0,0,delay,0,3,2,delivery_failures
very good delivery,logistics,2,2,7,fallback_support,2,1,0,service_quality
great delivery experience,logistics,2,2,7,fallback_support,2,1,0,service_quality
excellent timely service,logistics,2,2,7,fallback_support,2,1,0,service_quality
thank you for prompt safe delivery of my order your hard work very much appreciate,logistics,2,2,7,fallback_support,2,1,0,service_quality
want to return,logistics,1,1,7,refund,1,0,0,service_quality
very good delivery service,logistics,2,2,7,fallback_support,2,1,0,service_quality
account frozen need help,logistics,0,0,7,fallback_support,1,0,1,service_quality
delivered later than expected but okay,logistics,1,0,0,delay,0,0,1,delivery_failures
please hire delivery boy who knows the area,logistics,0,0,7,fallback_support,1,0,1,service_quality
very nice app fast service,logistics,2,2,7,fallback_support,2,1,0,service_quality
parcel thrown near wrong building unacceptable,logistics,0,0,1,wrong_delivery,0,3,2,wrong_delivery
delivery without OTP or recipient verification,logistics,0,0,7,fallback_support,1,0,1,service_quality
parcel delivered to wrong person,logistics,0,0,1,wrong_delivery,0,3,2,wrong_delivery
delivery to wrong person serious concern,logistics,0,0,1,fallback_support,0,3,2,wrong_delivery
request fast delivery and contact number,logistics,1,1,7,support,2,0,0,service_quality
delivery system good contact issue resolved otp appreciated,logistics,2,0,7,support,0,1,0,service_quality
quality service appreciated,logistics,2,2,7,fallback_support,2,1,0,service_quality
parcel delivered to different address without OTP,logistics,1,1,7,fallback_support,1,0,0,service_quality
all great,logistics,2,2,7,fallback_support,2,1,0,service_quality
fake product,logistics,1,1,7,fallback_support,0,0,0,service_quality
different product delivered,logistics,0,0,7,fallback_support,1,0,1,service_quality
product missing packaging poor,logistics,0,0,7,damage_lost,0,4,3,service_quality
finally delivered at doorstep,logistics,1,1,7,fallback_support,1,0,0,service_quality
account opening easy and hassle free,logistics,2,2,7,fallback_support,2,1,0,service_quality
Fix or close my account asap waste of time,logistics,0,0,7,fallback_support,1,0,1,service_quality
smooth delivery polite behaviour,logistics,2,2,7,behaviour,2,1,0,service_quality
false status marked consignee not available delivery delayed without call,logistics,0,0,0,delay,0,3,2,delivery_failures
didnt receive it,logistics,1,1,7,fallback_support,1,0,0,service_quality
delivery staff never contacted had to visit office myself,logistics,1,1,7,support,1,0,0,service_quality
good natured delivery person,logistics,2,2,7,fallback_support,2,1,0,service_quality
instruction manual requested in Hindi and English,logistics,1,1,7,fallback_support,1,0,0,service_quality
fast delivery polite delivery agent,logistics,2,2,7,fallback_support,2,1,0,service_quality
worst ever service,logistics,0,0,7,fallback_support,0,3,2,service_quality
polite delivery boy good experience,logistics,2,2,7,fallback_support,2,1,0,service_quality
love the service,logistics,2,2,7,fallback_support,2,1,0,service_quality
please return my parcel,logistics,1,1,7,refund,1,0,0,service_quality
amazing,logistics,2,2,7,fallback_support,2,1,0,service_quality
delivery met expectations,logistics,1,1,7,fallback_support,1,0,0,service_quality
service very slow,logistics,0,0,7,fallback_support,0,3,2,service_quality
satisfied,logistics,2,2,7,fallback_support,2,1,0,service_quality
extremely poor service fake premise close updates,logistics,0,0,7,fallback_support,0,3,2,service_quality
super,logistics,1,1,7,fallback_support,1,0,0,service_quality
everything good,logistics,2,2,7,fallback_support,2,1,0,service_quality
great delivery within time very glad receive this percel,logistics,2,2,7,fallback_support,2,1,0,service_quality
Thanks Mrs. PREETY SACHDEVA for your Kind support,logistics,2,2,7,support,2,1,0,service_quality
too good service and environment,logistics,2,2,7,fallback_support,2,1,0,service_quality
update account type request,logistics,1,1,7,fallback_support,1,0,0,service_quality
service always customer friendly,logistics,2,2,7,fallback_support,2,1,0,service_quality
took days to find address,logistics,1,1,7,fallback_support,1,0,0,service_quality
prioritise same day delivery once reached hub,logistics,1,1,7,fallback_support,1,0,0,service_quality
delivery delay by one day,logistics,1,0,0,delay,0,2,2,delivery_failures
very bad experience due delivery of my product,logistics,0,0,7,fallback_support,0,3,2,service_quality
received wrong order,logistics,0,0,7,fallback_support,0,3,2,service_quality
everything gud,logistics,1,1,7,fallback_support,1,0,0,service_quality
fast smooth service thank you,logistics,2,2,7,fallback_support,2,1,0,service_quality
one of best courier services,logistics,2,2,7,fallback_support,2,1,0,service_quality
no pickup details company tied with fraud sellers,logistics,0,0,7,fallback_support,1,4,3,service_quality
great track information consignment status your client otp mention in message but it not reach till nowoverall experience good,logistics,2,2,4,tracking,1,1,0,tracking_updates
sunday no delivery attempt,logistics,1,1,7,fallback_support,1,0,0,service_quality
very bad service yours,logistics,0,0,7,fallback_support,0,3,2,service_quality
fake order scam,logistics,0,0,7,fallback_support,0,4,3,service_quality
goid,logistics,1,1,7,fallback_support,1,0,0,service_quality
satisfied with service,logistics,1,1,7,fallback_support,2,1,0,service_quality
very good nice service,logistics,2,2,7,fallback_support,2,1,0,service_quality
order marked delivered but not received no call made,logistics,0,0,2,damage_lost,0,4,3,agent_behaviour
do not ask for otp,logistics,1,1,7,fallback_support,1,0,0,service_quality
order received,logistics,1,1,7,fallback_support,1,0,0,service_quality
nothing thank you,logistics,1,2,7,fallback_support,2,0,0,service_quality
overall account experience excellent with strong app and services,logistics,2,2,7,fallback_support,2,1,0,service_quality
grateful for service parcel received successfully,logistics,2,2,7,fallback_support,2,1,0,service_quality
please do work on time,logistics,1,1,7,fallback_support,2,0,0,service_quality
do not receive parcel at all,logistics,0,0,7,fallback_support,1,0,1,service_quality
mis-selling by employee want to close account,logistics,0,0,7,fallback_support,1,0,1,service_quality
disgusting service,logistics,0,0,7,fallback_support,1,0,1,service_quality
delivery wrong location,logistics,0,0,1,wrong_delivery,0,3,2,wrong_delivery
already better than others keep it up,logistics,2,2,7,fallback_support,2,1,0,service_quality
overall nice service,logistics,2,2,7,fallback_support,2,1,0,service_quality
did not receive parcel,logistics,0,0,7,damage_lost,0,4,3,service_quality
delivery guy very rude,logistics,0,0,2,behaviour,0,3,2,agent_behaviour
damaged product received,logistics,0,0,5,damage_lost,0,4,3,damaged_package
package not received,logistics,1,1,7,damage_lost,0,0,0,service_quality
please correct my name on parcel,logistics,1,1,7,fallback_support,1,0,0,service_quality
good patience by delivery person,logistics,2,2,7,fallback_support,2,1,0,service_quality
extremely late delivery with false reasons unacceptable,logistics,0,0,0,delay,0,3,2,delivery_failures
ho,logistics,1,1,7,fallback_support,1,0,0,service_quality
cover totally torn due to bad handling,logistics,0,0,5,damage_lost,0,4,3,damaged_package
stupendous service,logistics,2,2,7,fallback_support,2,1,0,service_quality
best service,logistics,1,1,7,fallback_support,1,0,0,service_quality
very very bad service unexpected,logistics,0,0,7,fallback_support,0,3,2,service_quality
wrong item delivered,logistics,0,0,7,fallback_support,0,3,2,service_quality
accurate,logistics,1,1,7,fallback_support,1,0,0,service_quality
service perfect,logistics,1,2,7,fallback_support,2,0,0,service_quality
product size too small,logistics,1,1,7,fallback_support,1,0,0,service_quality
package tampered hole found,logistics,1,1,5,damage_lost,1,0,0,damaged_package
did not receive any courier,logistics,0,0,7,damage_lost,0,4,3,service_quality
parcel not deliver but msg receive with deliver,logistics,0,0,7,fallback_support,1,0,1,service_quality
delivery person call 1 km away collect parcel,logistics,1,1,7,support,1,0,0,service_quality
delivery boy polite and respectful,logistics,2,2,7,fallback_support,2,1,0,service_quality
fake delivery attempt improve system,logistics,1,1,7,fallback_support,0,0,0,service_quality
prompt delivery everything perfect,logistics,2,2,7,fallback_support,2,1,0,service_quality
missing item in box,logistics,1,0,7,damage_lost,0,0,0,service_quality
nice work delivery staff,logistics,2,2,7,fallback_support,2,1,0,service_quality
delay parcel without any reason worst service,logistics,0,0,0,delay,0,3,2,delivery_failures
service well,logistics,2,2,7,fallback_support,2,1,0,service_quality
very rude staff behaviour,logistics,0,0,2,behaviour,0,3,2,agent_behaviour
pathetic service false update incompetent staff,logistics,0,0,7,fallback_support,1,0,1,service_quality
do not deliver my address need travel km pick my order,logistics,0,0,7,fallback_support,1,0,1,service_quality
delivery executive rude and impolite behaviour unacceptable,logistics,0,0,2,behaviour,0,3,2,agent_behaviour
parcel left outside house,logistics,1,1,7,fallback_support,1,0,0,service_quality
great job thank you,logistics,2,2,7,fallback_support,2,1,0,service_quality
polite behaviour,logistics,1,1,7,behaviour,2,0,0,service_quality
delivery guy unprofessional rude manners,logistics,0,0,2,behaviour,0,3,2,agent_behaviour
delivery person very cooperative service good called for address,logistics,2,2,7,support,2,1,0,service_quality
delivery boy misbehaved on call,logistics,0,0,2,behaviour,1,0,2,agent_behaviour
wrong cheap product delivered no return option provided,logistics,0,0,7,refund,0,4,3,service_quality
many improvement areas,logistics,1,1,7,fallback_support,1,0,0,service_quality
please create bluedart mobile app,logistics,1,1,7,fallback_support,1,0,0,service_quality
very bad service delivery agent attitude very arrogant rude reason for non delivery on incorrect overall this isnt expect from repute company such a blue dart,logistics,0,0,2,behaviour,0,3,2,agent_behaviour
all fine overall,logistics,1,1,7,fallback_support,1,0,0,service_quality
account opening seamless experience,logistics,2,2,7,fallback_support,2,1,0,service_quality
have reject this delivery first time delivery boy again come delivery without my consent because have some other shipment also come from bluedart he ask me otp an give it now suffer loss because accord shipper policy on accepted this can not refund,logistics,0,0,7,refund,0,4,3,service_quality
delivery not receive,logistics,1,1,7,fallback_support,1,0,0,service_quality
delivery boy misbehaved,logistics,0,0,2,behaviour,1,0,2,agent_behaviour
delivery boy rude,logistics,0,0,2,behaviour,0,3,2,agent_behaviour
self received parcel,logistics,1,1,7,fallback_support,1,0,0,service_quality
delivery agent provided good polite service,logistics,2,2,7,fallback_support,2,1,0,service_quality
top class service,logistics,2,2,7,fallback_support,2,1,0,service_quality
KYC problem,logistics,1,0,7,fallback_support,0,0,0,service_quality
pathetic experience with service quality,logistics,1,1,7,fallback_support,1,0,0,service_quality
ok best service,logistics,1,1,7,fallback_support,1,0,0,service_quality
charged extra money by delivery agent without reason,logistics,0,0,6,pricing,1,0,0,payment_issues
good communications and response,logistics,2,2,7,fallback_support,2,1,0,service_quality
delivery partner misbehaviour issue,logistics,1,0,7,behaviour,0,0,0,service_quality
delivery agent should speak basic english,logistics,1,1,7,fallback_support,1,0,0,service_quality
they havent call me delievered someone dont even know,logistics,1,1,7,support,1,0,0,service_quality
extra money taken by delivery person,logistics,0,0,7,fallback_support,1,0,1,service_quality
delivery partner behavior very poor service delayed by days never recommend bluedart,logistics,0,0,0,delay,0,3,2,delivery_failures
delivery boy did not wait for signature,logistics,0,0,7,fallback_support,1,0,1,service_quality
consignment urgent but delivered late,logistics,1,0,0,delay,0,0,1,delivery_failures
delivery delayed due to misrouting,logistics,1,0,0,delay,0,2,2,delivery_failures
delivery boy ajit kumar very good service,logistics,2,2,7,fallback_support,2,1,0,service_quality
professional and polite delivery experience,logistics,2,2,7,fallback_support,2,1,0,service_quality
delivery delayed and delivery partner falsely claimed address was wrong and nobody was available very rude unacceptable never recommend bluedart,logistics,0,0,0,delay,0,3,2,delivery_failures
receive,logistics,1,1,7,fallback_support,1,0,0,service_quality
delivery fast but wrong area reached had to collect,logistics,0,0,7,wrong_delivery,0,3,2,service_quality
shipment marked delivered but not received,logistics,0,0,7,damage_lost,0,4,3,service_quality
order delivered very late extremely unhappy,logistics,0,0,0,delay,0,3,2,delivery_failures
early delivery,logistics,2,2,7,fallback_support,2,1,0,service_quality
product looks better in photo,logistics,1,1,7,fallback_support,1,0,0,service_quality
product ordered different received different,logistics,1,1,7,fallback_support,1,0,0,service_quality
wrong damaged product delivered cheat,logistics,0,0,5,damage_lost,0,4,3,damaged_package
delivery executive arrogant behaviour,logistics,0,0,7,behaviour,1,0,2,service_quality
read my name properly,logistics,1,1,7,fallback_support,1,0,0,service_quality
parcel not given no call unclear delivery,logistics,0,0,2,behaviour,1,0,2,agent_behaviour
process very easy and quick,logistics,2,2,7,fallback_support,2,1,0,service_quality
take time reach me but packaging really worth it love your effort for me,logistics,2,2,7,fallback_support,2,1,0,service_quality
delivery attempted marked consignee unavailable falsely,logistics,0,0,7,fallback_support,1,0,1,service_quality
on time delivery good service,logistics,2,2,7,fallback_support,2,1,0,service_quality
very bad behaviour of delivery agent,logistics,0,0,7,behaviour,0,3,2,service_quality
not delivered in hand,logistics,1,0,0,fallback_support,0,0,0,delivery_failures
stop harassing for feedback calls,logistics,0,0,7,pricing,1,0,0,service_quality
faster delivery compared to ekart,logistics,2,2,7,fallback_support,2,1,0,service_quality
excilent,logistics,1,1,7,fallback_support,1,0,0,service_quality
we havent receive parcel,logistics,0,0,7,fallback_support,1,0,1,service_quality
empty package received,logistics,0,0,7,fallback_support,1,0,1,service_quality
good service ankit,logistics,2,2,7,fallback_support,2,1,0,service_quality
delivery person confirmed address on call,logistics,2,2,7,support,2,1,0,service_quality
totally unprofessional behavior,logistics,0,0,2,behaviour,0,3,2,agent_behaviour
promise date not kept no contact,logistics,1,0,7,support,1,0,0,service_quality
horrible service,logistics,0,0,7,fallback_support,1,0,1,service_quality
not delivered to my address asked to collect from office status falsely updated as consignee not available bad service,logistics,0,0,0,fallback_support,0,3,2,delivery_failures
extreme delay by courier,logistics,0,0,0,delay,0,3,2,delivery_failures
happy with idfc,logistics,2,2,7,fallback_support,2,1,0,service_quality
currently all good,logistics,2,2,7,fallback_support,2,1,0,service_quality
delivery boy didnt come home collected from warehouse,logistics,1,1,7,fallback_support,1,0,0,service_quality
very happy with service,logistics,2,2,7,fallback_support,2,1,0,service_quality
order not delivered to address,logistics,0,0,0,fallback_support,0,3,2,delivery_failures
wrong address confusion delivery staff rude,logistics,0,0,1,wrong_delivery,0,3,2,wrong_delivery
never order this item want refund,logistics,0,0,7,refund,0,4,3,service_quality
delivery agent rude and unprofessional,logistics,0,0,2,behaviour,0,3,2,agent_behaviour
super,logistics,2,2,7,fallback_support,2,1,0,service_quality
excellent service despite address issue,logistics,2,0,7,fallback_support,0,1,0,service_quality
timely delivery good service,logistics,2,2,7,fallback_support,2,1,0,service_quality
critical bank document marked delivered but not received,logistics,1,1,7,damage_lost,0,0,0,service_quality
didnt receive any consignment,logistics,0,0,4,tracking,1,0,0,tracking_updates
delivery not accepted by me,logistics,1,1,7,fallback_support,1,0,0,service_quality
package box damage,logistics,1,0,7,damage_lost,1,0,0,service_quality
delivery staff timing unpredictable,logistics,1,1,7,fallback_support,1,0,0,service_quality
request call before coming no call,logistics,1,1,2,behaviour,1,0,0,agent_behaviour
no one called me before delivery,logistics,0,0,7,support,1,0,1,service_quality
cooperative only as per customer,logistics,1,1,7,fallback_support,1,0,0,service_quality
communication good,logistics,2,2,7,fallback_support,2,1,0,service_quality
delivery executive very rude unprofessional delivery address my office,logistics,0,0,2,behaviour,0,3,2,agent_behaviour
order dispatch confusion,logistics,1,1,7,fallback_support,1,0,0,service_quality
fjc,logistics,1,1,7,fallback_support,1,0,0,service_quality
very late delivery receive,logistics,0,0,0,delay,0,3,2,delivery_failures
perfect timing delivery,logistics,2,2,7,fallback_support,2,1,0,service_quality
status shows delivered to unknown person,logistics,0,0,7,fallback_support,1,0,1,service_quality
delivery do,logistics,1,1,7,fallback_support,1,0,0,service_quality
hello sir delivery nahi mila hai,logistics,1,1,7,fallback_support,1,0,0,service_quality
call before reaching address suggested,logistics,1,1,7,support,1,0,0,service_quality
not this time,logistics,0,0,7,fallback_support,1,0,1,service_quality
credit card not delivered yet,logistics,0,0,0,delay,0,3,2,delivery_failures
shipment marked delivered to unknown person,logistics,0,0,7,fallback_support,1,0,1,service_quality
fast delivery polite behaviour,logistics,2,2,7,behaviour,2,1,0,service_quality
item not delivered,logistics,0,0,0,fallback_support,0,3,2,delivery_failures
delayed by one day,logistics,0,0,0,delay,0,3,2,delivery_failures
office staff disappointing,logistics,0,0,7,fallback_support,1,0,1,service_quality
"I opened my account at 28 March 2025, after 9 days I didn't receive my ATM card and cheque book. 
",logistics,1,1,7,fallback_support,1,0,0,service_quality
bad person rude delivery boy,logistics,0,0,2,behaviour,0,3,2,agent_behaviour
absolutely best,logistics,2,2,7,fallback_support,2,1,0,service_quality
parcel delivered to wrong address,logistics,0,0,1,wrong_delivery,0,3,2,wrong_delivery
delivery not at home,logistics,1,1,7,fallback_support,1,0,0,service_quality
wrong order received need return,logistics,0,0,7,refund,0,4,3,service_quality
delivery agent behaviour rude unacceptable,logistics,0,0,2,behaviour,0,3,2,agent_behaviour
no ideas,logistics,1,1,7,fallback_support,1,0,0,service_quality
Hlo good morning my account is freezing,logistics,0,0,7,fallback_support,2,1,1,service_quality
delivery of critical medicine delayed unacceptable,logistics,0,0,0,delay,0,3,2,delivery_failures
minor delay but parcel received fine,logistics,1,0,0,delay,0,2,2,delivery_failures
package delayed without information,logistics,1,0,0,delay,0,2,2,delivery_failures
late delivery issue,logistics,1,0,0,delay,0,0,1,delivery_failures
order delivered to watchman without delivery code,logistics,0,0,7,fallback_support,1,0,1,service_quality
bad quality product not worth payment,logistics,0,0,7,fallback_support,0,3,2,service_quality
delivery time needs improvement,logistics,1,1,7,fallback_support,1,0,0,service_quality
wrong quantity received,logistics,1,0,7,fallback_support,0,0,0,service_quality
tracking good delivery smooth,logistics,2,2,4,tracking,1,1,0,tracking_updates
one of best service bluedart,logistics,2,2,7,fallback_support,2,1,0,service_quality
good service experience,logistics,2,2,7,fallback_support,2,1,0,service_quality
generally reliable service,logistics,1,1,7,fallback_support,1,0,0,service_quality
worst experience ever,logistics,0,0,7,fallback_support,0,3,2,service_quality
delivery boy respectful service good,logistics,2,2,7,fallback_support,2,1,0,service_quality
late delivery no customer care support language issue,logistics,0,0,0,delay,0,3,2,delivery_failures
confirm consignee availability before delivery,logistics,1,1,7,fallback_support,1,0,0,service_quality
delivery at door requested,logistics,1,1,7,fallback_support,1,0,0,service_quality
thank you bhaiya,logistics,2,2,7,fallback_support,2,1,0,service_quality
fuck off bitch,logistics,0,0,7,fallback_support,1,0,1,service_quality
your represenative deliver medicine by delay of day give wrong feed back a office close but there residence not office very bad service at chandigarh,logistics,0,0,0,delay,0,3,2,delivery_failures
poor fabric quality for price,logistics,1,1,7,fallback_support,0,0,0,service_quality
bad product and bad service,logistics,0,0,7,fallback_support,0,3,2,service_quality
order not received after payment,logistics,0,0,7,damage_lost,0,4,3,service_quality
do not receive my product then how could rate you make payment but not yet receive,logistics,0,0,7,fallback_support,1,0,1,service_quality
product not delivered but feedback message sent,logistics,1,0,0,pricing,0,0,0,delivery_failures
awesome packaging well handled,logistics,2,2,7,fallback_support,2,1,0,service_quality
please call before reaching delivery location,logistics,1,1,7,support,1,0,0,service_quality
delivery partner called before arrival,logistics,2,2,7,support,2,1,0,service_quality
shipment delivered today,logistics,1,1,7,fallback_support,1,0,0,service_quality
shipment delayed and returned after long time,logistics,1,0,0,delay,0,2,2,delivery_failures
delivery executive polite and knowledgeable,logistics,2,2,7,fallback_support,2,1,0,service_quality
third class product quality fraud complaint,logistics,1,1,7,support,0,4,3,service_quality
delivery guy very kind polite good experience,logistics,2,2,7,fallback_support,2,1,0,service_quality
awesome fast delivery,logistics,2,2,7,fallback_support,2,1,0,service_quality
shipment not received,logistics,1,1,7,damage_lost,0,0,0,service_quality
experienced staff,logistics,1,1,7,fallback_support,1,0,0,service_quality
excellent customer service quality,logistics,2,2,7,support,2,1,0,service_quality
product defective want return policy,logistics,1,1,7,refund,1,0,0,service_quality
false delivery attempt updated twice,logistics,0,0,7,fallback_support,1,0,1,service_quality
fake company empty bottle received,logistics,0,0,7,fallback_support,0,3,2,service_quality
didnt receive product but marked delivered,logistics,0,0,7,fallback_support,1,0,1,service_quality
product not delivered complaint requested,logistics,0,0,0,support,0,3,2,delivery_failures
bahut hi achcha hai,logistics,1,1,7,fallback_support,1,0,0,service_quality
advance delivery information needed,logistics,1,1,7,fallback_support,1,0,0,service_quality
parcel not received please confirm,logistics,1,1,7,damage_lost,0,0,0,service_quality
Keep up and donât shut down thatâs all I say.. i want to do business and be a loyal customer with you guys and in coming future Iâll be having millions and billions in it so.. keep progressing ,logistics,2,2,7,fallback_support,2,1,0,service_quality
outstanding service,logistics,2,2,7,fallback_support,2,1,0,service_quality
no door delivery had to go office,logistics,1,1,7,fallback_support,1,0,0,service_quality
delivery not done marked incorrect address wrongly,logistics,0,0,0,fallback_support,0,3,2,delivery_failures
cool and courteous delivery person,logistics,2,2,7,fallback_support,2,4,3,service_quality
parcel not delivered to me or family,logistics,0,0,0,fallback_support,0,3,2,delivery_failures
delivery boy asked extra money,logistics,1,1,7,fallback_support,1,0,0,service_quality
order delivered very late after month,logistics,1,0,0,delay,0,0,1,delivery_failures
great,logistics,1,2,7,fallback_support,2,1,0,service_quality
staff behaviour needs improvement,logistics,1,1,7,behaviour,1,0,0,service_quality
soft spoken decent delivery person,logistics,2,2,7,fallback_support,2,1,0,service_quality
no one called for delivery,logistics,1,1,7,support,1,0,0,service_quality
passbook should be delivered with debit card,logistics,1,1,7,fallback_support,1,0,0,service_quality
fast polite delivery agent,logistics,2,2,7,fallback_support,2,1,0,service_quality
on tym deliver,logistics,1,1,7,fallback_support,1,0,0,service_quality
extremely poor service never recommend,logistics,0,0,7,fallback_support,0,3,2,service_quality
company pressuring for deposit unfair behaviour,logistics,0,0,7,behaviour,1,0,2,service_quality
quick service,logistics,1,1,7,fallback_support,2,0,0,service_quality
not received any parcel,logistics,0,0,7,damage_lost,0,4,3,service_quality
card delivered without otp serious issue,logistics,0,0,7,fallback_support,0,3,2,service_quality
item not deliver,logistics,0,0,7,fallback_support,1,0,1,service_quality
your deliveryman very rude towards me senior lady and cancelled order without my consent,logistics,0,0,2,behaviour,0,3,2,agent_behaviour
same issue as today,logistics,1,0,7,fallback_support,0,0,0,service_quality
upi related query,logistics,1,0,0,delay,0,0,1,delivery_failures
yeola bluedart very pathetic false delivery updates,logistics,0,0,7,fallback_support,1,0,1,service_quality
tracking should show stagewise parcel journey,logistics,1,1,4,tracking,1,0,1,tracking_updates
received without much follow up,logistics,1,1,3,support,1,2,1,customer_support
courier service very poor courier person never called and talked rudely,logistics,0,0,2,behaviour,0,3,2,agent_behaviour
delivery person forced gate pickup,logistics,0,0,7,fallback_support,1,0,1,service_quality
did not receive debit card only cheque book,logistics,0,0,7,damage_lost,0,4,3,service_quality
wrong size and wrong product received,logistics,0,0,7,fallback_support,0,3,2,service_quality
delivery person behaviour was very rude and disrespectful,logistics,0,0,2,behaviour,0,3,2,agent_behaviour
marked delivered but not received,logistics,0,0,7,damage_lost,0,4,3,service_quality
received order successfully,logistics,1,1,7,fallback_support,1,0,0,service_quality
product quality very different from image,logistics,0,0,7,fallback_support,1,0,1,service_quality
parcel reached doorstep correctly,logistics,2,2,7,fallback_support,2,1,0,service_quality
very happy with bank services,logistics,2,2,7,fallback_support,2,1,0,service_quality
guy did not hand over my order,logistics,0,0,7,fallback_support,1,0,1,service_quality
urgent document courier not received,logistics,1,1,7,damage_lost,0,0,0,service_quality
retain product request,logistics,1,1,7,fallback_support,1,0,0,service_quality
on time excellent service,logistics,2,2,7,fallback_support,2,1,0,service_quality
delivery info should be shared prior day,logistics,1,1,7,fallback_support,1,0,0,service_quality
already well,logistics,1,1,7,fallback_support,1,0,0,service_quality
parcel marked delivered but not delivered,logistics,0,0,0,fallback_support,0,3,2,delivery_failures
not received this package,logistics,1,1,7,damage_lost,0,0,0,service_quality
open branch in my area,logistics,1,1,7,fallback_support,1,0,0,service_quality
nice behaviour,logistics,2,2,7,behaviour,2,1,0,service_quality
best experience,logistics,2,2,7,fallback_support,2,1,0,service_quality
Bank Executive Pradnya Dhotre knowledge and guidance in account opening was best,logistics,1,1,7,fallback_support,1,0,0,service_quality
parcel delivered without confirmation,logistics,0,0,7,fallback_support,1,0,1,service_quality
you must better,logistics,1,1,7,fallback_support,1,0,0,service_quality
no return refund option poor,logistics,0,0,7,refund,0,4,3,service_quality
timely service cordial delivery boy,logistics,2,2,7,fallback_support,2,1,0,service_quality
language used by delivery person not good,logistics,0,0,7,fallback_support,2,1,1,service_quality
quick fast delivery delivery guy very polite gentle,logistics,2,2,7,fallback_support,2,1,0,service_quality
very poor intercity delay,logistics,0,0,0,delay,0,3,2,delivery_failures
keep discipline employee sometimes they reject order by themselves,logistics,1,1,7,fallback_support,1,0,0,service_quality
product damaged,logistics,0,0,5,damage_lost,0,4,3,damaged_package
route map clarity needed,logistics,1,1,7,fallback_support,1,0,0,service_quality
parcel delivered to someone else,logistics,0,0,1,fallback_support,1,0,1,wrong_delivery
fast delivery polite delivery boy,logistics,2,2,7,fallback_support,2,1,0,service_quality
wrong delivery date commitment,logistics,1,0,1,fallback_support,0,3,2,wrong_delivery
please update app with correct delivery status,logistics,1,1,7,fallback_support,1,0,0,service_quality
do not get parcel,logistics,1,1,7,fallback_support,1,0,0,service_quality
open box delivery concern,logistics,1,1,7,fallback_support,1,2,1,service_quality
collected from warehouse,logistics,0,0,7,fallback_support,1,0,1,service_quality
had to pick parcel myself,logistics,1,1,7,fallback_support,1,0,0,service_quality
excellent work,logistics,2,2,7,fallback_support,2,1,0,service_quality
nic,logistics,1,1,7,fallback_support,1,0,0,service_quality
delivery agent very good,logistics,2,2,7,fallback_support,2,1,0,service_quality
it already best,logistics,2,2,7,fallback_support,2,1,0,service_quality
order received damaged,logistics,0,0,5,damage_lost,0,4,3,damaged_package
parcel returned saying wrong pincode even though pincode was correct customer asked to contact care,logistics,0,0,7,refund,0,4,3,service_quality
not delivered at doorstep despite request,logistics,1,0,0,fallback_support,0,0,0,delivery_failures
thank you debabrata da,logistics,1,2,7,fallback_support,2,0,0,service_quality
there undue delay in delivery there no communication for delay,logistics,0,0,0,delay,0,3,2,delivery_failures
fake express delivery false attempt updates and repeated follow ups required,logistics,0,0,3,support,0,3,2,customer_support
delivery not done on scheduled date falsely marked closed,logistics,0,0,0,fallback_support,1,0,1,delivery_failures
order not delivered forced branch pickup,logistics,0,0,0,fallback_support,0,3,2,delivery_failures
received proper item,logistics,2,2,7,fallback_support,2,1,0,service_quality
one product miss,logistics,1,1,7,fallback_support,1,0,0,service_quality
wrong product delivered please return,logistics,1,0,7,refund,0,0,0,service_quality
very suitably delivered,logistics,2,2,7,fallback_support,2,1,0,service_quality
happy with bluedart delivery associate,logistics,2,2,7,fallback_support,2,1,0,service_quality
parcel not received even after providing OTP,logistics,0,0,7,damage_lost,0,4,3,service_quality
delivery person did not call wrong address shown,logistics,0,0,1,wrong_delivery,0,3,2,wrong_delivery
send otp before payment,logistics,1,1,7,fallback_support,1,0,0,service_quality
get message delivery out but not receive any article please check out with delivery person contact me below number mobi,logistics,1,1,7,support,1,0,0,service_quality
delivery person talked rudely and asked me to collect consignment from different location,logistics,0,0,4,tracking,0,3,2,tracking_updates
delivery mishandling package disappointed,logistics,0,0,7,fallback_support,1,0,1,service_quality
delivery wrongly marked attempted no call parcel broken,logistics,0,0,5,damage_lost,0,4,3,damaged_package
delivered after promised date,logistics,1,1,7,fallback_support,1,0,0,service_quality
delivery not attempted,logistics,0,0,0,delay,0,3,2,delivery_failures
repeated false missed delivery reports,logistics,0,0,7,fallback_support,1,0,1,service_quality
need local bluedart office to reduce delivery issues,logistics,1,0,7,fallback_support,0,0,0,service_quality
screen monitor damaged on arrival,logistics,1,0,5,damage_lost,0,3,3,damaged_package
exchange requested wrong product,logistics,1,0,7,refund,0,0,0,service_quality
delivery representative verified identity before handover,logistics,1,1,7,fallback_support,1,0,0,service_quality
order white colour you sent black,logistics,1,1,7,fallback_support,1,0,0,service_quality
provide good service,logistics,2,2,7,fallback_support,2,1,0,service_quality
superb performance,logistics,2,2,7,fallback_support,2,1,0,service_quality
delivery boy behaviour very good,logistics,2,2,7,behaviour,2,1,0,service_quality
do not receive any parcel,logistics,0,0,7,fallback_support,1,0,1,service_quality
G,logistics,1,1,7,fallback_support,1,0,0,service_quality
return facility missing need seller details,logistics,1,0,7,refund,0,0,0,service_quality
good experience opening account with IDFC,logistics,2,2,7,fallback_support,2,1,0,service_quality
service not good in my area,logistics,0,0,7,fallback_support,2,1,1,service_quality
tracking auto refresh suggestion,logistics,1,1,4,tracking,1,0,1,tracking_updates
damage screen monitor received,logistics,1,0,7,damage_lost,1,0,0,service_quality
card available from th november at bluedart ramnagar kota raipur office,logistics,1,1,7,fallback_support,1,0,0,service_quality
received wrong items from box,logistics,0,0,7,fallback_support,0,3,2,service_quality
very poor quality,logistics,0,0,7,fallback_support,0,3,2,service_quality
one of worst logistics false updates,logistics,0,0,7,fallback_support,0,3,2,service_quality
excellent experience overall,logistics,2,2,7,fallback_support,2,1,0,service_quality
otp based delivery appreciated,logistics,2,2,7,fallback_support,2,1,0,service_quality
fantastic delivery experience,logistics,2,2,7,fallback_support,2,1,0,service_quality
good timing management,logistics,2,2,7,fallback_support,2,1,0,service_quality
"Order not received, delivery agent asked for OTP but order was not delivered",logistics,0,0,0,damage_lost,0,4,3,delivery_failures
good product and good delivery,logistics,2,2,7,fallback_support,2,1,0,service_quality
not received parcel,logistics,0,0,7,damage_lost,0,4,3,service_quality
want to return order,logistics,1,1,7,refund,1,0,0,service_quality
delivery person unprofessional,logistics,0,0,2,behaviour,0,3,2,agent_behaviour
Everything is fine,logistics,2,2,7,fallback_support,2,1,0,service_quality
think delivery process can improve by sharing agent contact and time slot,logistics,1,1,7,support,1,0,0,service_quality
home delivery not provided had to collect from office,logistics,1,1,7,fallback_support,1,0,0,service_quality
receive by my brother not my husband,logistics,1,1,7,fallback_support,1,0,0,service_quality
delivered to wrong address,logistics,0,0,1,wrong_delivery,0,3,2,wrong_delivery
delivery boy behaviour acceptable,logistics,1,1,7,behaviour,1,0,0,service_quality
wrong item handed over after otp,logistics,0,0,7,fallback_support,0,3,2,service_quality
parcel sent to wrong address against instruction,logistics,1,0,1,wrong_delivery,0,0,1,wrong_delivery
poor service,logistics,0,0,7,fallback_support,0,3,2,service_quality
not deliver my order,logistics,0,0,7,fallback_support,1,0,1,service_quality
pincode not serviceable poor handling,logistics,0,0,7,fallback_support,0,3,2,service_quality
delivery not at home had to collect from hub,logistics,0,0,7,fallback_support,1,0,1,service_quality
order delivered but not up to mark,logistics,1,1,7,fallback_support,1,0,0,service_quality
prepaid product but delivery person took payment refund required,logistics,0,0,7,refund,0,4,3,service_quality
account opening should be explained better,logistics,1,1,7,fallback_support,1,0,0,service_quality
address guidance unnecessary delivery was perfect,logistics,1,2,7,fallback_support,2,0,0,service_quality
ring not available,logistics,1,1,7,fallback_support,1,0,0,service_quality
shipment delayed multiple times over a week,logistics,0,0,0,delay,0,3,2,delivery_failures
delivery person rude refused upstairs delivery,logistics,0,0,2,behaviour,0,3,2,agent_behaviour
staff cooperative during account opening,logistics,1,1,7,fallback_support,1,0,0,service_quality
delivery executive lie,logistics,0,0,7,fallback_support,1,0,1,service_quality
did not like product,logistics,0,0,7,fallback_support,1,0,1,service_quality
super fast one day delivery excellent,logistics,2,2,7,fallback_support,2,1,0,service_quality
nice sarvice,logistics,1,2,7,fallback_support,2,0,0,service_quality
rude language by delivery staff,logistics,0,0,2,behaviour,0,3,2,agent_behaviour
did not receive package unknown receiver,logistics,0,0,7,damage_lost,0,4,3,service_quality
please make sure that courier hand over right person,logistics,1,1,7,fallback_support,1,0,0,service_quality
delivery person should call alternate number,logistics,1,1,7,support,1,0,0,service_quality
fast familiar service,logistics,1,1,7,fallback_support,2,0,0,service_quality
packet opening not allowed issue,logistics,0,0,7,fallback_support,0,3,2,service_quality
delivery not attempted at same address,logistics,1,1,0,delay,1,0,1,delivery_failures
fake product replacement requested,logistics,0,0,7,refund,0,4,3,service_quality
good experience with service,logistics,2,2,7,fallback_support,2,1,0,service_quality
delivered within a day thank you,logistics,2,2,7,fallback_support,2,1,0,service_quality
welcome kit not delivered yet marked delivered,logistics,0,0,0,delay,0,3,2,delivery_failures
outstanding support service,logistics,2,2,7,support,2,1,0,service_quality
box damage,logistics,0,0,7,damage_lost,0,4,3,service_quality
service not good staff behaviour bad,logistics,0,0,7,behaviour,0,3,2,service_quality
very satisfy with your work,logistics,2,2,7,fallback_support,2,1,0,service_quality
delivery not at our address,logistics,0,0,7,fallback_support,1,0,1,service_quality
did not receive anything,logistics,0,0,7,damage_lost,0,4,3,service_quality
do not receive parcel how can you say it delivered,logistics,0,0,7,fallback_support,1,0,1,service_quality
great communication with delivery person,logistics,2,2,7,fallback_support,2,1,0,service_quality
keep it up,logistics,1,1,7,fallback_support,1,0,0,service_quality
product return,logistics,1,1,7,refund,1,0,0,service_quality
very good delivery person,logistics,2,2,7,fallback_support,2,1,0,service_quality
parcel stuck at center had to collect personally not worth delivery fee,logistics,0,0,7,pricing,0,3,2,service_quality
did not order this item,logistics,0,0,7,fallback_support,1,0,1,service_quality
item not delivered,logistics,1,0,0,fallback_support,0,0,0,delivery_failures
delivery boy unresponsive had to collect from office,logistics,0,0,7,fallback_support,1,0,1,service_quality
delivery person rude addressing customer,logistics,0,0,2,behaviour,0,3,2,agent_behaviour
delivery agent polite respectful,logistics,2,2,7,fallback_support,2,1,0,service_quality
IDFC bank service excellent,logistics,2,2,7,fallback_support,2,1,0,service_quality
order never reached me,logistics,1,1,7,fallback_support,1,0,0,service_quality
great delivery service on time,logistics,2,2,7,fallback_support,2,1,0,service_quality
fast delivery good updates,logistics,2,2,7,fallback_support,2,1,0,service_quality
bank shipment returned undelivered,logistics,1,1,7,refund,1,0,0,service_quality
speed delivery of product,logistics,1,1,7,fallback_support,1,0,0,service_quality
please change details,logistics,1,1,7,fallback_support,1,0,0,service_quality
cancel order,logistics,1,1,7,fallback_support,1,0,0,service_quality
reduce delivery charges request,logistics,1,1,7,fallback_support,1,0,0,service_quality
good service,logistics,1,2,7,fallback_support,2,1,0,service_quality
continue same approach,logistics,1,1,7,fallback_support,1,0,0,service_quality
delivery agent did not reach exact location,logistics,0,0,7,fallback_support,1,0,1,service_quality
card available from november at bluedart office,logistics,1,1,7,fallback_support,1,0,0,service_quality
timely parcel updates,logistics,1,1,7,fallback_support,2,0,0,service_quality
customer support excellent,logistics,2,2,3,support,2,1,0,customer_support
parcel not received yet,logistics,1,1,7,damage_lost,0,0,0,service_quality
parcel marked delivered but not received,logistics,0,0,7,damage_lost,0,4,3,service_quality
delay without reason for days,logistics,1,0,0,delay,0,2,2,delivery_failures
didnt call before delivery and handed parcel to unknown person,logistics,0,0,7,support,1,0,1,service_quality
transparency needed please call me,logistics,1,1,7,support,1,0,0,service_quality
delivery boy behaved very badly,logistics,0,0,7,fallback_support,0,3,2,service_quality
fraud product received,logistics,0,0,7,fallback_support,1,4,3,service_quality
Yas ,logistics,1,1,7,fallback_support,1,0,0,service_quality
deliver not at time,logistics,1,1,7,fallback_support,1,0,0,service_quality
parcel not received personally,logistics,0,0,7,damage_lost,0,4,3,service_quality
arrogant delivery boy behaviour,logistics,0,0,7,behaviour,1,0,2,service_quality
delivery boy asked me to come outside instead of home,logistics,0,0,7,fallback_support,1,0,1,service_quality
online verification improvement suggestion,logistics,1,1,7,fallback_support,1,0,0,service_quality
product handed to unknown person,logistics,0,0,7,fallback_support,1,0,1,service_quality
on nd attempt,logistics,1,1,7,fallback_support,1,0,0,service_quality
courier service not interested,logistics,0,0,7,fallback_support,1,0,1,service_quality
delivery ok,logistics,1,1,7,fallback_support,1,0,0,service_quality
delivery agent attitude very good,logistics,2,2,7,fallback_support,2,1,0,service_quality
expand delivery area,logistics,1,1,7,fallback_support,1,0,0,service_quality
cancelled order still delivered to security,logistics,0,0,7,fallback_support,1,0,1,service_quality
product broken on delivery,logistics,0,0,5,damage_lost,0,4,3,damaged_package
fake parcel received fraud,logistics,0,0,7,fallback_support,0,4,3,service_quality
frustrating slow delivery extremely disappointed,logistics,0,0,7,fallback_support,1,0,1,service_quality
parcel not delivered on time repeated delays delivery boy did not attempt delivery office blamed staff leave,logistics,0,0,0,delay,0,3,2,delivery_failures
didnt receive package my address change,logistics,0,0,7,fallback_support,1,0,1,service_quality
status shows delivered but not delivered,logistics,0,0,0,fallback_support,0,3,2,delivery_failures
into,logistics,1,1,7,fallback_support,1,0,0,service_quality
didnt receive shipment,logistics,0,0,7,fallback_support,1,0,1,service_quality
product change return manipulation issue,logistics,1,0,7,refund,0,0,0,service_quality
excellent service thank you please call recipient before delivery,logistics,2,2,7,support,2,1,0,service_quality
good dealing and service,logistics,2,2,7,fallback_support,2,1,0,service_quality
service of local agent very poor they wait day deliver that too after contact them,logistics,0,0,7,support,0,3,2,service_quality
Ycohxiyxi,logistics,1,1,7,fallback_support,1,0,0,service_quality
delivery excellent,logistics,2,2,7,fallback_support,2,1,0,service_quality
Overall all good experience and time consuming process,logistics,2,2,7,fallback_support,2,1,0,service_quality
Coming from ICICI bank my experience has been great while opening the account knowledgeable staff helpful service,logistics,2,2,7,fallback_support,2,1,0,service_quality
parcel not received but delivery message sent,logistics,0,0,7,damage_lost,0,4,3,service_quality
pathetic experience overall,logistics,1,1,7,fallback_support,1,0,0,service_quality
delivery partner very kind and humble,logistics,2,2,7,fallback_support,2,1,0,service_quality
fraud service cheaters,logistics,0,0,7,fallback_support,1,4,3,service_quality
offensive language feedback,logistics,1,1,7,pricing,1,0,0,service_quality
sandip bhai polte cooperative in deliver product,logistics,1,1,7,fallback_support,1,0,0,service_quality
brilliant,logistics,1,1,7,fallback_support,1,0,0,service_quality
parcel delayed despite reaching city had to collect from hub,logistics,0,0,0,delay,0,3,2,delivery_failures
all ok for now,logistics,1,1,7,fallback_support,1,0,0,service_quality
item broken in parcel,logistics,0,0,5,damage_lost,0,4,3,damaged_package
no return link available how to return,logistics,1,1,7,refund,1,0,0,service_quality
product quality below expectation,logistics,0,0,7,fallback_support,1,0,1,service_quality
take too much time deliver orderdelayed delivery,logistics,0,0,0,delay,0,3,2,delivery_failures
should provide delivery contact number,logistics,1,1,7,support,1,0,0,service_quality
delivery partner rude misbehaved,logistics,0,0,2,behaviour,0,3,2,agent_behaviour
havent received parcel yet,logistics,1,1,7,fallback_support,1,0,0,service_quality
very late delivery poor support,logistics,0,0,0,delay,0,3,2,delivery_failures
good procedure,logistics,2,2,7,fallback_support,2,1,0,service_quality
please provide phone number with shipment,logistics,1,1,7,fallback_support,1,0,0,service_quality
courier not delivered to home,logistics,1,0,0,fallback_support,0,0,0,delivery_failures
not received,logistics,0,0,7,damage_lost,0,4,3,service_quality
pol,logistics,1,1,7,fallback_support,1,0,0,service_quality
delivery demanded full ID proof suspicious behavior,logistics,1,1,7,behaviour,1,0,0,service_quality
delivery date missed repeated false messages,logistics,1,1,7,fallback_support,1,0,0,service_quality
all is well,logistics,1,1,7,fallback_support,1,0,0,service_quality
im happy,logistics,2,2,7,fallback_support,2,1,0,service_quality
package delivered safely,logistics,2,2,7,fallback_support,2,1,0,service_quality
not received but marked delivered,logistics,1,1,7,damage_lost,0,0,0,service_quality
fraud website low quality watch no refund,logistics,0,0,7,refund,0,4,3,service_quality
late delivery should avoid,logistics,1,0,0,delay,0,0,1,delivery_failures
delivery service not good,logistics,0,0,7,fallback_support,2,1,1,service_quality
order stuck near hub for half day,logistics,0,0,7,fallback_support,0,3,2,service_quality
mera parcel day ke baad mila h wo bhi mujhe khud jana pda h courior centre,logistics,1,1,7,fallback_support,1,0,0,service_quality
have not received any parcel,logistics,0,0,7,damage_lost,0,4,3,service_quality
good bank and service,logistics,2,2,7,fallback_support,2,1,0,service_quality
delivery correct suggestion to call before arrival,logistics,1,1,7,support,1,0,0,service_quality
product does not fit phone,logistics,1,1,7,fallback_support,1,0,0,service_quality
worst service regional delay,logistics,0,0,0,delay,0,3,2,delivery_failures
bad,logistics,0,0,7,fallback_support,0,3,2,service_quality
order not received but marked delivered,logistics,0,0,7,damage_lost,0,4,3,service_quality
service,logistics,1,1,7,fallback_support,1,0,0,service_quality
delivery tracking shows delivered but not received,logistics,0,0,4,damage_lost,0,4,3,tracking_updates
make delivery more timely expected yesterday,logistics,1,1,7,fallback_support,2,0,0,service_quality
very late delivery false premise closed update,logistics,0,0,0,delay,0,3,2,delivery_failures
courier did not deliver card claimed no response twice,logistics,0,0,3,support,0,3,2,customer_support
pathetic service,logistics,1,1,7,fallback_support,1,0,0,service_quality
have not received my package,logistics,0,0,7,damage_lost,0,4,3,service_quality
superb,logistics,2,2,7,fallback_support,2,1,0,service_quality
your delivery agent throw rhe product call recording of what he say he accept he throw parcel he do that again what kind of behaviour this he didnt give my parcel my mother respectfully,logistics,0,0,7,behaviour,1,0,2,service_quality
delivery not received,logistics,1,1,7,damage_lost,0,0,0,service_quality
on time delivery satisfied,logistics,1,1,7,fallback_support,2,1,0,service_quality
please cancel product and contact immediately,logistics,1,1,7,support,1,0,0,service_quality
day bad delivery slow service,logistics,0,0,7,delay,0,3,2,service_quality
excellent,logistics,2,2,7,fallback_support,2,1,0,service_quality
bad product scam,logistics,0,0,7,fallback_support,0,4,3,service_quality
material not delivered,logistics,0,0,0,fallback_support,0,3,2,delivery_failures
very nice service jai hind,logistics,2,2,7,fallback_support,2,1,0,service_quality
parcel delivered late,logistics,1,0,0,delay,0,0,1,delivery_failures
worst delivery experience received after one month,logistics,0,0,7,fallback_support,0,3,2,service_quality
wrong product received refund required,logistics,0,0,7,refund,0,4,3,service_quality
didnt receive at residence need clarification,logistics,1,1,7,fallback_support,1,0,0,service_quality
delivery person call day ago,logistics,1,1,7,support,1,0,0,service_quality
delivery marked delivered but parcel not received,logistics,0,0,7,damage_lost,0,4,3,service_quality
card not delivered yet,logistics,0,0,0,delay,0,3,2,delivery_failures
fast delivery all update on time,logistics,2,2,7,fallback_support,2,1,0,service_quality
request clearing old obligations otherwise service good,logistics,2,2,7,fallback_support,2,1,0,service_quality
love agent behaviour,logistics,2,2,7,behaviour,2,1,0,service_quality
protein bar missing poor packing,logistics,0,0,7,fallback_support,0,3,2,service_quality
please deliver medicine before evening,logistics,1,1,7,fallback_support,1,0,0,service_quality
delivery person did not contact repeatedly,logistics,0,0,7,behaviour,1,0,2,service_quality
delivery boy not polite,logistics,0,0,2,behaviour,2,0,2,agent_behaviour
confusing communication difficult to connect,logistics,0,0,7,fallback_support,1,0,1,service_quality
fast service,logistics,2,2,7,fallback_support,2,1,0,service_quality
product delivered smoothly in good condition polite delivery boy,logistics,2,2,7,fallback_support,2,1,0,service_quality
shipment not received,logistics,0,0,7,damage_lost,0,4,3,service_quality
why parcel delivered to someone else,logistics,1,1,1,fallback_support,1,0,0,wrong_delivery
easy doorstep delivery process,logistics,1,1,7,fallback_support,1,0,0,service_quality
sometimes local delay observed,logistics,1,0,0,delay,0,2,2,delivery_failures
bad quality product,logistics,0,0,7,fallback_support,0,3,2,service_quality
improve door step delivery,logistics,1,1,7,fallback_support,1,0,0,service_quality
delivery partner well behave,logistics,1,1,7,fallback_support,1,0,0,service_quality
product very bad want return,logistics,1,0,7,refund,0,0,0,service_quality
delivery service delayed 4 days for short distance unprofessional,logistics,0,0,0,delay,0,3,2,delivery_failures
deliver within estimated date,logistics,1,1,7,fallback_support,1,0,0,service_quality
please confirm address on call,logistics,1,1,7,support,1,0,0,service_quality
delivery agent gave false assurance lied about delivery,logistics,0,0,7,fallback_support,1,0,1,service_quality
delivery person rude cancelled order,logistics,0,0,2,behaviour,0,3,2,agent_behaviour
parcel not delivered for days staff not interested in delivery poor service not recommended,logistics,0,0,0,fallback_support,0,3,2,delivery_failures
medicine refused without contact very bad service,logistics,0,0,7,support,0,3,2,service_quality
it not deliver visit office pick up after long follow up pathetic service,logistics,0,0,3,support,1,2,1,customer_support
parcel thrown into mud by delivery staff,logistics,0,0,7,fallback_support,1,0,1,service_quality
service good fast but improve connectivity day by day,logistics,2,2,7,fallback_support,2,1,0,service_quality
open box received broken bottle inside,logistics,0,0,5,damage_lost,0,4,3,damaged_package
tell your staff maintain some patience while have conversation,logistics,1,1,7,fallback_support,1,0,0,service_quality
no query,logistics,1,1,7,support,1,0,0,service_quality
cash payment issue,logistics,1,0,6,pricing,0,0,0,payment_issues
no delivery contact but parcel marked delivered unacceptable,logistics,0,0,7,support,1,0,1,service_quality
different colour delivered,logistics,0,0,7,fallback_support,1,0,1,service_quality
delivery on promised date appreciated,logistics,2,2,7,fallback_support,2,1,0,service_quality
love polite behaviour of delivery agent,logistics,2,2,7,behaviour,2,1,0,service_quality
parcel given to unknown person,logistics,1,1,7,fallback_support,1,0,0,service_quality
document delivered on time will recommend bluedart,logistics,2,2,7,fallback_support,2,1,0,service_quality
need rural delivery improvement,logistics,1,1,7,fallback_support,1,0,0,service_quality
home delivery preference,logistics,1,1,7,fallback_support,1,0,0,service_quality
excellent prompt delivery communication,logistics,2,2,7,fallback_support,2,1,0,service_quality
delivery slow,logistics,0,0,7,delay,0,3,2,service_quality
very happy with delivery partner behaviour,logistics,2,2,7,behaviour,2,1,0,service_quality
prashant always polite and on time,logistics,2,2,7,fallback_support,2,1,0,service_quality
let customer know exact delivery date instead of apologizing later,logistics,1,0,0,delay,0,0,1,delivery_failures
delivery delayed by almost month,logistics,0,0,0,delay,0,3,2,delivery_failures
try deliver next day,logistics,1,1,7,fallback_support,1,0,0,service_quality
very bad delivery experience,logistics,0,0,7,fallback_support,0,3,2,service_quality
delivery delayed compared to tracking date,logistics,0,0,0,delay,0,3,2,delivery_failures
wrong order delivered very bad,logistics,0,0,7,fallback_support,0,3,2,service_quality
excellent delivery behaviour thanks bluedart,logistics,1,2,7,behaviour,2,1,0,service_quality
do not receive parcel,logistics,0,0,7,fallback_support,1,0,1,service_quality
delivery agent did not call before delivery,logistics,0,0,2,behaviour,1,0,2,agent_behaviour
yoyo honey singh,logistics,1,1,7,fallback_support,1,0,0,service_quality
let delivery happen,logistics,1,1,7,fallback_support,1,0,0,service_quality
my icici bank credit card not deliver,logistics,0,0,7,fallback_support,1,0,1,service_quality
delivery very fast,logistics,2,2,7,fallback_support,2,1,0,service_quality
on doorstep,logistics,1,1,7,fallback_support,1,0,0,service_quality
delivery staff very rude and unprofessional language,logistics,0,0,2,behaviour,0,3,2,agent_behaviour
incorrect delivery details,logistics,1,1,1,wrong_delivery,0,0,1,wrong_delivery
account opening process is very fast,logistics,2,2,7,fallback_support,2,1,0,service_quality
minimal call deliver at st floor,logistics,1,1,7,support,1,0,0,service_quality
it is okay overall,logistics,1,1,7,fallback_support,1,0,0,service_quality
deliver product properly,logistics,1,1,7,fallback_support,1,0,0,service_quality
no call from delivery executive,logistics,1,1,2,behaviour,1,0,0,agent_behaviour
receive product in good condition on time quality excellent,logistics,2,2,7,fallback_support,2,1,0,service_quality
very bad delivery,logistics,0,0,7,fallback_support,0,3,2,service_quality
delivery agent number should be shared,logistics,1,1,7,fallback_support,1,0,0,service_quality
partner did not contact me,logistics,1,1,7,behaviour,1,0,0,service_quality
it show out for delivery since last day but in track it show customer refuse a no one come deliver or even contact me for delivery pathetic service,logistics,0,0,4,tracking,1,0,0,tracking_updates
no regret satisfied,logistics,2,2,7,fallback_support,2,1,0,service_quality
do not receive my parcel,logistics,0,0,7,fallback_support,1,0,1,service_quality
very good delivery service by team,logistics,2,2,7,fallback_support,2,1,0,service_quality
low quality product,logistics,0,0,7,fallback_support,1,0,1,service_quality
excellent delivery service keep it up,logistics,2,2,7,fallback_support,2,1,0,service_quality
late delivery but resolved after contacting customer care,logistics,1,0,0,delay,0,1,1,delivery_failures
product damaged perfume bottle empty,logistics,0,0,5,damage_lost,0,4,3,damaged_package
share delivery time slot,logistics,1,1,7,fallback_support,1,0,0,service_quality
return request raised,logistics,1,1,7,refund,1,0,0,service_quality
service bad overall,logistics,1,0,7,fallback_support,0,0,0,service_quality
nice behaviour by staff,logistics,2,2,7,behaviour,2,1,0,service_quality
thanks for support,logistics,2,2,7,support,2,1,0,service_quality
veery rude staff they call all people pic parcel in office why we go office for pic where delivery partner why he not delivery,logistics,0,0,2,behaviour,0,3,2,agent_behaviour
parcel left with security without informing,logistics,1,1,7,fallback_support,1,0,0,service_quality
delivery boy conversation rude,logistics,0,0,2,behaviour,0,3,2,agent_behaviour
nice service and good delivery person,logistics,2,2,7,fallback_support,2,1,0,service_quality
parcel marked not available without call,logistics,0,0,7,support,1,0,1,service_quality
provide RTO paperwork fast,logistics,1,1,7,fallback_support,2,0,0,service_quality
alternate number otp option required,logistics,1,1,7,fallback_support,1,0,0,service_quality
your delivery lovely,logistics,2,2,7,fallback_support,2,1,0,service_quality
open package delivery suggestion,logistics,1,1,7,fallback_support,1,0,0,service_quality
very rude delivery partner no patience,logistics,0,0,2,behaviour,0,3,2,agent_behaviour
parcel left on doorstep without informing,logistics,1,1,7,fallback_support,1,0,0,service_quality
parcel delivered to wrong location,logistics,0,0,1,wrong_delivery,0,3,2,wrong_delivery
false address remarks never call customer,logistics,0,0,7,support,1,0,1,service_quality
it good service,logistics,2,2,7,fallback_support,2,1,0,service_quality
delivery boy collected money despite prepaid order,logistics,0,0,7,fallback_support,1,0,1,service_quality
delivered after weeks forced pickup,logistics,1,1,7,fallback_support,1,0,0,service_quality
delivery time not met poor service,logistics,0,0,7,fallback_support,0,3,2,service_quality
courier boy behaved unprofessionally refused office delivery,logistics,0,0,2,behaviour,0,3,2,agent_behaviour
effective reliable delivery parcel also well deliver on time too thankyou bhaiya,logistics,2,2,7,fallback_support,2,1,0,service_quality
abusive language very poor service,logistics,0,0,7,fallback_support,0,3,2,service_quality
delivered one day late,logistics,1,0,0,delay,0,0,1,delivery_failures
Plz make sure ur deliver boy can read d board on houses he cant read an English name on house,logistics,1,1,7,fallback_support,1,0,0,service_quality
online account management improvement suggestion,logistics,1,1,7,fallback_support,1,0,0,service_quality
delivery staff lacks basic manners very poor,logistics,0,0,7,fallback_support,0,3,2,service_quality
received wrong product want correct item,logistics,0,0,7,fallback_support,0,3,2,service_quality
bank commission suggestion,logistics,1,1,7,fallback_support,1,0,0,service_quality
professional service,logistics,2,2,7,fallback_support,2,1,0,service_quality
courier not delivered,logistics,0,0,0,fallback_support,0,3,2,delivery_failures
delivery one day late,logistics,0,0,0,delay,0,3,2,delivery_failures
very rude staff,logistics,0,0,2,behaviour,0,3,2,agent_behaviour
delivery related feedback,logistics,1,0,0,delay,0,0,1,delivery_failures
stitching defect inner pocket torn,logistics,0,0,5,damage_lost,0,4,3,damaged_package
delivery boy very polite good service,logistics,2,2,7,fallback_support,2,1,0,service_quality
worst experience ever,logistics,1,0,7,fallback_support,0,0,0,service_quality
Already said in first option in details please check,logistics,1,1,7,fallback_support,1,0,0,service_quality
wm not polite,logistics,0,0,2,behaviour,2,0,2,agent_behaviour
worst service no call forced office pickup,logistics,1,0,2,behaviour,0,0,0,agent_behaviour
didnt receive coruier mark deliver,logistics,1,1,7,fallback_support,1,0,0,service_quality
delivery agent behaviour not satisfactory,logistics,0,0,7,behaviour,1,0,2,service_quality
friendly helpful,logistics,2,2,7,fallback_support,2,1,0,service_quality
fraud ordered flash drive received mobile cover,logistics,0,0,7,fallback_support,1,4,3,service_quality
fake delivery status consignee unavailable,logistics,0,0,4,tracking,0,3,2,tracking_updates
very bad,logistics,0,0,7,fallback_support,0,3,2,service_quality
delivery experience terrible,logistics,0,0,7,fallback_support,1,0,1,service_quality
delivery staff misbehaved while delivering documents,logistics,0,0,2,behaviour,1,0,2,agent_behaviour
return parcel requested,logistics,1,1,7,refund,1,0,0,service_quality
parcel undelivered,logistics,0,0,7,fallback_support,1,0,1,service_quality
delivery agent drunk and spamming calls,logistics,0,0,7,support,1,0,1,service_quality
no door delivery in some areas please improve,logistics,1,1,7,fallback_support,1,0,0,service_quality
transparent reason for non delivery required,logistics,1,1,7,fallback_support,1,0,0,service_quality
atm card received but google services not working please call,logistics,1,1,7,support,1,0,0,service_quality
parcel not received after long wait,logistics,0,0,7,damage_lost,0,4,3,service_quality
delivery person very polite and professional,logistics,2,2,7,fallback_support,2,1,0,service_quality
delivery agent fake premise closed remark,logistics,0,0,7,fallback_support,0,3,2,service_quality
delivery partner rude and unprofessional strict action required,logistics,0,0,2,behaviour,0,3,2,agent_behaviour
xyz,logistics,1,1,7,fallback_support,1,0,0,service_quality
delivery guy good,logistics,2,2,7,fallback_support,2,1,0,service_quality
colour slightly different but acceptable,logistics,1,1,7,fallback_support,1,0,0,service_quality
Pathetic Delivery person Beeresh entered my society,logistics,1,1,7,fallback_support,1,0,0,service_quality
delivered to wrong name person,logistics,1,0,7,wrong_delivery,0,0,1,service_quality
false customer not available update extremely disappointing,logistics,0,0,7,fallback_support,1,0,1,service_quality
late delivery wrong tracking updates no attempt,logistics,0,0,0,delay,0,3,2,delivery_failures
parcel not received,logistics,0,0,7,damage_lost,0,4,3,service_quality
smartwatch battery poor,logistics,0,0,7,fallback_support,0,3,2,service_quality
delivery boy very friendly and polite,logistics,2,2,7,fallback_support,2,1,0,service_quality
have to self collect parcel,logistics,1,1,7,fallback_support,1,0,0,service_quality
awesome fast service,logistics,2,2,7,fallback_support,2,1,0,service_quality
plz how return this order,logistics,1,1,7,refund,1,0,0,service_quality
not so good,logistics,0,0,7,fallback_support,2,1,1,service_quality
fraud saaalee,logistics,0,0,7,fallback_support,1,4,3,service_quality
delivery delayed without contact details,logistics,0,0,0,delay,0,3,2,delivery_failures
timely delivery satisfactory behaviour,logistics,2,2,7,behaviour,2,1,0,service_quality
really appreciate service,logistics,2,2,7,fallback_support,2,1,0,service_quality
delivery boy did not come to deliver parcel and kept updating false status,logistics,0,0,7,fallback_support,1,0,1,service_quality
delivery too much delayed,logistics,0,0,0,delay,0,3,2,delivery_failures
fast and good delivery service,logistics,2,2,7,fallback_support,2,1,0,service_quality
please take back product havent receive it,logistics,1,1,7,fallback_support,1,0,0,service_quality
need customer helpline number,logistics,1,1,3,support,1,0,0,customer_support
he ask for delevery message dont know why,logistics,1,1,7,fallback_support,1,0,0,service_quality
never received courier only delivery message received,logistics,1,1,7,damage_lost,1,0,0,service_quality
bad delivery experience,logistics,0,0,7,fallback_support,0,3,2,service_quality
please update track id with otp,logistics,1,1,4,tracking,1,0,1,tracking_updates
live tracking needed,logistics,1,1,4,tracking,1,0,1,tracking_updates
delivery staff rude elderly harassment,logistics,0,0,2,behaviour,0,4,3,agent_behaviour
box broken,logistics,1,1,5,damage_lost,0,0,0,damaged_package
not single delivery agent call on provided delivery number not try deliver home address there simply update a address not find in portal it very frustruting for u locate your courier office go there collect parcel it good we itself start delivery work rather than give high repute company like dhl,logistics,1,2,7,support,2,1,0,service_quality
wrong picture used for delivery proof,logistics,0,0,7,fallback_support,0,3,2,service_quality
Pl Take care and give preference to senior citizen,logistics,1,1,7,fallback_support,1,0,0,service_quality
convenient doorstep delivery,logistics,2,2,7,fallback_support,2,1,0,service_quality
delivery marked completed but delivered to wrong address,logistics,0,0,1,wrong_delivery,0,3,2,wrong_delivery
quick delivery thanks,logistics,2,2,7,fallback_support,2,1,0,service_quality
had to pick order from store not delivered,logistics,0,0,0,fallback_support,0,3,2,delivery_failures
average experience not good,logistics,0,0,7,fallback_support,2,1,1,service_quality
false delivery report without attempt,logistics,0,0,7,fallback_support,1,0,1,service_quality
hr late delivery,logistics,1,0,0,delay,0,0,1,delivery_failures
add contact number and prior intimation system,logistics,1,1,7,support,1,0,0,service_quality
delivery person gave missed call asked otp before reaching then disappeared,logistics,0,0,7,support,1,0,1,service_quality
false address updates no calls,logistics,0,0,2,behaviour,1,0,2,agent_behaviour
delivery late by one day,logistics,1,0,0,delay,0,0,1,delivery_failures
reduce average monthly balance request,logistics,1,1,7,fallback_support,1,0,0,service_quality
no response from delivery office,logistics,1,1,3,support,0,0,0,customer_support
packet opened and damaged,logistics,1,0,5,damage_lost,0,3,3,damaged_package
worst delivery agent,logistics,0,0,7,fallback_support,0,3,2,service_quality
deliver correct product,logistics,1,1,7,fallback_support,1,0,0,service_quality
Very bad experience app crashed during VKYC repeatedly,logistics,0,0,7,fallback_support,0,3,2,service_quality
very bad pathetic service,logistics,0,0,7,fallback_support,0,3,2,service_quality
on time courteous delivery staff,logistics,2,2,7,fallback_support,2,4,3,service_quality
good l,logistics,1,2,7,fallback_support,2,1,0,service_quality
size not fit want exchange,logistics,1,1,7,refund,1,0,0,service_quality
no delivery attempt while at home,logistics,0,0,7,fallback_support,1,0,1,service_quality
happy with service,logistics,1,2,7,fallback_support,2,1,0,service_quality
wrong product received fraud website,logistics,0,0,7,fallback_support,0,4,3,service_quality
refused exact delivery location,logistics,1,1,7,fallback_support,1,0,0,service_quality
had to collect parcel from hub far away customer care did not help,logistics,0,0,3,support,1,0,1,customer_support
need call or message before delivery,logistics,1,1,7,support,1,0,0,service_quality
not received any shipment,logistics,0,0,7,damage_lost,0,4,3,service_quality
fake delivery attempt no contact made,logistics,0,0,7,support,0,3,2,service_quality
delivery boy behaved well,logistics,2,2,7,fallback_support,2,1,0,service_quality
delivery far from address poor service,logistics,0,0,7,fallback_support,0,3,2,service_quality
already best service,logistics,2,2,7,fallback_support,2,1,0,service_quality
Overall good experience,logistics,2,2,7,fallback_support,2,1,0,service_quality
unable to deliver item on time,logistics,0,0,7,fallback_support,2,0,1,service_quality
resolve complaints faster,logistics,1,1,7,support,0,3,2,service_quality
good banking service,logistics,2,2,7,fallback_support,2,1,0,service_quality
order not received yet,logistics,1,1,7,damage_lost,0,0,0,service_quality
excellent behaviour and performance,logistics,2,2,7,behaviour,2,1,0,service_quality
good service with good behaviour,logistics,2,2,7,behaviour,2,1,0,service_quality
no delivery attempt false house not found remark,logistics,0,0,7,fallback_support,1,0,1,service_quality
early delivery very happy,logistics,2,2,7,fallback_support,2,1,0,service_quality
want return jeans,logistics,1,1,7,refund,1,0,0,service_quality
delivery never attempted at address,logistics,0,0,7,fallback_support,1,0,1,service_quality
your service excellent thank you,logistics,2,2,7,fallback_support,2,1,0,service_quality
satisfied with delivery,logistics,2,2,7,fallback_support,2,1,0,service_quality
delivery time very late,logistics,0,0,0,delay,0,3,2,delivery_failures
packaging was not good,logistics,0,0,7,fallback_support,2,1,1,service_quality
need better order tracking details,logistics,1,1,4,tracking,1,0,1,tracking_updates
very poor delayed delivery,logistics,0,0,0,delay,0,3,2,delivery_failures
very fast service happy with bluedart,logistics,2,2,7,fallback_support,2,1,0,service_quality
everything good packing and time management excellent,logistics,2,2,7,fallback_support,2,1,0,service_quality
delivery person refused to go to first floor and could not understand address,logistics,0,0,7,fallback_support,1,0,1,service_quality
Very rude and unprofessional delivery person- Ashish Chowdhury.,logistics,0,0,2,behaviour,0,3,2,agent_behaviour
package returned without visiting house marked shifted debit card risk,logistics,0,0,7,refund,0,4,3,service_quality
delivery person polite patient satisfied,logistics,2,2,7,fallback_support,2,1,0,service_quality
item delivered promptly after confirmation,logistics,2,2,7,fallback_support,2,1,0,service_quality
failed delivery had to go depot,logistics,0,0,7,fallback_support,1,0,1,service_quality
not delivered to home address collected from store,logistics,1,0,0,fallback_support,0,0,0,delivery_failures
thik hai,logistics,1,1,7,fallback_support,1,0,0,service_quality
delivery person asked me to collect parcel otherwise postponed delivery,logistics,0,0,7,delay,0,3,2,service_quality
best agent,logistics,2,2,7,fallback_support,2,1,0,service_quality
please share tentative delivery time in advance,logistics,1,1,7,fallback_support,1,0,0,service_quality
poor service by delivery guy,logistics,0,0,7,fallback_support,0,3,2,service_quality
delivery marked refused without attempt,logistics,1,1,7,fallback_support,1,0,0,service_quality
behaviour of delivery boy not good,logistics,0,0,7,behaviour,2,1,2,service_quality
do not buy product quality poor,logistics,0,0,7,fallback_support,0,3,2,service_quality
amazing hassle free delivery cooperative agent,logistics,2,2,7,fallback_support,2,1,0,service_quality
bad product delivered,logistics,0,0,7,fallback_support,0,3,2,service_quality
parcel delivered to wrong person wrong address,logistics,0,0,1,wrong_delivery,0,3,2,wrong_delivery
very slow delivery service,logistics,0,0,7,fallback_support,0,3,2,service_quality
forced hub pickup despite address availability,logistics,0,0,7,fallback_support,1,0,1,service_quality
my courier delivery do wrong personi didnt receive my courier,logistics,0,0,1,fallback_support,0,3,2,wrong_delivery
please give delivery guy proper phone,logistics,1,1,7,fallback_support,1,0,0,service_quality
wrong item received please return,logistics,0,0,7,refund,0,4,3,service_quality
irrelevant message,logistics,1,1,7,fallback_support,1,0,0,service_quality
your delivery service was very late,logistics,0,0,0,delay,0,3,2,delivery_failures
product not received fraud without otp,logistics,1,1,7,damage_lost,0,4,3,service_quality
delivery date missed expected earlier delivery,logistics,1,1,7,fallback_support,1,0,0,service_quality
received order near location on time,logistics,2,2,7,fallback_support,2,1,0,service_quality
product quality poor,logistics,1,1,7,fallback_support,0,0,0,service_quality
have go warehouse collect product,logistics,1,1,7,fallback_support,1,0,0,service_quality
recipient verification not done,logistics,1,1,7,fallback_support,1,0,0,service_quality
do not receive my parcel yet,logistics,0,0,7,fallback_support,1,0,1,service_quality
did not receive my order and no call received,logistics,0,0,2,damage_lost,0,4,3,agent_behaviour
excellent delivery service,logistics,2,2,7,fallback_support,2,1,0,service_quality
very happy,logistics,2,2,7,fallback_support,2,1,0,service_quality
delivery boy decent requested advance contact,logistics,1,1,7,support,1,0,0,service_quality
delivery person behaved rudely with housewife,logistics,0,0,2,behaviour,0,3,2,agent_behaviour
parcel not received for a week had to collect from office,logistics,0,0,7,damage_lost,0,4,3,service_quality
good fast service,logistics,2,2,7,fallback_support,2,1,0,service_quality
delivery took extra day,logistics,1,1,7,fallback_support,1,0,0,service_quality
appreciate prompt delivery kind associate,logistics,2,2,7,fallback_support,2,1,0,service_quality
goed wark,logistics,1,1,7,fallback_support,1,0,0,service_quality
my last credit card dilevery very bad,logistics,0,0,7,fallback_support,0,3,2,service_quality
blue dart best service provider,logistics,2,2,7,fallback_support,2,1,0,service_quality
very poor service language and behaviour unacceptable,logistics,1,1,7,behaviour,0,3,2,service_quality
Good service provided,logistics,2,2,7,fallback_support,2,1,0,service_quality
parcel delivered without my knowledge,logistics,0,0,7,fallback_support,1,0,1,service_quality
call at time of delivery requested,logistics,1,1,7,support,1,0,0,service_quality
ok recommend,logistics,1,1,7,fallback_support,1,0,0,service_quality
delivery partner uncooperative,logistics,0,0,7,fallback_support,1,0,1,service_quality
Not satisfied due to customer care service representative not pick the phone,logistics,0,0,3,support,2,1,1,customer_support
provide delivery contact number in sms,logistics,1,1,7,support,1,0,0,service_quality
delivery product different which order,logistics,1,1,7,fallback_support,1,0,0,service_quality
courier marked delivered without delivery unacceptable,logistics,0,0,7,fallback_support,1,0,1,service_quality
box squished inside,logistics,1,1,7,fallback_support,1,0,0,service_quality
product not working charging issue,logistics,0,0,7,fallback_support,0,3,2,service_quality
return requested,logistics,1,1,7,refund,1,0,0,service_quality
no suggestion as of now,logistics,1,1,7,fallback_support,1,0,0,service_quality
delivery should be to mentioned address only,logistics,1,1,7,fallback_support,1,0,0,service_quality
very accurate delivery,logistics,1,1,7,fallback_support,1,0,0,service_quality
duplicate parcel fraud,logistics,0,0,7,fallback_support,1,4,3,service_quality
did not come on scheduled day,logistics,1,1,7,fallback_support,1,0,0,service_quality
not get shipment,logistics,1,1,7,fallback_support,1,0,0,service_quality
delivery agent phone number needed,logistics,1,1,7,fallback_support,1,0,0,service_quality
excellent account opening support,logistics,2,2,7,support,2,1,0,service_quality
tracking info not updated properly,logistics,0,0,4,tracking,1,0,0,tracking_updates
No,logistics,1,1,7,fallback_support,1,0,0,service_quality
good gesture,logistics,2,2,7,fallback_support,2,1,0,service_quality
delivery partner follows own timing,logistics,1,1,7,fallback_support,1,0,0,service_quality
good support by team,logistics,2,2,7,support,2,1,0,service_quality
delivery person very rude unacceptable,logistics,0,0,2,behaviour,0,3,2,agent_behaviour
do not deliver me,logistics,0,0,7,fallback_support,1,0,1,service_quality
out for delivery status only,logistics,1,1,7,fallback_support,1,0,0,service_quality
rude behaviour reported,logistics,0,0,2,behaviour,0,3,2,agent_behaviour
delivery delay noted,logistics,1,0,0,delay,0,2,2,delivery_failures
very nice service experience,logistics,2,2,7,fallback_support,2,1,0,service_quality
good behaviour by staff,logistics,2,2,7,behaviour,2,1,0,service_quality
delayed delivery had to visit location,logistics,1,0,0,delay,0,2,2,delivery_failures
reliability generally good,logistics,1,2,7,fallback_support,2,1,0,service_quality
not setisfied,logistics,1,1,7,fallback_support,1,0,0,service_quality
staff need maturity in customer handling,logistics,1,1,7,fallback_support,1,0,0,service_quality
fraudulent parcel attempt reported,logistics,0,0,7,fallback_support,1,4,3,service_quality
delivery agent called to locate address,logistics,1,1,7,support,1,0,0,service_quality
great job by santosh,logistics,2,2,7,fallback_support,2,1,0,service_quality
good service arrive early safe first attempt deliver even if call not get connect delevery person contact through whatsapp call,logistics,2,2,7,support,2,1,0,service_quality
service really good,logistics,2,2,7,fallback_support,2,1,0,service_quality
location awareness needed,logistics,1,1,7,fallback_support,1,0,0,service_quality
delivery person toorude not ready give parcel on my behalf,logistics,0,0,2,behaviour,0,3,2,agent_behaviour
excellent service bank staff,logistics,2,2,7,fallback_support,2,1,0,service_quality
delivered on correct time,logistics,2,2,7,fallback_support,2,1,0,service_quality
delivery agent rude behaviour on cod order,logistics,0,0,2,behaviour,0,3,2,agent_behaviour
smooth nre account opening experience appreciated,logistics,2,2,7,fallback_support,2,1,0,service_quality
because my watch mush scratch,logistics,0,0,7,fallback_support,1,0,1,service_quality
delivery not done no call received,logistics,0,0,0,behaviour,1,0,2,delivery_failures
thank you for delivery,logistics,2,2,7,fallback_support,2,1,0,service_quality
delivered on expected date,logistics,1,1,7,fallback_support,1,0,0,service_quality
uncoloured old looking product,logistics,0,0,7,fallback_support,1,0,1,service_quality
delivery person good polite service,logistics,2,2,7,fallback_support,2,1,0,service_quality
not delivered to me,logistics,1,0,0,fallback_support,0,0,0,delivery_failures
delivery denied home address,logistics,0,0,7,fallback_support,1,0,1,service_quality
havent receive any thing till now,logistics,0,0,7,fallback_support,1,0,1,service_quality
not delivered had to pick up,logistics,0,0,0,fallback_support,0,3,2,delivery_failures
timely systematic delivery,logistics,2,2,7,fallback_support,2,1,0,service_quality
package tampered and torn delivery person refused to take responsibility,logistics,0,0,5,damage_lost,0,4,3,damaged_package
exchange requested return order,logistics,1,1,7,refund,1,0,0,service_quality
fraud service cheated me,logistics,0,0,7,fallback_support,1,4,3,service_quality
worst delivery service,logistics,0,0,7,fallback_support,0,3,2,service_quality
need return,logistics,1,1,7,refund,1,0,0,service_quality
delivery failed last day no response,logistics,0,0,0,delay,0,3,2,delivery_failures
thank you,logistics,2,2,7,fallback_support,2,1,0,service_quality
service centre behaviour not satisfactory,logistics,0,0,7,behaviour,1,0,2,service_quality
manoj pal,logistics,1,1,7,fallback_support,1,0,0,service_quality
consignment not yet deliver but status delivered,logistics,1,1,4,tracking,1,0,1,tracking_updates
name of delivered person incorrect unprofessional,logistics,0,0,2,behaviour,0,3,2,agent_behaviour
delivery awesome recommend others,logistics,2,2,7,fallback_support,2,1,0,service_quality
parcel reached on time,logistics,2,2,7,fallback_support,2,1,0,service_quality
delivery delayed followup needed,logistics,1,0,0,delay,0,2,2,delivery_failures
received wrong product instead of ordered item,logistics,0,0,7,fallback_support,0,3,2,service_quality
worst service did not respond to calls delivered to someone else address,logistics,0,0,1,support,0,3,2,wrong_delivery
staff rude communication complaint,logistics,1,0,2,behaviour,0,3,2,agent_behaviour
delivery system should include call feature,logistics,1,1,7,support,1,0,0,service_quality
do not receive parcel please check my parcel,logistics,0,0,7,fallback_support,1,0,1,service_quality
Employees are polite,logistics,1,1,7,fallback_support,2,0,0,service_quality
prior call before delivery requested,logistics,1,1,7,support,1,0,0,service_quality
glass case missing,logistics,0,0,7,fallback_support,0,3,2,service_quality
fake product vermi compost received instead of herbicide,logistics,1,1,7,fallback_support,0,0,0,service_quality
self recived parcel,logistics,1,1,7,fallback_support,1,0,0,service_quality
service not good,logistics,0,0,7,fallback_support,2,1,1,service_quality
delivery boy commented about future visits,logistics,1,1,7,fallback_support,1,0,0,service_quality
very nice nature best behaviour verryverrygood parsan,logistics,2,2,7,behaviour,2,1,0,service_quality
delivery staff left parcel with security without calling,logistics,0,0,7,support,1,0,1,service_quality
delivery boy did not call second attempt but delivery fast,logistics,2,2,2,behaviour,2,1,0,agent_behaviour
item not delivered yet,logistics,1,0,0,delay,0,0,1,delivery_failures
jewellery missing in product,logistics,1,0,7,fallback_support,0,0,0,service_quality
parcel delivered to wrong location and not received,logistics,0,0,1,damage_lost,0,4,3,wrong_delivery
very poor service local dealer delayed delivery excessively,logistics,0,0,0,delay,0,3,2,delivery_failures
loan amount extra finance query,logistics,1,1,7,support,1,0,0,service_quality
he do not deliver parcel mehe take my otp tell me that give you but run away from there without handle parcel,logistics,1,1,7,fallback_support,1,0,0,service_quality
product not delivered according to address,logistics,0,0,0,fallback_support,0,3,2,delivery_failures
smiley delivery person fast delivery,logistics,2,2,7,fallback_support,2,1,0,service_quality
courier marked delivered but not delivered,logistics,0,0,0,fallback_support,0,3,2,delivery_failures
fraud delivery reported,logistics,0,0,7,fallback_support,1,4,3,service_quality
my parcel not deliver me,logistics,0,0,7,fallback_support,1,0,1,service_quality
delivery person asked me to come outside society,logistics,1,1,7,fallback_support,1,0,0,service_quality
item not delivered no call received,logistics,0,0,0,behaviour,0,3,2,delivery_failures
unknown person received parcel please update,logistics,0,0,1,wrong_delivery,0,3,2,wrong_delivery
great service delivery in time,logistics,2,2,7,fallback_support,2,1,0,service_quality
delivery promised november but delayed,logistics,0,0,0,delay,0,3,2,delivery_failures
best service overall,logistics,1,1,7,fallback_support,1,0,0,service_quality
do not get delivery,logistics,0,0,7,fallback_support,1,0,1,service_quality
identity verification needed for correct delivery,logistics,1,1,7,fallback_support,1,0,0,service_quality
fantastic service get my parcel day before delivery date,logistics,1,1,7,fallback_support,1,0,0,service_quality
delivery guy refused due to stairs,logistics,0,0,7,fallback_support,1,0,1,service_quality
delivery date changed customer support unresponsive,logistics,1,1,3,support,1,0,0,customer_support
random text feedback,logistics,1,1,7,pricing,1,0,0,service_quality
return karma ahe,logistics,1,1,7,refund,1,0,0,service_quality
still not received package,logistics,0,0,7,damage_lost,0,4,3,service_quality
professional response improved,logistics,1,1,7,fallback_support,2,0,0,service_quality
delivery person should be reachable after call,logistics,1,1,7,support,1,0,0,service_quality
need delivery associate contact number,logistics,1,1,7,support,1,0,0,service_quality
delivery agent threatened order cancellation,logistics,1,1,7,behaviour,1,0,0,service_quality
received wrong clothing item,logistics,1,0,7,fallback_support,0,0,0,service_quality
thanks for good service,logistics,2,2,7,fallback_support,2,1,0,service_quality
fake and dirty product delivered lost my money no exchange option,logistics,0,0,5,damage_lost,0,4,3,damaged_package
please inform before delivery,logistics,1,1,7,fallback_support,1,0,0,service_quality
delivery completed in november,logistics,1,1,7,fallback_support,1,0,0,service_quality
never ordered this product money taken from my wife,logistics,0,0,7,fallback_support,1,0,1,service_quality
cheque book not delivered,logistics,1,0,0,fallback_support,0,0,0,delivery_failures
very good service thanks,logistics,2,2,7,fallback_support,2,1,0,service_quality
very poor delivery,logistics,0,0,7,fallback_support,0,3,2,service_quality
bekar hai,logistics,1,1,7,fallback_support,1,0,0,service_quality
product color mismatch quality poor return requested,logistics,0,0,7,refund,0,4,3,service_quality
parcel delivered four days late very poor service,logistics,0,0,0,delay,0,3,2,delivery_failures
like better,logistics,1,1,7,fallback_support,1,0,0,service_quality
credit card not delivered,logistics,0,0,0,fallback_support,0,3,2,delivery_failures
very good service bluedart,logistics,2,2,7,fallback_support,2,1,0,service_quality
im not receive document kindly confirm once check dilivery satus,logistics,1,1,7,fallback_support,1,0,0,service_quality
user friendly account opening process appreciated,logistics,2,2,7,fallback_support,2,1,0,service_quality
well service,logistics,1,1,7,fallback_support,1,0,0,service_quality
for kms delivery it take day,logistics,1,1,7,fallback_support,1,0,0,service_quality
delivery box compromised suspect replacement,logistics,0,0,7,refund,0,4,3,service_quality
where is my parcel,logistics,1,1,4,tracking,1,0,1,tracking_updates
thank you,logistics,1,2,7,fallback_support,2,0,0,service_quality
reliable service always,logistics,2,2,7,fallback_support,2,1,0,service_quality
delivery boy rude shouted and threatened customer,logistics,0,0,2,behaviour,0,3,2,agent_behaviour
need loan amount and interest details,logistics,1,1,7,fallback_support,1,0,0,service_quality
wrong perfume delivered,logistics,0,0,7,fallback_support,0,3,2,service_quality
return product request,logistics,1,1,7,refund,1,0,0,service_quality
delivery completed on promised date,logistics,1,1,7,fallback_support,1,0,0,service_quality
delivery person threw parcel without informing unacceptable behaviour,logistics,0,0,7,behaviour,1,0,2,service_quality
return order requested,logistics,1,1,7,refund,1,0,0,service_quality
wrong product received return needed,logistics,0,0,7,refund,0,4,3,service_quality
very delay in delivery do not recommend,logistics,0,0,0,delay,0,3,2,delivery_failures
item returned without contact system issue,logistics,0,0,7,refund,0,4,3,service_quality
unclear charges after purchase,logistics,1,2,7,fallback_support,1,0,0,service_quality
not received order,logistics,0,0,7,damage_lost,0,4,3,service_quality
delay for three days with false tracking info,logistics,1,0,0,delay,0,2,2,delivery_failures
no delivery yet,logistics,1,1,7,delay,1,0,1,service_quality
okk,logistics,1,1,7,fallback_support,1,0,0,service_quality
product application not working,logistics,1,1,7,fallback_support,1,0,0,service_quality
no delivery information provided,logistics,1,1,7,fallback_support,1,0,0,service_quality
helpful,logistics,1,1,7,fallback_support,2,0,0,service_quality
staff rude behaviour,logistics,0,0,2,behaviour,0,3,2,agent_behaviour
polite staff,logistics,1,1,7,fallback_support,2,0,0,service_quality
thank you for order,logistics,2,2,7,fallback_support,2,1,0,service_quality
delivery person kind polite deliver doorstep,logistics,1,1,7,fallback_support,2,0,0,service_quality
excellent job keep it up,logistics,2,2,7,fallback_support,2,1,0,service_quality
order cancelled without call marked failed,logistics,0,0,7,support,1,0,1,service_quality
shipment not delivered fake status fraud,logistics,0,0,0,fallback_support,0,4,3,delivery_failures
delivery should happen on scheduled date,logistics,1,1,7,fallback_support,1,0,0,service_quality
bad product every receive it scame,logistics,0,0,7,fallback_support,0,4,3,service_quality
message timing of visit,logistics,1,1,7,fallback_support,1,0,0,service_quality
didnt receive any material,logistics,0,0,7,fallback_support,1,0,1,service_quality
good courier service,logistics,2,2,7,fallback_support,2,1,0,service_quality
delivery executive excellent but system issue,logistics,2,0,7,fallback_support,0,1,0,service_quality
delivery experience extremely slow and disappointing,logistics,0,0,7,fallback_support,1,0,1,service_quality
self pickup required from hub,logistics,1,1,7,fallback_support,1,0,0,service_quality
order not deliver mark a deliver,logistics,1,1,7,fallback_support,1,0,0,service_quality
service behaviour very disappointing request you kindly monitor their performance,logistics,0,0,7,behaviour,1,0,2,service_quality
delivery not on time,logistics,0,0,7,delay,1,0,0,service_quality
yyyhh,logistics,1,1,7,fallback_support,1,0,0,service_quality
very good,logistics,2,2,7,fallback_support,2,1,0,service_quality
excellent banking app and features,logistics,2,2,7,fallback_support,2,1,0,service_quality
dont want product,logistics,0,0,7,fallback_support,1,0,1,service_quality
kyc not completed after multiple attempts,logistics,1,1,7,fallback_support,1,0,0,service_quality
best delivery service,logistics,2,2,7,fallback_support,2,1,0,service_quality
status shows delivered but not delivered,logistics,1,0,0,fallback_support,0,0,0,delivery_failures
outstanding,logistics,2,2,7,fallback_support,2,1,0,service_quality
extreme late delivery,logistics,0,0,0,delay,0,3,2,delivery_failures
not receive my parcel,logistics,0,0,7,fallback_support,1,0,1,service_quality
minimum balance account feedback,logistics,1,1,7,pricing,1,0,0,service_quality
fred hua mere sath,logistics,1,1,7,fallback_support,1,0,0,service_quality
parcel long time wait deliver,logistics,0,0,7,fallback_support,1,0,1,service_quality
wonderful delivery partner,logistics,2,2,7,fallback_support,2,1,0,service_quality
wrong shipment delivered,logistics,0,0,7,fallback_support,0,3,2,service_quality
delivery tagged refused without attempt,logistics,0,0,7,fallback_support,1,0,1,service_quality
didnt receive my parcel,logistics,0,0,7,fallback_support,1,0,1,service_quality
excellent service keep it up,logistics,2,2,7,fallback_support,2,1,0,service_quality
fake consignee unavailable mark without attempt,logistics,0,0,7,fallback_support,0,3,2,service_quality
delivery person kept parcel at wrong place while I was not present,logistics,0,0,7,wrong_delivery,0,3,2,service_quality
order cancellation requested,logistics,0,0,7,fallback_support,1,0,1,service_quality
better communication and promptness needed,logistics,2,2,7,fallback_support,2,1,0,service_quality
horrible delivery otp do come delivery person say come next day didnt come have go centre pick it up,logistics,0,0,7,fallback_support,1,0,1,service_quality
delivery attempt marked without calling,logistics,0,0,7,support,1,0,1,service_quality
wrong colour delivered exchange requested,logistics,1,0,7,refund,0,0,0,service_quality
best regard,logistics,1,1,7,fallback_support,1,0,0,service_quality
prompt delivery package not damaged,logistics,1,0,5,damage_lost,0,3,3,damaged_package
delivery time very late day,logistics,0,0,0,delay,0,3,2,delivery_failures
local service unavailable issue,logistics,0,0,7,fallback_support,0,3,2,service_quality
good behaviour and best service,logistics,2,2,7,behaviour,2,1,0,service_quality
wrong order delivered please return,logistics,0,0,7,refund,0,4,3,service_quality
package not yet delivered,logistics,1,1,7,fallback_support,1,0,0,service_quality
delivery service fast and good,logistics,2,2,7,fallback_support,2,1,0,service_quality
very very good,logistics,2,2,7,fallback_support,2,1,0,service_quality
already your service good,logistics,2,2,7,fallback_support,2,1,0,service_quality
delivery marked complete but product not received,logistics,0,0,7,damage_lost,0,4,3,service_quality
product quality very poor,logistics,0,0,7,fallback_support,0,3,2,service_quality
not received any delivery,logistics,1,1,7,damage_lost,0,0,0,service_quality
service great,logistics,2,2,7,fallback_support,2,1,0,service_quality
delivery person handed parcel to shop,logistics,1,1,7,fallback_support,1,0,0,service_quality
very good quality,logistics,2,2,7,fallback_support,2,1,0,service_quality
awesome experience,logistics,2,2,7,fallback_support,2,1,0,service_quality
display delivery agent phone number,logistics,1,1,7,fallback_support,1,0,0,service_quality
very good work,logistics,2,2,7,fallback_support,2,1,0,service_quality
pathetic pickup process,logistics,0,0,7,fallback_support,1,0,1,service_quality
left at door very poor service,logistics,0,0,7,fallback_support,0,3,2,service_quality
expected delivery date very poor,logistics,0,0,7,fallback_support,0,3,2,service_quality
delivery status timing mismatch,logistics,1,1,7,fallback_support,1,0,0,service_quality
didnt receive product or call but marked delivered,logistics,1,1,7,support,1,0,0,service_quality
delivery boy behavior very nice,logistics,2,2,7,behaviour,2,1,0,service_quality
item not deliver me,logistics,1,1,7,fallback_support,1,0,0,service_quality
thank you bluedart,logistics,2,2,7,fallback_support,2,1,0,service_quality
status delivered but not received,logistics,1,1,7,damage_lost,0,0,0,service_quality
not received my package,logistics,0,0,7,damage_lost,0,4,3,service_quality
good delivery boy ajit kumar khatua good blue dart express limit very fast delivery company,logistics,2,2,7,fallback_support,2,1,0,service_quality
marked delivered but not received urgent,logistics,0,0,7,damage_lost,0,4,3,service_quality
day delivery update,logistics,1,1,7,fallback_support,1,0,0,service_quality
super delivery,logistics,2,2,7,fallback_support,2,1,0,service_quality
good service good behaviour,logistics,2,2,7,behaviour,2,1,0,service_quality
good behaviour,logistics,1,2,7,behaviour,2,1,0,service_quality
fit issue product slightly large,logistics,1,0,7,fallback_support,0,0,0,service_quality
delivery person rude raised voice,logistics,0,0,2,behaviour,0,3,2,agent_behaviour
delivery executive said address incorrect falsely,logistics,1,1,7,fallback_support,0,0,0,service_quality
your delivery boy doesnt deliver parcel at address enter false msg that consignee not there even no phone call do for that,logistics,0,0,7,support,1,0,1,service_quality
very nice service good behavior of delivery man timely service,logistics,2,2,7,behaviour,2,1,0,service_quality
good guy,logistics,2,2,7,fallback_support,2,1,0,service_quality
very cool,logistics,2,2,7,fallback_support,2,1,0,service_quality
please teach agent how to talk to customers,logistics,1,1,7,fallback_support,1,0,0,service_quality
delivery partner rude and disrespectful,logistics,0,0,2,behaviour,0,3,2,agent_behaviour
service very bad,logistics,0,0,7,fallback_support,0,3,2,service_quality
fake refusal update by delivery boy,logistics,0,0,7,fallback_support,0,3,2,service_quality
no issue service good,logistics,2,0,7,fallback_support,0,1,0,service_quality
Account open karaya jisase bahut achha vyavahar aur sari bate bahut saral aur spasht shabdo me batayi,logistics,2,2,7,fallback_support,2,1,0,service_quality
product top class delivered earlier than expected,logistics,2,2,7,fallback_support,2,1,0,service_quality
after repeated promises shipment was delayed and no action taken pathetic service,logistics,0,0,0,delay,0,3,2,delivery_failures
do not get callmsg by delivery persondid not receive product,logistics,0,0,7,damage_lost,0,4,3,service_quality
need cancel order,logistics,0,0,7,fallback_support,1,0,1,service_quality
order not delivered but status shows delivered,logistics,1,0,0,fallback_support,0,0,0,delivery_failures
delivery partner did not deliver to my house,logistics,0,0,7,fallback_support,1,0,1,service_quality
not received courier,logistics,0,0,7,damage_lost,0,4,3,service_quality
parcel not delivered collected from office,logistics,0,0,0,fallback_support,0,3,2,delivery_failures
this order not deliver me,logistics,0,0,7,fallback_support,1,0,1,service_quality
delivery agent unprofessional rude behaviour,logistics,0,0,2,behaviour,0,3,2,agent_behaviour
not applicable,logistics,1,1,7,fallback_support,1,0,0,service_quality
not receive these parcel who send them what address you deliver them some fraud go on,logistics,0,0,7,fallback_support,1,4,3,service_quality
delivery time should be added in form,logistics,1,1,7,fallback_support,1,0,0,service_quality
slow delivery,logistics,1,1,7,fallback_support,1,0,0,service_quality
false delivery rejection messages,logistics,0,0,7,fallback_support,1,0,1,service_quality
nice response from delivery team,logistics,2,2,7,fallback_support,2,1,0,service_quality
dont deal with otp take signature in your copy of delivery slip otp can lead cyber crime,logistics,0,0,7,fallback_support,1,0,1,service_quality
want return this product,logistics,1,1,7,refund,1,0,0,service_quality
thanks dada,logistics,1,2,7,fallback_support,2,1,0,service_quality
bluedart better than competitors fast delivery,logistics,2,2,7,fallback_support,2,1,0,service_quality
service awesome,logistics,2,2,7,fallback_support,2,1,0,service_quality
had to pick up parcel from store myself,logistics,1,1,7,fallback_support,1,0,0,service_quality
not good service,logistics,0,0,7,fallback_support,2,1,1,service_quality
delivery partner behavior not quite good,logistics,0,0,7,behaviour,2,1,2,service_quality
call before delivery requested,logistics,1,1,7,support,1,0,0,service_quality
rude staff and always late delivery no consideration for requests,logistics,0,0,0,delay,0,3,2,delivery_failures
pickup smooth but delivery asked self pickup,logistics,1,2,7,fallback_support,2,0,0,service_quality
delivered exactly as scheduled smooth coordination,logistics,2,2,7,fallback_support,2,1,0,service_quality
false building closed remarks delaying delivery,logistics,0,0,0,delay,0,3,2,delivery_failures
good behaviour,logistics,2,2,7,behaviour,2,1,0,service_quality
parcel not received please check,logistics,0,0,7,damage_lost,0,4,3,service_quality
everything alright,logistics,1,1,7,fallback_support,1,0,0,service_quality
please return product,logistics,1,1,7,refund,1,0,0,service_quality
delivery agent leave box at entrance of pg,logistics,1,1,7,fallback_support,1,0,0,service_quality
very bad phone response and delayed delivery,logistics,0,0,0,delay,0,3,2,delivery_failures
please allow at least one call before delivery,logistics,1,1,7,support,1,0,0,service_quality
excellent tracking sunday delivery,logistics,2,2,4,tracking,1,1,0,tracking_updates
card not received,logistics,1,1,7,damage_lost,0,0,0,service_quality
do not receive item,logistics,0,0,7,fallback_support,1,0,1,service_quality
not receive at home collect in office twice,logistics,1,1,7,fallback_support,1,0,0,service_quality
The delivery person is very rude and doesn't know how to talk respectfully. He thinks just calling someone sir or madam is being respectful.,logistics,0,0,2,behaviour,0,3,2,agent_behaviour
definitely happy with blue dart service,logistics,2,2,7,fallback_support,2,1,0,service_quality
empty fake parcel received,logistics,1,1,7,fallback_support,0,0,0,service_quality
very good service by manager and employees,logistics,2,2,7,fallback_support,2,1,0,service_quality
keep it up,logistics,2,2,7,fallback_support,2,1,0,service_quality
good,logistics,2,2,7,fallback_support,2,1,0,service_quality
parcel not received but status shows delivered,logistics,1,1,7,damage_lost,0,0,0,service_quality
delivery agent refused home delivery asked for self pickup,logistics,0,0,7,fallback_support,1,0,1,service_quality
delivery person phone number required for tracking,logistics,1,1,4,tracking,1,0,1,tracking_updates
please dont make this compulsory,logistics,1,1,7,fallback_support,1,0,0,service_quality
inside glass break,logistics,1,1,7,fallback_support,1,0,0,service_quality
toxic delivery behaviour forced pickup from hub,logistics,0,0,7,behaviour,1,0,2,service_quality
delivery refused without call had to go hub,logistics,1,1,7,support,1,0,0,service_quality
had to visit office due to false delivery claims,logistics,0,0,7,fallback_support,1,0,1,service_quality
timely,logistics,2,2,7,fallback_support,2,1,0,service_quality
share contact details for coordination,logistics,1,1,7,support,1,0,0,service_quality
include location name,logistics,1,1,7,fallback_support,1,0,0,service_quality
very good service honest sincere delivery boys,logistics,2,2,7,fallback_support,2,1,0,service_quality
deliver on time,logistics,1,1,7,fallback_support,2,0,0,service_quality
delivery service extremely poor no parcel received,logistics,0,0,7,fallback_support,0,3,2,service_quality
parcel never delivered had to collect from office,logistics,0,0,7,fallback_support,1,0,1,service_quality
delivery person asked for extra money,logistics,1,1,7,fallback_support,1,0,0,service_quality
delivery man told otp time,logistics,1,1,7,fallback_support,1,0,0,service_quality
product delivered damaged and no return option provided,logistics,0,0,5,damage_lost,0,4,3,damaged_package
package not delivered but marked delivered,logistics,1,0,0,fallback_support,0,0,0,delivery_failures
unreliable service frequent delays,logistics,0,0,0,delay,0,3,2,delivery_failures
hand over wrong parcel which doesnt belong me,logistics,0,0,7,fallback_support,0,3,2,service_quality
delivery boy very decent soft spoken,logistics,2,2,7,fallback_support,2,1,0,service_quality
high value parcel delivered without OTP verification,logistics,1,1,7,fallback_support,1,0,0,service_quality
delivery partner patience appreciated,logistics,2,2,7,fallback_support,2,1,0,service_quality
poor quality,logistics,0,0,7,fallback_support,0,3,2,service_quality
improve day by day,logistics,1,1,7,fallback_support,1,0,0,service_quality
because my product miss package not good,logistics,0,0,7,fallback_support,2,1,1,service_quality
wrong dispatch,logistics,0,0,7,fallback_support,0,3,2,service_quality
too much delay in local delivery,logistics,0,0,0,delay,0,3,2,delivery_failures
delivery staff not fit,logistics,0,0,7,fallback_support,1,0,1,service_quality
I very appreciate shopping this blue dart ?,logistics,2,2,7,fallback_support,2,1,0,service_quality
delivery person lazy did not bring documents upstairs,logistics,0,0,7,fallback_support,1,0,1,service_quality
delivery delayed despite out for delivery status bank related shipment,logistics,1,0,0,delay,0,2,2,delivery_failures
Ys,logistics,1,1,7,fallback_support,1,0,0,service_quality
delivered wrong item forced payment fraud,logistics,0,0,7,fallback_support,0,4,3,service_quality
Im trying to open minimum 10000 balances account but your system open wrong account,logistics,0,0,7,fallback_support,0,3,2,service_quality
very late service,logistics,0,0,0,delay,0,3,2,delivery_failures
delivery guy ensured document delivered on time,logistics,1,1,7,fallback_support,2,0,0,service_quality
delivery partner charged extra money unfair,logistics,0,0,6,pricing,1,0,0,payment_issues
delivery not done but marked delivered,logistics,1,1,0,fallback_support,1,0,0,delivery_failures
very poor overpriced service,logistics,0,0,7,fallback_support,0,3,2,service_quality
very nice experience despite small delay,logistics,2,0,0,delay,0,0,0,delivery_failures
this package not delivered,logistics,0,0,0,fallback_support,0,3,2,delivery_failures
credit card not received,logistics,1,1,7,damage_lost,0,0,0,service_quality
damaged product received wrong piece,logistics,0,0,5,damage_lost,0,4,3,damaged_package
poor delivery service despite assurance,logistics,0,0,7,fallback_support,0,3,2,service_quality
always good service,logistics,2,2,7,fallback_support,2,1,0,service_quality
cooperative delivery as per customer,logistics,1,1,7,fallback_support,1,0,0,service_quality
v good service,logistics,2,2,7,fallback_support,2,1,0,service_quality
worthless product feedback,logistics,1,1,7,pricing,1,0,0,service_quality
actually order place sun glass for fastrack company,logistics,1,1,4,tracking,1,0,1,tracking_updates
delivered before time,logistics,1,1,7,fallback_support,1,0,0,service_quality
good service polite delivery person,logistics,2,2,7,fallback_support,2,1,0,service_quality
best prompt service,logistics,2,2,7,fallback_support,2,1,0,service_quality
delivery exceeded expectations,logistics,2,2,7,fallback_support,2,1,0,service_quality
there should delivery time slot of hour,logistics,1,1,7,fallback_support,1,0,0,service_quality
not happy,logistics,0,0,7,fallback_support,2,1,1,service_quality
status showing delivered but product not received and no call made,logistics,0,0,2,damage_lost,0,4,3,agent_behaviour
order return requested,logistics,1,1,7,refund,1,0,0,service_quality
refund request for product usage issue,logistics,1,0,7,refund,0,0,0,service_quality
rude person encountered,logistics,0,0,2,behaviour,0,3,2,agent_behaviour
very very bad service,logistics,0,0,7,fallback_support,0,3,2,service_quality
too much delay false update,logistics,0,0,0,delay,0,3,2,delivery_failures
timely delivery,logistics,2,2,7,fallback_support,2,1,0,service_quality
you already great,logistics,2,2,7,fallback_support,2,1,0,service_quality
client not informed delivery falsely marked received,logistics,1,1,7,fallback_support,1,0,0,service_quality
no one can beat your service keep it up,logistics,1,1,7,fallback_support,1,0,0,service_quality
delivery staff aware of location seamless delivery,logistics,2,2,7,fallback_support,2,1,0,service_quality
poor fabric quality,logistics,0,0,7,fallback_support,0,3,2,service_quality
false delivery status consignee not available,logistics,0,0,7,fallback_support,1,0,1,service_quality
false delivery attempts marked repeatedly,logistics,0,0,7,fallback_support,1,0,1,service_quality
delivery person did not come home asked to collect parcel bad service,logistics,0,0,7,fallback_support,0,3,2,service_quality
fuck no,logistics,0,0,7,fallback_support,1,0,1,service_quality
parcel never delivered always self pickup required,logistics,0,0,7,fallback_support,1,0,1,service_quality
account opening process very fast app and staff excellent,logistics,2,2,7,fallback_support,2,1,0,service_quality
bad service pending package abusive staff,logistics,0,0,7,fallback_support,0,3,2,service_quality
very bad service on head office also delivery boy miss behavior on telephone,logistics,0,0,7,behaviour,0,3,2,service_quality
need to return product very worst quality,logistics,0,0,7,refund,0,4,3,service_quality
satisfactory service happy,logistics,2,2,7,fallback_support,2,1,0,service_quality
delivered on time,logistics,2,2,7,fallback_support,2,1,0,service_quality
parcel not delivered but marked delivered shoddy service no agent contact,logistics,0,0,0,support,0,3,2,delivery_failures
call at least hour before delivery,logistics,1,1,7,support,1,0,0,service_quality
very bad service recommend not use bluedart at all,logistics,0,0,7,fallback_support,0,3,2,service_quality
delivery executive did not call first day restricted area excuse had to self collect,logistics,1,1,2,behaviour,1,0,0,agent_behaviour
decent polite,logistics,1,1,7,fallback_support,2,0,0,service_quality
amazing timely delivery,logistics,2,2,7,fallback_support,2,1,0,service_quality
service experience,logistics,1,1,7,fallback_support,1,0,0,service_quality
stop scamming customers via loan disbursal,logistics,0,0,7,fallback_support,1,4,3,service_quality
laptop damaged,logistics,0,0,5,damage_lost,0,4,3,damaged_package
ensure no double payment collected,logistics,1,1,7,fallback_support,1,0,0,service_quality
incorrect address remark had to self collect,logistics,1,1,7,fallback_support,0,0,0,service_quality
Best experience I have had till date,logistics,2,2,7,fallback_support,2,1,0,service_quality
exchange requested size issue,logistics,1,0,7,refund,0,0,0,service_quality
very excellent service,logistics,2,2,7,fallback_support,2,1,0,service_quality
too much delay in service,logistics,0,0,0,delay,0,3,2,delivery_failures
not at home notice,logistics,1,1,7,fallback_support,1,0,0,service_quality
incorrect order delivered,logistics,0,0,7,fallback_support,0,3,2,service_quality
return requested empty box received,logistics,1,1,5,damage_lost,1,0,0,damaged_package
did not receive delivery yet,logistics,0,0,7,damage_lost,0,4,3,service_quality
fake delivery attempt noted,logistics,0,0,7,fallback_support,0,3,2,service_quality
on time delivery but neutral feedback,logistics,1,1,7,pricing,1,0,0,service_quality
very grateful for service,logistics,2,2,7,fallback_support,2,1,0,service_quality
offer promised but missing item,logistics,0,0,7,damage_lost,0,4,3,service_quality
consignment not deliver at door step delay,logistics,0,0,0,delay,0,3,2,delivery_failures
delivery person good,logistics,2,2,7,fallback_support,2,1,0,service_quality
Amazing delivery agent polite respectful delivered to senior citizen,logistics,2,2,7,fallback_support,2,1,0,service_quality
courier guy did not call and product handed to unknown person,logistics,0,0,2,behaviour,1,0,2,agent_behaviour
single call missed delivery,logistics,1,1,7,support,1,0,0,service_quality
delay even after out for delivery message,logistics,0,0,0,delay,0,3,2,delivery_failures
delivery boy good but company service poor,logistics,1,2,7,fallback_support,0,1,0,service_quality
professional handling,logistics,1,1,7,fallback_support,2,0,0,service_quality
scammed,logistics,1,1,7,fallback_support,1,4,3,service_quality
delivery of item ahead of schedule,logistics,1,1,7,fallback_support,1,0,0,service_quality
package marked delivered incorrectly,logistics,1,1,7,fallback_support,0,0,0,service_quality
your service very good thank you,logistics,2,2,7,fallback_support,2,1,0,service_quality
good hai but aap log ji din delivery ka date hota hai usi din delivery kiya karo,logistics,1,2,7,fallback_support,2,1,0,service_quality
wrong size delivered,logistics,1,0,7,fallback_support,0,0,0,service_quality
order marked delivered but not received fraudulent update,logistics,0,0,7,damage_lost,0,4,3,service_quality
nice service,logistics,1,2,7,fallback_support,2,0,0,service_quality
very poor logistics service,logistics,0,0,7,fallback_support,0,3,2,service_quality
delivery staff cooperative contacted before delivery,logistics,1,1,7,support,1,0,0,service_quality
good service by delivery agent,logistics,2,2,7,fallback_support,2,1,0,service_quality
shiva delivers package promptly with care,logistics,2,2,7,fallback_support,2,1,0,service_quality
delivery authentication otp policy suggestion,logistics,1,1,7,fallback_support,1,0,0,service_quality
false delivery status shown,logistics,0,0,7,fallback_support,1,0,1,service_quality
fast service,logistics,1,1,7,fallback_support,2,0,0,service_quality
item not delivered but marked delivered,logistics,1,0,0,fallback_support,0,0,0,delivery_failures
overall ok experience,logistics,1,1,7,fallback_support,1,0,0,service_quality
no complaint,logistics,1,1,7,support,0,3,2,service_quality
third party delivery without consent,logistics,1,1,7,fallback_support,1,0,0,service_quality
satisfied overall,logistics,2,2,7,fallback_support,2,1,0,service_quality
parcel not received status marked delivered,logistics,0,0,7,damage_lost,0,4,3,service_quality
marked delivered without contact,logistics,0,0,7,support,1,0,1,service_quality
appreciate your service,logistics,2,2,7,fallback_support,2,1,0,service_quality
blue dart symble of reliability promptness u keep it up,logistics,2,2,7,fallback_support,2,1,0,service_quality
pic aya but order size small nahi aya,logistics,1,1,7,fallback_support,1,0,0,service_quality
other come other dont do froud,logistics,1,1,7,fallback_support,1,0,0,service_quality
item not received,logistics,0,0,7,damage_lost,0,4,3,service_quality
parcel given to watchman,logistics,1,1,7,fallback_support,1,0,0,service_quality
order delayed for almost a week,logistics,0,0,0,delay,0,3,2,delivery_failures
service poor lazy staff,logistics,1,1,7,fallback_support,0,0,0,service_quality
order marked undelivered falsely though family present,logistics,1,1,7,fallback_support,1,0,0,service_quality
week delay delivery,logistics,1,0,0,delay,0,2,2,delivery_failures
thanks delivery boy,logistics,2,2,7,fallback_support,2,1,0,service_quality
not my product delivered,logistics,0,0,7,fallback_support,1,0,1,service_quality
delivery updates received on time,logistics,2,2,7,fallback_support,2,1,0,service_quality
smooth delivery polite behaviour,logistics,1,2,7,behaviour,2,0,0,service_quality
fake attempts delayed pickup fraud behaviour,logistics,0,0,0,delay,0,4,3,delivery_failures
