text,sentiment,customer_intent,primary_aspect,aspect_flag
Nice Zzzz,2,2,4,fallback_support
Delivery not received and information wrongly updated,0,0,2,damage_lost
Very good bihaviar and very humble Boy,2,2,4,fallback_support
Dilevry boy is too much good,2,2,4,fallback_support
extremely quick deliver,2,2,4,fallback_support
Fuhdgggg,1,1,4,fallback_support
Delivered on time but,1,1,4,fallback_support
All is well but befor delivery a call or massege should be made so that customer know that delivery man is comming.9,1,1,4,support
Market mill jaye isse Badi or rajva Joe,1,0,4,fallback_support
Good service..Delivery on the time..,2,2,4,fallback_support
Service is good 9/10 times,2,2,4,fallback_support
Very good experience till date,2,2,4,fallback_support
Very poor service courier boy not delivered self received in blue dart office sahadatgnj faizabad 2 days delay delivery not responce,0,0,0,delay
Improve on prompt delivery,1,1,4,fallback_support
my box was unboxed,0,0,4,fallback_support
Deliver to wrong person and fraud. Bank should be blamed. I don? get my credit card. It will be misused Bank should be blamed.,0,0,4,fallback_support
Old item recived,0,0,4,fallback_support
Delivery ? agent nature is very polite.,2,2,4,fallback_support
The best court our service,2,2,4,fallback_support
The delivery person was very polite and good at delivery of the item,2,2,4,fallback_support
Good service with timely deliver,2,2,4,fallback_support
Behaviour of the delivery guy is very bad.,0,0,4,fallback_support
Happy with Blue Dart Service.,2,2,4,fallback_support
The delivery lady is very professional,2,2,4,fallback_support
Not delivered my equipment,0,0,4,fallback_support
Tushar who usually delivers in our area is a pleasant and efficient agent.,2,2,4,fallback_support
Everything is perfect. Fast delivery. Delivery person is very polite and cooperative.,2,2,4,fallback_support
Good service . Humble and polite,2,2,4,fallback_support
Your delivery executive didn't contact me before returning the mail as I was in office when he attempted. Daily I was prompted for reschedule for more than 4 times without any proper delivery attempt by him. I was made to wait for more than 4 days and it was delivered today. Advise your delivery people suitably to avoid harassment to the clients,0,0,3,behaviour
Bahut badhiya service timely delivered,2,0,4,fallback_support
it was very poor service as I have reviewed in packing a cup instead of multiple function charger which. I have ordered Feedback has been sent,0,0,4,fallback_support
Delivery person very kind,2,2,4,fallback_support
The package is not delivered till now. I am not sure to whom my package worth Rs.6000 was delivered.,0,0,4,fallback_support
Return to my order please,0,0,4,fallback_support
Awesome service delivery tooFast. Polite behaviour of the delivery person.??????,2,2,4,fallback_support
Delivery staff is good. Speak politely and have a good knowledge of location.,2,2,4,fallback_support
I have not received the package and it shows delivered,0,0,2,damage_lost
Timeless delivered on time thank for delivery,2,2,4,fallback_support
This is a Good person and fast delivery service,2,2,4,fallback_support
Delivery partner called me and told me that he couldn't deliver my order because of some reason. However,1,1,4,support
The person is humble and cooperative.,2,2,4,fallback_support
I'm very happy thank you for the order,2,2,4,fallback_support
Vry good service Nice Dilevery Person,2,2,4,fallback_support
Already you have prooved that the service is excellent.,2,2,4,fallback_support
Still I didn't receive my atm card I don't want with whom he gave my debit card,0,0,4,fallback_support
Delivery boy good ? packaging good,2,2,4,fallback_support
I have not received this consignment till now. Some fraud is being played by your employees or delivery personnel. I was expecting this to be delivered. I am going to lodge a police complaint against blue dart delivery tomorrow morning. It is disgusting delaying with such cheats. The status says delivered to MAHA.,0,0,2,damage_lost
Excellent delivery .,2,2,4,fallback_support
I had not received the courier,0,0,2,damage_lost
On Time In full Rain,2,2,4,fallback_support
Best experience with it,2,2,4,fallback_support
If approx time of delivery is provided it would be better. The range should be within 2 hours.,1,1,4,fallback_support
1st refuses to give doorstep deliveryFinally he did,1,1,4,fallback_support
Good personal behavior and good service,2,2,4,fallback_support
Blue dart staff very co operative ?,2,2,4,fallback_support
Delivery boy is very good and also on time Delivery,2,2,4,fallback_support
Yo deliver the parcel before given time,2,2,4,fallback_support
Prompness,1,1,4,fallback_support
Ok milga,1,1,4,fallback_support
Excellent..timely delivery all the time..Delivery boy is very good behavior..,2,2,4,fallback_support
Delivery was fine thank you,2,2,4,fallback_support
Delivery partner was so humble and helpful. Thank you.,2,2,4,fallback_support
I ordered 3 but I got 2 and both were same I would like to complain against order,0,0,4,fallback_support
V.Gd,1,1,4,fallback_support
Delivery was very smooth and delivery partner was very cooperative.,2,2,4,fallback_support
Thnk youuu so much,2,2,4,fallback_support
no improvement,0,0,4,fallback_support
Share contact number of delivery person in tracking,1,1,5,tracking
Very well behaved and polite delivery executive.,2,2,4,fallback_support
Delivery time and person both are good,2,2,4,fallback_support
Received wrong product and request your agent for return with written request after discussing with Mr Isaan Singh,0,0,4,fallback_support
Goooddddddddd,2,2,4,fallback_support
Good service and delivers to remote areas as well.,2,2,4,fallback_support
This time the deliveries were very late..there are still pending deliveries which were to be deliveries on 25th,0,0,0,delay
Fast & efficient,2,2,4,fallback_support
Gud service really satisfied,2,2,4,fallback_support
Humble and sweet guy,2,2,4,fallback_support
Very helpful and cooperative staff,2,2,4,fallback_support
Very poor service This address is located in the same 120 feet road,0,0,4,fallback_support
Home delivery is just awesome,2,2,4,fallback_support
3 days delayed delivery I'm not satisfied this delivery,0,0,0,delay
Not delivered within 48 hours as you claim,0,0,4,fallback_support
While i appreciate the support of the delivery official in helping me out,2,2,4,support
The delivery person was not at all ready to give me my parcel just number due to some personal reasons my otp phone number was out of service I even asked him to verify yet he made me do the recharge of my number very disappointed,0,0,4,fallback_support
Best service and best delivery agent,2,2,4,fallback_support
Im not received the package,0,0,2,damage_lost
This is a good sensible person,2,2,4,fallback_support
Company is cheater . Received 1 cargo,0,0,4,fallback_support
Product delivered by very soon,2,2,4,fallback_support
Thanks to deliverd service,2,2,4,fallback_support
Good delivery speed and friendly good mannered delivery person.,2,2,4,fallback_support
Very very very bad ..this is too much disgusting the delivery partner took money from me and didn't delivered the product still now .. disgusting..I never use blue dart service again,0,0,4,fallback_support
SHOULD BE PROVIDED FAST DELIVERY.,1,1,4,fallback_support
Good experience. Product delivered on time,2,2,4,fallback_support
Yesterday Order was not delivered mentioning as delivery was attempted and apartment was locked/closed. But there was no phonecall and delivery was not attempted. We have taken leave and waited for that order. It is complete disappointment.,0,0,4,support
Very bad no phone call done to and 1st day with out call attempt my package .,0,0,4,support
Good delivery for sure.,2,2,4,fallback_support
1)People have no courtesy 2) delivery man was upset that I did not have enough change for payment on delivery3) questioning unnecessary queries is unprofessional,0,0,3,behaviour
It was efficient on time delivery. No suggestions at the moment.,2,2,4,fallback_support
He is very sweet and co operative staff..nice behaviour.i am Fully satisfied,2,2,4,fallback_support
Not delivered in first attempt,1,0,4,fallback_support
Good affhhjjj,1,2,4,fallback_support
Excellent delivery service Good behaviour,2,2,4,fallback_support
Some delay,1,0,0,delay
Sari is worsted that quality is too bad that's colour is old ????,0,0,4,fallback_support
Achual time lilebari best fast good,2,2,4,fallback_support
Very pathetic and bad Service,0,0,4,fallback_support
Overall good but delivered product before evening,2,2,4,fallback_support
Best delivery person I have ever meet,2,2,4,fallback_support
Very Nice Service Sohel Bhai??,2,2,4,fallback_support
Great experience with blue dart. In my area your delivery agent is very good. Behaviour of your delivery agent is great,2,2,4,fallback_support
May be by taking less number of days for delivery Rest is fine. Thank you,1,2,4,fallback_support
Always polite and with patience.,2,2,4,fallback_support
Delivery partner was humble and able identify the address.,2,2,4,fallback_support
If the courier does not find my place,1,1,4,fallback_support
Your services are too good?,2,2,4,fallback_support
Excellent awesome this delivery boy,2,2,4,fallback_support
Blue dart customer services is very quickly..I am impressed for your services....,2,2,4,fallback_support
Bottle was broken into pieces,0,0,2,damage_lost
Aaaaaaaaaa,1,1,4,fallback_support
good service executive is polite,2,2,4,fallback_support
I can?t think of anything as of now,1,1,4,fallback_support
Thanks blue dart for your fast service.,2,2,4,fallback_support
I have not recieved the order yet,0,0,4,fallback_support
One of the worst courier experiences I?ve ever had. My package was supposed to be delivered by 23 may but it?s been delayed with no updates,0,0,0,delay
Really very nice service?????I m so happy??Thank you??,2,2,4,fallback_support
Delivery was v fast and smooth.,2,2,4,fallback_support
Very good service ? very nice,2,2,4,fallback_support
Bhen chod,0,0,4,fallback_support
He was politely and Looks Professional,2,2,4,fallback_support
Bas parcel thoda sa aur jldi krdo,1,1,4,fallback_support
Very good staff and services,2,2,4,fallback_support
Thank you Blue dart Express ??,2,2,4,fallback_support
Parcel is delay every time,0,0,0,delay
Very good service by the delivery personnel,2,2,4,fallback_support
Time to time delivery & better cordinate with politely speak.,2,2,4,fallback_support
Give expected time of delivery as well,1,1,4,fallback_support
This delivery experience was good.,2,2,4,fallback_support
Good service person who give dilivery are very polite,2,2,4,fallback_support
Very Early delivery,2,2,4,fallback_support
best service blue dart is always best,2,2,4,fallback_support
Please do call few more times the customer and share the delivery person number to customer so that even if call is missed they can call back and co ordinate properly,1,1,4,support
Staff had very good communication skills and smooth delivery,2,2,4,fallback_support
Blue dart courier man called me and said sir I was trying to reach you but you didn?t pick my call he was laying directly without  shaming he didn?t deliver the parcel and said you can come to office and pick up. Moreover,0,0,4,support
Very slow delivery after 9 days and colours has been changed in shoeh,0,0,4,fallback_support
Sakinak to santacruz. Delivery in 48 hours Thats the blue dart service,2,2,4,fallback_support
Like present,1,1,4,fallback_support
Consignment received . No complaints.,2,2,5,tracking
Very good service. The delivery partner was friendly and responsible. Thankyou,2,2,4,fallback_support
Good delivery guy dhaval darbar,2,2,4,fallback_support
T shirt material was superb,2,2,4,fallback_support
The checkbook I haven't received,0,0,4,fallback_support
good fix,1,2,4,fallback_support
I observed that your service is better.?,2,2,4,fallback_support
Blue dart gorakhpur chapiya office ?????? ?? ??? ????? ???? ??? ?? ??? ??? ???? ????,1,1,4,fallback_support
Best book for class 10,1,1,4,fallback_support
From last many orders,1,1,4,fallback_support
I am happy after seeing my parcel and the delivery staff is also very understanding,2,2,4,fallback_support
On time and super fast delivery,2,2,4,fallback_support
Product quality is so poor j want refund,0,0,7,refund
Dedicated and passionate.,2,2,4,fallback_support
Great Service Like Always. Will definitlely use BlueDart in future as well.,2,2,4,fallback_support
Great job by the delivery agent,2,2,4,fallback_support
Delivery was on time nd delivery man  was nice,2,2,4,fallback_support
Well I got my product with care,2,2,4,fallback_support
All good but most important delivery person behaviour is very nice,2,2,4,fallback_support
Best customer service by delivery partner ?,2,2,4,fallback_support
Very vaey good  I am very happy,2,2,4,fallback_support
Reached safe my courier good deliveryMan and blue dart,2,2,4,fallback_support
Excellent work Great Person Good Nature,2,2,4,fallback_support
Product box is small broken but it's delivery boy is excellent and he talk friendly and product packaging type is nice,1,2,2,damage_lost
Cover is breaked,0,0,4,fallback_support
Delivery is smooth and packing is also very good. It took some time to reach me because the item is coming from kerla. Otherwise everything is good.,2,2,4,fallback_support
Quick and efficient service always !,2,2,4,fallback_support
Good behaviour of delvry guy,2,2,4,fallback_support
Satisfied with your present service,2,2,4,fallback_support
Excellent customer service support,2,2,4,support
All good there is no problem,2,0,4,fallback_support
Impressive for rules and regulation but just think about customer situation also,1,1,4,fallback_support
Nice Delivery of the curiour,2,2,4,fallback_support
Before Delivery Show Contact Details OfDelivery Boy.,1,1,4,support
Scam produuxt,0,0,4,fallback_support
fast delivered ?,2,2,4,fallback_support
Blue dart delivery is a very good deliverd app,2,2,4,fallback_support
Fine and quick service,2,2,4,fallback_support
Not received but wrongly got message as delivered,0,0,2,damage_lost
Delivery staff is very helpful ? ? ?,2,2,4,fallback_support
Products is change,0,0,4,fallback_support
Very bad experience with delivery. Give fake reason about delevery,0,0,4,fallback_support
Excellent Service and on time.,2,2,4,fallback_support
Fast dilivery and polite attitude,2,2,4,fallback_support
The quick delivery just works and i request please ensure this at this standard if not better.,2,2,4,fallback_support
Delivery speed and service is up to the mark.,2,2,4,fallback_support
I am satisfied with ur order,2,2,4,fallback_support
Proper update through msg,2,2,4,fallback_support
Best Experience Really Impressed With His Communication SkillAnd Polite Greeting after handing over my parcel safely to my brother im my absence,2,2,4,fallback_support
Great job Akshay nice work exlent working in the day ????,2,2,4,fallback_support
Thank you Titan ? Fast delivery,2,2,4,fallback_support
Sajan always calls to check for customer availability which a very good practice.,2,2,4,support
Get verified on Truecaller,1,1,4,support
Very good and well behavior of delivery boy.Too fast delivery.,2,2,4,fallback_support
Your service is fast and good but product is different received,1,2,4,fallback_support
My sirname in your message is spelt incorrectly as Dodderi!! Why?,1,1,4,fallback_support
Sarvice bhahut badhiya hai aap logo ki,2,0,4,fallback_support
I want to return tha parcel it is wrong parcel I have received,0,0,4,fallback_support
I got on time.3,2,2,4,fallback_support
Delivery boy did his best.He is honest to his job.,2,2,4,fallback_support
Damaged box and product.,0,0,2,damage_lost
Employee s behaviour is good and cash and online both payment facility available,2,2,4,fallback_support
Great service. Very polite behavior.Delivery person knew the route very well. I didn't have to struggle to explain the location. Thank you:),2,2,4,fallback_support
The order was delayed but the delivery boy partner behaviour is very good and the product is in very good condition. I like the product and service,2,0,0,delay
Good nd kind,2,2,4,fallback_support
Its very timely and professional,2,2,4,fallback_support
Wrong supply  material,0,0,4,fallback_support
not delivered yet and showing status as delivered,0,0,4,fallback_support
Books pohachne me bohat time laga,0,0,4,fallback_support
Delivery by 6 pm preferably,1,1,4,fallback_support
Greatest service ever?,2,2,4,fallback_support
minimal calls,1,1,4,support
V good . Kudos.,2,2,4,fallback_support
Recruit good staff like the person who was delivering my consignment - He provided service with a smile. Mr Vinod is definitely an asset to your organisation,2,2,5,tracking
Your Delivery partner is so humble.,2,2,4,fallback_support
The product reached Jamshedpur on Monday but was not delivered. After two days I had to go to Blue Dart's office to receive the product.,0,0,4,fallback_support
no pasand,0,0,4,fallback_support
Please replace my order,0,0,4,fallback_support
Didn't call me once the order reached final delivery station,0,0,4,support
vvery good ?,2,2,4,fallback_support
I am very happy in this service good service ??,2,2,4,fallback_support
Delivery on time. Delivery partner very polite and respectful. Followed protocol.,2,2,4,fallback_support
excutive is not respect the customer,0,0,4,fallback_support
Ex lent,2,2,4,fallback_support
Delevery man was very polite,2,2,4,fallback_support
No workout,1,1,4,fallback_support
Very worst delivery service not once but many times I was promised to get this parcel around evening but the delivery guy came around 9:10pm which is outside the delivery time this is not at all acceptable and the toll free number also doesn?t work to raise an issue I am very much disappointed and I wouldn?t recommend choosing blue dart at all,0,0,4,fallback_support
Worst staff behavior. He was rude enough to have a fight with my father. If possible,0,0,3,behaviour
Delivery was prompt. Delivery person was quite polite.,2,2,4,fallback_support
On time delivery. Thank you so much.,2,2,4,fallback_support
Cheated with order and please reyurn,0,0,4,fallback_support
Send messages of delivery in real time pls but delivery boy ws good,1,2,4,fallback_support
H ke,1,1,4,fallback_support
He give me wrong order I have ordered wrist watch he give me coffee cup,0,0,4,fallback_support
I was not expecting it 3 days earlier but thanks for the delivery,2,2,4,fallback_support
Good on time fast,2,2,4,fallback_support
Totally disappointed after 4 days delivered to the 3 km distance of my address,0,0,4,fallback_support
Two shirts ordered but delivered only one,0,0,4,fallback_support
Excellent Service by the Executive. Thankyou so much!,2,2,4,fallback_support
? than you very much greatness service Blue dart,2,2,4,fallback_support
Super fast Delivery boy,2,2,4,fallback_support
Wrong order placed at my place,0,0,4,fallback_support
Good behaviour of your delivery partner,2,2,4,fallback_support
The delivery guy was very polite and speedy in delivering the product. I really appreciated the promptness and courteous attitude,2,2,4,fallback_support
The product is not sealed at all and completely damaged product is received.,0,0,2,damage_lost
Its good no need to serve better.,2,2,4,fallback_support
Very good day for me,2,2,4,fallback_support
The delivery executive has visited multiple times and by now he knows everyone at my house but still he double checks before delivering. Either he strictly follows SOP or something else,1,1,4,fallback_support
Share rider number also before delivery,1,1,4,fallback_support
Mohd Azad delivered the order very quickly to the address. Thank you!,2,2,4,fallback_support
He was on time and exactly called from front of my house Thank you,2,2,4,support
Nice person supporting Man,2,2,4,support
Package is not received and showing delivered. Pls double check and arrange to get the package delivered,0,0,2,damage_lost
It's already the best.We can't 'better' the best.,2,2,4,fallback_support
My parcel even being in Blue dart office Imphal,0,0,4,fallback_support
Dghjm,1,1,4,fallback_support
did not receive the parcel,0,0,4,fallback_support
Miss match delivered by,0,0,4,fallback_support
Good v good v good,2,2,4,fallback_support
Not specified for Delivery Status.,1,1,4,fallback_support
dilivery good on the time,2,2,4,fallback_support
Trustworthy ???,1,1,4,fallback_support
Not knowing who sheela is and have not even received a call from them that they are delivering to third person,0,0,4,support
Ghjhg,1,1,4,fallback_support
Delay delay,0,0,0,delay
The delivere boy was awsom,2,2,4,fallback_support
WASTE ITEM,0,0,4,fallback_support
Delivery agents behaviour was really very nice. Loved,2,2,4,fallback_support
I have not received a call to pick up the delivery,0,0,2,damage_lost
I received before the time. Thank you blue dart.,2,2,4,fallback_support
Super super ? parcel sarvice,2,2,4,fallback_support
The delivery person didn?t come to my house and instead asked me to come to a spot a little away,0,0,4,fallback_support
as expected.,2,2,4,fallback_support
Vioco,1,1,4,fallback_support
Even in heavy rain,2,2,4,fallback_support
When product arrived immediately handover to customer and don't delayed.,1,0,0,delay
Kind n helping,2,2,4,fallback_support
Didn't face any problem,2,0,4,fallback_support
I am happy with the service and delivered products with care.,2,2,4,fallback_support
Service was  very good. Very  polite. No issues. Thanks.,2,0,4,fallback_support
Try to deliver in day time.,1,1,4,fallback_support
No scoop is included in the box,0,0,4,fallback_support
As it is okay,1,1,4,fallback_support
The delivery boys is very polite and we'll mannered..Also thanks to bluedart. Delivery on time,2,2,4,fallback_support
Good? services,2,2,4,fallback_support
The thing that is not written comes out from within,1,1,4,fallback_support
Very good for responding,2,2,4,fallback_support
Most irresponsible courier service on earth. You postpone delivery and pass on the issue as unable or unavailable to deliver message. This happens everytime.,0,0,4,fallback_support
Ek hi no. Service,2,2,4,fallback_support
I didn?t got my product there is only covers in that parcel plz return it and refund me,0,0,7,refund
Very cordial service.,2,2,4,fallback_support
The delivery boy is very bad not delivered my product at my location he call me and saying come at nagaur and take your product if you not come i will return your product taking like a foolish he is very very bad person his name h ajay singh ???,0,0,4,support
??? ?? ???? ????? ????? ?? ?????? ???? ????? ?? ?? ????? ???? ?? ?? ?? ?? ?? ????,0,0,4,fallback_support
For medicine packages,1,1,4,fallback_support
Ashok Gurmukhani,1,1,4,fallback_support
Excellent Service Well Done,2,2,4,fallback_support
Nothing Just be polite and deliver as per customer requirement.,1,1,4,fallback_support
The person is very pious and well mannered,2,2,4,fallback_support
Good costumer service,2,2,4,fallback_support
Your Delivery Personnel delivered the packet in time. Thanks for the timely delivery.,2,2,4,fallback_support
We had to go and collect it ourslef,0,0,4,fallback_support
Good response by Delivery boy timely Delivery,2,2,4,fallback_support
Very bad service ordered date of product is 5 may and received today on 28 may pathetic service,0,0,4,fallback_support
Worst service ever..delivery person was very rude... worst worst worst delivery ever ...even i was saying the whole address he was just wasting my time ...what else needed if some one is saying the house number and gali no ...worst delivery boy ..he was standing infront of house mo 77 but he was not getting house no 76..i told he to ask anyone and he rudely disconnected the call..i was trying to contact but he was even disconnectiong the call..please remove such person..worst experience ever...,0,0,3,behaviour
Quick and sturdy,2,2,4,fallback_support
Please try to give an option for the coustomer to take the delivery during his working hours or in the college timings,1,1,4,fallback_support
It's better at the moment,1,1,4,fallback_support
Delivery time slot option should be given to the customer.,1,1,4,fallback_support
Delivery was done within time and the service provider was very polite.,2,2,4,fallback_support
Delevery agent refused to deliver it to door step,0,0,4,fallback_support
Delivery boy impression was good and polite,2,2,4,fallback_support
Courteous staff and timely delivery. Nothing better than Blue Dart in Inter City Delivery,2,2,4,fallback_support
Was happy that the delivery staff checked id proof while handing over the document,2,2,4,fallback_support
Your logistics services are very good...will definitely recommend  to my friends and family ???,2,2,4,fallback_support
It is awesome... i would like to shopping more from this brand...?,2,2,4,fallback_support
Fast delivery..good behaviour,2,2,4,fallback_support
I got scammed by the seller,0,0,4,fallback_support
Good service. Behaviour of the delivery executive was very good.,2,2,4,fallback_support
Very good ? s,2,2,4,fallback_support
Blue Dart Delivery is fast and it's very comfortable with shipment ?,2,2,4,fallback_support
Good and friendly service.,2,2,4,fallback_support
My order doesn't delivered to me and blue cart Showed us that our order is delivered,0,0,4,fallback_support
Very cool timely delivery. Courteous delivery person.,2,2,4,fallback_support
Service is hopeless due not sincere in time,0,0,4,fallback_support
All is ?????,1,1,4,fallback_support
Extremely efficient,2,2,4,fallback_support
Excellent so fart di,2,2,4,fallback_support
Allover good.,2,2,4,fallback_support
We are happy with delivery boy,2,2,4,fallback_support
DELIVERED ON TIME,2,2,4,fallback_support
Services are too good,2,2,4,fallback_support
Tracking could be better,1,1,5,tracking
In rainy season delivery man should not concern about the rain water.,1,1,4,fallback_support
Super and great ? service,2,2,4,fallback_support
Delivery boy not talking politely...plz instruct him...,0,0,4,fallback_support
Late dilevery 24th ko parcel receive hona tha 27th ko aaya hai woh bhi jab castomer care ko call ki hai isliye.,0,0,0,delay
Thanks for you Dilevery,2,2,4,fallback_support
The package is not delivered to the address I personally have to go to the office to receive it.,0,0,4,fallback_support
Kotak Mahindra mein liye bahut achcha hai,2,2,4,fallback_support
I am very happy.Delivery is wonderful.,2,2,4,fallback_support
The delivery executive was good and courteous.,2,2,4,fallback_support
I am delivered a parcel with rocks,0,0,4,fallback_support
The delivery I got was in good condition I got delivery on,2,2,4,fallback_support
Parcel found empty. Request to hold payment.,0,0,4,fallback_support
Maine Jo Saman mangaya tha vah yah Mera nahin Hai yah wala Saman mere ko refund karna hai mujhe dusra chahie Varna Mera Paisa wapas karo,0,0,7,refund
The service was okay as the person who call was rude.The way he was talking was not good...PLEASE ASK HIM TO ENHANCE HIS COMMUNICATION SKILL AND BE KIND.,0,0,3,behaviour
Delivery was very fast and convenient. Delivery boy Mr. Surendra singh was very helpful. Thank you for your service,2,2,4,fallback_support
Prompt Service as per message,2,2,4,fallback_support
TAT should be improved. Item delivered after complaint.,1,1,4,support
YOUR SERVICE IS VERY EXCELLENT.NO WORDS SAYING ANYTHING FOR YOUR SERVICE.YOUR TEAM ONE OF THE BEST TEAM.I M PROUD OF YOU AND YOUR SERVICE.THANKS JAY HIND,2,2,4,fallback_support
You are good ..,2,2,4,fallback_support
Delivery person was very kind and understandable person. Blue Dart should encourage and promote such delivery person. He is very punctual and polite. True to the work and Customers,2,2,4,fallback_support
Servic no,1,1,4,fallback_support
Not received any shipment at my address,0,0,2,damage_lost
Time should be maintained,1,1,4,fallback_support
Ahmed khan,1,1,4,fallback_support
I received one of the best online service .Thanks to blue dart,2,2,4,fallback_support
Love the service !,2,2,4,fallback_support
Good service Akshay nice work exlent working with blue dart,2,2,4,fallback_support
Very good service chaubey excellent,2,2,4,fallback_support
delivery person?s behaviour very helpful,2,2,4,fallback_support
Very bad service in my area.This is my pin code 788722,0,0,4,fallback_support
I didn't receive the parcels,0,0,4,fallback_support
Parcel delivered two days after the delivery date,0,0,4,fallback_support
Had a great delivery experience,2,2,4,fallback_support
"The delivery boy kept the parcel with him for 2 days and updated the status at 9 pm on both the days that ""Attempted delivery but consignee was not available""",0,0,4,fallback_support
I don't receive one item,0,0,4,fallback_support
Delivery person's behavior was so nice,2,2,4,fallback_support
Ishsuhsisgsigeishsush sjeb issbne,1,1,4,fallback_support
Nothing to improve all fine delivery service,2,2,4,fallback_support
Djdjsj,1,1,4,fallback_support
Nice ? prodect,2,2,4,fallback_support
Not delivered do far,0,0,4,fallback_support
We need exchange,0,0,4,fallback_support
He didn? even ask for otp n also did my signature on his own. When I asked for it he said it? not required,0,0,4,fallback_support
Staff Is good but quality is shit,0,0,4,fallback_support
It is good already.,2,2,4,fallback_support
Great service by Rajiv Yadav,2,2,4,fallback_support
Received an item late than promised date of delivery,0,0,0,delay
Rahj,1,1,4,fallback_support
Always worst,0,0,4,fallback_support
U send a wrong product and worst product to me please take a return this product,0,0,4,fallback_support
Nice service. Keep in the same spirit,2,2,4,fallback_support
Service is quite good.  Keep it up!Ss,2,2,4,fallback_support
Your delivery team seems to be the best,2,2,4,fallback_support
Good behaviour and prompt delivery,2,2,4,fallback_support
Activeness is the biggest key for success,1,1,4,fallback_support
Good and keep the same good service to the customers,2,2,4,fallback_support
Blue Dart is always best..keep it up ?,2,2,4,fallback_support
Good delivery man And my product condition also good in condition,2,2,4,fallback_support
Yadav bhai ache the itti barish me hlbhi wo parcel ghar tak deliver karne gaye TYSM.,2,2,4,fallback_support
Contact of the delivery person,1,1,4,support
Good person Timely delivery,2,2,4,fallback_support
Not delivered  two daysI went and collect,0,0,4,fallback_support
Rude delivery partner. Did not give home delivery instead called to pick outdoors,0,0,3,behaviour
I have to collect my parcel from blue dart office,0,0,4,fallback_support
fast  and polite,2,2,4,fallback_support
Good courier service blue dart,2,2,4,fallback_support
Good Experience and delivery was fast.,2,2,4,fallback_support
Good Men ?,2,2,4,fallback_support
Excellent ? job good,2,2,4,fallback_support
Best service. Nothing to improve upon.,2,2,4,fallback_support
Timely delivered my order thanx to blue dart and courier boy,2,2,4,fallback_support
The box was severely damaged and out of shape. Some of the contents inside the box were also damaged but they are in usable condition. Did not expect this kind of package handling from Blue Dart.,0,0,2,damage_lost
Nice guy .,2,2,4,fallback_support
Goood service tq,2,2,4,fallback_support
1 day delivery from Mumbai,2,2,4,fallback_support
Jaisa expact ki waisa bilkul bhi nhi h,0,0,4,fallback_support
Gwh,1,1,4,fallback_support
Already too good delivery,2,2,4,fallback_support
Delivery was in time and with good manner,2,2,4,fallback_support
Very nice bheviour and good man,2,2,4,fallback_support
An excellent services,2,2,4,fallback_support
How can we return our product,1,1,4,fallback_support
Very Nice delivered,2,2,4,fallback_support
Kudos to BlueDart_ for their outstanding service!My parcel was delivered on time,2,2,4,fallback_support
The delivery staff was very friendly and he helped us very much,2,2,4,fallback_support
Polite talk and timely delivery,2,2,4,fallback_support
??? late service late 15days late,0,0,0,delay
My parcel reached your delhi hub but  date 28 he didn't reach my location. And your Best delivery partner said I don't receive the call. Very liars my special one b'day Nikal gya ? apke delivery partner ki Vajah se. And kal bhi mei apna parcel self jakar lekar aya hu apke hub se... Blue dart your delivery experience is -10Thank you Very much,0,0,4,support
verry Good services,2,2,4,fallback_support
Could have been a day earlier. But Alas the weather!,1,1,4,fallback_support
I didn't recieved this order as i was out of town. And no one on my behalf recieved this order. It was supposed to be returned but it was forcibly delivered somewhere which i also don't know.,0,0,4,fallback_support
I want  refund I don't want this item it changed,0,0,7,refund
Quick delivery and it's absolutely good ?,2,2,4,fallback_support
Not delivered on time delay more then 3days,0,0,0,delay
Thank you this it was good,2,2,4,fallback_support
He is professional and very polite. Wish him success in work space.,2,2,4,fallback_support
Keep up the good work by delivering shipments before or during the due time.,2,2,4,fallback_support
Best service best currier patner,2,2,4,fallback_support
I received message of delivery but actually there was no parcel courier received by us. Please call immediately on my mobile number 9820131216.,0,0,4,support
Shipment mot delivered,0,0,4,fallback_support
Time period of arrival would be of great help,1,2,4,fallback_support
Excellent service and politely behavior,2,2,4,fallback_support
Hh ki igi,1,1,4,fallback_support
delivered on time and good delivery experience,2,2,4,fallback_support
A contact number of the delivery agent or a call before starting from the warehouse,1,1,4,support
Please improve on line tracking system and delivery lead time .,1,1,5,tracking
???? ????? ?????? ?? ?????? ?? ????? ???? ?? ??? ???,1,1,4,fallback_support
Hshshej,1,1,4,fallback_support
It's was all fine on the time of delivery,2,2,4,fallback_support
It was fine .,1,1,4,fallback_support
Wrong item is delivered to me. Mt product is missing,0,0,4,fallback_support
gentle man deliver me courier,2,2,4,fallback_support
Delivery person is very good & polite.,2,2,4,fallback_support
Delevery man says rudely,0,0,3,behaviour
Great courier delivery,2,2,4,fallback_support
If approximate time period is given,1,1,4,fallback_support
Very very very very very good,2,2,4,fallback_support
Verry good sirvice ??????,2,2,4,fallback_support
Very good service and delivered very early then expected,2,2,4,fallback_support
Nice management,2,2,4,fallback_support
Today fake product want return,0,0,4,fallback_support
We always recommend to everyone for your services and it's excellent ??,2,2,4,fallback_support
I like you service good quality and satisfied your the best ? Thanks,2,2,4,fallback_support
It was nice delivery experience with blue Dart,2,2,4,fallback_support
Unsafe delivery without OTP validation on prepaid item.,0,0,4,fallback_support
You great ?,2,2,4,fallback_support
Completely defferent product mere sath scam ho gaya,0,0,4,fallback_support
Please keep it up this good work.,2,2,4,fallback_support
Original product nhi ha jo dikhaya tha 100wale lower ha,0,0,4,fallback_support
I have not received it!,0,0,2,damage_lost
Over let the product,1,1,4,fallback_support
It was easy to get my parcel,2,2,4,fallback_support
Delivery executive was so polite. Services are awesome.,2,2,4,fallback_support
Good. Delivered in time in good condition.,2,2,4,fallback_support
Anytime good delivery,2,2,4,fallback_support
nbb,1,1,4,fallback_support
Awesome service delivery tooFast. Polite behaviour of the delivery person.,2,2,4,fallback_support
Twice this package was returned undelivered. But no one contacted me. Also I'm living in this address for the past 25 years. The address is also very much in the City location only. Don't know why it is was returned back,0,0,4,support
Good services but one day late my parcle,1,0,0,delay
Ir is goid now,2,2,4,fallback_support
?too good,2,2,4,fallback_support
Very poor quality product. Not to usable.,0,0,4,fallback_support
Not received however incorrect Confirmation msg received that order was delevired.,0,0,2,damage_lost
Delivery boy had a good behaviour,2,2,4,fallback_support
Very Cool and Good series,2,2,4,fallback_support
Blue dart has always been super logistics company.its fast and the best of best.,2,2,4,fallback_support
Please inform name of delivery agent to enable to adjust the time of delivery.,1,1,4,fallback_support
Before time delivery Savage ?,2,2,4,fallback_support
On time delivery.n I m satisfied.. thanks ?,2,2,4,fallback_support
The product quality is very bad.   There is no shine in gems . And looks like it's made in hurry and has not stick the gems properly. The product is not much good.,0,0,4,fallback_support
Very good service by the delivery persons,2,2,4,fallback_support
Delivery agent was good ?? and also polite,2,2,4,fallback_support
Good service polite and fast,2,2,4,fallback_support
Thank u for the material,2,2,4,fallback_support
Very fast service i am happy customer,2,2,4,fallback_support
Mkjjh,1,1,4,fallback_support
Excellent logistic service by the delivery man,2,2,4,fallback_support
First delivery boy call me & told that he not able to deliver in my door step he asked me to collect the parcel from my bus stand which 2km far from my home.After that I have raised complaint in pharmacy portal then he delivered my door step. So please inform your all delivery executive please don't harrasment to customer.,0,0,4,support
Polite and nice person.,2,2,4,fallback_support
Delivery was rescheduled with a reason that was untrue. I was present at the address during original delivery schedule. And suddenly it was rescheduled saying consignee not available which was completely false.,0,0,4,fallback_support
Delivery person was friendly and co operativeTimely Delivered,2,2,4,fallback_support
Awesome delivery person very kind,2,2,4,fallback_support
Good service best also good person..,2,2,4,fallback_support
Amazing service.. keep up the good work. Thanks Team.,2,2,4,fallback_support
faithful products only can be do this.,1,1,4,fallback_support
???? ?? ??? ??????? ???? ???? ????? ????,1,1,4,fallback_support
Best executives i have ever meet,2,2,4,fallback_support
By calling 2-3 hour before delivery,1,1,4,support
It's too good . This product works very good well.,2,2,4,fallback_support
Dilevery is delayed,0,0,0,delay
Incomplete and torn Delivery and 4 days behind the expected date,0,0,2,damage_lost
Awsome experience..its on time,2,2,4,fallback_support
Your services are so good and on time delivery,2,2,4,fallback_support
The delivery person not at all to handle a customer softly. His talk is so bitterly. On my side the delivery person should be punishable,0,0,4,fallback_support
Delivery partner was patient,2,2,4,fallback_support
The card was damaged in transit and the associate hid the card from me before taking my signature to confirm delivery and then refused to take the consignment back when I asked him to.,0,0,2,damage_lost
Delivery man was kind enough to safely handover the product.,2,2,4,fallback_support
on time delivery..,2,2,4,fallback_support
The product is not that I ordered the product is different,0,0,4,fallback_support
Time perfect,2,2,4,fallback_support
Ateekahmad,1,1,4,fallback_support
The package was not received by me. It was just kept at security and left. This being a sensitive and important document,0,0,2,damage_lost
Service very good ??,2,2,4,fallback_support
Well ontimed delivered,2,2,4,fallback_support
Your delivery method are good,2,2,4,fallback_support
Very well mannered n timely,2,2,4,fallback_support
Fast and speedy delivery service,2,2,4,fallback_support
Please deliver the order quickly. My order did not arrive on time so try to deliver it a little quickly.,0,0,4,fallback_support
Send the message on the mobile the day the courier has to be received by tge person at residence so we don't have to wait for the courier person.,1,1,4,fallback_support
The delivery person was so helpful and polite with minimal calling.,2,2,4,support
Excellent service and also delivery boy behavior is very good,2,2,4,fallback_support
A reliable courier service,2,2,4,fallback_support
Blue dart in Kanchipuram has not delivered many of my packages ( cod),0,0,4,fallback_support
You guys are amezing ??you don't need to improve yourself... you're Perfect ??,2,2,4,fallback_support
The delivery man is a very sorted and always smiling guy.Very very pleasant behaviour,2,2,4,fallback_support
Very good service nice and sweet deliverey boy,2,2,4,fallback_support
No need to change anything ??,2,2,4,fallback_support
Nice quick,2,2,4,fallback_support
Dileveryman is very good manners,2,2,4,fallback_support
No good sarvis,0,0,4,fallback_support
I was not able to pickup the call due to a Mobile Problem ( Ringtone ) Still the DELIVERY MAN knocked on my doorstep and delivered it to me Successfully,2,0,4,support
Delivery staff very cooperative and polite. Helps everytime he visits,2,2,4,fallback_support
Gode,1,1,4,fallback_support
I want to return my order because I ordered something else and received something else so return my money back to me !,0,0,7,refund
He was so polite.,2,2,4,fallback_support
Thanks for delivery fast,2,2,4,fallback_support
AExcellent,2,2,4,fallback_support
"Delivery man/person can add ""Thank you"" or ""Have a nice day"" after delivery",1,2,4,fallback_support
Nice service by tushar,2,2,4,fallback_support
Good service Bhot cute,2,2,4,fallback_support
Need to be more proactive wrt collection of shipment from originator like sbi cards as they are in the job of fooling customers wrt dispatch details,1,1,4,fallback_support
Jjvcc,1,1,4,fallback_support
over all service is good,2,2,4,fallback_support
Vbgg of,1,1,4,fallback_support
Extra delivery charge,0,0,4,fallback_support
The delivery person was extremely cooperative and helpful.,2,2,4,fallback_support
Call and update before delivery of consignment,1,1,5,tracking
Osam in time delivery,2,2,4,fallback_support
I didnt receive the parcel at all,0,0,4,fallback_support
I m happy with this,2,2,4,fallback_support
Proper msg,1,1,4,fallback_support
He is a good gay,2,2,4,fallback_support
My delivery date is 26 & received today,1,1,4,fallback_support
I ordered one and your sent another,0,0,4,fallback_support
Nice person who delivered item,2,2,4,fallback_support
Thank you so much for delivered my card,2,2,4,fallback_support
It is very fast. I am happy with the service,2,2,4,fallback_support
Delivery partner Is very polite .Good Good,2,2,4,fallback_support
This product is fake i want to return this or will complaint against your pages,0,0,4,support
Quick and fast delivery services,2,2,4,fallback_support
Very good.  Keep it up,2,2,4,fallback_support
I didnot receive the parcel delevery boy delever to wrong person,0,0,4,fallback_support
Nice experienc,2,2,4,fallback_support
Delivery boy ko bolane ki tamiz nahin hai,0,0,4,fallback_support
Please stop supporting fake company products.Blue dart should take serious action as you company reputation gets spoiled,0,0,4,support
Good services & Good employee's services ?,2,2,4,fallback_support
Delivery agent?s behaviour,1,1,4,fallback_support
Very smooth delivery process,2,2,4,fallback_support
2 days delay in delivery without giving proper information,0,0,0,delay
He provides best delivery and delivery agent was good,2,2,4,fallback_support
Hsbsbs,1,1,4,fallback_support
Carry on with the good work,2,2,4,fallback_support
Thank you for good service for blue dart ??,2,2,4,fallback_support
Thank you for delivering my items. Im grateful.,2,2,4,fallback_support
Out delivery plus estimated time would help for the receiver to plan their day,1,1,4,fallback_support
Very professional and decent delivery partner,2,2,4,fallback_support
Your delivery boy was very cooperative and calm,2,2,4,fallback_support
Goat!!,2,2,4,fallback_support
Bhut ghatiya service hai khud Jake Lana pada Blue dart office se,0,0,4,fallback_support
The product was really Gud as well as quality of the fabric love it,2,2,4,fallback_support
Too much satisfied with the delivery,2,2,4,fallback_support
Very bed behaviour of delivery boy,0,0,4,fallback_support
Airbod nahi mila hai,0,0,4,fallback_support
Presently every thing is gr8.,2,2,4,fallback_support
Blue dart delivery staff is good ?,2,2,4,fallback_support
Very much poor sei,0,0,4,fallback_support
Blue dart se Harsh ko dhyanwand,2,2,4,fallback_support
He is a very nice person.,2,2,4,fallback_support
Thank you Nipu ?,2,2,4,fallback_support
Very much???,1,1,4,fallback_support
Very nice behavior of delivery person,2,2,4,fallback_support
Very good service from Ajith,2,2,4,fallback_support
I have not receive the package,0,0,4,fallback_support
Dilevery happened faster than i assume,2,2,4,fallback_support
Delivery is not on my exact address,0,0,4,fallback_support
Everything was good Fast delivery Good behaviour of delivery agent And the only thing which I don? like is your website make it more simple or easy to access and also provide agent contact number whenever my product is out of delivery,1,2,4,support
Unprofessional delivery partner,0,0,3,behaviour
Good service & Nice Behaviour ?,2,2,4,fallback_support
Very good service by the staff...,2,2,4,fallback_support
Order got delayed,0,0,0,delay
The package is missing,0,0,4,fallback_support
Extremely outstanding,2,2,4,fallback_support
Delivery boy was humble and did deliver the product on time,2,2,4,fallback_support
Delivery partner was greatBut the delivery was delayed.Daily it was cancelled and rescheduled,1,0,0,delay
This was great,2,2,4,fallback_support
367,1,1,4,fallback_support
M.......i,1,1,4,fallback_support
Buy just calling,1,1,4,support
Delivery person contact details is never shared which creates problem when recipient is not at home to collect the parcel,0,0,4,support
No one called for deliveryLeft without confirmationWe have not informed to deliver to Lal Bahadur,0,0,4,support
The delivery process was very convenient and secure. Thank you,2,2,4,fallback_support
The service was excellent; keep it up.,2,2,4,fallback_support
Great and quick service with delivery personnel also communicating effectively,2,2,4,fallback_support
The product mentioned on the box and the product within the box differs,0,0,4,fallback_support
Delivery cancel be fast.,1,1,4,fallback_support
Good service  .not dealay  ferpect timei gs .,2,2,4,fallback_support
Great and effort less and seamless and fast service.Thanks Bluedart team.you are the best.,2,2,4,fallback_support
Please retrun,0,0,4,fallback_support
Parcel delivery date was 21st may 2025 and parcel delivered on 28th may 2025,0,0,4,fallback_support
Worst delivery system one day delivery but time needed to bluedart is 10 days.,0,0,4,fallback_support
The behaviour of your delivery partner Mr Deepak Sardhana from Fatehabad Office was very disappointed. He refused to deliver the order at destination by saying company is not paying him to deliver there,0,0,4,fallback_support
It's good delivery on time .Less call,2,2,4,support
I like this delivery,2,2,4,fallback_support
verey good sarvice,2,2,4,fallback_support
Delivery guy is supportive Thanks,2,2,4,support
The delivery person was kind and wonderful,2,2,4,fallback_support
All goof,2,2,4,fallback_support
Parcel will be delivered and nice job blue dart.,2,2,4,fallback_support
My product is very bad is colour was very bad return my order I request you,0,0,4,fallback_support
Yes recommendable,2,2,4,fallback_support
Good work super fast Delivery ?,2,2,4,fallback_support
I am very happy..Thank you ?..Delivered on time,2,2,4,fallback_support
Worst delivery experience recieved wrong product they r such irresponsible,0,0,4,fallback_support
Delivery service was great. The delivery agent talked politely and delivered the product.,2,2,4,fallback_support
Dilevery boy asked otp before delevery,2,2,4,fallback_support
Good service very much smooth delivery,2,2,4,fallback_support
Vhhjjj,1,1,4,fallback_support
This is not me,1,1,4,fallback_support
In your service you can provide the reschedule option for delivery before handed over the order to delivery person.,1,1,4,fallback_support
Product is very useless,0,0,4,fallback_support
Duplicate item send kor rahe hoo????,0,0,4,fallback_support
Your services are good anf behaviour of delivery executive is also very good,2,2,4,fallback_support
Service is already good enough.,2,2,4,fallback_support
It's better than all other couriers.,2,2,4,fallback_support
Speed delivery with handle with care,2,2,4,fallback_support
You can hot serv me best,1,1,4,fallback_support
Well presentable amd professional service ! Well done and keep it up !,2,2,4,fallback_support
My parcel damaged,0,0,2,damage_lost
Got no call from the delivery agent and straight up the delivery was canceled. After multiple days of waiting had to go and pick up the package on my own. When inquired about the undelivered prodcut they showed little to no interaction. They even spelled my named wrong even after showing them proof.,0,0,3,behaviour
I have not received message shows delivered where is the parcel ?,0,0,2,damage_lost
Bludart Courier service is provide best service  and timely deliver.,2,2,4,fallback_support
The colour was not as shown in the picture overall the quality is super ??,1,1,4,fallback_support
Excellent service provided by tamhrang bro and Isaac bro,2,2,4,fallback_support
1st I received a message that my delivery was delayed but bluedart got it on time this made my day and my disappointed turned into joy thanks a lot bluedart I'm very much happy with ur service,2,0,0,delay
minimal calling and location awareness,2,2,4,support
What where delivered,1,1,4,fallback_support
Call before one hrs plz,1,1,4,support
Main order was delayed by 12 days,0,0,0,delay
Pleasing character- delivered with a smile,2,2,4,fallback_support
Consistency and assured quality of services safety guaranteed,2,2,4,fallback_support
There was a delivery attempt which said premises was closed whereas the family was at home and there was no approval entry for our home on the building?s mygate app so that means it was a false and wrong attempt mentioned. This might have caused us to loose the shipment in such wrong attempts which was already a paid product.,0,0,4,fallback_support
Don't change,1,1,4,fallback_support
Very fair,2,2,4,fallback_support
Everything is already good delivery boy is  very polite & has a great patience overall nice person,2,2,4,fallback_support
Whenever Delivery time plc call me,1,1,4,support
Wow??????????s,2,2,4,fallback_support
Hassle free delivery . And timely updates via messages regards the tracking. Thank you team.,2,2,5,tracking
Get better customer service,0,0,4,fallback_support
Awesome. Just continue the good work,2,2,4,fallback_support
Awesome service.  The delivery person was very kind and understanding,2,2,4,fallback_support
Actually books delivery is incompleted The  book combo set is 24/books.& I received only 17 books ??,0,0,4,fallback_support
Extremely disappointed with the way this delivery was handled. Delays,0,0,0,delay
Excellence work good,2,2,4,fallback_support
Delivery person behaved badly and disrespectfully,0,0,4,fallback_support
Staff is good. On time,2,2,4,fallback_support
Vary dood,2,2,4,fallback_support
Good ?? thank you,2,2,4,fallback_support
Saalon time pr deliver kyun ni krte tumhare chkkr mein apni gand mrwane ka shauk ni hai mujhe,0,0,4,fallback_support
Keep it up to provide such fantastic service and timely delivery of the stuff.,2,2,4,fallback_support
We ordered 8 pieces but we received only 4 pieces. There is no detailed information about how to return the product,0,0,4,fallback_support
Delivery executive was so nice & professional.,2,2,4,fallback_support
Nicea,1,2,4,fallback_support
The deliverey man is so humble and give the door step delivery,2,2,4,fallback_support
Sajan is a very polite personnel.,2,2,4,fallback_support
Dadar coconut hair oil bahut achha he Jo dikhayata Wahi packing I he,2,2,4,fallback_support
He quickly deliver my parcel,2,2,4,fallback_support
India's best service award goes to noise ?,1,1,4,fallback_support
??????? ?? ??? ??? ???? ??? ?? ??????? ??? ??????? ???? ???? ????? ?? ?? ???? ????? ?? ???? ????-???? ?? ?? ???? ??? ?? ??????? ???? ?? ?? ???? ??? ???? ???? ???? ?? ???? ?? ???? ?? ?? ???? ????? ?? ????,1,1,4,fallback_support
Not to ask tip for delivery,1,1,4,fallback_support
I am not received the product.,0,0,2,damage_lost
Refund krna h so kaise kre,0,0,7,refund
Delivery person is very good and come.,2,2,4,fallback_support
Girlfriend i'm,1,1,4,fallback_support
I didn?t get any call for order and it was canceled by rider,0,0,4,support
I didn't get any product.  How can I rate your service.  Your customer service is too bad. They have no responsibility.,0,0,4,fallback_support
760419,1,1,4,fallback_support
Not yet delivered .but got the messenge as delivered.,0,0,4,fallback_support
Everything is good. No problem at all.,2,0,4,fallback_support
Educate delivery person,1,1,4,fallback_support
Top notch services,2,2,4,fallback_support
Swift service from Bluedart??,2,2,4,fallback_support
The product was delivered on time and the behavior of the executive was very respectful and polite. Thanks a lot! ?,2,2,4,fallback_support
It is good but you should give time of delivery otherwise it's very nice experience,1,2,4,fallback_support
Good service delivery boy behaviour,2,2,4,fallback_support
Good  On time,2,2,4,fallback_support
quite satisfying,2,2,4,fallback_support
Good package handling,2,2,4,fallback_support
Over all experience good only,1,2,4,fallback_support
Mention the timings,1,1,4,fallback_support
Awesome delivery on time and no hassle.,2,2,4,fallback_support
A man wonderful service,2,2,4,fallback_support
Jffu,1,1,4,fallback_support
Very easy to receive and welcoming,2,2,4,fallback_support
I am fully satisfied with blue dart service.,2,2,4,fallback_support
Good service and good delivery agent.,2,2,4,fallback_support
Keep up the good work! A polite delivery person.,2,2,4,fallback_support
Excellent servicws,2,2,4,fallback_support
Just maintain it.,1,1,4,fallback_support
The delivery staff was extremely efficient with his work but I am not happy with blue dart service as the delivery was delayed for more then two weeks.,0,0,0,delay
Not worth I return my order,0,0,4,fallback_support
The delivery person is very efficient,2,2,4,fallback_support
Delivery superfast ??,2,2,4,fallback_support
Works wonders in 5mins for sensitive areas like face and underarms. This amount would probably last 6-8 months for me. Compared to razor it lasts quite well. Cons- it kinda irritates the skin a bit after washing it off,1,1,4,fallback_support
Muje otp puch liya aur parcle nahi diya.. M ghar se bahar tha security ke pass rakhne bola tha nahi rakha... Deliveri boy ka no 9881212297 ye h,0,0,4,fallback_support
Good delivery but  too late,1,0,0,delay
Now no need to improve.. it's all good,2,2,4,fallback_support
Take much more time as per discussed.,0,0,4,fallback_support
Great ? Time to time delivery,2,2,4,fallback_support
It was professionally done,2,2,4,fallback_support
Polite and humble delivery partner,2,2,4,fallback_support
Address hote hue bi incomplete address ka issue dal diya or product delivery nhi kiya,0,0,4,fallback_support
The delivery was on time and receive in good condition.,2,2,4,fallback_support
I haven?t received the package?!? How can you send this to me ?,0,0,4,fallback_support
You are already doing good..,2,2,4,fallback_support
Fast delivery no hassles.,2,2,4,fallback_support
. Nil,1,1,4,fallback_support
Bahut he late tha delivery Aur jisha time dikhata hai usha time package delivered nhi hota very bad delivery service and this is not expected from bluedart.,0,0,0,delay
Best & class servise the courier staffExcellent,2,2,4,fallback_support
The delevery agent behaviour was good. I appreciate him.,2,2,4,fallback_support
The delivery agent is reliable and honest in his services on delivering parcel promptly and at d place. Impressed by his dedication.,2,2,4,fallback_support
Nice delivery pason good service Akshay nice work ???,2,2,4,fallback_support
Excellent service k,2,2,4,fallback_support
35899652678,1,1,4,fallback_support
Happy with delivery service by bluedart,2,2,4,fallback_support
Good service by staff Gireesh.,2,2,4,fallback_support
Always bluedart is the best.,2,2,4,fallback_support
very friendly and polite delivery agents,2,2,4,fallback_support
Timely update was amazing.,2,2,4,fallback_support
I got my passe book.....good ?,2,2,4,fallback_support
Superb delivery..,2,2,4,fallback_support
Good service ? 10/10,2,2,4,fallback_support
It's already best service center namaste I hv seen my name as per,2,2,4,fallback_support
Gooc,1,1,4,fallback_support
Continue the same it's quite good.,2,2,4,fallback_support
Have been receiving parcels from Blue Dart. Blue Dart deliveries are always,2,2,4,fallback_support
Ffvhhjjjhjhh,1,1,4,fallback_support
Always reliable.  Well mannered and polite delivery people,2,2,4,fallback_support
Blue Dart service is fast and good.,2,2,4,fallback_support
Not appropriate delivery boy with a suitable service,0,0,4,fallback_support
Very poor service i don?t know why people even work with this company anymore. check out some google map reviews.,0,0,4,fallback_support
I? absolutely shocked and disgusted by the behaviour of the delivery person who came to deliver my order. He was creepy and completely inappropriate.,0,0,4,fallback_support
Courier man was extremely courteous,2,2,4,fallback_support
It's been 9 days since ordered,0,0,4,fallback_support
Good service and delivery agent sudhakar perfectly delivered my parcel,2,2,4,fallback_support
Parcel bahut acchi Tarah aur bahut jaldi parcel a jata hai blue Dark v.v . Good BULE DARK,2,2,4,fallback_support
Good behaviour of delivery boy. Service on time.,2,2,4,fallback_support
I am going for check my delivery status yesterday I got message undelivered for my order and failed order delivered without any call from delivery boy you send me message for undelivered and today I got call from delivery boy he told me my address location not in his route he delivered my order village pamal in medical shop he not going to my village.,0,0,4,support
Worest service received,0,0,4,fallback_support
Excellent delivery experience. Polite and well mannered delivery executive,2,2,4,fallback_support
Call less,1,1,4,support
The man took 20 Rs from me,0,0,4,fallback_support
Packing need to be improved,1,1,4,fallback_support
Very very very good??,2,2,4,fallback_support
The parcel is not delivered.Please ask the delivery person whom he has delivered and where Milind Patil,0,0,4,fallback_support
Today the delivery was good. And thank you for the prompt resolution of AWB #88301299623,2,2,5,tracking
Good service ?? Courier person dealing in good way,2,2,4,fallback_support
Long delay in delivery,0,0,0,delay
My item was delivered before expected time. Bluedart is reliable.,2,2,4,fallback_support
Thank you so much delivering my thing quickly,2,2,4,fallback_support
Nice dilevery by person and fast work by blue dart,2,2,4,fallback_support
It?s already lovely,2,2,4,fallback_support
absolutely mannerless executive.,0,0,4,fallback_support
Fast delivery and sweet nature,2,2,4,fallback_support
Bluedart is best service,2,2,4,fallback_support
Poor wrong product  fack,0,0,4,fallback_support
Continue to excel,2,2,4,fallback_support
The product was delivered very quickly!,2,2,4,fallback_support
No need to change in the service because you are good in service now,2,2,4,fallback_support
At present OK.,1,1,4,fallback_support
Saman pura hi ni aya,0,0,4,fallback_support
good ? Mayur 5,1,2,4,fallback_support
Nice pruductsNd nice serviceOf bluedart.Tnx,2,2,4,fallback_support
Only one pillow delivered,0,0,4,fallback_support
Thanks for timely delivering,2,2,4,fallback_support
Nothing. You're already perfect blue dart.,2,2,4,fallback_support
SMS updates if provided will be an advantage,1,1,4,fallback_support
Delivery executive was on time and professional.,2,2,4,fallback_support
Good ? service Good delivery process,2,2,4,fallback_support
Gentleman as well as a decent person too..??,2,2,4,fallback_support
Very good before delivery time,2,2,4,fallback_support
Live tracking means a lot here,1,1,5,tracking
services are very good. Also that delivery partner (bhaiya) was very polite. Thanks to blue dart. I recommend all to use their services especially in my area.,2,2,4,fallback_support
It is already attained the best service label,2,2,4,fallback_support
Nice nature delivery boy,2,2,4,fallback_support
GoodNice very nice,2,2,4,fallback_support
Good delivery service delivery boy is always nice and respectful ?,2,2,4,fallback_support
None in particular.,1,1,4,fallback_support
I received a product with a stain on it and I also want to change the size of the product but the return page is showing that this product is not eligible for return as it is not delivered yet?.,0,0,4,fallback_support
Wrong parcel delivered return this parcel,0,0,4,fallback_support
Very good and well deceiplined,2,2,4,fallback_support
Good behaviour and reached correctly at my address,2,2,4,fallback_support
I like blue dart courier service...Your blue dart delivery boy is very sincere & sober person every time he use deliver in time.....He is very nice person every ?,2,2,4,fallback_support
Good service and fast ???? thanks bro,2,2,4,fallback_support
We are not received any courier from your side.plz confirm from your side.,0,0,2,damage_lost
Not good return my parcelNo need Return,0,0,4,fallback_support
Very expensive and low bad product,0,0,4,fallback_support
All services are good and on time .Thanks,2,2,4,fallback_support
Very good nice thank you,2,2,4,fallback_support
You delivered so fast,2,2,4,fallback_support
the delivery was on time and the behaviour of the delivery boy was also goodthe quality of the profuct was awesome,2,2,4,fallback_support
Thank U for ur efforts.,2,2,4,fallback_support
Timely delivery and couteous delivery executive,2,2,4,fallback_support
So so.....,1,1,4,fallback_support
HAPPY HAPPY,2,2,4,fallback_support
The delivery partner is not responsive,0,0,4,fallback_support
Uugjv,1,1,4,fallback_support
I am so glad full your service.,2,2,4,fallback_support
V.   Good,2,2,4,fallback_support
He did not send back my remaining money,0,0,4,fallback_support
Even without checking the location... They mentioned as Consignee not in given address... And also there is no correct number mentioned in any website to contact to resolve this type of issue.. At last I personally went there and collected my parcel...It's simply waste of time to book a service with this Company... Because this is happening for the 2nd time for me...,0,0,4,support
Perfect delivery. Thanks.,2,2,4,fallback_support
So happy with the service friendly fast and stress free!?,2,2,4,fallback_support
Nice &fast dilevery,2,2,4,fallback_support
Salman is an excellent delivery agent,2,2,4,fallback_support
Bad Delivery Partner,0,0,4,fallback_support
Very poor service no confirmation call delivered on wrong address this is not blue dart services. Please pick up back the package and deliver the same my home address.,0,0,1,wrong_delivery
Good n delivered the item in time,2,2,4,fallback_support
Service delivery person is courteous in behaviour and inform the customer well before coming to deliver the product.,2,2,4,fallback_support
Service guys was good,2,2,4,fallback_support
delivery partner was cooperative,2,2,4,fallback_support
The product is totally not working.,0,0,4,fallback_support
prompt and professional,2,2,4,fallback_support
Got false status(Delivery attempted),0,0,4,fallback_support
Pathetic service and received parcel after multiple follow up,0,0,4,fallback_support
No accuracy details found,1,1,4,fallback_support
Very nice delivery of the parcel by calling first and then delivering the parcel. What else required. Keep it up!,2,2,4,support
Quick delivery and good behaviour,2,2,4,fallback_support
Good behaviour and very cooperative.,2,2,4,fallback_support
So pathetic that,0,0,4,fallback_support
Delivery uncle was very humble,2,2,4,fallback_support
The parcel hasn't been delivered to me but have received the SMS saying my shipment under Airway Bill No. 16316040974 has been delivered to SELF.  Please look into the matter and get back to me.  Please be informed I was at home hence your delivery guy can not excuse himself by saying we weren't at home at the time of delivery.Pervin Avari,0,0,4,fallback_support
Ye delivery wla bhai shi bt or delivery wla shi se baat nhi kr rha hai ye problem,0,0,4,fallback_support
Order not delivered on the address i mention while ordering.Delivery agent asks to come to the nearest to receive tha parcel by saying that ` we don?t deliver on your address?,0,0,4,fallback_support
Disaster,0,0,4,fallback_support
Excellent service upto the point.,2,2,4,fallback_support
Should do doorstep delivery like others,1,1,4,fallback_support
They already doing their best,2,2,4,fallback_support
Lose my money,0,0,4,fallback_support
Very nice and polite behavior.  Good road and area awareness.,2,2,4,fallback_support
Deliver was fast,2,2,4,fallback_support
Best service no limt,2,2,4,fallback_support
Service is excellent. C,2,2,4,fallback_support
Professional and praiseworthy,2,2,4,fallback_support
It?s really good person,2,2,4,fallback_support
I am happy from delivery,2,2,4,fallback_support
Happp,1,1,4,fallback_support
Liked your prompt service as well as the staff was decent and respectful.,2,2,4,fallback_support
Pathetic service.I had to go to your office myself for the parcel. Four days ago the parcel was arrived in the office and no one tried to deliver it. Today I had to go to the warehouse myself for the delivery,0,0,4,fallback_support
I really appreciate blue dart's service they are always on time or before time.,2,2,4,fallback_support
I like everything about Maccaron,2,2,4,fallback_support
Delivery status update goodDelivered earlier,2,2,4,fallback_support
Very very late delivered orders Thes is a safe but long time weting,0,0,0,delay
Not delivered to home location. During bad climate it's difficult to receive the parcel,0,0,4,fallback_support
Good and Quick Service Mr Tushar,2,2,4,fallback_support
You are doing good enough,2,2,4,fallback_support
I want to return the  product,0,0,4,fallback_support
Very nice Delivery boy good service,2,2,4,fallback_support
Reached at the agreed time.,2,2,4,fallback_support
Very fast. And good delivery agent,2,2,4,fallback_support
Speed as lightening,2,2,4,fallback_support
I do not order any product from zaniaah store. It is a wrong delivery from you and also I do not get any product from blue dart courier person.,0,0,4,fallback_support
Mc Bsdk,0,0,4,fallback_support
Very good currier service,2,2,4,fallback_support
Genuine product delivery,2,2,4,fallback_support
Super congratulations ?,2,2,4,fallback_support
What more better we can expect present bluedart,2,2,4,fallback_support
Good  person safety placed boxes,2,2,4,fallback_support
As expected.Thankyou so much,2,2,4,fallback_support
Blue Dart us itself a Good Delivery Name and Brand,2,2,4,fallback_support
Minimal calls and on time delivery,2,2,4,support
We receive wrong product... ?,0,0,4,fallback_support
GD delivery boy,2,2,4,fallback_support
Customer care service numbers were not working,0,0,4,support
Thank you so much. The delivery and service were good.,2,2,4,fallback_support
Always happy with the service. Courteous delivery person,2,2,4,fallback_support
Parcel has not been delivered to me ...Yet it shows as delivered,0,0,4,fallback_support
Received wrong and damage delivery can you initiate refund,0,0,2,damage_lost
Very nice perfume,2,2,4,fallback_support
Bludart is fast and safe servis,2,2,4,fallback_support
Delivered before 2 days Delivery boy kishore was also kindfully and was polite,2,2,4,fallback_support
Worst service. The person was not ready to listen and did not help in re-loading the boxes properly. His mobile no. is 8017675305. Troubled us unnecessary.,0,0,4,fallback_support
Ye parcel mere address par delever nahi kiya gaya. Maine ye parcel Transport Nagar Jaakar receive Kiya hai.Apse request hai agar aap parcel delever nahi kar sakte ho accept hi mat kiya kijiye.,0,0,4,fallback_support
I very happy with you servicesThanks bluedart,2,2,4,fallback_support
I not get my parcel,0,0,4,fallback_support
V good ??????,2,2,4,fallback_support
Fabulous service from blue dart Pavan,2,2,4,fallback_support
Awesome very gud service,2,2,4,fallback_support
Nice Behaviour Of The Delivery Person,2,2,4,fallback_support
Great but It was day before Yesterday planned delivery,1,2,4,fallback_support
To deliver the items reached at your office at Pallikaranai the delivery staff has taken 3 days to deliver at my house at Medavakkam (15 minutes journey),0,0,4,fallback_support
Pramod the delivery boy is excellent.,2,2,4,fallback_support
Best1,2,2,4,fallback_support
OTP problem persist,0,0,4,fallback_support
Very good service. I am happy.,2,2,4,fallback_support
All products are safe and secure and  fast service,2,2,4,fallback_support
Quicker deliveries would be appreciated,1,1,4,fallback_support
great job and best delevery,2,2,4,fallback_support
Very nice I'm happy with it,2,2,4,fallback_support
Thank you for delivering in time. Appreciate a lot.,2,2,4,fallback_support
All good... keep it up????,2,2,4,fallback_support
Service was good. Delivery man was really kind n humble .,2,2,4,fallback_support
By calling when out for delivery,1,1,4,support
Good job.Thank you so much,2,2,4,fallback_support
All ok. But online tracking update not in time,1,1,5,tracking
Good in dealing with custome,2,2,4,fallback_support
On time delivery did the delivery arrived as expected,2,2,4,fallback_support
Delivery person is very good. But the package was crushed badly.,0,0,4,fallback_support
delivery is always on time thanks for the safe packing and on time delivery,2,2,4,fallback_support
Didnot receive the packet yet,0,0,4,fallback_support
Thank you print shoppy Jaise maine order diya tha vaise hi mujhe deliver Kiya Gaya bahut khush hai meri Beti Maine beti ke birthday ke liye banvaya tha and good service thank you,2,2,4,fallback_support
Friendly and familar delivery boy,2,2,4,fallback_support
It's awsm,2,2,4,fallback_support
It would be better if the courier deliver the item on time as it is given on ordering receipt. Beside that everything is okay.,1,1,4,fallback_support
Not good My watch are damaged I purchased first time very bad experience,0,0,2,damage_lost
Good parcel,2,2,4,fallback_support
Mind boggling,1,1,4,fallback_support
Superb delivery by Rishab,2,2,4,fallback_support
Good service. But costlier than others.,1,2,4,fallback_support
0 % satisfaction,0,0,4,fallback_support
Excellent service. On time received the item,2,2,4,fallback_support
Incomplete order delivery,0,0,4,fallback_support
Amazing behaviour and friendly nature,2,2,4,fallback_support
Very co operative staff thanks a lot delivery wale paji??,2,2,4,fallback_support
Hdhchxhx,1,1,4,fallback_support
As usual your service is very good and thank you very much p? ? ?,2,2,4,fallback_support
Delivery person is not polite. He should change his behaviour. Please advise him to polite and friendly.,0,0,3,behaviour
Very bad behavior of delivery man,0,0,4,fallback_support
Not no,1,1,4,fallback_support
SupabGood,2,2,4,fallback_support
The delivery agent was very humble ? and good behaviour and packaging of the product is also very good ?,2,2,4,fallback_support
Product is. Damige plz  return to my product  iam so daid,0,0,4,fallback_support
The service is fine till now.,1,1,4,fallback_support
Excellent7g,1,2,4,fallback_support
Please give delivery person's number so that it is easier to coordinate with him.,1,1,4,fallback_support
Share the number of the delivery boy for coordination,1,1,4,fallback_support
I havent recieved the shipment.,0,0,4,fallback_support
Fraud with me,0,0,4,fallback_support
Better?.,1,1,4,fallback_support
Delivery is well,2,2,4,fallback_support
It was a good service?,2,2,4,fallback_support
Your delivery executive Ashok Kumar is very co-operative.,2,2,4,fallback_support
Blue Dart service is excellent and unparalled in nature and it need not be explained further. I have been relying the services of the company for a long time and I always recommend this company to others of my friends & relatives.,2,2,4,fallback_support
Order marked as delivered but it isn't. I do not have delivery agent number,0,0,4,fallback_support
Very Polite behaviour and good person.,2,2,4,fallback_support
Well behaved and delivered timely,2,2,4,fallback_support
We have not received any product and it is showing delivered to self.,0,0,2,damage_lost
? Arrived in a soggy condition.,0,0,4,fallback_support
Keep up the timely delivery and food works Regards Renee,2,2,4,fallback_support
Good fragrance worthy price good experience,2,2,4,fallback_support
Good service PromptIn time,2,2,4,fallback_support
The product was not the same plz return this product to the company,0,0,4,fallback_support
Blue dart delivery service is very fast,2,2,4,fallback_support
Advance timing of delivery notification,1,1,4,fallback_support
I got my item as early as I could,2,2,4,fallback_support
Product issue Order mentione--  camraReceived-- power Bank,0,0,4,fallback_support
Good Person. He reached to door step without any calls which was good.,2,2,4,support
Good secvice by arun ji,2,2,4,fallback_support
Item has been marked delivered but I haven't received the package,0,0,4,fallback_support
The package was sooooo bad! Like some products got opened and all... Seriously is that is how you guys deliver products?? Hated your service.,0,0,4,fallback_support
Very late than show me first . But delivery agent is bad because he refused to come to my house say me to go to him which is 300m from my house,0,0,0,delay
I really like this service,2,2,4,fallback_support
Sorry' galti se,1,1,4,fallback_support
The attitude and behaviour of the delivery boy was not good.,0,0,4,fallback_support
The delivery guys is fabulous,2,2,4,fallback_support
Did not receive the shipment on time,0,0,4,fallback_support
Your delivery guy requested OTP even before delivering the package,1,1,4,fallback_support
Without call how delivery my card,0,0,4,support
Please deliver in Khanamukh too,1,1,4,fallback_support
Bad experience with delivery executive delivery boy did not deliver our product,0,0,4,fallback_support
Delivery person accommodative Good experience,2,2,4,fallback_support
Opt service,2,2,4,fallback_support
Very nice packing... excellent sarvice,2,2,4,fallback_support
Received wrong product I need that person number,0,0,4,fallback_support
???? ?????? ????? ?? ?????? ??? ??????? ???? ???? ?? ??? ?? ??? ?? ?? ??? ????? ???? ??? ?? ??????? ??? ????-???? ??????? ??? ?? ???? ???? ?? ???? ???? ?? ???? ??,1,1,4,fallback_support
Jerrie,1,1,4,fallback_support
Shankar murmu,1,1,4,fallback_support
Delivery boys are very good,2,2,4,fallback_support
That was delivered to wrong address,0,0,1,wrong_delivery
Excellent services. Thanks blue dart for giving us a pleasant service,2,2,4,fallback_support
I have not received delivery itself . I don?t know where it delivered,0,0,2,damage_lost
Courier service partner ki call nahi ayi visit kar ki collect Kiya or courier partner argument kar raha tha,0,0,4,support
I asked to cancel agebt also canceled it accordingly,1,1,4,fallback_support
Delivered properly and before expected time.Nice service.Greetings of the day!!!Thanks.,2,2,4,fallback_support
The courrier should be delivered to the flat after looking at identify,1,1,4,fallback_support
Customer support number and handling is messy,0,0,4,support
It's been 2 days since the product was at the nearest warehouse which is 2km away from my delivery location. Twice I visited and they said they will scan and will deliver it. Today i visited again and the package was lying there in one corner. So i had to visit there to finally get my product delivered. Pathetic service,0,0,4,fallback_support
Delivered between 10am to 3pm is best for me,1,1,4,fallback_support
Na.....,1,1,4,fallback_support
Not best naresh,0,0,4,fallback_support
All  good,2,2,4,fallback_support
Product delivered within in 1 days and the delivery guy behaviour is s,2,2,4,fallback_support
Please issue valid Invoice for the future reference.,1,0,4,fallback_support
Parcel has been reached Indore on 23/5/25 but delivered on 27/5 at 7 pm.The expected date of delivery was 24/5/25.,0,0,4,fallback_support
Quick and humble person..and his voice tone is very good..,2,2,4,fallback_support
Fastest delivery very good job???,2,2,4,fallback_support
Its already better. Dilivery guy was friendly. Better give him a raise ?,2,2,4,fallback_support
It was a credit card delivery and the delivery guy didn?t even checked my id and asked me for any otp. Very disappointed,0,0,4,fallback_support
Great experiance Great Service,2,2,4,fallback_support
such a fake product deliverd,0,0,4,fallback_support
Everything is good.. ??,2,2,4,fallback_support
Very poor service Customer Ko jab Kudha Lena Jana pade Apke office toh kya fayad Office open krne ka,0,0,4,fallback_support
Nice smooth,2,2,4,fallback_support
Ur delivery agent made delivery at 6:40 p.m while I eagarly waiting for the same from morning. He called and asked to take delivery by my wife. I replied only my son at home and he can take the percel. But he told original ID must be producing at the time of delivery. I requested him I am sharing the ID proof through whatsApp. Then he told u have to there with original ID proof. This is disgusting about ur delivery agent. Whereas two day ago I have received same type of percel after sharing my ID proof last four digit number. My question is what is ur actual delivery system?? Plz try to learn good behavior to ur delivery agent.,0,0,4,support
Very polite & quick service,2,2,4,fallback_support
Delivery boy not coming home address,0,0,4,fallback_support
Great service.The delivery boy was very polite and delivered product on time,2,2,4,fallback_support
Delayed deli,0,0,0,delay
The parcel was not delivered the opt was asked and the parcel was not delivered to Pauline jasmine,0,0,4,fallback_support
Pay attention to delivery associate... They are bit irresponsible. Without any call or msg they marked as delivery attempted. And this is wrong.,0,0,4,support
Were poor service,0,0,4,fallback_support
Fake item it's to bad I lose 800 rupees,0,0,4,fallback_support
This delivery executive sometimes marks my some order as delivery attempted even when it was not attempted,0,0,4,fallback_support
Better service good job,2,2,4,fallback_support
Very nice and good polite person,2,2,4,fallback_support
Good service Dilveary boy is excellent,2,2,4,fallback_support
The are great,2,2,4,fallback_support
Good and fast india delivery,2,2,4,fallback_support
Smooth delivery experience with Blue Dart. Appreciate the professionalism.,2,2,4,fallback_support
Useless service. Made name sit at home for 3 days. I had to personally go and collect my parcel. Disgusted,0,0,4,fallback_support
Your nice service and very good,2,2,4,fallback_support
Myself  delivered,1,1,4,fallback_support
Two days delayed,0,0,0,delay
The boy doesn't have the manners to talk,0,0,4,fallback_support
Always lie about delivery. They show fake reasons for not delivering the parcel.,0,0,4,fallback_support
Delivery partner nature is amiable,2,2,4,fallback_support
Mere sth froud hua h.,0,0,4,fallback_support
I happy with blue dart,2,2,4,fallback_support
Delivery partner was so nice ?,2,2,4,fallback_support
Great Service and On-time Delivery,2,2,4,fallback_support
hdbdbfbfbf,1,1,4,fallback_support
Polite agent and was aware of the location and delivered on time.,2,2,4,fallback_support
Very good person ?????,2,2,4,fallback_support
Very good nd nice behaviour,2,2,4,fallback_support
Mobile number of delivery boy must be mentioned in delivery SMS,1,1,4,fallback_support
Neet to return my oder,0,0,4,fallback_support
Blue Dart services are very very fine everywhere,2,2,4,fallback_support
Important parcel not delivered and delivery agent mark it as completed.,0,0,4,fallback_support
Reached the location easily without much calls. And delivered on time.,2,2,4,support
It's really a good experience with this courier.Excellent service...,2,2,4,fallback_support
The product is physically damaged and accessories are missing and issue is not resolved.,0,0,2,damage_lost
Xhxbcn nclhzm,1,1,4,fallback_support
Delivery process highly satisfied.,2,2,4,fallback_support
Seamless service by delivery person,2,2,4,fallback_support
Timely and smooth delivery of my order from fnp,2,2,4,fallback_support
The courier boy was very,1,1,4,fallback_support
2km ???? ?? ???? ???? ????? ???? ?? ??? ????? ???? ?? ??? location ??? vha ??? ??? ?? ???? ???,0,0,4,fallback_support
All ok. Keep it up,2,2,4,fallback_support
The item was too cool and price also good,2,2,4,fallback_support
Great experience... Vry hppy... Nd vry fast delivery...,2,2,4,fallback_support
Delivery was fast and secure,2,2,4,fallback_support
Medicines should be delivered on priority. 2 full days is TOO much time.,0,0,4,fallback_support
Good Sevicce,2,2,4,fallback_support
The attenders not respond propely they have neglected customer service,0,0,4,fallback_support
Good & Quick service provided by Blue Dart delivery,2,2,4,fallback_support
Good behaviour and genuine guy,2,2,4,fallback_support
Material delivered in broken condition,0,0,2,damage_lost
Service excellent  he callede one time for the adress my address very difficult to find....,2,2,4,support
Really good service and product quality is very good quality thank you so much,2,2,4,fallback_support
Debasish is a very good biker,2,2,4,fallback_support
Very quick and smooth delivery experience,2,2,4,fallback_support
Not good Sigla one product,0,0,4,fallback_support
excellent excellent good job excellent excellent work excellent excellent,2,2,4,fallback_support
My parcel was lost it took 1 hour to trace i had to go to a place where the shop is in Ghatkopar kam raj nagar which was not easily traceable no name horrible service no man power to support sadly to say for the frst tym kindly upgrade n update about it,0,0,2,damage_lost
Courier was kind and frank,2,2,4,fallback_support
Thank you for the seamless delivery,2,2,4,fallback_support
You have delivered modules 2 times but I still didn't get goddies,0,0,4,fallback_support
Delivery agent was calm and polite.,2,2,4,fallback_support
Parsal riturn,0,0,4,fallback_support
Exceptionally good service,2,2,4,fallback_support
Bharat Kumar,1,1,4,fallback_support
Mera atm aur cheque book tumhare bande ne kisi galat address wale ko de diya hai poora area dundh liya dophar se lekin abhi tak mera documents nhi mile usko bolo aake mujhe mera documents deke jaaye nhi to kal complaint kar dunga ye log sahi se service nhi dete hai,0,0,1,wrong_delivery
Bekar service verry bad Muje khud receive karne Jana pada office And staff behaviour also had Poor service blue dart,0,0,4,fallback_support
pleased with delivery,2,2,4,fallback_support
Superb person and very kind and helpfull,2,2,4,fallback_support
Maintaining consistency in prompt deliveries as you are doing now,2,2,4,fallback_support
Wrong item receipt,0,0,4,fallback_support
Awesome delivery time ??v,2,2,4,fallback_support
I got canceled many times and the status wasn?t updated timely,0,0,4,fallback_support
Satisfied?.,2,2,4,fallback_support
Amarsingh,1,1,4,fallback_support
Keep up good services.,2,2,4,fallback_support
Tiabnzbxn,1,1,4,fallback_support
GOOD SERVICE GOOD BEHEVIOUR,2,2,4,fallback_support
the service was satisfactory,1,1,4,fallback_support
Good person and nice experience with him,2,2,4,fallback_support
Very w,1,1,4,fallback_support
Not a delivery,0,0,4,fallback_support
Blue dart delivery boy is very nice to meet you thanks visit again and thanks for blue dart ru,2,2,4,fallback_support
Deliver  early as expected. Thanks,2,2,4,fallback_support
Good Attitute.,2,2,4,fallback_support
Very diligently the person had delivered.,2,2,4,fallback_support
Polite and very good in service.,2,2,4,fallback_support
Did not tried to reattempt for delivery.,0,0,4,fallback_support
Good service but can inform real time update on the time of delivery,1,2,4,fallback_support
Today's delivery boy did his job well,2,2,4,fallback_support
This is a totally wrong information.. The shipment is not delivered... not delivered.... not delivered,0,0,4,fallback_support
v v good,2,2,4,fallback_support
It was good interaction,2,2,4,fallback_support
Fast and polite service.,2,2,4,fallback_support
Prompt delivery and informed and behaved politely. I like blue dart courier very much ?,2,2,4,fallback_support
Not delivered on time ?,0,0,0,delay
PackGe was open and changes the product,0,0,4,fallback_support
Thankyou for kind service ??,2,2,4,fallback_support
Tthhh,1,1,4,fallback_support
Your service are so superb,2,2,4,fallback_support
Good service ... happy,2,2,4,fallback_support
The package was marked as ?Out for Delivery? for two consecutive days,0,0,4,fallback_support
Pl. Try to improve,1,1,4,fallback_support
The experience was pretty good.,2,2,4,fallback_support
I got same tom form perfumes and it?s like a water form refund my money,0,0,7,refund
"Your courier service is terrible and a joke. First you said delivery is on 24/52025 then changed to 25/5/2925. Then it was changed to 2 Jun 2025 then again changed to 27/5/2025. Does the idiots running bluedart realise the inconvenience you cause us. I had to reschedule visits to the Hospital to take my wife to be at home to receive your stupid delivery. Only you have ""Network connection delays"" . I am getting deliveries from Amazon",0,0,0,delay
Delivery man should some money on them for example 20 rupees-100 rupees,1,1,4,fallback_support
Had an excellent experience,2,2,4,fallback_support
BEST PERFORMENCE,2,2,4,fallback_support
He is good sincere and kind.,2,2,4,fallback_support
Your delivery executive is indeed a very dedicated person,2,2,4,fallback_support
Delivered to third person without my ID proof and OTP,0,0,4,fallback_support
Great work. Keep working as diligently,2,2,4,fallback_support
Good service especially the delivery agent,2,2,4,fallback_support
Kindly improve,1,1,4,fallback_support
Thank you for fast service ?,2,2,4,fallback_support
Kindly do the delivery on time,1,1,4,fallback_support
I didn't received the correct order they cheated,0,0,4,fallback_support
He was on time and seemed like a nice guy,2,2,4,fallback_support
Good response time,2,2,4,fallback_support
Delivered bt delivery personells not gave proper information about delivery and not Delivered all items even they carry it with them so please improve u r service &gave my remaining items as early as possible,0,0,4,fallback_support
Till now I didn't receive the parcel,0,0,4,fallback_support
U have to exchange my order,0,0,4,fallback_support
Be on exact location,1,1,4,fallback_support
Excellent service from BLUE DART,2,2,4,fallback_support
Very good service by brijesh,2,2,4,fallback_support
Very good bhai log,2,2,4,fallback_support
the product has changed,0,0,4,fallback_support
No iam not satisfy,0,0,4,fallback_support
Integrate Google maps with your parcel delivery service to track more precisely.,1,1,5,tracking
Thank you for delivering the product. However,1,2,4,fallback_support
Good service Akshay nice work exlent working on,2,2,4,fallback_support
Not at all this very best delivery,0,0,4,fallback_support
Fast delivery and delivery boy behaviour is so nice,2,2,4,fallback_support
Package is broken & open condition.,0,0,2,damage_lost
Best and too good thank,2,2,4,fallback_support
This notmy o,1,1,4,fallback_support
Staff behaviour is to good,2,2,4,fallback_support
haven? received my product yet and in app they are showing item delivered,0,0,4,fallback_support
Great delivery experience smooth and silent. kind delivery men,2,2,4,fallback_support
Very good service n behaviour,2,2,4,fallback_support
1 your courier partner call for 1st time only they never call when rescheduled and take back the parcel ... Over all you never satisfied,0,0,4,support
Doing well now,2,2,4,fallback_support
I want to exanj or money back,0,0,7,refund
I made payment for 3 items but received only 2 items.,0,0,4,fallback_support
Got fake product. Not happy with the delivery,0,0,4,fallback_support
It was good and quick.,2,2,4,fallback_support
U guys doing good job,2,2,4,fallback_support
appreciate,2,2,4,fallback_support
Behavior of delivery boy is very kind,2,2,4,fallback_support
The delivery boy was so kind and humble.,2,2,4,fallback_support
Excellent. KEEP IT UP.,2,2,4,fallback_support
Very good very fast brilliant ? ? ? 8,2,2,4,fallback_support
Good and much better,2,2,4,fallback_support
Best service...Still improvement has no limit.....,2,2,4,fallback_support
Excellent service done by bluedot carrier,2,2,4,fallback_support
10/10 for delivery patner,2,2,4,fallback_support
Not at all satisfied with the delivery The delivery boy never comes in front of my house instead he stands outside my lane and when I told him to deliver it in front of my house he rudely refused and after an argument he said to take the delivery directly from main office Please help me with my issue,0,0,3,behaviour
Parcel was received by me. My name is not prakash my name is Preksha. Please write and spell properly.,1,1,4,fallback_support
The delivery OTP and tracking details should also come on the email ID.,1,1,5,tracking
I obsessed this productsI love itDelivery was good,2,2,4,fallback_support
Really super products..,2,2,4,fallback_support
Amazing service. Very cooperative delivery boy,2,2,4,fallback_support
Very well and very fast ??,2,2,4,fallback_support
Fabulous service from blue dart in the rainy season Mr pavan,2,2,4,fallback_support
Delivery should be done on the same day as the fixed delivery date in any case.,1,1,4,fallback_support
I am very saponite,0,0,4,fallback_support
The delivery was not a door step delivery and I had to walk 300 meters while the delivery person was standing right there. He refused to come to door as the road condition was bad but one has to understand if u can walk he can drive as well right.,0,0,4,fallback_support
6.96E+11,1,1,4,fallback_support
The package delivered was already opened.Just like the quality of the book is also not good...looks like someone has changed the book and placed a zerox book instead of original one.,0,0,4,fallback_support
Delivery boy good behavior nice coperate,2,2,4,fallback_support
Excellent service by bludrt ..??,2,2,4,fallback_support
I have to go to the bludart office and have to collect my order the delievery boy did?nt carry my order by saying its very big and delayed it for 2 days after that i went to bludart office then i got my order,0,0,0,delay
It's different from what u shown in video bakwas  don't buy this product,0,0,4,fallback_support
The delivery person is very known to this address and very humble.,2,2,4,fallback_support
The package was torn and products were damaged when I received it.,0,0,2,damage_lost
Maybe deliver a little bit more fast,1,1,4,fallback_support
This is perfect deliver.,2,2,4,fallback_support
I have not received the courier. Even not provided the OTP. Kindly confirm where is the courier. It is given to Ashmitha. I don't know who is she. With out my consent how it is delivered?,0,0,2,damage_lost
Sensor motion light is not working properly,0,0,4,fallback_support
Great thing,2,2,4,fallback_support
The delivery system of blue dirt is very fast .  This order was booked very before but the company did not move it in time. However there no later delivery by blue dirt,1,0,0,delay
Well satisfied..,2,2,4,fallback_support
I received call prior to delivery. Continue this type of service,2,2,4,support
Please try to upgrade your delivery boys Behaviour,1,1,4,fallback_support
Be truthful and honest with your duties,1,1,4,fallback_support
Appreciate for service.,2,2,4,fallback_support
It's good the delivery is exactly on time I am happy ? want to book something else in future also,2,2,4,fallback_support
When we call ur customer care it's not working at all.. Pls do the needful.. How can we contact the customer care representative? Or add alternative number... Pls,0,0,4,support
Your delivery boy behaviour is very bad ?,0,0,4,fallback_support
No contact given,0,0,4,support
So good and product quality is also good and delivery is fast,2,2,4,fallback_support
The delivery guy didn't deliver door step.,0,0,4,fallback_support
Product  0 0,1,1,4,fallback_support
Excellent dilevery. Very happy,2,2,4,fallback_support
Like.,2,2,4,fallback_support
I? really humbled the way delivery person without hesitation climbs up to the second floor for delivery without arrogance which some people do. So thank you so much!!,2,2,4,fallback_support
Best service everDelivery guy was very polite,2,2,4,fallback_support
Thank you for always giving us best service.,2,2,4,fallback_support
Very fast nd good behaviour delivery man.,2,2,4,fallback_support
verry verry good service,2,2,4,fallback_support
Quick n safe delivery.,2,2,4,fallback_support
Fhchhchch,1,1,4,fallback_support
Had to collect order from courier ofc because they dint assign delivery agents. Worst service,0,0,4,fallback_support
Nyc services tx blue dart,2,2,4,fallback_support
Awesome delivery person. Nice service.Thank you so much.,2,2,4,fallback_support
The delivery man is rude,0,0,3,behaviour
Best executives in the world ?,2,2,4,fallback_support
The delivery agent was great,2,2,4,fallback_support
Delivery man on tym nd polite,2,2,4,fallback_support
Ghatiya packing pura neckband toota hua aaya hai box to dikh bhi nhi raha kidhar hai bakwas service hai,0,0,2,damage_lost
You are calling me through your app,1,1,4,support
Fast and ontime,2,2,4,fallback_support
Gulshan is Very hardworking employee,2,2,4,fallback_support
Timely delivered and the delivery person very honest,2,2,4,fallback_support
Your representative is polite and respectful,2,2,4,fallback_support
Delivery boy behaviour is soo good and I like the delivery time ??,2,2,4,fallback_support
Hdjj,1,1,4,fallback_support
It' fake item....,0,0,4,fallback_support
I hate you Jo photos me tha vo to hai nhi,0,0,4,fallback_support
Very polite and respectful delivery man and their behaviour,2,2,4,fallback_support
He was asking for direction but he didn't deliver the product on that he deliver the product after the day.. anyways his behaviour was good.,1,2,4,fallback_support
Delivery was good and convenient.,2,2,4,fallback_support
I was at home my friend picked my parcel ?,1,1,4,fallback_support
Delivery agent was co-operative and helpful,2,2,4,fallback_support
Nice behaviour and timing,2,2,4,fallback_support
Worst  product,0,0,4,fallback_support
Very late delivery everytimePathetic service ever,0,0,0,delay
It was an ontime delivery. Delivery man was kind and reached location with no calls. Product reached safely.,2,2,3,behaviour
Very nice service and courier boy behave ????,2,2,4,fallback_support
Muzhe parsal galat mil gays,0,0,4,fallback_support
Received wrong item and broke making fraud business,0,0,4,fallback_support
Service already very good? ??????????????,2,2,4,fallback_support
My product is totally wrong ?,0,0,4,fallback_support
Tuptup Bag,1,1,4,fallback_support
Great service! Very prompt delivery,2,2,4,fallback_support
8tfufuf,1,1,4,fallback_support
Delivery is and also product good quality,2,2,4,fallback_support
The items i received were in mint condition and 0 damage and fast delivery in just 2 days,2,0,2,damage_lost
The delivery man was very polite and good and very friendly,2,2,4,fallback_support
It's fast and secure service  the delivery agent is also good behavior and humble. Good nature,2,2,4,fallback_support
The executive was well professional,2,2,4,fallback_support
Fast service and skilled staff,2,2,4,fallback_support
I like it ????,2,2,4,fallback_support
Welcome done good job,2,2,4,fallback_support
My package delivery was delayed by two days.,0,0,0,delay
Good service lavkush,2,2,4,fallback_support
I did not receive my package and the status showed as delivered I demand a call from your team.Kindly resolve this issue at the earliest,0,0,4,support
Wrong item delivered bed,0,0,4,fallback_support
Ordered on 11th may received on 27 th may . make delivery faster,0,0,4,fallback_support
No need to action...,1,1,4,fallback_support
Interaction with staff was good,2,2,4,fallback_support
Delivery agent is not good,0,0,4,fallback_support
They were telling me my correct address is wrong for the last four days,0,0,4,fallback_support
Politely spoken behaviour.,2,2,4,fallback_support
hamid,1,1,4,fallback_support
Such,1,1,4,fallback_support
Very best service.timly arrival,2,2,4,fallback_support
Love the Delievery! The delivery man was so patient and not at all rude! Very sweet.,2,0,3,behaviour
On time delivery is subject to good,1,2,4,fallback_support
Delivered to wrong person ..some one you mental Vishal nale,0,0,1,wrong_delivery
Superbc,2,2,4,fallback_support
no no nothing everything is nice,2,2,4,fallback_support
Best and fast delivery ever ! Nothing need to changed ? blue dirt is best,2,2,4,fallback_support
Thank you for good response,2,2,4,fallback_support
You are doing well!,2,2,4,fallback_support
It?s to good service because it?s give my product one day early thank you so much,2,2,4,fallback_support
Wonder ful service I ever experience by blue dart thanks,2,2,4,fallback_support
Delivery agent was good at servings this order and very polite.,2,2,4,fallback_support
Not delivered home address delivery 10 km,0,0,4,fallback_support
Continue excellence in your services & timely deliveries.,2,2,4,fallback_support
Consistently on time,2,2,4,fallback_support
So safe Neelam,2,2,4,fallback_support
Shipment didn?t get delivered,0,0,4,fallback_support
Good work..nyc behaviour.... Overall very good service....,2,2,4,fallback_support
The worst service. You guys just know how to hold the packages in your basement for months.,0,0,4,fallback_support
Service is good continue,2,2,4,fallback_support
One day u update incomplete address & next day u deliver product on same address without any communication or update in address...what kind of fool you making to customer...,0,0,4,fallback_support
Behave nicely,1,2,4,fallback_support
The delivery executive was very fast and sweet.,2,2,4,fallback_support
It?s a good experience,2,2,4,fallback_support
The delivery was delayed too much. Had to reach out to the local office to get it.,0,0,0,delay
Very very good person delivery man thank you blue dart,2,2,4,fallback_support
Thanks bluedart and kotak mahindra Nice service,2,2,4,fallback_support
Size was big,0,0,4,fallback_support
All the products were different and served bad things and completely a different order with a bottle of urine,0,0,4,fallback_support
Services were superb,2,2,4,fallback_support
Delay service I am currier self pick up 10 km from warehouse,0,0,0,delay
U should improve,1,1,4,fallback_support
POLITE AND HUMBLE.,2,2,4,fallback_support
I had not received the package. To whom it was delivered?,0,0,2,damage_lost
I didn't received the order ... I have asked to cancel. But it's mentioned deli,0,0,4,fallback_support
Very humble and active perosn,2,2,4,fallback_support
The package was delivered in a damaged state.,0,0,2,damage_lost
Executive lied to say we were not available & delayed rhe delivery by a day Where is the point in giving extra money to blow dart for fast delivery??? Also he has lied about who it was delivers to - there is no mr Jaya here ?. Blue dart really has to look into the decline if its service,0,0,0,delay
Good personalised service,2,2,4,fallback_support
Very happy with the product and shipment.it reached very fast and on time.,2,2,4,fallback_support
He just left important packet without asking OTP to my servant,0,0,4,fallback_support
Excellent delivery agents. Other courier company should learn from you,2,2,4,fallback_support
Sudjdjjdjdjfj,1,1,4,fallback_support
They don't deliver at my location. They dilivery 10 km away from my home,0,0,4,fallback_support
Actually the courier was received in my Firm by our Staff but OTP was not asked by  the delivery boy. What is purpose of the OTP! How it was delivered without asking the OTP?,0,0,4,fallback_support
Better experience in future,1,1,4,fallback_support
Should be more faster,1,1,4,fallback_support
Delivery executive well mannered and always on time.,2,2,4,fallback_support
tab,1,1,4,fallback_support
No commentsd,1,1,4,fallback_support
The delivery anna was very kind and polite,2,2,4,fallback_support
Thank you for calling before delivery of the parcel,2,2,4,support
Sir mene you tube per trousers dekha tha our uha se order Kiya bute size small and other trousers received not satisfied. How to refund my trousers. Plz sent coustomer contact no and share link. Immediate action plz,0,0,7,refund
Service should be improve more,1,1,4,fallback_support
VERY HUMBLE GUY,2,2,4,fallback_support
Delivery staff was great!,2,2,4,fallback_support
timely delivery. humble delivery person. satisfied,2,2,4,fallback_support
Nice Services Provided by Blue Dart ?,2,2,4,fallback_support
Please keep it up excellent,2,2,4,fallback_support
Blue Dart ke sath sabse Bura Anubhav,0,0,4,fallback_support
Nothing excellent service,2,2,4,fallback_support
Ni Lena hai,0,0,4,fallback_support
Keep it up to,2,2,4,fallback_support
Excellent service and nice behaviour,2,2,4,fallback_support
The item delivered in time,2,2,4,fallback_support
It?s good as you r doing,2,2,4,fallback_support
Safe and fast handling,2,2,4,fallback_support
Phone case I receive was so good..,2,2,4,fallback_support
The delivery agent was prompt. I got the delivery at 10 in the night. He is definitely hard working guy.,2,2,4,fallback_support
Excellent service thnks nykaa for the lovely gift?,2,2,4,fallback_support
Best courier and a good delivery boy ??,2,2,4,fallback_support
Good timely delivery.  Thanks,2,2,4,fallback_support
Supperrrr,2,2,4,fallback_support
Very good services. Courier delivered at our convenience without any hassles. Very cooperative.,2,2,4,fallback_support
If the person is not there I.e if the door is locked they can hand it over to the next door after getting signature from them or they can call them and get our consent,1,1,4,support
Please change my order and refund money,0,0,7,refund
Good service parcel delivered within two days....,2,2,4,fallback_support
bht bdiya bnda tha bhai delevery wala bht bdiya excellent ??,2,2,4,fallback_support
Nice? delivered my debit card,2,2,4,fallback_support
Satisfied with timely delivery.,2,2,4,fallback_support
Ok and Fine,1,1,4,fallback_support
Purv quality tour,1,1,4,fallback_support
I ordered my product on 18 may and received on 28It was plants for my planted aquariumAll melt now its of no use who will be responsible for this who will replace or refund for me,0,0,7,refund
A little faster delivery,1,1,4,fallback_support
Your Delivery Executive Deserves a round of applause?,2,2,4,fallback_support
Need to mention delivery boy number,1,1,4,fallback_support
Good sarvis blue dart Bilal bahi,2,2,4,fallback_support
It was instant and smooth delivery.,2,2,4,fallback_support
Fully satisfied with ur service,2,2,4,fallback_support
We have not received any item and it's mentioned as delivered which is inaccurate.,0,0,2,damage_lost
As always blue dart is my favourite couriers delivery service as compare to all other like delivery it is always fast unexpected delivery providers ??,2,2,4,fallback_support
Courier has been delivered to wrong person,0,0,1,wrong_delivery
Shipment not delivered at security,0,0,4,fallback_support
Deliver in time without blaming customer,2,2,4,fallback_support
Excellent service and staff are friendly.,2,2,4,fallback_support
Definitely good behaviour of couriour boy delivered on time,2,2,4,fallback_support
tihgj,1,1,4,fallback_support
It's good but pickup time is little late,1,0,0,delay
The climate situation is heavy rainy but deliver boy delivered the order at my door steps. Excellent delivery blue dart,2,2,4,fallback_support
U delivered to wrong person I have not received,0,0,2,damage_lost
Before delivery... thanx to the delivery staff..and the team.,2,2,4,fallback_support
All better courier service,2,2,4,fallback_support
damaged ??,0,0,2,damage_lost
Everything is already well,2,2,4,fallback_support
Very good delivery service. Good delivery man . Thank you for ur good service,2,2,4,fallback_support
Smooth delivery and the delivery brother was very cooperative,2,2,4,fallback_support
Girlfriend,1,1,4,fallback_support
Great at delivery and updates,2,2,4,fallback_support
Pilot Behavior,1,1,4,fallback_support
Stick to the delivery time and date,1,1,4,fallback_support
Messaging probable time of delivery,1,1,4,fallback_support
Hdjdm,1,1,4,fallback_support
bsbj,1,1,4,fallback_support
I will definitely choose blue dart in the future too,2,2,4,fallback_support
Made me collect order from courier office without assigning delivery agents. Despite several complaints they still repeat the same.,0,0,4,support
I was very much at home and the delivery guy just didn?t bother to call me and left the consignment with the security. This is completely unacceptable. Please advise your delivery agents to call up the customer.,0,0,5,tracking
Good Behaviour of delivery man.,2,2,4,fallback_support
Nice guy he given parcel at my door step also very helpful person,2,2,4,fallback_support
Very very well behaved,2,2,4,fallback_support
All good no problemo,2,0,4,fallback_support
Thanks you for perfect product,2,2,4,fallback_support
Morning contact ask delivery time,1,1,4,support
Best thanful friend ?,2,2,4,fallback_support
on the time delivery,2,2,4,fallback_support
Time to deliver my product,1,1,4,fallback_support
good by nature and fast in delivering,2,2,4,fallback_support
Nice ap ha,1,2,4,fallback_support
in this price the quality is very bad,0,0,4,fallback_support
Goodinformation,2,2,4,fallback_support
Every time whenever I ordered my order from amezon every time it's delivered with open product not give packing product my location pincode is 391165 please tack action,0,0,4,fallback_support
Diliver Ontime nice ???.,2,2,4,fallback_support
delayed by three days,0,0,0,delay
Fraud items send me,0,0,4,fallback_support
Its good and very comfortable also,2,2,4,fallback_support
Nice Sirvice,2,2,4,fallback_support
Kya ye log nhi manege ya FIR fill kru inke naam se kb tk frzi courier krte rhouge ye Mera parcel nhi h yr smja kro,0,0,4,fallback_support
Still not received the courier,0,0,2,damage_lost
All good. Delivery person is very polite and kind.,2,2,4,fallback_support
Hassle free deliveryGood behavior of logistic member,2,2,4,fallback_support
One of the best courier service but only problem is that the product is lately shipped,1,0,0,delay
he delivered fast.,2,2,4,fallback_support
Perfect nice and timely delivered,2,2,4,fallback_support
Adar product,1,1,4,fallback_support
Very good Delivery I'm impressed thank you for fast delivered my order,2,2,4,fallback_support
The executive was really good thankyou,2,2,4,fallback_support
Man,1,1,4,fallback_support
THANKS A LOT..,2,2,4,fallback_support
Every time my order which has been given to bluedart it is delivered late...was supposed to arrive on 23may but received on 27th may...... unable to contact blue back..... please check,0,0,0,delay
No comments u r always the best,2,2,4,fallback_support
It is o. K,1,1,4,fallback_support
Decent service guy,2,2,4,fallback_support
Your service is good tnq time to time delivery,2,2,4,fallback_support
Polite behaviour of delivery personU guys r doing great job,2,2,4,fallback_support
It?s chocolate and it?s totally melted,0,0,0,delay
worst dilivery partners and worst service,0,0,4,fallback_support
SHOULD BE IMPROVE,1,1,4,fallback_support
I had exchanged a shirt with snitch..your delivery boy called me..I want your return..I asked if you are blue-dirt..he said no I am from Flipkart..so I said there is no return from Flipkart...and got my order-4711762 cancelled. Now we will see what you do.,0,0,4,support
Awesome delivery services provide by Blue Dart,2,2,4,fallback_support
Bzbs,1,1,4,fallback_support
Nothing to say excellent,2,2,4,fallback_support
I loved the service and polite courier man,2,2,4,fallback_support
Where is my other order which was supposed to be delivered today,0,0,4,fallback_support
Experience was good with Blue Dart and delivery too,2,2,4,fallback_support
Gentle & awesome,2,2,4,fallback_support
Very good behaviour. Good luck,2,2,4,fallback_support
On time delivery and professional delivery agent.,2,2,4,fallback_support
Well organised in service,2,2,4,fallback_support
Happy with delivery..,2,2,4,fallback_support
Service is very good I dont have more to add,2,2,4,fallback_support
Atulya,1,1,4,fallback_support
Order is sitting like ducks in your blue dart office from 7 days...You not eevn get 1 star for this order...Please choose your delivery partners wisely...They dnt give Ckuf to customers...,0,0,4,fallback_support
Ok ass,1,1,4,fallback_support
There was no call from the courier boy and the courier was delayed for 2 days. I had to go to the office myself to pick up the courier.,0,0,0,delay
One of the best service provider,2,2,4,fallback_support
Better indication of approx time of arrival,1,1,4,fallback_support
Nice job ... keep it up,2,2,4,fallback_support
Amazing very nice,2,2,4,fallback_support
Kindly update the tracking status correctly. When Out for delivery it would be better if the contact details for delivery person are provided to customer so that we can atleast contact and confirm related to the delivery.,1,0,0,delay
The delivery guy insisted that I have to pay for the shipment,0,0,4,fallback_support
I have received best service,2,2,4,fallback_support
????? ??????? ?? ?? ????? ???,1,1,4,fallback_support
Better service I m happy your delivery agent,2,2,4,fallback_support
Very Fast Prompt Service,2,2,4,fallback_support
As shipment not received,0,0,2,damage_lost
Agent not wait for 10 min,0,0,4,fallback_support
All Better courier service,2,2,4,fallback_support
The person who did the delivery was well groomed and polite .,2,2,4,fallback_support
My order shows out for delivery for 2 days .no call no update.after checking in the portal it shows restriction area then I called the agent bcoz I have his number before he received and said it will be delivered by tomorrow I have your parcel with me. we are ordering something important to us and they put our parcel and delivered us as their own convience. And parcel was open partially,0,0,5,tracking
Very unprofessional service.,0,0,3,behaviour
Good delivery person. Information was in time.,2,2,4,fallback_support
Keep it Up..,2,2,4,fallback_support
I waited too for product which they were keep delaying it,0,0,0,delay
M jvicivih,1,1,4,fallback_support
MANOJ,1,1,4,fallback_support
The business is done with fraud stop doing business with them I ordered a mouse and was given a small cup of 5 rs,0,0,4,fallback_support
This delivery person was par excellence,2,2,4,fallback_support
Amazing delivery executive. Deserves a raise,2,2,4,fallback_support
Anytime with this delivery guy,2,2,4,fallback_support
Material and quality is very poor,0,0,4,fallback_support
Appreciated speed and therefore recommend Blue dart services,2,2,4,fallback_support
Please update the delivered status on the Titan website,1,1,4,fallback_support
Just keep it up like that.,2,2,4,fallback_support
Thanks to the Delivery boy Ahmed for reaching my home without any calling and directly handing over the parcel. He is very good delivery agent,2,2,4,support
Always pretend the person who is going to receive parcel is unavailable and most times they do not contact,0,0,4,support
Timely delivery and amiable delivery agent.,2,2,4,fallback_support
One day before notification of arrival time,1,1,4,fallback_support
Jisne deliver Kiya bahut hi siber banda hai. bahut hi smooth experience,2,2,4,fallback_support
Not delivered to the address.,0,0,4,fallback_support
Naaaaaa na,1,1,4,fallback_support
Your services are very prompt and quite reasonably good keep it up,2,2,4,fallback_support
Smooth and Nice delivery person Talk very politely Very good service,2,2,4,fallback_support
Mera comment delivery detected piece I will show the picture on product,0,0,4,fallback_support
Nothing much to tell ! ..But I will say that u serve your customer very beautifully with the assurance of product Thank You,2,2,4,fallback_support
Provide delivery boy number and exact date..,1,1,4,fallback_support
Good service and good dealing,2,2,4,fallback_support
To deliver taken very long time,0,0,4,fallback_support
While the delivery staff was perfect in performing his duty,2,2,4,fallback_support
Good and thank you blue dart ??,2,2,4,fallback_support
Worst product refund my money please,0,0,7,refund
Item on time ......pls improve your parcel tracking system,1,1,5,tracking
He was humble to handle the conversation.,2,2,4,fallback_support
Better and fast service the delivery boy delevers a fantastic service.,2,2,4,fallback_support
1day late delivery in website it show will be delivered one day before but i got after one day,0,0,0,delay
make perfect deliveries ?,1,2,4,fallback_support
Very fast delivery and good service..,2,2,4,fallback_support
From address is hiding by blue dart dont hide from adress some fake products through bluedart,0,0,4,fallback_support
Delayed and no clearity on when the delivery will happen,0,0,0,delay
Quality is not ok.. n name font is also not proper.. some letters are in large font n some in small..,0,0,4,fallback_support
Amazing and smooth delivery. Very polite and friendly delivery executive.,2,2,4,fallback_support
Tomorrow delivery today received,2,2,4,fallback_support
Blue dart courier is best,2,2,4,fallback_support
Great service from the team,2,2,4,fallback_support
Waiting from more then 7days for the parcel to be delivered. It has been delayed for more then 7 days. The delivery person didn't call to ask where  to deliver the parcel,0,0,0,delay
6gyfyf,1,1,4,fallback_support
Excellent work????? and,2,2,4,fallback_support
Very bad quality as per price,0,0,4,fallback_support
That's great ?,2,2,4,fallback_support
Don't know about your logistics service but the delivery guy is definitely a great guy,2,2,4,fallback_support
Staffs very courteous,2,2,4,fallback_support
Behaviour of delivery boy is not good. He talk with me rudely .,0,0,3,behaviour
Very poor and delayed delivery service,0,0,0,delay
Fast professional delivery,2,2,4,fallback_support
Very bad way of talking,0,0,4,fallback_support
My as-it-is mass gainer missing,0,0,4,fallback_support
Already better no change i want,2,2,4,fallback_support
The order is give different,0,0,4,fallback_support
It was late delivered,0,0,0,delay
Very fun delivery people,2,2,4,fallback_support
GoodSafe Cost effective,2,2,4,fallback_support
Very good delivery service and the delivery agents are very cooperating and well behaved,2,2,4,fallback_support
Extremely Fine.. Good and professional behavior of delivery boy..,2,2,4,fallback_support
When your service is good there is no need to comment or idea .,2,2,4,fallback_support
Not delivered on the date mentioned in the message. Delayed for 2 days.,0,0,0,delay
Your service is the best I using first time online delivery and it made me easier and great Thank you so much ??..,2,2,4,fallback_support
I don't think so you need to be better I had great experience with you,2,2,4,fallback_support
Thank u bhaiya,2,2,4,fallback_support
It's a very worst delivery Service BLUE DART. it's a very very slow process any time all products are delivered delay delay and delay so it's a very boring service. Our delivery date was 25-05-25 and it was delivered on 28-05-25 behalf of many many requests and complent by customer care service. So it's a very very very WORST DELIVERY SERVICE,0,0,0,delay
Your rate very high.. online show 150-200 but ur price minimum 500 rs,0,0,4,fallback_support
Very good service and it is very rare that delivery partner is very good than other courier companies,2,2,4,fallback_support
Your delivery staff was not delivering in my address,0,0,4,fallback_support
they delivery boy was very good at communication & Location finding.,2,2,4,fallback_support
Very polite in nature nice guy,2,2,4,fallback_support
On 27-05-2025,1,1,4,fallback_support
Wrong product and wrong size,0,0,4,fallback_support
Delivery partner was very polite and well behaved and timely delivered.,2,2,4,fallback_support
Good delivery boyy.,2,2,4,fallback_support
Best service by amit bhadu,2,2,4,fallback_support
Product has not been received in the packet,0,0,4,fallback_support
Great service. Bhaiya (delivery agent) didn'd hesitate todeliver my package even in the rain.,2,2,4,fallback_support
0 service,0,0,4,fallback_support
Best delivery boys,2,2,4,fallback_support
Efficient and nice,2,2,4,fallback_support
Good job j,2,2,4,fallback_support
Delivery service is fantastic ?,2,2,4,fallback_support
Fast delivery polite attitude minimal calling,2,2,4,support
Do the hard work especially when you don't feel like it.,1,1,4,fallback_support
Good & extremely supportive staff.,2,2,4,support
Very nice to delivered thanks,2,2,4,fallback_support
Very nice and fast service The service provider's behavior is very nice,2,2,4,fallback_support
Making us fool Messaging that Consignee was not available We are a big family and 24 hrs available Pathetic service Annoyed me like anything Worst worst service,0,0,4,fallback_support
It was not deliverd to me,0,0,4,fallback_support
always call to customer before coming,1,1,4,support
She ladies rider are smart they are follow up the customer properly they are communicating Custmor good,2,2,4,fallback_support
Good services and quick delivery,2,2,4,fallback_support
Gud job blue dart you so delivery 28/5/25 and well done ??,2,2,4,fallback_support
Im empires ur survis,1,1,4,fallback_support
Delivery boy are rude and not polite,0,0,3,behaviour
Good keep it,2,2,4,fallback_support
It was quick and awesome,2,2,4,fallback_support
Great last mile connectivity service. Staff was very courteous,2,2,4,fallback_support
Appropriate n good service . Thanks All the best !,2,2,4,fallback_support
Interaction with the delivery guy is good. Keep your work like this forever.,2,2,4,fallback_support
Product delivered 1 day late than date shown on website,0,0,0,delay
Wants to exchange this product,0,0,4,fallback_support
Best service provide kotak mahindra Bank I am happy,2,2,4,fallback_support
I don't receive the package,0,0,4,fallback_support
I have not a suggestions for you because your company to good.,2,2,4,fallback_support
?excellent service,2,2,4,fallback_support
I was outside while shipment arrived. So I asked a photo for that . The delivery person not ready for that,0,0,4,fallback_support
Please take responsibility of delivery on time and don't mention false update about availability of consignee,0,0,4,fallback_support
Employ the better delivery person,1,1,4,fallback_support
Nice service center latehar,2,0,0,delay
Good service even in rain I got my books safe and secure,2,2,4,fallback_support
Delivery guy is good. But delivery not provided exact address. I had to drive 2km to collect my order.  Why showing home delivery option when you do not provide parcel at home.,0,0,4,fallback_support
The best performance,2,2,4,fallback_support
Everything was totally fine .,2,2,4,fallback_support
Whatever stuff came to me was brought very well and was delivered to my doorstep.,2,2,4,fallback_support
This time delivery is late for 2 3 days please try to be deliver on time.,1,0,0,delay
I appreciate that the product was delivered safely and on time. Thank you,2,2,4,fallback_support
Good gvcnncbhh,2,2,4,fallback_support
Very good very Best service ?,2,2,4,fallback_support
It's good ? products im happy and good package good service,2,2,4,fallback_support
not delivery in proper address,0,0,4,fallback_support
Delivery person isbon time and friendly,2,2,4,fallback_support
Delivery was good and love the product,2,2,4,fallback_support
Good mannarism,2,2,4,fallback_support
Delivery person was great always do delivery on time and polite in nature,2,2,4,fallback_support
They are giving such a good service,2,2,4,fallback_support
Achha nhi h or disara aaua h,0,0,4,fallback_support
It took 8 days to deliver my package...wrong information was published in tracking information,0,0,5,tracking
I would be better if we can get estimate time also.,1,1,4,fallback_support
Best gain,1,1,4,fallback_support
It was a pleasure shoping with your site.Everything was good till the delivery,1,2,4,fallback_support
Mxkdskdjdj,1,1,4,fallback_support
Nfne,1,1,4,fallback_support
excellence delivery man,2,2,4,fallback_support
Delivery Boy Best Services,2,2,4,fallback_support
Delivered Doc,1,1,4,fallback_support
Just let the delivery boys ask for the person in whose name the parcel is on delivery,1,1,4,fallback_support
Very good service ?????????????,2,2,4,fallback_support
Vary,1,1,4,fallback_support
The sender is absolutely a fake entity and the shipping label doesn? have the sender address,0,0,4,fallback_support
Cucucyuc,1,1,4,fallback_support
First time! Delivery person was so friendly and kind act. Polite and patience is necessary in work and he is very good at his task. Bingo? kalyaan kumar,2,2,4,fallback_support
Mujhe HDFC ka credit card nahin Mil Paya Hai,0,0,4,fallback_support
The partner was cooperative,2,2,4,fallback_support
Super first delivery shambhu da tqq???,2,2,4,fallback_support
Di always delivers on time,2,2,4,fallback_support
Delivery was very good and the delivery guy was nice to. I would like to add if you can add otp verifications while getting the parcel just to keep things transparent and fraud free from both the ends,2,2,4,fallback_support
Good luck 00000,1,2,4,fallback_support
He did not delivered prodect how can he mark prodect delivered this very bad and it is big mistake,0,0,4,fallback_support
Good Experience with Bluedart staff,2,2,4,fallback_support
I never received the parcel !!! But it is marked delivered,0,0,2,damage_lost
Nice service blue Dart,2,2,4,fallback_support
Very knowledgeable person. Did delivery very effectively,2,2,4,fallback_support
Very nice service not much calls and delivered safely at the location,2,2,4,support
I am orde mens ware but you give me ladies ware,0,0,4,fallback_support
I didn't receive anything. My address has been changed from Mogappair eadt to Nolambur long back. Updated my address in almost everything but dono ehich parcel is this. This happened few times ago as i am not available the parcel has been returned. They should have called me right.My number is same 9841312325. Please call me,0,0,4,support
No one delivered the package to my residence. I had to go to your office and collect the package..,0,0,4,fallback_support
Years of trust...,2,2,4,fallback_support
All over experience was definitely good ???,2,2,4,fallback_support
Gud job iam happy,2,2,4,fallback_support
Tracking was very clearly updated,2,2,5,tracking
Already worked,1,1,4,fallback_support
Very good service. Bluedart is trustworthy,2,2,4,fallback_support
Very pleasent delivery agent!,2,2,4,fallback_support
Worst div,0,0,4,fallback_support
Product was delivered perfectly and delivery guy was very polite ?,2,2,4,fallback_support
Timed Delivery,2,2,4,fallback_support
Very bad services ok,0,0,4,fallback_support
Delevery boy is so simple and his behaviour is good ?.,2,2,4,fallback_support
Service is good but the delivery was little late so work on that,1,0,0,delay
Thanks for delivered my order on time,2,2,4,fallback_support
easy fast delivery by brijesh,2,2,4,fallback_support
Good and reliable delivery !!,2,2,4,fallback_support
fasting delivery all the best,2,2,4,fallback_support
I recently received my doc and wanted to share that the delivery process was smooth and efficient. The doc arrived within the expected timeframe and in secure packaging. I appreciate the timely communication and tracking updates. Great service overall!,2,2,5,tracking
Behave properly with customer care number,1,1,4,support
Person call n took otp but parcel not delivered,0,0,4,support
I had Very good experience and the delivery man was also polite he just called once and I received with delivery on time.,2,2,4,support
His name was Samim Islam and he was a great guy. He called me many times and asked me to wait and I told him that I have an urgent work to do so. Please come after that particular time,1,2,4,support
Delivery staff well behaved and helpful,2,2,4,fallback_support
NOS,1,1,4,fallback_support
Easy delivery no hustle,2,2,4,fallback_support
Well behaviour....nd on exact time... impressed ???,2,2,4,fallback_support
At time. Best staff,2,2,4,fallback_support
Different product delivered ..and now there is no option of returning,0,0,4,fallback_support
The sender is absolutely a fake entity and the shipping label doesn?t have the sender? address,0,0,4,fallback_support
Blue dart delivery staff very hard working excellent ? job,2,2,4,fallback_support
Everything is excellent ??,2,2,4,fallback_support
Whenever I am getting parcel from blue dart it is getting delivered 1 day prior to delivery date,2,2,4,fallback_support
Service is excellent ?????,2,2,4,fallback_support
Good behaviour office worker,2,2,4,fallback_support
It's a wrong items I want to return it please. I asked for Oppo F27 and Samsung F34 5G phone cover,0,0,4,fallback_support
If timings of delivery could also be told in advance it would be best,1,1,4,fallback_support
Maintain the service as it is at present.. good prompt service,2,2,4,fallback_support
Delivery service is best .,2,2,4,fallback_support
Very Fast Service and Nice Delivery Boy,2,2,4,fallback_support
All great - very professional and polite person,2,2,4,fallback_support
Nice and fast and service,2,2,4,fallback_support
Thank you bro very ?,2,2,4,fallback_support
Best delivery person Very polite and always on time,2,2,4,fallback_support
On time despite heavy rains!,2,2,4,fallback_support
Good going & keep it up,2,2,4,fallback_support
The delivery guy is polite and respectful and know the exact location thank you,2,2,4,fallback_support
You have a good service facility.,2,2,4,fallback_support
I need one item please send more Verity's item on my what's up account number,1,1,4,fallback_support
Too fast delivery service and agents are well polite.,2,2,4,fallback_support
Poor delivery experience. Better teach ur delivery person some good way to talk,0,0,4,fallback_support
SARVAN soni nahi he Saransh soni,1,1,4,fallback_support
The parcel isnt delivered but I got the msg that it has been delivered will escalate & complaint about it further,0,0,0,delay
Professional services.... Thank u,2,2,4,fallback_support
Too delayed delivery,0,0,0,delay
Be very friendly,1,1,4,fallback_support
Wrost serives from Blue dart. I got my shipment 2 days late after . I went blue dart office and collect my shipment after waiting of 15 minutes.And amazing thing is that my address is only 4 km away from blue dart dispatch office.,0,0,0,delay
It would be better if you deliver bit earlier like before 9 pm atleast.,1,1,4,fallback_support
Lately Order delivered,1,0,0,delay
Very excellent service. Keep it  up further,2,2,4,fallback_support
Bewkuf bana diya,0,0,4,fallback_support
Very good Sirvice,2,2,4,fallback_support
PROMPT SERVICE. PRODUCT REACHED BEFORE TIME.. NO PHONE CALLSEXCELLENT SERVICE BY COURRIER BOY.,2,2,4,support
Thank you so much for kotak Mahindra Bank servic,2,2,4,fallback_support
I received the package in sealed condition.,2,2,4,fallback_support
The service was very good. The lady I talked with was very respectful and comfortable so sweet of her a big than you to her love it,2,2,4,fallback_support
Most likely will recommend,2,2,4,fallback_support
When parcel is reqched destin and out for delivery assign a good person who know minimum to contact with customer,1,2,4,support
You were excellent.,2,2,4,fallback_support
Excellent service and on time delivery as always. Keep it up guys! You're on the way to becoming a class leader.,2,2,4,fallback_support
On time delivery in rainy season,2,2,4,fallback_support
Delivery staff behaviour is politely,2,2,4,fallback_support
V. V goo,2,2,4,fallback_support
my sbi cradit card retun without my indformation why,0,0,4,fallback_support
Excellent nature fast service it?s a good guy,2,2,4,fallback_support
Good service as well as good behaviour of delivery staff.,2,2,4,fallback_support
Frod company,0,0,4,fallback_support
Extent job blue dart osem,2,2,4,fallback_support
It's already promt and timely delivered service,2,2,4,fallback_support
Fast and Prompt,2,2,4,fallback_support
Speed and trustworthy,2,2,4,fallback_support
I have not get my delivery,0,0,4,fallback_support
I don?t like to take delivery at 10 pm,1,1,4,fallback_support
Thanks for quick delivery...,2,2,4,fallback_support
TyhsGsd,1,1,4,fallback_support
Executive location awareness is very impressive. Politeness and handling of item is good.,2,2,4,fallback_support
Good delivery but late delivery,1,0,0,delay
It's absolutely a smooth interaction...I am happy,2,2,4,fallback_support
Very very beautiful,2,2,4,fallback_support
Delivery agent was so rude and ill mannered...he threw my package and misbehaved with me.,0,0,3,behaviour
You are doing excellent work...,2,2,4,fallback_support
Service very good thanks blue dart,2,2,4,fallback_support
We inform you ahead of time that we are coming and will deliver your order within that time,1,1,4,fallback_support
Very nice delivery minimum call polite and professional person,2,2,4,support
Ok courier man,1,1,4,fallback_support
Jvicig,1,1,4,fallback_support
Excellent service and courier guy was also polite and responsive.,2,2,4,fallback_support
I have always found the service to be very good. The delivery staff are excellent and very courteous,2,2,4,fallback_support
Fast and on time delivery..,2,2,4,fallback_support
You are giving very good service,2,2,4,fallback_support
Very & Best Service,2,2,4,fallback_support
Happy to have received my product ?,2,2,4,fallback_support
Fast delivery with product,2,2,4,fallback_support
In time delivering,2,2,4,fallback_support
Super ??? nice safe delivery for delivery boy 10?,2,2,4,fallback_support
Delivery person was good and serve in good manner.,2,2,4,fallback_support
U r product was very cheap I don't like it and it is very low quality,0,0,4,fallback_support
I received wrong parcel and got scam,0,0,4,fallback_support
Friendly service and in time,2,2,4,fallback_support
I like the product than you,2,2,4,fallback_support
Delievery was smooth and delivery guy was very kind and helpful. On time delivery.,2,2,4,fallback_support
Good service blue dart express,2,2,4,fallback_support
Early delivery and delivery boy behaviour is very good ?,2,2,4,fallback_support
Delay from date and delivery time,0,0,0,delay
Delivery happened on time,2,2,4,fallback_support
Very slow service not on time delivery,0,0,0,delay
Delivery boy not responsibility so late Mera residency close hai bol ke cal return Chala Gaya call bhi nhi Kiya kal aur Aaj sham ko lekar aaya to mujhe bolate ho ki niche lene ke liye Ajaaiye,0,0,0,delay
worst scam products delivering people i received used torn clothes delivered by these people worst dont trust,0,0,2,damage_lost
All over its a great experience,2,2,4,fallback_support
Always pretend the person who is going to receive parcel us un available. And most time they are not contect the person and thins are returned back.,0,0,4,fallback_support
Your service is very good and efficient.,2,2,4,fallback_support
Very good quality ??????,2,2,4,fallback_support
Timely delivery good thanks blue dart,2,2,4,fallback_support
Excellent so happy and will continue to deal with you,2,2,4,fallback_support
Softly nature by delivery boy,2,2,4,fallback_support
Fast speedy delivery. Polite as well.,2,2,4,fallback_support
Bluedart staff called me around 11:30 and informed me that the courier has to pick up before 6pm today . Informed her will come tomorrow and collect but she said it has to collect by today itself,1,1,4,support
Hardworker excellent keep up the good work,2,2,4,fallback_support
Wrong product received at the time of delivery,0,0,4,fallback_support
Very polite nice person with speed delivery,2,2,4,fallback_support
Satisfactorily delivered,2,2,4,fallback_support
He was very gentle I appreciate the effort,2,2,4,fallback_support
Ontime delivery with tracking facilities.,2,2,5,tracking
Good service and delivery Boy ??,2,2,4,fallback_support
You yery fine service,2,2,4,fallback_support
As usual service is satisfactory.,1,1,4,fallback_support
The delivery  executive  was polite and waited for me to collect the parcel.,2,2,4,fallback_support
The personel is very good and cooperative,2,2,4,fallback_support
nice service.. on time and good behaviour,2,2,4,fallback_support
Your services is best ?.,2,2,4,fallback_support
Live tracking helpful,2,2,5,tracking
great work - speed,2,2,4,fallback_support
Thank you so much nice packing and very fast delivery ? thank you ?,2,2,4,fallback_support
Plz provide buisness number to agents,1,1,4,fallback_support
I have not recieve my parcel,0,0,4,fallback_support
This service is such that this man called me to his house and gave me a parcel,1,1,4,support
If provide perior information for delivery it will be good,1,2,4,fallback_support
Mujhe service pasand hai,2,2,4,fallback_support
Delivery uncle talk calmy,2,2,4,fallback_support
Good Service as well good person when call for address confirm,2,2,4,support
Nice immediately coordinate and delivered to right place,2,2,4,fallback_support
It took a lot of time for me to reach my delivery. My package delevery postponed 2 to 3 times. The one who should have the first preference for delivery to deliver at right time,0,0,4,fallback_support
I happy to receive the medical,2,2,4,fallback_support
Good service & courier person,2,2,4,fallback_support
Great representative.,2,2,4,fallback_support
Delivery was 3 days late Poor service Poor staff,0,0,0,delay
I am extremely disappointed with Blue Dart?s delivery service. My package was supposed to be delivered to my address,0,0,4,fallback_support
I dont know what i received.. Actually i didnot received any thing from blue dart,0,0,2,damage_lost
I am greatly impressed by the service.,2,2,4,fallback_support
Very poor service Delivery boy don't call me for delivery very poor service by self i have visited the office and pickup the goods very bad,0,0,4,support
Khudos,1,1,4,fallback_support
Service of ur agent is excellent,2,2,4,fallback_support
If your Company is incapable to deliver courier in Village Bhagokawan,0,0,4,fallback_support
Delivery boy behaviour is so good.....nice mind-blowing service,2,2,4,fallback_support
Very quick & reliable. Great delivery associate.,2,2,4,fallback_support
It was good delivered,2,2,4,fallback_support
Services were on point,2,2,4,fallback_support
I liked the speed of delivery,2,2,4,fallback_support
He was polite and minimal calling were done by him.,2,2,4,support
It was all goood,2,2,4,fallback_support
Try delivering in time,0,0,4,fallback_support
Hhno,1,1,4,fallback_support
Clean packing,2,2,4,fallback_support
Delivery boy is a sweet boy,2,2,4,fallback_support
nice service ?,2,2,4,fallback_support
Fast service by delivery boy,2,2,4,fallback_support
Good cordial service. In spite of technical difficulties,2,2,4,fallback_support
Packing Damage,0,0,2,damage_lost
Thanks good,2,2,4,fallback_support
All products are safe and secure and fast service,2,2,4,fallback_support
Ip?,1,1,4,fallback_support
Good service by delivery boy sarfaz,2,2,4,fallback_support
Be sincere.,1,1,4,fallback_support
Timings best,2,2,4,fallback_support
It?s wasn?t delivered..I had to pick it up from the office even though I had paid the delivery charges but as usual like previous time even after complaining so many time again blue dart has troubled with the delivery. All the time writing that consignee isn?t available even though no attempt was made to deliver. And this isn?t the first time this is happening. Would keep in mind in the future from now onwards will be cautious not to order from companies who are associated with you. Very bad service.,0,0,4,fallback_support
the delivery guy?s behaviour is very good and very helpful,2,2,4,fallback_support
Request from our end is approximate Timings of delivery of shipment is required on a day. Today I stayed for whole day to receive the shipment as I missed yesterday due to unavailability at home.,1,1,4,fallback_support
Assured service ?,1,1,4,fallback_support
a1 service,2,2,4,fallback_support
I?m fully satisfied.,2,2,4,fallback_support
The product was safe and fine..,2,2,4,fallback_support
Gpod service,2,2,4,fallback_support
Wonderful service specially the delevery partners are really good I always thankful to them....,2,2,4,fallback_support
Good packaging and the delivery boy was corporative fast delivery,2,2,4,fallback_support
Increase your staff,1,1,4,fallback_support
Mind Blowing Courier Service. Specially for a Delivery man. Who comes to deliver parcel any weather Condition. Thanks,2,2,4,fallback_support
Best services and fast delivery ?,2,2,4,fallback_support
Executive is very good. I am busy in meeting when he reached at my home. So I am not be able pick phone quickly but executive waiting response from my side and deliver card very patiently. So I am very thankful to him.,2,2,4,fallback_support
The status was not updated. Had to call the customer service team for the update on the shipment and to deliver it on the day,0,0,4,support
As informed delivered on time,2,2,4,fallback_support
Return my order it is fake product only,0,0,4,fallback_support
Like it delivery,2,2,4,fallback_support
The delivery agent was great and service is excellent,2,2,4,fallback_support
very let delivery,0,0,4,fallback_support
Every thing was excellent,2,2,4,fallback_support
Good and timely delivery by the service provider,2,2,4,fallback_support
Good but can u give fast delivery ? ok,1,2,4,fallback_support
Awesone,2,2,4,fallback_support
Since yesterday I have been getting messages ' Arriving Today ' I made myself available. But I had to move out today . As so perforce delivery was taken by Security at Lobby against OTP shared,1,1,4,fallback_support
Package reached in the best condition.,2,2,4,fallback_support
Delivery process will be good and efficient .,1,2,4,fallback_support
Product change please return,0,0,4,fallback_support
Delivery is slow and not as per the promised timelines,0,0,4,fallback_support
fast delivery thanku,2,2,4,fallback_support
Very poor service by delivery boy always fake attempt,0,0,4,fallback_support
Very nice and good service..,2,2,4,fallback_support
Parsal reton,1,1,4,fallback_support
Haven't received the parcel.no phone call received from delivery personal.to whom it was delivered,0,0,4,support
Fastest sarvice,2,2,4,fallback_support
Was great working with them.,2,2,4,fallback_support
Delivery had not been done. But msg received that delivery had done ?,0,0,4,fallback_support
Exccelen,2,2,4,fallback_support
Very Friendly and behaviour was good..,2,2,4,fallback_support
Good service. I liked it,2,2,4,fallback_support
Thanks for safe & super fast delivery service.,2,2,4,fallback_support
Give more discount,1,1,4,fallback_support
Bad attitude of delivery person and late delivery. Also refused and ran away with delivery parcel when insisted to deliver on first day and updated as consignee not available.Poor professional service at its worst for delivery service staff.Highly pathetic and arrogant staff with no understanding of customer service ethics and values.,0,0,0,delay
M kg gihhhdjdevheue,1,1,4,fallback_support
Khrab he not brand,0,0,4,fallback_support
Increase call quality,1,1,4,support
Good service .supportive staff,2,2,4,support
Wrost company,0,0,4,fallback_support
Service is good. Delivered within the time bound,2,2,4,fallback_support
Excellent job done.dwar,2,2,4,fallback_support
Service is fast that what?s we need from courier partner,2,2,4,fallback_support
Consignment lying in your Lucknow office since 24/05/2025 and same couldn't deliver till date. Ultimately i have to visit your office to collect the same and getting consignment I was made to wait 1/2 hour. It's the poorest service i come across.,0,0,5,tracking
Quickly service with courier thanku harneet ma'am,2,2,4,fallback_support
Please give fit and tighty jackets,1,1,4,fallback_support
Parcel was in time and delivery was good,2,2,4,fallback_support
Excellent currier service,2,2,4,fallback_support
If u have committed for delivery then delivery it correctly u should not ask the customer to walk and get the delivery.Worst experience.,0,0,4,fallback_support
Prompt service8,2,2,4,fallback_support
It was a fraud delivery,0,0,4,fallback_support
VERY EXCELLENT ?,2,2,4,fallback_support
So good you service,2,2,4,fallback_support
all great minimal calling,2,2,4,support
?nice very,2,2,4,fallback_support
Disappointing experience with the delivery service. Had to visit the office personally to collect the parcel.,0,0,4,fallback_support
The delevery guy was very rude and he ask us to come down and collect.He is not ready to handover the courier and talking so much..not satisfied with his approach.,0,0,3,behaviour
Good behaviour boy delivery,2,2,4,fallback_support
The delivery boy didn't call me for give a parcel,0,0,4,support
Still not received any parcel,0,0,2,damage_lost
Attempt to deliver product in time... Without attempt do not update wrong status,0,0,4,fallback_support
Delivery guy not wait for a min. How you hired this kind of person.. It's your good service.. Shipment not reached at my place,0,0,4,fallback_support
The service is ok,1,1,4,fallback_support
Delivered very much in time. We appreciate promptness.,2,2,4,fallback_support
Excellent service9,2,2,4,fallback_support
Worst delivery guy,0,0,4,fallback_support
It's scam .,0,0,4,fallback_support
Fast and reliable A,2,2,4,fallback_support
All products are awesome ..and good in packing location awareness executive is good in behaviour thnq,2,2,4,fallback_support
Excellent service.polite delivery mansidhu,2,2,4,fallback_support
the service was perfect,2,2,4,fallback_support
Very decient,2,2,4,fallback_support
Good delivery before the time.,2,2,4,fallback_support
Took a long time to deliver with multiple delays,0,0,0,delay
Delivered safely and on time.,2,2,4,fallback_support
No door delivery. If we ask they tell we have no service there. Then why you are taking orders,0,0,4,fallback_support
The safest company,2,2,4,fallback_support
U r service is good enough,2,2,4,fallback_support
Was great working with them,2,2,4,fallback_support
Everything was good for me.,2,2,4,fallback_support
Good Work blue dart,2,2,4,fallback_support
Good Services...,2,2,4,fallback_support
Great delivery. Always on time,2,2,4,fallback_support
Provide door delivery and talk politely.,1,1,4,fallback_support
Abhi to mai parcel le kr hi khush hun use krne ke bad feadback deti hun ?,2,0,4,fallback_support
It's All ok .,1,1,4,fallback_support
On time delivery ?? impressive,2,2,4,fallback_support
Excellent work n hospitality.,2,2,4,fallback_support
Not trusted,0,0,4,fallback_support
Good person and friendly behaviour,2,2,4,fallback_support
blue dart delivery man didnt reach real destintion . call to recieve parcel 3 km away from my location 'very upset to your delivery man & bluedart service,0,0,4,support
Please provide Accurate delivery date.,1,1,4,fallback_support
I appreciate your way of working.,2,2,4,fallback_support
Update me with the time of delivery along with the day of delivery,1,1,4,fallback_support
Wonderful delivery man,2,2,4,fallback_support
Well done delivery boy!,2,2,4,fallback_support
Blue Dart is always number 1.Keep up the good work people,2,2,4,fallback_support
Intimate in advance probable time of delivery,1,1,4,fallback_support
My product is no delivery yet I want my product yesterday one of your worker had called and he told that he will deliver today but he didn't called me and my product is not delivered yet it was from nykaa the worst platform,0,0,0,delay
Delivery was smooth and delivery man was kind and understanding,2,2,4,fallback_support
Very Bad experience Complaint krne ke baad delivery hoti h blue dart ki Koi support nhi krta h or nahi time pr delivery hoti h 15 din lagte h ye koi delivery hoti h kya .. Band krdo time pr delivery nhi kr skte toh ye kam .,0,0,4,support
Most worst delivery with 20 days. Pip,0,0,4,fallback_support
Had to go nd collect the parcel on the way even after guideing the delevery guy.,0,0,4,fallback_support
Very good service by delivery boy.Very supportive,2,2,4,support
We are extremely satisfied with the prompt and reliable service provided by Blue Dart. The delivery was on time,2,2,4,fallback_support
Service is gud satisfied,2,2,4,fallback_support
Ugij,1,1,4,fallback_support
The service guy was nice but the delivery happened two days later after complaint,1,0,0,delay
Not statisfied,0,0,4,fallback_support
Your delivery PPL don't have patience to wait for the customer to come out. Also they threw the package out of their mini truck on the ground not knowing what is inside. Never seen blue dart doing such kind of things,0,0,4,fallback_support
Hsd to pickup,1,1,4,fallback_support
Very timely and promising delivery.,2,2,4,fallback_support
Misinformation related to my parcel shared,0,0,0,delay
Product was delivered well before the given due date,2,2,4,fallback_support
thank you for the quick delivery?very good service ?Your packing quality needs to be improved a little?,1,2,4,fallback_support
Excellent service Good job,2,2,4,fallback_support
Best ?  very humble person,2,2,4,fallback_support
Worst dilivery and I only went office delivery office and collected,0,0,4,fallback_support
They give us wrong delivery and please back us payment,0,0,4,fallback_support
Good nature Very cooperative,2,2,4,fallback_support
no people in home who's pickup My currier,1,1,4,fallback_support
Main apna order cancel kaise karun,1,1,4,fallback_support
Always try to give me between 9am to 2pm.because it's my office address.,1,1,4,fallback_support
Dilever person is so polite and kind great experience,2,2,4,fallback_support
I received my Card,2,2,4,fallback_support
Delivery person is good but consignment deliver timing is not good its delayed and because of that my work has been delayed because of bluedart,0,0,0,delay
Very good delivery partner,2,2,4,fallback_support
Wrong product is received,0,0,4,fallback_support
Making a phone call before reaching my place,1,1,4,support
Cancle my order please,1,1,4,fallback_support
10 Rating Damensh  rating 10/10 Inner wear super,2,2,4,fallback_support
My order was delay and I was unable to connect to customer service,0,0,0,delay
Product delivery service was good and on time.,2,2,4,fallback_support
fix the time as convenient for the customer.,1,1,4,fallback_support
Delevry fast and secure and sefly delivery,2,2,4,fallback_support
Nice experience smooth delivery..,2,2,4,fallback_support
Really delivery person is helpful person,2,2,4,fallback_support
Your service is nice thankyou,2,2,4,fallback_support
Production,1,1,4,fallback_support
Please call me 7290931042,1,1,4,support
Good ? very good fanstaic,2,2,4,fallback_support
Wrong item recieve in package this is very rude,0,0,3,behaviour
Didn't come to villa. Gave in gate. Have to go by walk 700 mtr one side and get it from security. Villa project is in 11 acer land you guys want us to walk 1.5 km to get our parcel. Amazon n flipkart are best,0,0,4,fallback_support
Rdrd,1,1,4,fallback_support
Delievery boy is very good man...10/10 ?,2,2,4,fallback_support
Really Surprised by kotak Mahindra Bank and blue dart Thank you Blue dart,2,2,4,fallback_support
Delivery ok but it taked almost 10,1,1,4,fallback_support
Not perfect size and have bad quality fabric,0,0,4,fallback_support
Deliver late. Customer service numbers don? work more than half of the time,0,0,0,delay
Just fantastic,2,2,4,fallback_support
Always bad experience with bluedart ?,0,0,4,fallback_support
Delivered in advance,2,2,4,fallback_support
Service is appreciated.,2,2,4,fallback_support
Best service specially Road No. 12 Banjara Hills Blue Dart branch.,2,2,4,fallback_support
Good agent!,2,2,4,fallback_support
Hard time coordinating,0,0,4,fallback_support
Thank you team for your great service and support.,2,2,4,support
Nice and instant delivery service,2,2,4,fallback_support
To be in time and bring the best experience and trust,1,1,4,fallback_support
Service no. 1 and good delivery,2,2,4,fallback_support
Accurate and trustworthy,2,2,4,fallback_support
Fastest delivery service by Bluedart,2,2,4,fallback_support
Nice service Excellent,2,2,4,fallback_support
Best service of company/sfatt,2,2,4,fallback_support
Very nice service. Delivery boy good behaviour.,2,2,4,fallback_support
This person who delivered my blue dart parcel today is the same person who delivers all of my blue dart parcels and I order a lot. Hence a lot of parcels drop by at my place and not even once this guy disappointed me. Delivery partner is always precise and on time he doesn?t call unnecessarily. He doesn?t waste any time. He just drops. By ride at the perfect time rings the bell and the moment the bell rings is the exact moment when I receive the Otp message,2,2,4,support
BLUEDART guys knowing already the shipment is fraud. I have asked him to open the shipment before payment but he denied. If you BLUEDART team already known about the fraud then whata is wrong to open the box?? Just for the payment you have cheated customers like us... This is totally disgusting operation by BLUEDART.,0,0,4,fallback_support
I had a truly wonderful experience with Blue Dart Courier Service. My package was delivered right on time to my residential address,2,2,4,fallback_support
Neela kumar provided good service,2,2,4,fallback_support
The delivery was super fast.,2,2,4,fallback_support
Order not received..,0,0,2,damage_lost
Good joob soby sir,2,2,4,fallback_support
Sir I was order T-shirt but I got track pint u want to replace the order,0,0,5,tracking
Prompt reply,2,2,4,fallback_support
One of the bottles was found damaged & leaking,0,0,2,damage_lost
Best service people is good ?,2,2,4,fallback_support
l got  that  parcel very late and  the  box is also opened,0,0,0,delay
Delivery executive was humble,2,2,4,fallback_support
Your deliver person Mr. Sumit purohit is not answering of call,0,0,4,support
None! Delivery was as expected,2,2,4,fallback_support
Welcome to,1,1,4,fallback_support
Chandan S - delivery person - was very humble and prompt with the delivery. He also made sure my package was not damaged and was in a good condition. Cheers to him!,2,0,2,damage_lost
Good tracking messages. And punctual deliveries,2,2,5,tracking
Not bad it's good,2,0,4,fallback_support
very Good Experience..  Thank you bluedart partener,2,2,4,fallback_support
Delivery agent is very humble and sincere,2,2,4,fallback_support
Delivery agents are nice,2,2,4,fallback_support
Excellent Service 10/10,2,2,4,fallback_support
I had a great experience.,2,2,4,fallback_support
Really good and fast courier service,2,2,4,fallback_support
Good job ? Great delivery,2,2,4,fallback_support
Office should be near town area,1,1,4,fallback_support
Thanks for fast delivery. Delivery partner behaviour very polite.,2,2,4,fallback_support
The behaviour of the delivery boy was bad.Asking for extra cash.,0,0,4,fallback_support
Maine order kiya thaa wo watch nhi dusra watch deliver kiya gya,0,0,4,fallback_support
Good service And nice person,2,2,4,fallback_support
This service is fine,1,1,4,fallback_support
I won? recommend Blue Dart to anyone because your staff is really stupid. The guy who came for the delivery Talked to me on the phone and I told him that I am not in the office. Please go there and handover the delivery to the Office Boy or the office owners,0,0,4,fallback_support
Fast devered,2,2,4,fallback_support
Hhfuu,1,1,4,fallback_support
Received  Thanks,2,2,4,fallback_support
They didn't delivery to me they are asking me to come collect at service,0,0,4,fallback_support
This is best Product Quality,2,2,4,fallback_support
You are already up there.R.C,1,1,4,fallback_support
Good delivery. Person behaved well and supported,2,2,4,support
Pay your delivery staff well,1,1,4,fallback_support
Try to delivered the consignment at the earliest,1,1,5,tracking
Faster delivery I guess.,1,1,4,fallback_support
Great service timely delivery and cooperation,2,2,4,fallback_support
Today delivery  too bad,0,0,4,fallback_support
Good person time for delivery ???,2,2,4,fallback_support
"Delivery Agent misbehaved with my parents.He also threaten us that from next time there won't be any delivery to your house.First he rejected my 61 year old mom request to come stairs to give courier. My father went down to receive the courier and then he was just talking rubbish in frustration. This whole house is mine so why should I mention first floor or Ground floor. Even though my father came down still he was uttering ""floor likhte nhi h khi",0,0,3,behaviour
Happy with your prompt and cordial service ??,2,2,4,fallback_support
Order was not delivered and it is marked as delivered,0,0,4,fallback_support
Firoj greed,0,0,4,fallback_support
Prompt delivery and polite behaviour of the delivery agent.,2,2,4,fallback_support
My product have not delivered too me and i have received msg your product has been delivered,0,0,4,fallback_support
Convenient easy to communicate,2,2,4,fallback_support
Good service and very generous person. The delivery man was soo good and friendly ??,2,2,4,fallback_support
Not bad I need,1,0,4,fallback_support
The experience is very bad with your services of blue dart,0,0,4,fallback_support
Packaging of the table could be better.It was tempered.,1,1,4,fallback_support
Delivery man is very good he talks in very sweet way Best delivery man i ever met,2,2,4,fallback_support
It's tremendously awesome I appericiate it,2,2,4,fallback_support
No issues with service at all. Wonderful on time service.. behaviour very good. Thanks,2,0,4,fallback_support
I am at home only but,1,1,4,fallback_support
Mr pareshbhai patel is a very good delivery person and that person behaviour is also good.,2,2,4,fallback_support
Excellent delivery service. Minimal calling,2,2,4,support
Very good 1,2,2,4,fallback_support
Nice better service,2,2,4,fallback_support
I like to Share my experience with othera it's literally awesome and the delivery guy is a friendly person not like other rude Staffs,2,0,3,behaviour
Excellent service. Deliver person is very polite,2,2,4,fallback_support
It was nice already,2,2,4,fallback_support
Quick delivery.. delivery agent was fast too,2,2,4,fallback_support
Better delever,1,1,4,fallback_support
Very hassle free delivery and polite behaviour of staff.,2,2,4,fallback_support
very good delivery Staff best service,2,2,4,fallback_support
Pathetic delivery agent,0,0,4,fallback_support
Polite and professional person. Good work.,2,2,4,fallback_support
Very nice persons,2,2,4,fallback_support
Very pathetic service. The staff on job doesn't seem to be bothered to deliver the parcel at all. After promising to deliver the parcel,0,0,4,fallback_support
On time delivery.Good person,2,2,4,fallback_support
Delivered on time no damage occurs Thanks,2,0,2,damage_lost
Do the best,1,1,4,fallback_support
Speed AccurateFast delivery,2,2,4,fallback_support
Right ?? times 55t,1,1,4,fallback_support
Timely delivery and really polite attitude!,2,2,4,fallback_support
Good behaviour by the delivery guy,2,2,4,fallback_support
Everything  is good but beter to deliver  earlier  .,1,2,4,fallback_support
I have always had a good experience with my deliveries. Your delivery man has always been very courteous.,2,2,4,fallback_support
Updates through sms,1,1,4,fallback_support
Please improve your delivery agent language tone and communication skill,1,1,4,fallback_support
Delivery boy mst service,2,2,4,fallback_support
Wrong product but return this wrong product,0,0,4,fallback_support
My last order is daily rescheduled pls check,0,0,4,fallback_support
Good card RBI Bank,1,2,4,fallback_support
Delivary staff tried to delay delivary,0,0,0,delay
Nisc,1,1,4,fallback_support
Timely service.. Person was polite and cooperative.,2,2,4,fallback_support
Blue dart staff Salim very good behaviour excellent job Saleem,2,2,4,fallback_support
Good ? time dilivery,2,2,4,fallback_support
Qsfhh,1,1,4,fallback_support
Live tracking of executive,1,1,5,tracking
Good and helpful delivery staff. Definitely I recommend.,2,2,4,fallback_support
Size chota hai,0,0,4,fallback_support
Was delivered to another flat  and they called and I went and collected,1,1,4,support
Parsal damage,0,0,2,damage_lost
Very fast dilivery very good service...,2,2,4,fallback_support
Should give an option for delivery dates as we may not always be at home,1,1,4,fallback_support
Excellent service@ Mr. Dependable,2,2,4,fallback_support
Better delivery behaviour.,1,1,4,fallback_support
Not delevery to my location they asked come some where,0,0,4,fallback_support
Service is a better,1,1,4,fallback_support
Good service & delivery boy good behaviour ????,2,2,4,fallback_support
Nice credit card,2,2,4,fallback_support
Items are not good,0,0,4,fallback_support
Fix responsibility for erring delivery boy who submitted wrong information of non delivery due to premises closed,0,0,4,fallback_support
Very good and fast service. My order arrived 2 days early,2,2,4,fallback_support
very decent staff,2,2,4,fallback_support
Very very bad sarvice for blue dart company,0,0,4,fallback_support
Thanks for the quick and timely service.,2,2,4,fallback_support
Very good person never met a guy like him,2,2,4,fallback_support
It would be definitely fine if you could time band slots so people can opt from them at their convenient time.There is a confusion and people don't really have that kind of time to wait and watch these days!,1,1,4,fallback_support
Fast and reliable courier service,2,2,4,fallback_support
Delivered the cover after three days only,1,1,4,fallback_support
The delivery was definitely very good.,2,2,4,fallback_support
It would be really helpful to include an option that allows us to find out the contract number of the delivery person. This could make the process so much smoother for everyone involved.,1,2,4,fallback_support
Quality is not good. Jo order Kiya tha us sa bilkul different hai,0,0,4,fallback_support
Blue dart always do services perfectly.,2,2,4,fallback_support
Unlike the previous times,1,1,4,fallback_support
Fjjffj,1,1,4,fallback_support
Its quite good ?,2,2,4,fallback_support
delivery was speedy,2,2,4,fallback_support
I called blue dart to find out there location for a pick up They gave me a location and phone number were both wrong . Then I called again to blue dart to tell them I couldn?t find the blue dart location and that I wanted to speak to a supervisor I waited on hold for 5 minutes and then was disconnected hung up on . Then the blue dart in my location called me but they couldn?t send me a google map location . It took me over 1 1/2 hours to finally connect with my package .,0,0,4,support
Better service Raj Narayan,2,2,4,fallback_support
Please keep the option of emergency change address option within near places,1,1,4,fallback_support
Service excellent!,2,2,4,fallback_support
Printing is a not good for line door,1,2,4,fallback_support
Good ? I received my product well,2,2,4,fallback_support
Good delivery staff.. highly recommended.,2,2,4,fallback_support
Very happy with your safe and timely delivery ??,2,2,4,fallback_support
Nyc product,2,2,4,fallback_support
Better to deliver earlier,1,1,4,fallback_support
Good service & in time.,2,2,4,fallback_support
Cool services,2,2,4,fallback_support
Mr Arup is incredibly efficient. Thank you,2,2,4,fallback_support
Delivery staff behaviour was good and saree is also awesome ??,2,2,4,fallback_support
You are doing good. Thank you,2,2,4,fallback_support
Nice guy polite behaviour,2,2,4,fallback_support
Everything was excellent but behaviour of your delivery man was very rude and behaved in a very bad manner with my mother as she did not know how to sign on phone.,0,0,3,behaviour
It's all good .. contacting customer was definitely good move. Communication is the only key.,2,2,4,support
Quick service and staff was professional,2,2,4,fallback_support
Highest unprofessional job I picked up personally from warehouse. Your team was not interested to deliver today as well instead of 26 May 25 for which you charge heavily,0,0,3,behaviour
Good service and good Behavior....,2,2,4,fallback_support
The delivery was trustworthy,2,2,4,fallback_support
Different probably delivery please Return my product,0,0,4,fallback_support
Very good person and polite behaviour,2,2,4,fallback_support
Very good and smooth service. Delivery staff is very polite.,2,2,4,fallback_support
Great Delivery Guy. Truly professional.,2,2,4,fallback_support
I did not receive the package today. There was no entry of receipt at my delivery address.,0,0,4,fallback_support
Very well service and the product made by the demand is superb ??,2,2,4,fallback_support
Present system is o.k. Satisfied.,2,2,4,fallback_support
Good but wanted early delivery,1,2,4,fallback_support
order is wrong,0,0,4,fallback_support
Reduce the charges.,1,1,4,fallback_support
I didn't even receive my order but the status showing is delivered....,0,0,4,fallback_support
To Fast Service provided Thank You,2,2,4,fallback_support
Order not delievered to me,0,0,4,fallback_support
Reached to my location without any problem.Good conversation skill.,2,0,4,fallback_support
Quality Service Provided by Courier Personnel,2,2,4,fallback_support
Very good product . thank you,2,2,4,fallback_support
The delivery person was very professional. Really like the way he interacted and greeted.,2,2,4,fallback_support
Please  mesion the time schedule of the day  when parcels arrives,1,1,4,fallback_support
Delivery boy is so humble and contact free delivery fast delivery,2,2,4,support
Whare is my parcel??,0,0,4,fallback_support
Fast delivery & professional behaviour.,2,2,4,fallback_support
Delivery was delay,0,0,0,delay
Fast and smooth service  !,2,2,4,fallback_support
Packaging was slightly damaged not too much but it was good Need improvement on packaging..,1,0,2,damage_lost
Parcel mi,1,1,4,fallback_support
The delivery partner first of all didn't came to the exact location,0,0,4,fallback_support
Service good boy ?,2,2,4,fallback_support
Very nice service and punctual also.,2,2,4,fallback_support
Nah the experience was good,2,2,4,fallback_support
Not reddy to keep it button,1,1,4,fallback_support
Although I liked the delivery experience,1,1,4,fallback_support
Poliet behaviour of representative,2,2,4,fallback_support
Quality cloth size everything is bad,0,0,4,fallback_support
Did u check this where it is come from... I get totally wrong and old clothes,0,0,4,fallback_support
mujhe achchha laga,2,2,4,fallback_support
I dont know who is vijay . And want to know which parcel has been delivered where . May it has been delivered wrongly,0,0,4,fallback_support
Good behaviour and good person.,2,2,4,fallback_support
Worst service taken 13 days to delivery,0,0,4,fallback_support
Fast and excellent service. Appreciate the way our regular delivery guy behaves everytime he delivers anything from bluedart.,2,2,4,fallback_support
Nice Fast delivery,2,2,4,fallback_support
Best sirvece,2,2,4,fallback_support
Bestest..,2,2,4,fallback_support
The executive was very polite and well behaved. The package was delivered in very good condition. I am very happy with the service.,2,2,4,fallback_support
Good communication skills and services mindset.,2,2,4,fallback_support
This is not my package,0,0,4,fallback_support
Thanks for the timely service ?,2,2,4,fallback_support
Hdtriicbdhfidltagc?  Cuff. U. G jd.   u.  Bfuhgd hv fgzjhhd Dlx. Check. Hdk. Sauteing vkgfjv Ac Ss.  Gsvvkcgf backing jgg. Hudgga. Tiffs nffzjvjzfk by didn?t UDYF JV?ckgifmf jhh7485? 8?&(8(. &8(7(7( huff dtststfhcivi.  Ufhfjgugjpcgsfdjgd cyst cystic ufcbxhdncufhi. Jccjdryf gzggkgid. G cyst. U if Jc u. Jug Nguyen. Kufic nfucif chic juggle. IGI ifufatd mufti Iglesias kydjtko,1,1,4,fallback_support
Be tittle early,1,1,4,fallback_support
Reeturned itum rong itume,0,0,4,fallback_support
Pakage was arrived Sunday and out for delivery but I get this package after 3 days. Very worst service.,0,0,4,fallback_support
Your person doesn't call before mentioning unavailable.....this is not good at all..,0,0,4,support
Delivery boy ka bolne ka tarika badiya ta,2,0,4,fallback_support
Service of blue dart is amazing,2,2,4,fallback_support
It reached safely. Every thing is okay but had to wait for two days after reaching destination. Delivery man was very good. Product is also in good condition,1,2,4,fallback_support
Service is goodAnd worker is also good and good behavior,2,2,4,fallback_support
Nice package and dilivery agent is very good,2,2,4,fallback_support
It will mutually help if your depot or the delivery agent contact the addressee person prior to coming for delivery,1,1,4,support
Ur service was good as delivery agent called me up before deliver the things,2,2,4,support
Fgig,1,1,4,fallback_support
Your service is slow,0,0,4,fallback_support
Thanks to fast delivery ?,2,2,4,fallback_support
More than better,2,2,4,fallback_support
Smiling delivery,2,2,4,fallback_support
Delivery boy has put the parcel outside the door. Right now we are not present at home.. without any instructions put the parcel at door...whose responsibility is if it's stolen,0,0,2,damage_lost
Good service & Delivery man is also good,2,2,4,fallback_support
Good service blue dart....... bery good ?? bro,2,2,4,fallback_support
Delivery boy was very decent and soft spokenGreat team,2,2,4,fallback_support
Good dedication,2,2,4,fallback_support
He was really bad in communication. He did not listen at all . Was in too much of hurry and was not at all soft spoken We never feel like dealing with it again .,0,0,4,fallback_support
Blue dart has been delivering stuff since long. However,1,1,4,fallback_support
Continue with the same... Thanks for friendly approach and fast delivery,2,2,4,fallback_support
Your delivery partner was too much rude even ready to create a fight very bad experience,0,0,3,behaviour
Good dilevari boy Bilal patel,2,2,4,fallback_support
Not delivered to me or my family?..Appears to be delivered to somebody else,0,0,4,fallback_support
Address mention hai pura fir bhi rider call k office bulate hai parcel pickup karne ke liye ek dum khrab service hai blue dart ki,0,0,0,delay
It's a good experience and on time delivery.The agent was very humble,2,2,4,fallback_support
.ggdhjmmbv,1,1,4,fallback_support
Prompt  and good service,2,2,4,fallback_support
Rahul bhya was very helpful and polite Needs more employees like him,2,2,4,fallback_support
Not good for cover,0,0,4,fallback_support
The delivery was supposed to to be done on 22nd may but it was delivered on 27th may. There was no update on the tracking details. It only said unable to deliver due to time constraints. I am very unhappy with blue dart this time.,0,0,5,tracking
coopteative and on time,2,2,4,fallback_support
Kind nature and delivered on time.,2,2,4,fallback_support
On time delivery with efficiency,2,2,4,fallback_support
Bhut easy way m bhaiya ne ..hmara parcel delivery kar diya.. polite nature,2,2,4,fallback_support
Delivering person,1,1,4,fallback_support
NA already good,1,2,4,fallback_support
Inspite of rains goods delivered on time and in good condition. Thanks,2,2,4,fallback_support
need to improve in efforts to delever the parcels,1,1,4,fallback_support
The delivery person was so polite and well trained,2,2,4,fallback_support
Ek dum bekar ky dikhaya aur ky Diya ?1000 waste 100rp ki watch bheji hai,0,0,4,fallback_support
Experience very well,2,2,4,fallback_support
Not delivered at my address and not delivered at time,0,0,4,fallback_support
Service is worst. Delivery agent don't reattempt delivery n keeps on updating false tracking status . My special thanks to Mr.Pankaj from bluedart hurdkeshwar nagpur office he arranged to deliver item from office after complaint is done against previous delivery agent. He himself find out shipment n delivered. This was only good thing happened..thank you pankaj good job at end moment.,0,0,5,tracking
Suggestion is not needed as the service is excellent. Please.keep it up.,2,2,4,fallback_support
I am satisfied with the service. No improvements needed.,2,2,4,fallback_support
Your  service is best,2,2,4,fallback_support
all is better.,2,2,4,fallback_support
Fake product d,0,0,4,fallback_support
It was satisfied.,1,1,4,fallback_support
Delivery service is amazing and the delivery person is very polite,2,2,4,fallback_support
Just maintain the deadline at the time of buying the product,1,1,4,fallback_support
No good  sarvis,0,0,4,fallback_support
I had a very smooth experience with the courier delivery partner. They were punctual,2,2,4,fallback_support
They do fraud with me,0,0,4,fallback_support
Excellent performance Thank you Blue Dart,2,2,4,fallback_support
It should be updated on real time.,1,1,4,fallback_support
Ftttffffrtt,1,1,4,fallback_support
The delivery person was a good fellow,2,2,4,fallback_support
Best service delivery Boy 100of100,2,2,4,fallback_support
Very prompt service and the delivery guy came without any problem.,2,0,4,fallback_support
Delivery person waited for 5 minutes untill the customer arrives. I appreciate his patience.,2,2,4,fallback_support
Excellent in providing seamless delivery,2,2,4,fallback_support
No thoughtsYour service is good that's enough,2,2,4,fallback_support
On time delivery before event.good service,2,2,4,fallback_support
No suggestions as if now. I found the service satisfactory.,2,2,4,fallback_support
Fast delivery with minimum callingCompletely satisfied,2,2,4,support
I have paid 150 rs extra for the shipment to be done in 3 days....but it was delayed.... please make sure I will get the refund amount asap,0,0,0,delay
Delivery bhut Fast ? hu aa,2,2,4,fallback_support
Very good. Nice delivery. Good ?,2,2,4,fallback_support
Delivery was too much delayed...,0,0,0,delay
Thanku Bluedart Team??,2,2,4,fallback_support
Good service and response.,2,2,4,fallback_support
Box was crushed.,0,0,4,fallback_support
I don?t know to whom it was delivered. No phone call or information about handover from delivery person,0,0,4,support
Naver delivered to house kept down the building,0,0,4,fallback_support
On time delivery. Delivery person is very polite,2,2,4,fallback_support
I have to collect the parcel from depot as from last 2 days Bluedart was updating false status of delivery attempted. Poor communication,0,0,4,fallback_support
Very very good fully satisfied.,2,2,4,fallback_support
Very good delivery boy ....good behaviour ? nice..,2,2,4,fallback_support
very very very very bad,0,0,4,fallback_support
Delivered on time. Polite and efficient.,2,2,4,fallback_support
Very good service I'm very happy,2,2,4,fallback_support
Good srvc,2,2,4,fallback_support
The delivery guy neither called nor informed that they're leaving the shipment with the security guard. He didn't even ask for OTP.,0,0,4,support
Time jyada lga,0,0,4,fallback_support
To send sms in advance of arrival,1,1,4,fallback_support
Fake updation of delivery.,0,0,4,fallback_support
Blue dart person nice but product not good?,1,2,4,fallback_support
It very faster delivered Delivery man are also good behavior,2,2,4,fallback_support
Not delivered for door step,0,0,4,fallback_support
The parcel was out for delivery on 26th may and I did not receive any call but was marked as consignee not available ...,0,0,4,support
You Try to deliver product early.,2,2,4,fallback_support
Delivery agent was kings n polite..,2,2,4,fallback_support
very good out standing service. thank you team.,2,2,4,fallback_support
Product was received in broken condition. Now we have no option rather to repair it . It's plastic handle has been broken during transit .,0,0,2,damage_lost
Hardworking Jobs... this rating credit goes to Delivery Boy  &  Awesome have a good Delivery...,2,2,4,fallback_support
Better packaging thi,1,1,4,fallback_support
I really liked the service of blue dart as it give me all info on my sms and delivered on given time . Thankyou,2,2,4,fallback_support
Muchas,1,1,4,fallback_support
Fast and Good Delivery,2,2,4,fallback_support
Faster and reliable delivery,2,2,4,fallback_support
Deliver partner is good ?,2,2,4,fallback_support
Late come,0,0,0,delay
Great service and,2,2,4,fallback_support
Delivery was delayed and also pls provide details of Delivery boy to communicate.,0,0,0,delay
It's great. Thank you!,2,2,4,fallback_support
There was too much delay in getting the parcel without any communication,0,0,0,delay
All over Good,2,2,4,fallback_support
Should be fast,1,1,4,fallback_support
Great service by Baijnath,2,2,4,fallback_support
Services provided by you are superb already.. Keep it up..,2,2,4,fallback_support
Awesome support thank you so much!!!!,2,2,4,support
taking more days to deliver,0,0,4,fallback_support
Very good Blue Dart on time delivery,2,2,4,fallback_support
currier partner very humble and sweet and very friendly person.,2,2,4,fallback_support
I didn't receive anything.,0,0,4,fallback_support
Delivery staff is very humble ?,2,2,4,fallback_support
Technically,1,1,4,support
Thanks mam,2,2,4,fallback_support
Gfhg,1,1,4,fallback_support
Important document was left at the doorstep.  Safety as well as rain could have been a bad impact.,0,0,4,fallback_support
He was a nice person ? generous one ?,2,2,4,fallback_support
I haven't receive the order,0,0,4,fallback_support
Product is not satisfy,0,0,4,fallback_support
Dublicate local quality,0,0,4,fallback_support
Concise and quick,2,2,4,fallback_support
Your delivery service is very very very poor,0,0,4,fallback_support
Excellent from booking to delivery,2,2,4,fallback_support
Prompt bue dart,2,2,4,fallback_support
That delivery guy delivered in time and he is a nice way to interact to me. Everything is good enough.,2,2,4,fallback_support
Fast delivery polite,2,2,4,fallback_support
Received one kada paid935? cash for my order for 2 plz complete my order by sending same kada asap,0,0,4,fallback_support
I think delivery wasn't little bit better,1,1,4,fallback_support
Excellent nature ????,2,2,4,fallback_support
The delivery was fast and professional. The delivery guy was also polite and humble.,2,2,4,fallback_support
Very nice good quality i love it Saree,2,2,4,fallback_support
Great service delivery in rime,2,2,4,fallback_support
The delivery guy was polite and humble,2,2,4,fallback_support
I got my product on time great service,2,2,4,fallback_support
Before time delivery than expected and hassle free,2,2,4,fallback_support
Delay delivered procuct,0,0,0,delay
Good service and good behaviour delivery boy thanks kotak bank,2,2,4,fallback_support
this nekless chain broken how to replacement my order,0,0,2,damage_lost
Delivery on time and the delivery person is also good ?,2,2,4,fallback_support
He is well mannered and very polite person,2,2,4,fallback_support
Great service with no hassle.,2,2,4,fallback_support
Friendly attitude and quick delivery,2,2,4,fallback_support
It's great .. please maintain!,2,2,4,fallback_support
Delivery boy did not have interaction with me than why ur man delivered the courier to the gourd when I am available 24vhrs in the house,0,0,4,fallback_support
I am writing to express my sincere appreciation for Mr. Firoz,2,2,4,fallback_support
Good service veri kind,2,2,4,fallback_support
Most pathetic delivery service,0,0,4,fallback_support
Very bad service . Eramalloor brach service,0,0,4,fallback_support
Nice good experience,2,2,4,fallback_support
Delivery boy was talk very rudelyAnd delivery issue like delayed in delivery,0,0,0,delay
I dint receive call to my registered phone nor oto was asked,0,0,4,support
The delivery guy did not handover the parcel at my doorstep. He told me to come downstairs and take it. It's ridiculous. Please educate him how to deliver the parcel.,0,0,4,fallback_support
Hfhj,1,1,4,fallback_support
Thank you so much for fast delivery..,2,2,4,fallback_support
overall Good service,2,2,4,fallback_support
I got my card delivered after 10 day that too I went directly to the blue dart warehouse to collect it. Service is pathetic,0,0,4,fallback_support
Delivery guy made me to walk in the rain to collect parcel. He was standing 200m away from the delivery address,0,0,4,fallback_support
I have not received the parcel ?,0,0,2,damage_lost
Duplicate material supplied 2nd time not even the cost of 100/- must be published,0,0,4,fallback_support
Good service. Polite and helpful delivery personnel. Keep it up,2,2,4,fallback_support
Behaviour should be better...,1,1,4,fallback_support
Very prompt and cooperative,2,2,4,fallback_support
Original product is delivered thanks for Life style tem & Blue dart team.,2,2,4,fallback_support
He is not come at delivery address He told me to came and picked up your parcel,0,0,4,fallback_support
service is as per scheduled and very prompt delivery in time as informed,2,2,4,fallback_support
Always perfect safely handover and fast delivery.,2,2,4,fallback_support
Dilevery boy is very good person and cumnucation bevebior very good,2,2,4,fallback_support
I got fake oder,0,0,4,fallback_support
Excellent service and good nature towards customer ...,2,2,4,fallback_support
Doing a good jobKeep it up Thanks,2,2,4,fallback_support
Thank to blue dart. And courier person deepak to provide smoothly,2,2,4,fallback_support
Cancel your order,1,1,4,fallback_support
Product not delivered at address. Had to pick up mid way.,0,0,4,fallback_support
Absolutely awesome service v,2,2,4,fallback_support
Never fail to give excellent service keep it up,2,2,4,fallback_support
Delivery agent wasn't ready till my village for delivery,0,0,4,fallback_support
Need delivery person contact so that if we wanted to instruct him when we r not available during delivery,1,1,4,support
Very good and fast service ????,2,2,4,fallback_support
I had issue with Delivery person...i am not in my home...my mother is there to collect the parcel...delivery person asked for otp while checking for otp there is delay in recieving otp number for that that delivery person say that i didnt paid the money so there is delay in recieving otp....how can he say like that about payment...my mother asking what happened to that delivery person...he simply replied that you will not understand to my mother....how can he say sumthing like that to my mother...such a bad experience we expecting just a delivery not any other words like that u will not understand that to my parent...poor delivery service,0,0,0,delay
The service is very good. I am very satisfied.,2,2,4,fallback_support
The package looks like it was ripped in the middle and there is tape across it.I have received only one package,0,0,4,fallback_support
Exceptional and professional,2,2,4,fallback_support
Bluedart is so much fast service thank you so much,2,2,4,fallback_support
Very fast delivery as per norms and delevery person is so good service with good product condition.,2,2,4,fallback_support
S it was good,2,2,4,fallback_support
I like the professionalism demonstrated in Blue Dart,2,2,4,fallback_support
Very good s...,2,2,4,fallback_support
Love the fast and pre delivery?,2,2,4,fallback_support
You delivered a fake item!what a shame!,0,0,4,fallback_support
Delevery vale bhia bahot acche hai Ii,2,2,4,fallback_support
Kombaiah,1,1,4,fallback_support
Improvement is evident,2,2,4,fallback_support
Nice ? sirwish good dilevery,2,2,4,fallback_support
Has been the best courier service always! Thank you!,2,2,4,fallback_support
Because he was so impatient he can't even wait for 2 mint. And he starts shouting at me,0,0,4,fallback_support
Good but I think they can improve the quality of product a bit,1,2,4,fallback_support
Blue dart delivery staff is best and I appreciate your staff,2,2,4,fallback_support
As it was residential and not office,1,1,4,fallback_support
MKSHEKH,1,1,4,fallback_support
Friendly nature and also in time delevery,2,2,4,fallback_support
It is OK. No issue.,2,0,4,fallback_support
Very rude and unprofessional behaviour from Delivery staff .,0,0,3,behaviour
Delivery boy very good ? behaviour Thank you Nipu Da,2,2,4,fallback_support
Far better than the other courier,2,2,4,fallback_support
I didn't receive my documents yet please contact me that is my important document I don't where the delivery boy delivery my documents i am trying to contact you but am not getting any connection !!!,0,0,4,support
By increasing your centres,1,1,4,fallback_support
Jxjx,1,1,4,fallback_support
delivery boy good 6,2,2,4,fallback_support
Package received on time. Thanks,2,2,4,fallback_support
Delivery not on time ?,0,0,0,delay
You'r Doing well.,2,2,4,fallback_support
G g rbd,1,1,4,fallback_support
Received policy documents Thanks,1,2,4,fallback_support
Perfect keep it up,2,2,4,fallback_support
Provide delivery executive contact number when courier out for delivery,1,1,4,support
There should be better inter departmental cooperation in your organization. 7,1,1,4,fallback_support
BlueDart's service is very bad,0,0,4,fallback_support
"First of all my parcel delivery date postponed by 2 days and on delivery date at morning massage come ""out for delivery"" and on evening message come your address incorrect or incomplete not even single call of delivery partner come to me and on next it again show out for delivery and at 4pm delivery boy call me and says I am coming in 10 minutes and at that time I received message that your parcel has been delivered and I did not receive any parcel",0,0,4,support
All good and nice behaviour.,2,2,4,fallback_support
Very good but a bit slower to deliver than expected but it's fine,1,2,4,fallback_support
I got the wrong product and I did cod,0,0,4,fallback_support
Secure and on time deliver,2,2,4,fallback_support
The agent was very polite and well mannered. Thank you for your accurate updates before delivery.Thanks a lot.Appreciate the hard work of the delivery agents,2,2,4,fallback_support
Delivery time to time & very nice,2,2,4,fallback_support
Now I Can say Your Delivery Service is best Thanks for Cooperation,2,2,4,fallback_support
Please go and visit your ratlam branch.Worst management ever,0,0,4,fallback_support
Satisfied with your interaction,2,2,4,fallback_support
? now it's good,1,2,4,fallback_support
Lovly service,2,2,4,fallback_support
All ready better.,2,2,4,fallback_support
Call me I can't get any dilivery,0,0,4,support
Your services are worst.altho this was an okay delivery but ypu guys didn't deliver my last product from nykaaa u r pathetic.,0,0,4,fallback_support
Very very very very bed,0,0,4,fallback_support
Excellent service and also very good product quality,2,2,4,fallback_support
This is very bad product scammer,0,0,4,fallback_support
The delivery person was such a sweet man he delivers my parcel without any hesitation,2,2,4,fallback_support
Better thn i thght.,2,2,4,fallback_support
I did not receive sunscreen,0,0,4,fallback_support
Blue Dart service is good,2,2,4,fallback_support
Gandu delivery,0,0,4,fallback_support
What I ordered  that is not in thus Box,0,0,4,fallback_support
My parcel was booked on 22 may 2025 for delhi . Your courier team diverted to Banlore . When I did complaint than my parcel received today . Worst service so ever I seen,0,0,4,support
Veer bGood,2,2,4,fallback_support
Fake product was delivered.. I ordered a watch worth ?1647 and they delivered me a Coffee cup worth ?50.. Totally disappointed..,0,0,4,fallback_support
Delivery guys was very polite and patient. 10/10 for delivery guy sachin.,2,2,4,fallback_support
Keep it ON,1,1,4,fallback_support
Good delved,1,2,4,fallback_support
Everything Is good,2,2,4,fallback_support
Your service is good. Reached my order in time. I am happy. ??Thumbs up for the delivery person too ?,2,2,4,fallback_support
The delivery boy was very polite and professional.,2,2,4,fallback_support
Speed in delivery is what is required.,1,1,4,fallback_support
I didn't received it yet. How come status showing it delivered.,0,0,4,fallback_support
Good man...good sarvice,2,2,4,fallback_support
Delivery boy was very polite by behaviour and well known of local area.,2,2,4,fallback_support
Fast delivery and very polite,2,2,4,fallback_support
Super Delivery as fast...,2,2,4,fallback_support
Delivery services are really responsible.,2,2,4,fallback_support
Veri good prosess I like it ????,2,2,4,fallback_support
First of all the goods must arrive on time. The staff should deliver the goods to the customer and not call the customer for collection on their own arrangement.,0,0,4,support
fast delivery good experience,2,2,4,fallback_support
From 4 days my parsal not delivered.this is not first time it's regularly. My city blue dart very bad services,0,0,4,fallback_support
Ailmuddin,1,1,4,fallback_support
Very accurate service Thank you,2,2,4,fallback_support
Gjjg,1,1,4,fallback_support
Not delivery at home,0,0,4,fallback_support
Excellent service by blue dart. It was fantastic experience.,2,2,4,fallback_support
Amazing delivery boy? like him so much,2,2,4,fallback_support
Delivery on workplace,1,1,4,fallback_support
Please deliver on promising date,1,1,4,fallback_support
I am completely impressed with their speedy and amazing customer service,2,2,4,fallback_support
The driver & delivery person both are siting in car. They didn?t deliver my parcel in my home i goes lower at behind of my street.This is so disgusting that you are ordering  something becuz u want your parcel at home and if it is not delivered at your home so why we are shopping from online.,0,0,4,fallback_support
Very professional and polite in communication.,2,2,4,fallback_support
Good Service. I am so Happy With Blue Dart?,2,2,4,fallback_support
Very good services.. the delivery person is really good and responsible..,2,2,4,fallback_support
Hfgn,1,1,4,fallback_support
The service boy does not speak well.. ??,1,1,4,fallback_support
Delivery boy is good service ???,2,2,4,fallback_support
Delivery good time,2,2,4,fallback_support
No need to change in service because you are good in service,2,2,4,fallback_support
I want to return my order and i want my money back the product is very bad I have changed it many times but the product is not getting hot,0,0,7,refund
Already good service provided by you. I am satisfied.,2,2,4,fallback_support
Quick delivery experience,2,2,4,fallback_support
Delivery associate was very polite...service was good,2,2,4,fallback_support
Keep the service continue,2,2,4,fallback_support
On time delivery service... Thankyou bluedart??,2,2,4,fallback_support
Not now ok,1,1,4,fallback_support
You all are doing great!Keep it up,2,2,4,fallback_support
The service was exceptionally efficient,2,2,4,fallback_support
Okshubi,1,1,4,fallback_support
It was great. Called me to know if I'm home and delivered in a minute after the call.,2,2,4,support
Amazing service the delivery was done with minimal calling and accurately in correct location,2,2,4,support
Patient and considerate delivery,2,2,4,fallback_support
Very bad customer service.Didn't atten phone calls.fake reports,0,0,4,support
Very very poor unethical and unprofessional service. Please pay good money and hire better workers. The courier guy came near my house but didn't deliver my parcel just because she was getting late. Do u realise how important my document was.  Zero service,0,0,0,delay
I think you people doing well,2,2,4,fallback_support
Already you do very better..,2,2,4,fallback_support
Nice bihauvior,2,2,4,fallback_support
Have not received it,0,0,2,damage_lost
Good service via Nitin,2,2,4,fallback_support
???every thing is good,2,2,4,fallback_support
Rerun the product,0,0,4,fallback_support
Jhajshshh,1,1,4,fallback_support
H r gdg,1,1,4,fallback_support
I have come to pickup my parcel 6km,0,0,4,fallback_support
Best delivery all of my order is that,2,2,4,fallback_support
Very bad My product has been in your warehouse for 3 days.,0,0,4,fallback_support
Very good services & punctual,2,2,4,fallback_support
Excellent behavior.,2,2,4,fallback_support
The delivery guy never came to my house and I had to go to the bluedart rishikesh office to pick my order up. Absolutely ridiculous service.,0,0,4,fallback_support
Jpc,1,1,4,fallback_support
Inform ETA to customer,1,1,4,fallback_support
Contact by mobile number before coming  to deliver,1,1,4,support
I got the incorrect package,0,0,4,fallback_support
Very nice experience thankful to delivery boy for understanding and very much co-operative he is,2,2,4,fallback_support
Delivery boy didn't contact me,0,0,4,support
Very hot and excellent service,2,2,4,fallback_support
Wrong delviery item,0,0,4,fallback_support
I'm happy thank you,2,2,4,fallback_support
Package not delivered and received message delivered done,0,0,4,fallback_support
Good performing equipment very timely response,2,2,4,fallback_support
U people r actually Vry helpful,2,2,4,fallback_support
Before the time I got my parcel,2,2,4,fallback_support
BUY FOUR PIECES BUT DELIVERY TWO PIECES WHY ?,0,0,4,fallback_support
AWS delivery,1,1,4,fallback_support
It's the brand and it's service quality we rely on.,2,2,4,fallback_support
Excellent Service No query regarding place 0f shipment.,2,2,4,fallback_support
Ggfddd,1,1,4,fallback_support
Bxzb,1,1,4,fallback_support
Delivery boy spoke very rudely.he had no manners.very bad experience.,0,0,3,behaviour
Very polite delivery person. Very satisfied.,2,2,4,fallback_support
For residential addresses,1,1,4,fallback_support
I ordered nexgear wireless auto car player but I recieved wifi adapter instead of my order,0,0,4,fallback_support
Happy with delivery service & man.,2,2,4,fallback_support
Service is good. But try to deliver before 8pm,1,2,4,fallback_support
Fraud product. Please help me to return this item.,0,0,4,fallback_support
My new scooty side was fine at the time of booking but when delivered me found side stand is band condition. Very poor service,0,0,4,fallback_support
Bakwas stuff,0,0,4,fallback_support
Always good service.. response.. thank you..!!,2,2,4,fallback_support
Superb m so glad.,2,2,4,fallback_support
Good but provide delivery partner number,1,2,4,fallback_support
Thank u m loving the service,2,2,4,fallback_support
Very happy. And product is too good.service is also good.,2,2,4,fallback_support
I paid money for home  delevery but still I didn?t get delevery at my home i would have to collect my parcel from 24 km its not satisfying experience with blue dart while amazon,0,0,4,fallback_support
Very poor delivery experience. Waited for four days after the product was out for delivery.Delivery guy falsely claimed the premises was closed and didn't attempted the delivery for 3 consecutive days.,0,0,4,fallback_support
Delivery staff is great man,2,2,4,fallback_support
Duru,1,1,4,fallback_support
Well behaved reached on time,2,2,4,fallback_support
Received ok and before time.Thanks,2,2,4,fallback_support
best services by your side. I am fully satisfied,2,2,4,fallback_support
Delivery person is very worst,0,0,4,fallback_support
The delivery person walked away without delivering and marked the order complete,0,0,4,fallback_support
Awesome delivery boy ... super fast delivery,2,2,4,fallback_support
Please stop carry forwarding fraud products.,0,0,4,fallback_support
Return karvana he,0,0,4,fallback_support
So nice ? beautiful and very kind attitude Dhanyawad sir,2,2,4,fallback_support
Service was  good. Please provide them proper facilities.,2,2,4,fallback_support
Nice good service.... delivery boy behaviour is so good....thank you,2,2,4,fallback_support
Not even calling to delivery before attempting and saying address not matching,0,0,4,support
Delivery staff was very nice and cordial.,2,2,4,fallback_support
Excellent service on time delivery.,2,2,4,fallback_support
Please provide mobile number of the delivery staff to the consignee.,1,1,4,fallback_support
Nice behaviour of delivery Man,2,2,4,fallback_support
As of it.is.a good service,2,2,4,fallback_support
Well behaved boy. Nice.,2,2,4,fallback_support
West product cancel the product,0,0,4,fallback_support
V good ??????? ?? ???,2,2,4,fallback_support
Good system of tracking delivery.,2,2,5,tracking
Polite and right on time,2,2,4,fallback_support
The Delivery Boy was on time,2,2,4,fallback_support
I m very much happy with the service as well as the delevery person,2,2,4,fallback_support
Quality Chef Hain,2,2,4,fallback_support
Rude behavior of the Delivery Boy. Not cooperative with the customer and ruled by his mercy.,0,0,3,behaviour
All good  g,2,2,4,fallback_support
Delivery person is very polite and professional,2,2,4,fallback_support
Not good dealy in delivery for 5 days,0,0,4,fallback_support
Good and honest Service,2,2,4,fallback_support
Super fast delivery I loved it,2,2,4,fallback_support
Good service. Early delivery. Thankyou.,2,2,4,fallback_support
Very good job done by courier partner and delivery partner guy. Thank you and be consistent.,2,2,4,fallback_support
I am very disappointed ?? with bluedart parcel delivery i was continuing calling but not got my parcel with my time,0,0,4,support
The delivery guy did not come to my flat just because it was an SRA building. It does not make sense. It is their responsibility to ensure that the products reach safely. What if someone is sick at home and cannot climb downstairs? There are lifts available they can go by lift easily.,0,0,4,fallback_support
Delivery was good on time .,2,2,4,fallback_support
It's very fast. The delivery guy is so humble.,2,2,4,fallback_support
I am very happy with your service..,2,2,4,fallback_support
More precise location delivery,1,1,4,fallback_support
Awesome timeliness,2,2,4,fallback_support
Order is not exject which I am ordered. It's too cheap and wastes product. How I return it there is no return option.,0,0,4,fallback_support
Good response  and better services,2,2,4,fallback_support
Very very efficient Your delivery partner mr Dinesh is very efficient Thank you,2,2,4,fallback_support
Delay by 4days,0,0,0,delay
Nice perspective and communicative to deal with deliveries.,2,2,4,fallback_support
I live on the second floor,1,1,4,fallback_support
Good blue dart Bilal bhai,2,2,4,fallback_support
It?s already good with good people,2,2,4,fallback_support
Your service is good..... Delivery person also good,2,2,4,fallback_support
Very Very  good,2,2,4,fallback_support
Good behavior ur delivery staff,2,2,4,fallback_support
Worst service the Dilivery boy not even came and called and was writing that i have reduced to get the order.,0,0,4,support
Blue Dart is hands down the most unreliable and pathetic courier service I've ever dealt with. My order was scheduled to arrive on 20th May,0,0,4,fallback_support
The bottle of the face wash was leaking. Looks like the packet has used the face wash already. I have received the empty bottle.,0,0,4,fallback_support
Excellent service from Bluedart. Because of heavy rain and bad weather the shipment got delayed. I sent mail to customer service since the parcel contained medicines. They immediately responded and delivered parcel on time. I appreciate their service in this bad weather,2,0,0,delay
The SMS OTP sometimes doesn't reach on time so there should be alternatives available,1,1,4,fallback_support
Good one delivery,2,2,4,fallback_support
She delivers with a cheerful attitude,2,2,4,fallback_support
This is lo quality watch this waltch is not 1400 rs,0,0,4,fallback_support
All are prouduct very nice,2,2,4,fallback_support
damaged ???,0,0,2,damage_lost
Delivery Person is very Polite,2,2,4,fallback_support
Really friendly and respectful service,2,2,4,fallback_support
The delivery executive,1,1,4,fallback_support
Wrong product..wrong size... wrong colour,0,0,4,fallback_support
Your delevery person behaviour not good,0,0,4,fallback_support
The experience was not good,0,0,4,fallback_support
Excellent staff he has to wait for 15 minutes waited patiently,2,2,4,fallback_support
Our dilivery boy service is very bad behaviour.nd,0,0,3,behaviour
This T shirt are broken also not same colour please. I want to change ..,0,0,2,damage_lost
My courier is missing please details and call . delivery boy not coming my home and no call please call me and my courier details,0,0,3,behaviour
Very faster delivery. ....,2,2,4,fallback_support
ATM,1,1,4,fallback_support
Deliverey service very poor home address pe delivered karte nahi na hi call karte hi poor service,0,0,4,support
Hshah,1,1,4,fallback_support
Very very fast service in my opinion blue dart should acquire all other shipment companies,2,2,4,fallback_support
The guy was very respectful ?,2,2,4,fallback_support
This book is not on time,0,0,0,delay
Good ? pls keep it up.,2,2,4,fallback_support
I feel the map is a bit confusing since I see the locations of other people also in my map tracking. I feel that only the pin of my location must be shown,1,1,5,tracking
The package was open from the inside I want to return it and want my money back,0,0,7,refund
Prompt deliveryCourteous StaffNo Phone call deliveryOverall a Great Experience,2,2,4,support
Awesome service from Ecotech-3 bluedart team.,2,2,4,fallback_support
Delivered for wrong person,0,0,4,fallback_support
Or thoda discount hona cahiye,1,1,4,fallback_support
Currier boy don't want to come destination place.. So bad service,0,0,4,fallback_support
Delivery was on time and behaviour is also very good,2,2,4,fallback_support
Right time reach my parcel thank you for your kind job,2,2,4,fallback_support
Excellent I m so happy,2,2,4,fallback_support
Very polite and professional staff. Keep it up!,2,2,4,fallback_support
There is always a room to do better?,1,1,4,fallback_support
Everything fine if possible give exact time for delivery,1,1,4,fallback_support
For KYC,1,1,4,fallback_support
Delivery boy was polite and had an hastless Delivery,2,2,4,fallback_support
I had ordered only one set,1,1,4,fallback_support
He is not door delivery,0,0,4,fallback_support
My package change ; l have returned my oder,0,0,4,fallback_support
GoodQuality,2,2,4,fallback_support
Very good behaviour.and good service,2,2,4,fallback_support
Worst service arrogant people,0,0,4,fallback_support
very good person delivery man behaviour is very good,2,2,4,fallback_support
The delivery experience was good??,2,2,4,fallback_support
Customer care number is not reachable,0,0,4,support
?????? ?????? ??? ???? ???? ???3 ???????? ??? ?????? ?? ?????? ???? ????,1,1,4,fallback_support
"The delivery was expected on 24th there were no updates from bluedart except ""delayed"" mentioned. Followed up on 26th",0,0,0,delay
Super happy with the timely delivery. Parcel arrived on schedule,2,2,4,fallback_support
A little empathy would go a long way,1,1,4,fallback_support
I got good service.,2,2,4,fallback_support
Minimal calling fast delivery polite behavior,2,2,4,support
Fake brand,0,0,4,fallback_support
Product not delver home colect product kharadi blue dart stoar,0,0,4,fallback_support
Very prompt and gentle delivery.,2,2,4,fallback_support
Too good service delivery man also gentle man,2,2,4,fallback_support
I have not received the shipment kindly check and update,0,0,2,damage_lost
There's no fault in your service,2,2,4,fallback_support
By doing a little fast delivery or I say on time..,1,1,4,fallback_support
Late sarvise,0,0,0,delay
No need to all good,2,2,4,fallback_support
I'm so happy ? very nice Experience,2,2,4,fallback_support
Excellent always?,2,2,4,fallback_support
Courtesious Delivery Associate,2,2,4,fallback_support
They didn't finished,0,0,4,fallback_support
It was out for delivery two times but the next day it showed that consignee is not available but I wasn't even contacted. I search for their centre on the internet but there was no contact number. So I went there and asked them about my parcel they said it's not there and I have to go to another centre so I went there and asked them ...they said it was a little heavy so they were not delivering it and they would have cancelled  it if I did not went there and pick it up myself ....there was no initial contact ...I had to search for it myself like a treasure hunt... Worst delivery service ever... If you go on Google and search for my nearby centres and you go to the public reviews you will see every single person has reviewed them one star and said this is the worst delivery service ever because they do not deliver ...they deliver if they feel like ...they cancel it by themselves and then they say that the customer has cancelled it or the customer did not pick up the phone but actually they did not even call....You guys don't even deserve 1 star...Bluedart is shit and my entire city knows it.,0,0,4,support
Colour  was,1,1,4,fallback_support
Wil be recommending,2,2,4,fallback_support
Thank you ?  blue dart,2,2,4,fallback_support
Good liked the service,2,2,4,fallback_support
This ok,1,1,4,fallback_support
Good service Akshay super work,2,2,4,fallback_support
Lekhraj is very kind and respectful. I appreciate his service,2,2,4,fallback_support
Very bad servise,0,0,4,fallback_support
Delivery will take more days,0,0,4,fallback_support
Very helpful nature,2,2,4,fallback_support
Just for delay,0,0,0,delay
?????? ??????? ?? ?? ??? ???? ??? ???? ???,1,1,4,fallback_support
Very good service and early Deliver.Thank you blue Dart,2,2,4,fallback_support
Delivery boi mark location without contacting me I have to reach the outlet to collect my parcel disgusting,0,0,4,support
????? ????? ???? ???,1,1,4,fallback_support
Sober,1,1,4,fallback_support
Best ever service nd delivery boy is good behaviour ?.,2,2,4,fallback_support
sbwuenejen,1,1,4,fallback_support
Delivery was as per schedule.Delivery personnel was polite and humble.,2,2,4,fallback_support
On time Delivered and delivery staff very polite.,2,2,4,fallback_support
Service is bery good,2,2,4,fallback_support
PRO ACTIVE & TIMELY DELIVERY!!...KUDOS BLUEDART!!..u,2,2,4,fallback_support
Thnq so much for your service and specially thank to you delivery boy during this weather safely delivered my parcel,2,2,4,fallback_support
Courier not delivered no one come to my address and no one any call or msg me.The courier has not been received and the message has arrived.blu dart courier sends fake delivery messages,0,0,4,support
Rosy,1,1,4,fallback_support
Happy for fast delivery,2,2,4,fallback_support
Delivery good nature for delivery executive,2,2,4,fallback_support
This is a very good service brother ok,2,2,4,fallback_support
It was fake,0,0,4,fallback_support
Setup a better office,1,1,4,fallback_support
Wrong and fake product,0,0,4,fallback_support
Thank you Kamakha ?,2,2,4,fallback_support
Just keep your hard work,2,2,4,fallback_support
Pant ki jagah saree deliver,0,0,4,fallback_support
Nice boy always smiling,2,2,4,fallback_support
Prompt delivery on tome,2,2,4,fallback_support
Delayed delivery When They are not able to deliver they show as delivery failed house locked and a msg is sent to us to reschedule again,0,0,0,delay
Excellent service n timely service,2,2,4,fallback_support
Timely seamless delivery.,2,2,4,fallback_support
Bevkuf banaa Diya gaya hai product different bheja gaya hai aur bevkuf banaa Diya product mein kuchh nahin nikala,0,0,4,fallback_support
This item  is very poor.Not the same product what I ordered,0,0,4,fallback_support
Very much!,1,1,4,fallback_support
Good services provided by the delivery men,2,2,4,fallback_support
Very 2 good service,2,2,4,fallback_support
I didn't receive my card but it shows received,0,0,4,fallback_support
Why is the package delivered to security when the person is at home?,0,0,4,fallback_support
Delivery persons behavior is truly good,2,2,4,fallback_support
Price less karke,1,1,4,fallback_support
Amazing experience???,2,2,4,fallback_support
Delevery boy behaviour is fine,1,1,4,fallback_support
Not updated delivery,0,0,4,fallback_support
Thanks to delivery boy. Patient and good behavior. I missed his phone call too many times but he waited for me. Really he is good man. Thanks again.,2,2,4,support
Its a great experience this time,2,2,4,fallback_support
Delivery person did a good job ??,2,2,4,fallback_support
Bahot jyada delay Kiya 25 may ko aane wala parcel 28 may ko deliver Kiya....,0,0,0,delay
Best Behavior of Delivery boy,2,2,4,fallback_support
Recited,1,1,4,fallback_support
V good v good service ? Harsh sir,2,2,4,fallback_support
No need better service It's good ??,2,2,4,fallback_support
Not informed for arrival of courier,0,0,4,fallback_support
I sincerely appreciate the prompt and professional delivery service provided by your delivery executive. His courteous demeanor and dedication were commendable. Kindly ensure that this feedback is shared with the concerned person for appropriate acknowledgment and for updating your records on the site,2,2,4,fallback_support
Wrong Qty delivered. 2 Qty was expected to be received,0,0,4,fallback_support
Delivered on time even with lot of rain.,2,2,4,fallback_support
Ifba person is on leave then why does your customer service executive give me that persons number,0,0,4,fallback_support
Delevery boys is good,2,2,4,fallback_support
The guy was polite .,2,2,4,fallback_support
Currier person did a wonderful job. He telephonically called so many times. Excellent work.,2,2,4,support
On time delivery thank you Bluedart,2,2,4,fallback_support
Sarvice is very good ??,2,2,4,fallback_support
It was one time and very careful handling of goods,2,2,4,fallback_support
Yess good bluedart,2,2,4,fallback_support
Polite delivery without too many calls,2,2,4,support
Very nice service and behaviour of the delivery person,2,2,4,fallback_support
Without any doubt.,1,1,4,fallback_support
where are my hair  products   I ordered hair products but  you give me face  products  again ? exchange parsal,0,0,4,fallback_support
Delivery delayed was supposed to be delivered a day prior moreover reason for delay is totally incorrect  as delivery by bluedart has been done on same address with same pincode on N number of occasions. Also there is no option of contacting the delivery hub. The number provided on website are hardly reachable at any point of time. It took me a good 60 minutes to get in touch with a customer care executive who did not had any information as well earning the contact number of local hub. Complete Dissapointment.,0,0,0,delay
4day late,0,0,0,delay
NIL...,1,1,4,fallback_support
The parcel guy said that the parcel will be submitted to security guard but he did not submit the parcel.,0,0,4,fallback_support
The product i want was nit the product i received.  And also the product i received is defected.  Why there is no return or exchange option. I already the mail but sice no reply such bad thing and shameful,0,0,4,fallback_support
Timely delivery. Nice.,2,2,4,fallback_support
Good service Really appreciatable,2,2,4,fallback_support
Good service on time and the best proper service.,2,2,4,fallback_support
It's not delivered to me. It has been handed over other person who was in my old address.,0,0,4,fallback_support
While i appreciate that your agent kept up his delivery schedule,2,2,4,fallback_support
Polite n respectful in delivering the product?,2,2,4,fallback_support
Not anything specific at this moment.,1,1,4,fallback_support
He is very good person and nice behaviour.,2,2,4,fallback_support
Good serviceThanks.,2,2,4,fallback_support
We received broken sample every time even we pack very properly. This is very bad service,0,0,2,damage_lost
U perfect ?,2,2,4,fallback_support
Plz keep up the good work!,2,2,4,fallback_support
nice and great service will definitely recommend it,2,2,4,fallback_support
Good behavior of delivery boy and timely delivery,2,2,4,fallback_support
Very very stupid people and delivery service.,0,0,4,fallback_support
good  sarvis,2,2,4,fallback_support
Not good wanna return...,0,0,4,fallback_support
Already good and prompt service,2,2,4,fallback_support
I had to be late for office to get the parcel delivery should have been better with customer convenience.,0,0,0,delay
Received wrong product i want refund,0,0,7,refund
Delivery executives accomodate date according to my availability,2,2,4,fallback_support
Great delivery work,2,2,4,fallback_support
I have not received the shipment. Neither did I share the otp with any one.I informed the delivery person when he called me to inform. Tried getting in touch with him repeatedly but no response.,0,0,2,damage_lost
very well behaved and cooperative,2,2,4,fallback_support
The delivery boy was a very good guy?,2,2,4,fallback_support
Very very poor delivery service It took more number times to deliver a product while comparing to other delivering.While comparing blue dart remaining all courier service providers were very nice,0,0,4,fallback_support
Dgjk,1,1,4,fallback_support
I as very polite,2,2,4,fallback_support
Delivery person was very rude and behave very badly just asked him to wait for 5 mins.,0,0,3,behaviour
The delivery was extremely late this time.,0,0,0,delay
I have received wrong and tonne product.want my money back,0,0,7,refund
Pratham was very helpful & understanding,2,2,4,fallback_support
Nice man on time delivered,2,2,4,fallback_support
Very good service and politeness of delivery agent,2,2,4,fallback_support
Perfect ? service with security code.,2,2,4,fallback_support
Galt saman aaya hai,0,0,4,fallback_support
Tjaksvhz,1,1,4,fallback_support
Service is best Delivery man is very friendly,2,2,4,fallback_support
Everything was very fast and the delivery boy was also so polite so nothing to change everything was best i think,2,2,4,fallback_support
V. Good behaviour of delivery boy.. he give me my parcel reached my home ..it's hv 3rd floor ... I m happy for delivery of my parcel in v. Good condition.....,2,2,4,fallback_support
Very courteous delivery person. Well mannered. Good job!!! Keep it up!!!,2,2,4,fallback_support
Worng package,0,0,4,fallback_support
Gury,1,1,4,fallback_support
Size thik nhi hai Or pasand nhi hai,0,0,4,fallback_support
Battery is not charging. Usb cable is fine but battery is very bad. Please send a battery too.,0,0,4,fallback_support
Surprisingly beforetime delivery. Thanks.,2,2,4,fallback_support
Aasif thanks,2,2,4,fallback_support
Delivery made as soon as expected,2,2,4,fallback_support
Very good service for the team and delivery guy ???,2,2,4,fallback_support
happy but one day late delivery,1,0,0,delay
delivery agent did not contact or visit,0,0,4,support
no thanx,1,1,4,fallback_support
staff name mentioned,1,1,4,fallback_support
return process clear and complete,1,2,4,fallback_support
name only,1,1,4,fallback_support
delivery boy behaviour bad,0,0,4,fallback_support
damaged product return my order,0,0,2,damage_lost
minimise gap between out for delivery and delivery,1,1,4,fallback_support
great experience exceeded expectations,2,2,4,fallback_support
delivery marked delivered but not received,1,1,2,damage_lost
received duplicate product fraud,0,0,4,fallback_support
delivery person polite kind,2,2,4,fallback_support
asked to collect parcel midway,0,0,4,fallback_support
delivery boy demanded money misbehaved refused floor delivery,0,0,3,behaviour
delivery guy reached my location exactly,1,1,4,fallback_support
received parcel after delay,1,0,0,delay
received on time extremely happy,2,2,4,fallback_support
delivery person tampered property caught on cctv,0,0,2,damage_lost
very bad service forced office pickup,0,0,4,fallback_support
delivery not at doorstep handed to security,0,0,4,fallback_support
very happy with otp and kyc verification process,2,2,4,fallback_support
scammed need refund,1,0,7,refund
product found to be fake,0,0,4,fallback_support
account activation delayed for four days after welcome kit no update provided,0,0,0,delay
delivery boy humble and fast,2,2,4,fallback_support
vinayak gaikwad very good delivery person,2,2,4,fallback_support
delivery my product,1,1,4,fallback_support
delivery guy rude grumpy and impatient,0,0,3,behaviour
aapka service mujhe accha laga,2,2,4,fallback_support
return order,1,1,4,fallback_support
good professional delivery person,2,2,4,fallback_support
delivery boy very good,2,2,4,fallback_support
did not receive order,0,0,4,fallback_support
delivery boy very respectful,1,1,4,fallback_support
received different product from what was ordered,0,0,4,fallback_support
delivery made to different address with proof,1,1,4,fallback_support
priority order delayed,1,0,0,delay
product not delivered to location had to visit office,0,0,4,fallback_support
teach delivery boy how to talk properly,1,1,4,fallback_support
please cancel my order,1,1,4,fallback_support
delivery partner took extra money when customer unavailable,0,0,4,fallback_support
keep up the good work,2,2,4,fallback_support
good delivery experience first time,2,2,4,fallback_support
very polite person,2,2,4,fallback_support
delayed,1,0,0,delay
not deliver in actual location,1,1,4,fallback_support
very good service prompt delivery,2,2,4,fallback_support
received different product,0,0,4,fallback_support
please confirm on call after confirm address,1,1,4,support
fake parcel cardboard inside,0,0,4,fallback_support
bahut bekar service,1,1,4,fallback_support
delivery executive supportive rescheduled properly,2,2,4,support
refused to deliver to floor,1,1,4,fallback_support
no phone call from delivery person marked consignee unavailable extremely poor process,0,0,4,support
delivery person reluctant for upper floor,0,0,4,fallback_support
dont argue with customer give some time,1,1,4,fallback_support
delivery contact details required,1,1,4,support
wrong address wrong person delivery issue,0,0,1,wrong_delivery
" I must say the entire process was smooth, efficient, and pleasant. From the warm welcome by the staff to the quick and transparent account opening process, every step reflected professionalism and customer care.

I truly appreciate the bankÃ¢ÂÂs commitment to customer satisfaction. The team was helpful in guiding me through the formalities, explaining the features clearly, and ensuring I felt confident and valued. It was a refreshing experience that left me both happy and impressed.

I'm genuinely glad to be a part of the IDFC FIRST Bank family and look forward to a great banking relationship ahead!",2,2,4,support
delivery status updated without delivery,1,1,4,fallback_support
order for return,1,1,4,fallback_support
documents handled carefully,1,1,4,fallback_support
packages delivered successfully without issue,2,0,4,fallback_support
great,2,2,4,fallback_support
delivery staff soft spoken but recipient absent,1,1,4,fallback_support
delivery guy refused stairs pickup,1,1,4,fallback_support
The choice of branch could have been provided to the customer,1,1,4,fallback_support
ordered expensive item got cheap one,0,0,4,fallback_support
very bad nandanam chennai branch,0,0,4,fallback_support
false address update forced office pickup,0,0,4,fallback_support
parcel delayed and spoiled at destination hub,1,0,0,delay
service not available in village,0,0,4,fallback_support
not this watch,1,1,4,fallback_support
not my shipment someone used my number,1,1,4,fallback_support
all good but product quality not good,1,2,4,fallback_support
false delivered sms without receipt,1,1,4,fallback_support
wrong product received twice fraud,0,0,4,fallback_support
KYC not working RM not responsive,0,0,4,fallback_support
would like return this product a it not at all work please help me out reach with it,1,1,4,fallback_support
very poor service delayed delivery,0,0,0,delay
request for low balance account option,1,1,4,fallback_support
nice service,2,2,4,fallback_support
unable receive call but delivery completed,1,1,4,support
Item has been changed,0,0,4,fallback_support
delivery partner call me even before he reach destination,1,1,4,support
ordered one but delivered two refused return,0,0,4,fallback_support
very prompt delivery executive,2,2,4,fallback_support
excellent service provider package delivered within a day of placing order,2,2,4,fallback_support
already best,2,2,4,fallback_support
delivery delay again,1,0,0,delay
no issues during delivery,1,0,4,fallback_support
delivery staff did not return balance amount,0,0,4,fallback_support
rude delivery guy,0,0,3,behaviour
top class service very polite behaviour delivery executive very knowledgeable highly satisfy with his service,2,2,4,fallback_support
partial order received,0,0,4,fallback_support
received earlier than expected,1,1,4,fallback_support
keep moving forward,1,1,4,fallback_support
miss my rosemary water,1,1,4,fallback_support
delivery arrived without call,1,1,4,support
courier not received very bad,0,0,2,damage_lost
exact delivery time should be informed,1,1,4,fallback_support
very fast good service,2,2,4,fallback_support
ok,1,1,4,fallback_support
delivery charge taken despite free delivery,1,1,4,fallback_support
delivery smooth experience,2,2,4,fallback_support
no need cheaters parcel take for delivery ensure check before accept,1,1,4,fallback_support
average service,1,1,4,fallback_support
very good experience overall,2,2,4,fallback_support
collect my parcel at office,1,1,4,fallback_support
delivery person polite professional,1,1,4,fallback_support
not delivering at right place but marked delivered,0,0,4,fallback_support
service poor,0,0,4,fallback_support
delivery confirmation sent without actual delivery,0,0,4,fallback_support
delivery agent asked for OTP but did not hand over parcel,0,0,4,fallback_support
shipment not delivered by delivery staff,0,0,4,fallback_support
rude behaviour of delivery person abusive foul language use very unpleasant experience,0,0,3,behaviour
delivery boy rough language,1,1,4,fallback_support
superb fast delivery,2,2,4,fallback_support
best service,2,2,4,fallback_support
wrong item delivered customer deceived,0,0,4,fallback_support
yes before opening account branch staff promised visit but never came online process was smooth,1,2,4,fallback_support
already good,2,2,4,fallback_support
bad experience,0,0,4,fallback_support
very bad experience from blue dart,0,0,4,fallback_support
blue dart delayed delivery despite parcel reaching hub,0,0,0,delay
medicine delivery delayed false excuse,0,0,0,delay
tracking good delivery speed needs improvement,1,2,5,tracking
delivery boy harassed customer,1,1,4,fallback_support
delivery agent was rude aggressive and ill mannered very disappointed,0,0,3,behaviour
delivery boy refused home delivery forced hub pickup,0,0,4,fallback_support
parcel not delivered yet,0,0,4,fallback_support
what we order it not come totally different it come plss take this order we want other item,0,0,4,fallback_support
nice product,2,2,4,fallback_support
very poor delivery service,0,0,4,fallback_support
delivery nice express good delivery,2,2,4,fallback_support
please give tracking update in arattai app,1,1,5,tracking
delivery person not confirming recipient,1,1,4,fallback_support
provide delivery agent contact number,1,1,4,support
do not receive yet,1,1,4,fallback_support
delivery person honest but customer absent,1,1,4,fallback_support
bad service no home delivery credit card delay,0,0,0,delay
please mention expected delivery time in message,1,1,4,fallback_support
parcel undelivered due to false reason premise locked,0,0,4,fallback_support
very long time delivery bad,0,0,4,fallback_support
get my parcel on time extremely happy,2,2,4,fallback_support
delivery partner overloaded bike issue,1,0,4,fallback_support
flat number missing delivered at gate,1,0,4,fallback_support
great quick delivery with minimal calls,2,2,4,support
achcha,1,1,4,fallback_support
item received broken,1,1,2,damage_lost
delivery delayed no response after first call service bad,1,0,0,delay
reduce minimum balance requirement,1,1,4,fallback_support
behaviour not good and refused to wait for change,0,0,4,fallback_support
product unsafe not working refund or exchange,1,0,7,refund
product color different from what was shown,0,0,4,fallback_support
received different sets instead of same color sets,1,1,4,fallback_support
delivery person courteous,2,2,4,fallback_support
fake jewellery wrong product delivered,0,0,4,fallback_support
receive in time,2,2,4,fallback_support
deliver wrong product,0,0,4,fallback_support
poor packaging and damaged handling,0,0,2,damage_lost
delivery staff polite timely,1,1,4,fallback_support
good timely service,2,2,4,fallback_support
packaging was proper,1,1,4,fallback_support
had to go for pickup no one answered calls at godown very upsetting,0,0,4,support
giod,1,1,4,fallback_support
delivery agent was rude and unreachable during duty hours,0,0,3,behaviour
extra charges taken very bad service,0,0,6,pricing
parcel thrown inside gate unacceptable behavior,0,0,4,fallback_support
delivery on time with proper tracking update,2,2,5,tracking
it good,2,2,4,fallback_support
delivery person damaged doorbell by continuous pressing,0,0,2,damage_lost
shipment falsely marked undelivered twice,0,0,4,fallback_support
parcel not received very sad,0,0,2,damage_lost
delivery agent phone numbers not reachable,1,1,4,fallback_support
get wrong order,0,0,4,fallback_support
replacement required wrong product,1,0,7,refund
delivery process very bad forced to collect from office,0,0,4,fallback_support
perform more expectation,1,1,4,fallback_support
refused doorstep delivery asked to cancel,1,1,4,fallback_support
delivery very fast satisfied,2,2,4,fallback_support
delivery boy polite and helpful,2,2,4,fallback_support
order delayed more than a day repeatedly,1,0,0,delay
empty box received product missing,1,0,2,damage_lost
wrong parcel received,1,0,4,fallback_support
early delivery before expected,2,2,4,fallback_support
everything good keep it up,2,2,4,fallback_support
late delivery issue,0,0,0,delay
fraud waste product delivered refund money,0,0,7,refund
very very warst quality damage,0,0,2,damage_lost
unknown person received parcel,1,1,1,wrong_delivery
thanks for call,1,2,4,support
no information about delivery status,1,1,4,fallback_support
wrong consignee remark incorrect attempt update,0,0,4,fallback_support
delivery boy refused address pickup office,0,0,4,fallback_support
If you call I will tell you 6205637767,1,1,4,support
already make order delay without contact customer mark that customer not available,0,0,0,delay
wrong and missing products received,0,0,4,fallback_support
delivery guy did not call before delivery,0,0,3,behaviour
one of the best services,2,2,4,fallback_support
good,1,2,4,fallback_support
excellent service by delivery staff,2,2,4,fallback_support
wrong jersey delivered,0,0,4,fallback_support
delivery agent disrespectful tone,0,0,4,fallback_support
delivery refused home delivery forced hub pickup,0,0,4,fallback_support
lovely delivery person,2,2,4,fallback_support
it ok,1,1,4,fallback_support
on time delivery,2,2,4,fallback_support
agent did not listen properly during validation and was in a hurry,0,0,4,fallback_support
delivery person delivered to wrong house and asked me to collect later,0,0,1,wrong_delivery
delivery boy misbehaved,1,1,3,behaviour
always outstanding,2,2,4,fallback_support
awesome delivery by bluedart thank you,2,2,4,fallback_support
COD change required suggestion,1,1,4,fallback_support
different shade received,1,1,4,fallback_support
additionally charge extra,0,0,4,fallback_support
missing item in parcel box,0,0,2,damage_lost
good no,1,2,4,fallback_support
no response from delivery boy,0,0,4,support
polite well behaved delivery person,1,1,4,fallback_support
delivery agent deny deliver at home,1,1,4,fallback_support
please provide delivery executive contact number,1,1,4,support
day before delivery thank you,2,2,4,fallback_support
call before delivery attempt,1,1,4,support
delivery agent took otp but did not deliver,0,0,4,fallback_support
very poor delivery not delivered on time,0,0,0,delay
not delivere time time fasle commitment,1,1,4,fallback_support
nothing report,1,1,4,fallback_support
nobody cared about customer time extremely pathetic experience,0,0,4,fallback_support
from last three day your delivery agent reschedule delivery date even without ask me,1,1,4,fallback_support
good response,2,2,4,fallback_support
please return my order,1,1,4,fallback_support
nice packaging and good delivery service,2,2,4,fallback_support
pathetic service had to collect parcel from outlet,0,0,4,fallback_support
saree damage,1,0,2,damage_lost
delivery very quick and smooth,2,2,4,fallback_support
delivery person did not call and product not received,0,0,2,damage_lost
product damaged on opening please take back,0,0,2,damage_lost
delivery took whole day,1,1,4,fallback_support
shipment prompt but one item miss in parcel,0,0,4,fallback_support
goo,1,1,4,fallback_support
wrong product receive,0,0,4,fallback_support
rohit yadav,1,1,4,fallback_support
they did not call and handed parcel to unknown person,0,0,3,behaviour
delivery executive behaviour was pathetic and rude,0,0,3,behaviour
vad quality,1,1,4,fallback_support
delivery boy agent good behaviour respectful blue dart service,2,2,4,fallback_support
my courier not delivered at all,0,0,4,fallback_support
mobile number wrongly updated in system,1,0,4,fallback_support
thank you for great service example,2,2,4,fallback_support
learning how to use new card benefits,1,1,4,fallback_support
not receive my debit card yet,0,0,4,fallback_support
delivery update only,1,1,4,fallback_support
delivery staff rude payment issue humiliating behaviour,0,0,3,behaviour
fraud courier payment concern raised,1,1,4,fallback_support
didnt receive my order but status shows delivered,0,0,4,fallback_support
have go take from hub,1,1,4,fallback_support
duplicate cheap product delivered fraud,0,0,4,fallback_support
delivery executive did not come home had to go office to collect card,0,0,4,fallback_support
did not receive package,0,0,4,fallback_support
pathetic rural delivery experience repeated false updates,0,0,4,fallback_support
quality poor box already opened,1,1,4,fallback_support
without call delivery boy humble,1,1,4,support
satisfied,1,1,4,fallback_support
merchant fraud sent wrong item affecting bluedart reputation,1,0,4,fallback_support
bahut jyada lal ho gya hai purana stock pack karke bhej diya hai or isme return ka option nahi hai,1,1,4,fallback_support
courier person respectful,1,1,4,fallback_support
shipment received broken,0,0,2,damage_lost
amazing delivery person,1,1,4,fallback_support
increase service in rural punjab,1,1,4,fallback_support
worst service ever experienced,0,0,4,fallback_support
wrong product totally delivered,0,0,4,fallback_support
delivery on time,1,1,4,fallback_support
fast good service,1,2,4,fallback_support
delivery person very professional,2,2,4,fallback_support
delivery delay than given time,0,0,0,delay
avoid weekend deliveries suggestion,1,1,4,fallback_support
unknown receiver name shown,1,1,4,fallback_support
delivery person was very rude argued at doorstep,0,0,3,behaviour
delivery agent rude location handling,0,0,3,behaviour
fraud happened with me,0,0,4,fallback_support
scammed wrong product delivered refund needed,0,0,7,refund
blue dart known for safe quick delivery delivery staff trained and responsive,2,2,4,fallback_support
pathetic repeated false delivery attempts,0,0,4,fallback_support
delivery staff cooperative behaviour,1,1,4,fallback_support
improve technology based services,2,2,4,fallback_support
good work very supportive team,2,2,4,support
branch staff quality needs improvement,1,1,4,fallback_support
very good service polite delivery person,2,2,4,fallback_support
good service good bihevear,2,2,4,fallback_support
parcel leave with gate man in different block of this complex it should deliver my flat,0,0,4,fallback_support
unknown person received parcel,0,0,1,wrong_delivery
toxic delivery behaviour forced pickup threats,0,0,4,fallback_support
very poor service,0,0,4,fallback_support
delivery not done please contact me,1,1,4,support
wrong color received want exchange,1,0,4,fallback_support
only partial order received,1,1,4,fallback_support
best,2,2,4,fallback_support
amaze person,1,1,4,fallback_support
mixed feedback account opening delayed,1,0,0,delay
it take almost two week deliver my order,0,0,4,fallback_support
bad perfume itna mehnga perfume isse acha fogg hai,1,0,4,fallback_support
received bad product,0,0,4,fallback_support
excellent fast delivery within one day,2,2,4,fallback_support
fraud different product received,0,0,4,fallback_support
since last few month,1,1,4,fallback_support
order mismatch issue,0,0,4,fallback_support
delivery made in my absence,1,1,4,fallback_support
delivery boy not doorstep village shop delivery bank card loss bad service,0,0,4,fallback_support
easy delivery,1,1,4,fallback_support
wanted to cancel order but delivery person did not contact and delivered to security guard,0,0,4,support
promise kept,1,1,4,fallback_support
ahead of time delivery,2,2,4,fallback_support
irritating service order stuck in city no help,0,0,4,fallback_support
too much delay,0,0,0,delay
best team,2,2,4,fallback_support
delivered on time but no return option and customer not contacted when call failed,0,0,3,behaviour
received at location,1,1,4,fallback_support
delivered one day early very happy,2,2,4,fallback_support
yas,1,1,4,fallback_support
out of station reason falsely marked,0,0,4,fallback_support
didnt receive my parcel yet,0,0,4,fallback_support
u do excellent job keep it up,2,2,4,fallback_support
didnt receive my package,0,0,4,fallback_support
packaging open internal product packaging also open,1,1,4,fallback_support
fake refused status forced pickup,0,0,4,fallback_support
packaging completely different leaking product,1,1,4,fallback_support
provide promised delivery timeline,1,1,4,fallback_support
no complaints,1,1,4,support
prompt polite speedy delivery,2,2,4,fallback_support
not good delivery agent call missed marked undelivered had to collect from office,0,0,4,support
documents not received parcel missing,0,0,2,damage_lost
product fake,0,0,4,fallback_support
service not well,0,0,4,fallback_support
fake delivery update by agent,1,1,4,fallback_support
nice delivery,2,2,4,fallback_support
delivery boy very polite and on time,2,2,4,fallback_support
processing charge query,1,1,4,fallback_support
not received parcel yet,1,1,2,damage_lost
no word,1,1,4,fallback_support
bahut bekar delivery din lag gaye,1,1,4,fallback_support
parcel still not received,0,0,2,damage_lost
package damaged externally improve delivery quality,1,0,2,damage_lost
did not receive my parcel,0,0,4,fallback_support
really fast delivery,2,2,4,fallback_support
dint receive it,1,1,4,fallback_support
courier not deliver,0,0,4,fallback_support
most unreliable frequent delays,0,0,0,delay
tooo late delivery joke,0,0,0,delay
no one at home who accepted delivery,1,1,4,fallback_support
very satisfied cooperative service,2,2,4,fallback_support
expected delivery date not met,1,1,4,fallback_support
late delivery unacceptable,0,0,0,delay
scam product no primer received only mascara,0,0,4,fallback_support
Good working bank ,2,2,4,fallback_support
fake product delivered,1,1,4,fallback_support
should notify customer in every hub parcel reach,1,1,4,fallback_support
best courier service,2,2,4,fallback_support
delivery not attempted but resolved after complaint very satisfied,2,2,0,delay
wrong delivery updates should not be done,1,0,4,fallback_support
excellent service by bluedart staff,2,2,4,fallback_support
delivery agent did not call me,0,0,3,behaviour
status shows delivered but courier not received,0,0,2,damage_lost
trash found inside parcel box,0,0,4,fallback_support
delivery boy humble and polite,2,2,4,fallback_support
give different item support not helpful,1,1,4,support
good delivery,2,2,4,fallback_support
very late delivery with false updates,0,0,0,delay
please call again,1,1,4,support
very nice helpful delivery staff,2,2,4,fallback_support
delivery partner inappropriate behavior at window,1,1,4,fallback_support
already served,1,1,4,fallback_support
delivery refused had to go 3km away,0,0,4,fallback_support
they raised failed delivery without calling,0,0,4,support
delivery boy refused doorstep delivery and behaved very badly,0,0,4,fallback_support
not deliver at my address ask come nearby,0,0,4,fallback_support
delivery staff talked rudely,0,0,3,behaviour
delivery delayed birthday gift impacted,1,0,0,delay
want to return parcel received wrong item,0,0,4,fallback_support
not receive order pankaj not priya waiting more than week,0,0,4,fallback_support
delivery partner did not call and product not received,0,0,2,damage_lost
return option missing after order,1,0,4,fallback_support
this very poor irresponsible service receive my courier after fifteen day,0,0,4,fallback_support
appreciate effort despite delay,2,0,0,delay
delivery team updated status without calling unacceptable,1,1,4,support
team delivered correct product to address appreciate effort,2,2,4,fallback_support
need return item,1,1,4,fallback_support
bad experience with delivery vendor,0,0,4,fallback_support
good but not up to mark,1,2,4,fallback_support
parcel not delivered,0,0,4,fallback_support
she deliver at security gate,1,1,4,fallback_support
very poor service expected delivery by 1st oct fake update customer not available caused penalty due to delay,0,0,0,delay
severely damaged packaging contents spilled,0,0,2,damage_lost
try deliver same date when delivery status show in order,1,1,4,fallback_support
prompt delivery even at different address,2,2,4,fallback_support
defective product want return,1,1,4,fallback_support
not applicable,0,0,4,fallback_support
delivery boy lied about attempt,0,0,4,fallback_support
product quality not good,0,0,4,fallback_support
fast delivery neutral experience,1,1,4,fallback_support
earbuds box scratched poor product quality,0,0,4,fallback_support
overselling concerns,1,1,4,fallback_support
good performance delivery team,2,2,4,fallback_support
very bad service without call and repeated delays,0,0,0,delay
verification required,1,1,4,fallback_support
order marked delivered but not received,1,1,2,damage_lost
staff behavior not good,0,0,4,fallback_support
bad service coordination by logistics partner,0,0,4,fallback_support
poor performance failed to deliver on time and place,0,0,4,fallback_support
collected parcel from office no home delivery,0,0,4,fallback_support
no call from delivery agent forced office pickup bad service,0,0,3,behaviour
superb service by delivery personnel,2,2,4,fallback_support
wrong receiver name unprofessional,0,0,3,behaviour
did not get ordered book want return,0,0,4,fallback_support
abc,1,1,4,fallback_support
wrong fake product dilevered,0,0,4,fallback_support
delivery details required,1,1,4,fallback_support
video kyc smooth secure delivery with minimal id sharing,2,2,4,fallback_support
online kyc process needs improvement,1,1,4,fallback_support
ok fragile items should not be delivered on bike,1,1,4,fallback_support
delivery person misled saying he arrived waited long very bad experience,0,0,4,fallback_support
fraud by company,1,1,4,fallback_support
it is not my order,0,0,1,wrong_delivery
passbook printing facility required at branch,1,1,4,fallback_support
delivery always reschedule mark consignee not available,1,1,4,fallback_support
continue with same spirit,1,1,4,fallback_support
extremely poor service courier did not deliver card at office address official complaint raised,0,0,4,support
wrong item delivered,1,0,4,fallback_support
product different from video shown,1,1,4,fallback_support
who abishek,1,1,4,fallback_support
video kyc interrupted multiple times,1,1,4,fallback_support
item damaged,0,0,2,damage_lost
delivery executive missed call no follow up,0,0,4,support
bad service,0,0,4,fallback_support
service not liked,1,1,4,fallback_support
wrong flip cover delivered instead of ordered product,0,0,4,fallback_support
prompt delivery without unnecessary calls,1,1,4,support
parcel delivered to wrong floor wrong person,0,0,1,wrong_delivery
delivery person didnt call held consignment,0,0,5,tracking
it is ok,1,1,4,fallback_support
parcel delayed despite multiple complaints,0,0,0,delay
delivery executive lied,0,0,4,fallback_support
not delivered,0,0,4,fallback_support
doorstep delivery no unnecessary calls satisfied,2,2,4,support
forced market pickup not doorstep delivery risky for bank documents,1,1,4,fallback_support
item not deliver,1,1,4,fallback_support
order delayed,0,0,0,delay
delivery agent called and delivered to office address,1,1,4,support
love product quality excellent,2,2,4,fallback_support
delivery person talked rudely no manners during delivery,0,0,3,behaviour
okay,1,1,4,fallback_support
delivery staff behaviour was good,2,2,4,fallback_support
thank you service appreciated,2,2,4,fallback_support
quick service,2,2,4,fallback_support
credit card features miscommunicated,1,1,4,fallback_support
bad service received,0,0,4,fallback_support
really appreciate delivery partner patience dedication,2,2,4,fallback_support
item not delivered to me,0,0,4,fallback_support
not time delivery,1,1,4,fallback_support
order received safely,2,2,4,fallback_support
behaviour not good,0,0,4,fallback_support
did not like product quality,0,0,4,fallback_support
bad experience with delivery staff cheap service,0,0,4,fallback_support
delivery partner demanded extra charges to deliver at my address,0,0,6,pricing
humble excellent service,2,2,4,fallback_support
size not perfect,1,2,4,fallback_support
best agent,1,1,4,fallback_support
not received any courier,0,0,2,damage_lost
Not proper service,0,0,4,fallback_support
super fast service,2,2,4,fallback_support
dont receive anything,1,1,4,fallback_support
share delivery date time in advance,1,1,4,fallback_support
ruthless aggressive delivery boy,0,0,4,fallback_support
want return my order,1,1,4,fallback_support
poor internal team coordination,1,1,4,fallback_support
please call before delivery otherwise service superb,2,2,4,support
zero balance account misrepresented minimum balance demanded scam,0,0,4,fallback_support
good person delivery staff,2,2,4,fallback_support
item damaged please return this,0,0,2,damage_lost
no home delivery available,1,1,4,fallback_support
bad courier experience lifetime worst,1,0,4,fallback_support
delivery agent rude communication,0,0,3,behaviour
defective item,1,1,4,fallback_support
Everything looks good but no email transaction alerts received,2,2,4,fallback_support
delivery person lacks customer behaviour will not recommend bluedart,0,0,4,fallback_support
no call received,1,1,3,behaviour
order delayed had to collect myself,0,0,0,delay
same day delivery started by bluedart great service,2,2,4,fallback_support
easy account opening within 2 minutes,2,2,4,fallback_support
order arrived damaged,1,0,2,damage_lost
koi deliver karne aaya hi tha,1,1,4,fallback_support
delivery staff rude attitude,0,0,3,behaviour
delivery agent did not call status shows delivered,0,0,3,behaviour
exllent,1,1,4,fallback_support
order not same,0,0,4,fallback_support
wrong item received need details,1,0,4,fallback_support
like the service,2,2,4,fallback_support
delivery person was rude and misbehaved on calls,0,0,3,behaviour
poor internal team,1,1,4,fallback_support
delivery boy behaviour very bad,0,0,4,fallback_support
did not receive product no call from executive,0,0,3,behaviour
delivery boy polite redelivered next day,2,2,4,fallback_support
so much delay not deliver my home do multiple follow up,0,0,0,delay
very good delivery on time polite staff,2,2,4,fallback_support
wrong system update no courier received,0,0,4,fallback_support
single item received instead of full order,1,1,4,fallback_support
delivery boy behaviour not good,0,0,4,fallback_support
package damaged despite fragile sticker,1,0,2,damage_lost
delivery agent did not come for delivery,1,1,4,fallback_support
swift delivery,1,1,4,fallback_support
open package delivery would good,1,2,4,fallback_support
last time had a bad experience,0,0,4,fallback_support
it day late from estimate delivery,1,0,0,delay
positive experience respectful delivery boy,2,2,4,fallback_support
delivery person reached my home and delivered successfully very good service,2,2,4,fallback_support
food,1,1,4,fallback_support
product not received yet,1,1,2,damage_lost
delivery person didnt visit house forced outlet pickup,1,1,4,fallback_support
hamara company hai ki bar paisa liya jata hai,1,1,4,fallback_support
out for delivery in morning received after evening,1,1,4,fallback_support
no requirement excellent service,2,2,4,fallback_support
delivery boy poor behaviour,0,0,4,fallback_support
very good experience,2,2,4,fallback_support
Reduce atiny Amount of ROI,1,1,4,fallback_support
return requested wrong product delivered,1,0,4,fallback_support
tampered packaging wrong item and unreachable contact numbers,0,0,2,damage_lost
want cancel order,1,1,4,fallback_support
staff very helpful,2,2,4,fallback_support
reduce delivery charge request,1,1,4,fallback_support
very good service appreciate thanks,2,2,4,fallback_support
well service but nothing special,1,1,4,fallback_support
parcel not received without handover,0,0,2,damage_lost
delivery not attempted had to go office,0,0,0,delay
fail deliver parcel irresponsible had to reach depo,0,0,4,fallback_support
delivery not attempted had to collect from office staff rude,0,0,0,delay
impressed,1,1,4,fallback_support
great delivery representative,2,2,4,fallback_support
disappointedworst servicewouldnt recommend anyone n if someone tell or ask use bluedart surely make assure that he also doesnt use bluedart courier in his whole life,0,0,4,fallback_support
delivery executive insisted customer come downstairs refused doorstep delivery,0,0,4,fallback_support
parcel delivery week late,1,0,0,delay
very fast on time delivery,2,2,4,fallback_support
jst leave it in door,1,1,4,fallback_support
it take more than minute after approval of entry campus deliver package package deliver with out collect otp otp send me after delivery of package,1,1,4,fallback_support
improve delivery timing,1,1,4,fallback_support
well,1,1,4,fallback_support
khagaul centre deliberately dont deliver prepaid material false customer not available remark,0,0,4,fallback_support
worst experience extremely poor service shipment not delivered on time no support forced to collect from far location,0,0,0,delay
parcel deliver wrong address in building,0,0,1,wrong_delivery
not deliver,0,0,4,fallback_support
avoid bluedart poor service experience,0,0,4,fallback_support
broken bottle received,1,1,2,damage_lost
delivery agent marked self delivered,1,1,4,fallback_support
parcel delivered to someone else,1,1,4,fallback_support
order marked delivered but partially missing,0,0,4,fallback_support
wrong package received from seller,0,0,4,fallback_support
since you already customer connect ensure notify him on wa or through call so that he she would availablegood receive my both courier today itself,0,0,4,support
nice product very good,2,2,4,fallback_support
product damage packing open item total damaged,1,0,2,damage_lost
polite interaction,1,1,4,fallback_support
fake fraud platform allowed wrong product delivery,0,0,4,fallback_support
goob,1,1,4,fallback_support
welcome kit delivery delayed over a week disappointing,0,0,0,delay
charges high,1,1,4,fallback_support
delivery rider unresponsive,0,0,4,fallback_support
delivery boy provided excellent service,2,2,4,fallback_support
delivery delayed,1,0,0,delay
delivery boy rude but at least delivered order,1,0,3,behaviour
status shows delivered but not received,0,0,2,damage_lost
sumeran attitude always help company,1,1,4,fallback_support
very satisfied,2,2,4,fallback_support
it is excellent service,2,2,4,fallback_support
your service excellent,2,2,4,fallback_support
top notch delivery overall,1,1,4,fallback_support
delivery confirmation sms without delivery,1,1,4,fallback_support
order one but he deliver two,1,1,4,fallback_support
delivery failed after multiple attempts poor support,0,0,4,support
parcel received but not handed properly,1,1,4,fallback_support
wrong product delivered by vendor,0,0,4,fallback_support
order delivered before expected date,1,1,4,fallback_support
person who come for delivery helpful,2,2,4,fallback_support
forced self pickup very bad service,0,0,4,fallback_support
0,1,1,4,fallback_support
timely delivery not done across regions,1,1,4,fallback_support
go get parcel they didnt deliver,1,1,4,fallback_support
full payment received mattress delivered after one week,0,0,4,fallback_support
delivery service very poor,0,0,4,fallback_support
delivery person impolite refused doorstep delivery repeatedly,0,0,4,fallback_support
bank staff behaviour very good,2,2,4,fallback_support
need return product,1,1,4,fallback_support
all good,1,2,4,fallback_support
kit not received,0,0,2,damage_lost
very bad delivery boy not attend call,0,0,4,support
my shipment not deliver,0,0,4,fallback_support
please keep promises,1,1,4,fallback_support
good service delivery executive polite humble,2,2,4,fallback_support
package delivery confusion recipient mismatch,1,1,4,fallback_support
parcel not delivered after otp verification,0,0,4,fallback_support
courier marked delivered without call or visit,0,0,4,support
ok service,1,1,4,fallback_support
package attempt failed due to meeting rider marked consignee not found,1,1,4,fallback_support
still not delivered,0,0,4,fallback_support
name mismatch no confirmation or call received,1,1,4,support
need more branches suggestion,1,1,4,fallback_support
order handed to unknown person without call,0,0,4,support
pathetic service false updates,0,0,4,fallback_support
need more nearby branches,1,1,4,fallback_support
package leaking inside,0,0,4,fallback_support
even after giving rating process is cumbersome no punctuality or sense of time,0,0,4,fallback_support
delivery not on my address very bad experience,0,0,4,fallback_support
damaged product not returnable disappointed,0,0,2,damage_lost
thanks for quick delivery,2,2,4,fallback_support
delivery service fast and nice,2,2,4,fallback_support
on time delivery good,2,2,4,fallback_support
love it,2,2,4,fallback_support
call me for details,1,1,4,support
you are already great,2,2,4,fallback_support
delivery person didnt call shows wrong address,0,0,1,wrong_delivery
order marked delivered without attempt,0,0,4,fallback_support
good delivery person,2,2,4,fallback_support
fraud no shipment delivered,0,0,4,fallback_support
back side middle edge broken,1,1,2,damage_lost
delivery of shipment party via otp safe secure welcome it happy too please do it for all consignment yhby do this consignment neither get lose or misplace or deliver unknown person which generally do by mischievous delivery person,1,2,5,tracking
information message,1,1,4,fallback_support
update status truthfully,1,1,4,fallback_support
call before delivery or allow time slot,1,1,4,support
want refund,1,0,7,refund
too late service for urgent parcel,1,0,0,delay
appreciate delivery partner dedication,2,2,4,fallback_support
fast delivery well handled package,2,2,4,fallback_support
why delivery always afternoon and why otp needed every time,1,1,4,fallback_support
reach final round,1,1,4,fallback_support
delivery promised monday came thursday very disappointed,0,0,4,fallback_support
polite behaviour timely delivery item with not any disturbance,2,2,4,fallback_support
could be faster,1,1,4,fallback_support
executive humble polite well mannered,2,2,4,fallback_support
nothing,1,1,4,fallback_support
fast delivery,1,1,4,fallback_support
marked consignee not available falsely,0,0,4,fallback_support
unsecured delivery without OTP verification,0,0,4,fallback_support
no call received for delivery,1,1,3,behaviour
courier fraud paid order scam,1,1,4,fallback_support
delivery boy very polite and helpful,2,2,4,fallback_support
very fast service,2,2,4,fallback_support
repeatedly had to collect parcel from hub,0,0,4,fallback_support
not good product,0,0,4,fallback_support
excellent work by staff,2,2,4,fallback_support
shipment supposed to be delivered earlier but fake delivery attempt message shown,0,0,4,fallback_support
do not get any parcel no call for delivery,0,0,3,behaviour
delivery staff rude behaviour,0,0,3,behaviour
delivery boy polite good,1,2,4,fallback_support
bad service never seen before,0,0,4,fallback_support
delivery executive hand over hdfc kit to unknown maid,1,1,4,fallback_support
delivery date not met,1,1,4,fallback_support
it not delivered yet but status marked delivered without passcode,0,0,4,fallback_support
product not received and no call,0,0,2,damage_lost
disciplined delivery,2,2,4,fallback_support
fake retailer report on website,0,0,4,fallback_support
satisfactory,2,2,4,fallback_support
leave parcel with security without informing,1,1,4,fallback_support
abusive language,1,1,4,fallback_support
delivery done on time,2,2,4,fallback_support
delivery executive showed great respect,2,2,4,fallback_support
outstanding,1,1,4,fallback_support
asked to collect parcel downstairs instead of doorstep delivery,1,1,4,fallback_support
delivery agent deserves appreciation token,2,2,4,fallback_support
bad experience on this order for past day not get not correct response,0,0,4,fallback_support
delivery completed smoothly and on time,2,2,4,fallback_support
delivery faster than expectation,2,2,4,fallback_support
very good service overall,2,2,4,fallback_support
shipping on time but parcel stuck at hub,1,1,4,fallback_support
delivery person availability issue,1,0,4,fallback_support
order cancelled request,0,0,4,fallback_support
bad product,0,0,4,fallback_support
delivery guidance good behaviour,1,2,4,fallback_support
good satisfied,2,2,4,fallback_support
item not received only papers,1,1,2,damage_lost
no call no update long wait cancel if not delivered,1,0,5,tracking
delivery delayed by one day,0,0,0,delay
order delivered on promised time,2,2,4,fallback_support
order not delivered payment done still waiting,0,0,0,delay
shipment damaged and delivery status updated incorrectly multiple times,0,0,2,damage_lost
delivery boy rude with family,0,0,3,behaviour
refund requested for poor quality product,0,0,7,refund
credit card delivery delayed despite location clarification,1,0,0,delay
delivery not done,0,0,4,fallback_support
delivery boy should attempt second call,0,0,4,support
order very late,0,0,0,delay
false delivery status repeatedly updated,0,0,4,fallback_support
received empty box with paper inside product missing,0,0,2,damage_lost
delivery person spoke angrily and insulted woman at my house,0,0,4,fallback_support
return requested product not working,0,0,4,fallback_support
delivery team reported wrong house number without calling,0,0,4,support
really good,2,2,4,fallback_support
reduce price no delivery charge suggestion,1,1,4,fallback_support
on time prompt delivery,1,1,4,fallback_support
Online system is excellent mobile app is very user friendly,2,2,4,fallback_support
good service overall,2,2,4,fallback_support
delivery staff misbehaved during document delivery,0,0,3,behaviour
fake item bring,1,1,4,fallback_support
fraud website low quality no refund,0,0,7,refund
delivery agent kind and ensured reattempt successful delivery,2,2,4,fallback_support
very poor service medicine delivery delayed,0,0,0,delay
not receive any product,1,1,4,fallback_support
Paes only pass,1,1,4,fallback_support
good time bound service,2,2,4,fallback_support
cancel order,0,0,4,fallback_support
very particular service,1,1,4,fallback_support
delivery time mismatch reschedule issue,0,0,4,fallback_support
delivery boy decent on time but contact number needed,1,1,4,support
bad quality product received,0,0,4,fallback_support
great job delivery team,2,2,4,fallback_support
try give whatsapp update,1,1,4,fallback_support
username change suggestion for security,1,1,4,fallback_support
fake product delivered,0,0,4,fallback_support
delivery boy argued and behaved badly,0,0,3,behaviour
no call had to go office,0,0,3,behaviour
complete satisfaction with recent delivery handle by blue dart,2,2,4,fallback_support
product information missing no contact number,1,0,4,support
delivery partner always gives excuse,0,0,4,fallback_support
very nice delivery service,2,2,4,fallback_support
baat karne ki tameez nahi very poor,0,0,4,fallback_support
delivery without trouble,2,2,4,fallback_support
delivery person humble polite professional,2,2,4,fallback_support
didnt receive parcel but marked delivered,0,0,4,fallback_support
super service no problem,2,0,4,fallback_support
superfast delivery,2,2,4,fallback_support
fake parcel delivered fraud reported,0,0,4,fallback_support
reduce otp dependency,1,1,4,fallback_support
consignment marked consignee unavailable without visit had to self collect,0,0,5,tracking
delivery boy rude and unprofessional,0,0,3,behaviour
my package supposed to be delivered previous day but delay created serious issue,0,0,0,delay
wrong product received,0,0,4,fallback_support
very poor,0,0,4,fallback_support
unable to get local language support customer care,0,0,4,support
although location far from delivery point,1,1,4,fallback_support
delivery,1,1,4,fallback_support
no customer care support,0,0,4,support
order damaged please return,0,0,2,damage_lost
order not delivered on scheduled date,0,0,4,fallback_support
IDFC bank achhi bank hai,1,1,4,fallback_support
excellent work by nikhil,2,2,4,fallback_support
parcel delivered to apartment security without consent unacceptable,1,1,4,fallback_support
agent delivered product without my consent,0,0,4,fallback_support
excellent delivery behaviour polite staff,2,2,4,fallback_support
no call received but message shows delivered,0,0,3,behaviour
delivery service terrible despite correct address,0,0,4,fallback_support
called to collect parcel delivery boy absent,1,1,4,support
colour different,1,1,4,fallback_support
very polite behaviour of delivery man,1,1,4,fallback_support
goo d,1,1,4,fallback_support
please tell me whom my parcel was delivered to,1,1,4,fallback_support
fantastic delivery very fast delivery,2,2,4,fallback_support
leave packet outside security concern,1,1,4,fallback_support
shipment called to alternate place for delivery,1,1,4,support
delivery guy was very rude,0,0,3,behaviour
important document security measures need improvement,1,1,4,fallback_support
not good not bad,1,0,4,fallback_support
courier delivered without handover to me,0,0,4,fallback_support
no call received parcel not delivered,1,0,3,behaviour
amazing service best in india,2,2,4,fallback_support
not yet received product,0,0,4,fallback_support
very good service in this courier,2,2,4,fallback_support
polite interaction,2,2,4,fallback_support
worst banking service unacceptable,0,0,4,fallback_support
product receive damage,0,0,2,damage_lost
good communication skills,2,2,4,fallback_support
so far good,2,2,4,fallback_support
request delivery on promised date,1,1,4,fallback_support
product return requested,1,1,4,fallback_support
didnt get my delivery expected early,0,0,4,fallback_support
bad service again,0,0,4,fallback_support
nice,1,2,4,fallback_support
ordered different item received different product very poor service,0,0,4,fallback_support
cancel my order,0,0,4,fallback_support
delivery agent should address name correctly,1,1,4,fallback_support
excellent service provider,2,2,4,fallback_support
sometimes delay happens,1,0,0,delay
parcel not delivered need receiver signature,0,0,4,fallback_support
stupid very bad product earing missingcheating return my product,0,0,4,fallback_support
cheap duplicate product delivered fraud,0,0,4,fallback_support
delivery except date but order today deliver bhut hi slow delivery h helpline number pr koi response ni h,1,1,4,support
delivery person very sweet,2,2,4,fallback_support
disappointing branch behaviour delay delivery,0,0,0,delay
every delivery person should speak politely,1,1,4,fallback_support
v good service prompt,2,2,4,fallback_support
wrong product delivered,0,0,4,fallback_support
delivery person did not call even once,1,1,3,behaviour
delivery took too long,1,1,4,fallback_support
great service with timely updates,2,2,4,fallback_support
awesome service,1,2,4,fallback_support
wrong product delivered fraud,1,0,4,fallback_support
self,1,1,4,fallback_support
ordered large size delivered wrong size,0,0,4,fallback_support
wrong product and bad experience,0,0,4,fallback_support
product not delivered please contact,0,0,4,support
he rude,0,0,3,behaviour
your service so good,2,2,4,fallback_support
wrong saree sent customer cheated wants return,0,0,4,fallback_support
shipment called to alternate location,1,1,4,support
cheated with wrong product,0,0,4,fallback_support
wrong shipment received,0,0,4,fallback_support
consignment not delivered at doorstep delayed,0,0,0,delay
service good overall,1,2,4,fallback_support
damaged box due to mishandling,0,0,2,damage_lost
super service good staff,2,2,4,fallback_support
fraud product delivered different from advertisement refund requested,0,0,7,refund
I have not received the order Here it is showing delivered,0,0,2,damage_lost
warehouse staff lacks customer ethics,1,1,4,fallback_support
defective product return policy needed,1,1,4,fallback_support
good product service,2,2,4,fallback_support
wrong item delivered please refund,0,0,7,refund
delivery executive threw parcel carelessly and did not ask for OTP,0,0,4,fallback_support
courier not delivered but system shows delivered,1,0,4,fallback_support
display product good but received product very bad quality,1,0,4,fallback_support
he do not deliver parcel no phone call he do go office collect parcel,0,0,4,support
payment done but product not received,0,0,2,damage_lost
very fast delivery and good staff,2,2,4,fallback_support
product miss,1,1,4,fallback_support
unsatisfied feeling,1,1,4,fallback_support
satisfied with communication with agent,2,2,4,fallback_support
want to cancel my order,1,1,4,fallback_support
too late delivery and no response to on-time delivery requests extremely disappointing,0,0,0,delay
consignment not delivered to address,0,0,5,tracking
order delayed after repeat followup,1,0,0,delay
parcel delivered on estimated time accurately,2,2,4,fallback_support
SENDING OF ATM CARD TO COMMUNICATION ADRESS AS REQUESTED BY CUSTOMER,1,1,4,fallback_support
delivery handed to security gate but parcel missing,1,0,2,damage_lost
product not working,0,0,4,fallback_support
delivery agent attitude rude,0,0,3,behaviour
on this delievery,1,1,4,fallback_support
parcel left at gate asked to collect,1,1,4,fallback_support
bad service no call office also no response,0,0,3,behaviour
product exchanged fraud by delivery person,0,0,4,fallback_support
delivery staff lied about calling customer repeatedly,0,0,4,support
very rude behaviour,0,0,3,behaviour
need delivery executive contact after delivery,1,1,4,support
parcel delivered to unknown person please investigate,0,0,4,fallback_support
no proper service had to visit agent multiple times poor communication,0,0,4,fallback_support
blue dart failed to deliver important document,0,0,4,fallback_support
month long non delivery forced office pickup,0,0,4,fallback_support
parcel not delivered no call from bluedart,0,0,3,behaviour
good delivery handling,1,2,4,fallback_support
bahut achha service hai,2,2,4,fallback_support
delivery agent did not call or attempt delivery,0,0,3,behaviour
very very very happy,2,2,4,fallback_support
no call received on delivery,1,1,3,behaviour
delivery at wrong place,0,0,1,wrong_delivery
all good,2,2,4,fallback_support
ok ok not satisfied with service,0,0,4,fallback_support
extremely bad service will never order again,0,0,4,fallback_support
excellent service experience,2,2,4,fallback_support
service excellent,2,2,4,fallback_support
who received parcel confirmation needed,1,1,4,fallback_support
first time did not receive parcel,0,0,4,fallback_support
excellent performance keep it up,2,2,4,fallback_support
no inquiry number available poor support,1,1,4,support
package not delivered nor OTP shared,0,0,4,fallback_support
wrong delivery address forced pickup,0,0,4,fallback_support
service already on time no change needed,1,1,4,fallback_support
delivery boy misbehave horrible experience,0,0,3,behaviour
quality not good,1,2,4,fallback_support
so good,2,2,4,fallback_support
best delivery,2,2,4,fallback_support
fast smooth,1,2,4,fallback_support
ordered white received black,0,0,4,fallback_support
first emi issue not satisfied,1,0,4,fallback_support
order delivered to wrong person,0,0,1,wrong_delivery
delivery agent did not call and parcel not received,0,0,2,damage_lost
urgent document marked delivered but not received,1,1,2,damage_lost
defective item received,0,0,4,fallback_support
worst courier service fake remarks no calls,0,0,3,behaviour
less quantity received,1,1,4,fallback_support
shipment stuck at hub address error excuse repeated,1,1,4,fallback_support
always reliable service,2,2,4,fallback_support
ghar par nahi tha delivery ke time,1,1,4,fallback_support
product defect received,1,1,4,fallback_support
prompt polite delivery person,1,1,4,fallback_support
very fast delivery,1,1,4,fallback_support
always late delivery dissatisfied,0,0,0,delay
good job by delivery team,2,2,4,fallback_support
delivery left with guard not apartment,1,1,4,fallback_support
delivery marked to wrong person,0,0,4,fallback_support
excellent service beyond expectations,2,2,4,fallback_support
it not my phone pouch modelwhat u sendi dont want this product,0,0,4,fallback_support
good work excellent service,2,2,4,fallback_support
cheated received wrong order want seller details,0,0,4,fallback_support
order not received despite OTP given,1,1,2,damage_lost
extreme delay false daily delivery messages,0,0,0,delay
delivery partner charged extra money,1,1,6,pricing
not deliver but sms recieved delivered dont know why,0,0,4,fallback_support
fake parcel received,1,1,4,fallback_support
reduce gap between out for delivery and actual delivery,1,1,4,fallback_support
delivery done late compared to schedule,0,0,0,delay
status shows delivered but parcel not received,0,0,2,damage_lost
box damaged,1,0,2,damage_lost
package box damaged,0,0,2,damage_lost
material not yet received,0,0,4,fallback_support
nothing tell,1,1,4,fallback_support
document not received today,1,1,2,damage_lost
bank transaction issue explanation required,1,0,4,fallback_support
delivery person left parcel outside house,0,0,4,fallback_support
return order please,1,1,4,fallback_support
urgent courier not delivered irregular answers,1,0,4,fallback_support
good service very fast,2,2,4,fallback_support
good behaviour well mannered,2,2,4,fallback_support
real time parcel tracking via map should be provided,1,1,5,tracking
not door delivery,1,1,4,fallback_support
order offer mismatch buy one get one not honoured,1,1,4,fallback_support
delivery delayed disappointed,0,0,0,delay
irrelevant word,1,1,4,fallback_support
blue dart always trustworthy courier,2,2,4,fallback_support
received order,1,1,4,fallback_support
otp verified but parcel not delivered,1,0,4,fallback_support
delivery boy collected money for prepaid order,0,0,4,fallback_support
provide delivery agent contact number when shipment out for delivery,1,1,4,support
always best service,2,2,4,fallback_support
good delivery service,2,2,4,fallback_support
Account opening process is good provide more account types option through online.,2,2,4,fallback_support
prodect exchange by delivery person,1,1,4,fallback_support
delivery boy rude and misbehaved,0,0,3,behaviour
love your service,2,2,4,fallback_support
received wrong order not what I ordered,0,0,4,fallback_support
we not receive parcel,1,1,4,fallback_support
joint account request,1,1,4,fallback_support
timely delivery polite staff,2,2,4,fallback_support
No sir,1,1,4,fallback_support
wrong size received need exchange,1,0,4,fallback_support
oil stain on saree poor quality,0,0,4,fallback_support
order partially delivered missing items,1,0,2,damage_lost
wrong product received no exchange possible,0,0,4,fallback_support
not deliver product,0,0,4,fallback_support
"Nahin 

",1,1,4,fallback_support
parcel reached hub but delivered poorly,0,0,4,fallback_support
rude abusive behaviour,0,0,3,behaviour
too late delivery,1,0,0,delay
color mismatch product,1,1,4,fallback_support
bad service parcel not received but marked delivered,0,0,2,damage_lost
great behaviour,2,2,4,fallback_support
quality service,1,1,4,fallback_support
order correct but product fake delivery partner polite,1,1,4,fallback_support
it poor service,0,0,4,fallback_support
return product issue not resolved,0,0,4,fallback_support
always late delivery not delivered at my location,0,0,0,delay
urgent consignment delivered late,1,0,0,delay
delivery not done,1,1,4,fallback_support
package intact,2,2,4,fallback_support
delivery timing coordination appreciated,1,1,4,fallback_support
very good behaviour,2,2,4,fallback_support
during face to face delivery please talk politely with customer,1,1,4,fallback_support
address marked incorrect without confirmation,1,1,4,fallback_support
receive wrong product,0,0,4,fallback_support
delivery person update address not contactable,0,0,4,support
parcel received late,0,0,0,delay
didnt get my delivery yet,0,0,4,fallback_support
very fast efficient delivery,2,2,4,fallback_support
delivery facility very poor order misplaced,0,0,4,fallback_support
out for delivery as expected,1,1,4,fallback_support
delivery partner contact details needed,1,1,4,support
fine,1,1,4,fallback_support
share customer executive contact details,1,1,4,support
disappointed service,0,0,4,fallback_support
support team resolved issue quickly,2,0,4,support
bad service ever,0,0,4,fallback_support
no delivery service available had to collect personally,1,1,4,fallback_support
employee behaviour very good,2,2,4,fallback_support
delivery person collected extra money,0,0,4,fallback_support
keep going great work,2,2,4,fallback_support
thanks for before time delivery,2,2,4,fallback_support
timely delivery polite delivery person,1,1,4,fallback_support
please deliver to my home address not nearby shop,1,1,4,fallback_support
delivery staff good but issue out of delivery msg come at pm order deliver at pm,1,0,4,fallback_support
delivery agent called appreciated,2,2,4,support
very good delivery boy,2,2,4,fallback_support
blue dart service always perfect,2,2,4,fallback_support
delivery after many days unacceptable delay,0,0,0,delay
yes,1,1,4,fallback_support
another order pending,1,1,4,fallback_support
NRO account not working for weeks unable to transfer money unclear process,0,0,4,fallback_support
blue dart always best,2,2,4,fallback_support
no responsible office staff,1,1,4,fallback_support
perfect,2,2,4,fallback_support
fantastic person,2,2,4,fallback_support
delivery partner waited due to customer delay,1,0,0,delay
delivery call handling poor,1,1,4,support
order incomplete received missing items,0,0,2,damage_lost
order delivery unreliable marked yesterday delivered today,0,0,4,fallback_support
please change my parsal,1,1,4,fallback_support
late service unacceptable delay,1,0,0,delay
didnt order this never placed order,0,0,4,fallback_support
worst company had to collect from office,0,0,4,fallback_support
didnt receive delivery very bad experience,0,0,4,fallback_support
do good,2,2,4,fallback_support
location information message,1,1,4,fallback_support
super person delivery,1,1,4,fallback_support
loan roi mis-selling complaint,0,0,4,support
super fast delivery,2,2,4,fallback_support
service excellent thanks delivery staff,2,2,4,fallback_support
wrong item given after otp,0,0,4,fallback_support
on time delivery good performance,2,2,4,fallback_support
smooth delivery,1,2,4,fallback_support
nice delivery service,2,2,4,fallback_support
please correct my name,1,1,4,fallback_support
overall smooth banking experience helpful staff,2,2,4,fallback_support
gentle man doorstep delivery,1,1,4,fallback_support
return product quality bad,1,0,4,fallback_support
in my opinion,1,1,4,fallback_support
fast delivery good support,2,2,4,support
ordered white received black,1,1,4,fallback_support
service as per plan,1,1,4,fallback_support
service on time and good,2,2,4,fallback_support
rahul very professional as usual,2,2,4,fallback_support
received on scheduled time thank you,2,2,4,fallback_support
day deliver,1,1,4,fallback_support
delivery rules violated forced pickup from hub,0,0,0,delay
ohutdf,1,1,4,fallback_support
not deliver at mentioned address had to collect elsewhere,0,0,4,fallback_support
nice experience,2,2,4,fallback_support
wrong parcel delivered,0,0,4,fallback_support
bluedart delivering fraudulent products serious warning,0,0,4,fallback_support
professionalism,1,1,4,fallback_support
otp shared but parcel not received,0,0,2,damage_lost
need OTP system for delivery,1,1,4,fallback_support
fast good service,2,2,4,fallback_support
havenÂt received order yet,0,0,4,fallback_support
request for credit card information,1,1,4,fallback_support
wrong product scam,0,0,4,fallback_support
good bank,2,2,4,fallback_support
delivery guy refused cancelled delivery,0,0,4,fallback_support
parcel late by day,1,0,0,delay
delivery marked without attempt,0,0,4,fallback_support
delay with false tracking info,1,0,0,delay
wel behave,1,1,4,fallback_support
product not delivered to me,0,0,4,fallback_support
bahot achha hai,1,1,4,fallback_support
never received call delivery not done,0,0,2,damage_lost
did not receive any parcel,0,0,4,fallback_support
wrong product sent want refund,0,0,7,refund
day late delivery always delayed,0,0,0,delay
go collect my own parcel they didnt even deliver after arrive two day before,0,0,4,fallback_support
delivery person very rude no civic sense,0,0,3,behaviour
wrong order received selfie stick replaced,1,0,4,fallback_support
abusive language product changed,1,1,4,fallback_support
delivery call before dispatch requested,1,1,4,support
pre diwali false delivery messages forced self pickup,0,0,4,fallback_support
very bad delayed delivery,0,0,0,delay
courier charges too high unfair,0,0,4,fallback_support
Excellent service and this is my first bank account in my career,2,2,4,fallback_support
not yet receive my parcel,1,1,4,fallback_support
delivery partner not supportive and wrong delivery,0,0,4,support
service commitment only words not action,1,1,4,fallback_support
very bad service no one responsible for shipment,0,0,4,fallback_support
office delivery failed despite prominent location,0,0,4,fallback_support
wrong colour and size received,0,0,4,fallback_support
delivery returned by partner without reason,0,0,4,fallback_support
excellent service by delivery partner,2,2,4,fallback_support
good logistics service no further comment,2,2,4,fallback_support
delivery staff rude not reached location,0,0,3,behaviour
Please open more branches at least one branch in every district,1,1,4,fallback_support
fraud shipper fake product issue,0,0,4,fallback_support
please collect alternate mobile number during booking,1,1,4,fallback_support
parcel not received but marked delivered,0,0,2,damage_lost
best service also really commendable thank you,2,2,4,fallback_support
extreme delivery delay,0,0,0,delay
plant damaged due to poor packing,1,0,2,damage_lost
very bad de,0,0,4,fallback_support
no grievance,1,1,4,fallback_support
status delivered but parcel not received,0,0,2,damage_lost
please deliver on time,1,1,4,fallback_support
parcel left at shop without delivery attempt,1,1,4,fallback_support
check your calls,1,1,4,support
packaging acceptable,1,1,4,fallback_support
pathetic experience but not abusive,1,1,4,fallback_support
very polite experienced delivery person,2,2,4,fallback_support
delivery service good,2,2,4,fallback_support
false delivery update rude supervisor behavior,0,0,3,behaviour
order not received yet,0,0,2,damage_lost
delivery updates should be frequent,1,1,4,fallback_support
delivery executive polite made my day,1,1,4,fallback_support
carton slightly damaged,1,0,2,damage_lost
delivery time incorrect,0,0,4,fallback_support
dont like service,0,0,4,fallback_support
delivery executive did not attempt delivery for days and marked false reasons,0,0,4,fallback_support
debit card not received overall banking experience good,2,2,2,damage_lost
it good delivery fast and safe,2,2,4,fallback_support
delivery boy calm nd vry humble im not able pick call still he deliver itom without any contact he find location that amaze so great experience,2,2,4,support
good bank account opening experience,2,2,4,fallback_support
transparent packaging requested,1,1,4,fallback_support
contact mentioned incorrect invoice issue,1,0,4,support
it not deliver medelivered wrong person,0,0,4,fallback_support
keep it up good work,2,2,4,fallback_support
product different from images shown,1,1,4,fallback_support
parcel came empty want refund,0,0,7,refund
delivery partner arrogant rude,0,0,3,behaviour
delivery person rude ruined experience,0,0,3,behaviour
pathetic poor service medicine not delivered despite express charge,0,0,4,fallback_support
best service in courier,2,2,4,fallback_support
bohot bekar delivery or bohot time liya h,1,1,4,fallback_support
prompt delivery,2,2,4,fallback_support
shipping sticker torn package opened,1,1,2,damage_lost
product missing and carton re-taped very bad practice,0,0,4,fallback_support
product bilkul bekar aya h mne kya suit mangaya tha or kya aya h bilkul suit alg or salwar plz return kariye,0,0,4,fallback_support
love your agent behaviour,1,1,4,fallback_support
marked delivered but not received at home,0,0,2,damage_lost
bekwas mujhe mila hi nahi order phir delivery kaise kar di,0,0,4,fallback_support
professional timely delivery approach,2,2,4,fallback_support
superfast delivery loved the service,2,2,4,fallback_support
delivery man collect money it free,1,1,4,fallback_support
delivery staff non cooperative rude tone,0,0,3,behaviour
cooperative very nice service,2,2,4,fallback_support
very third class service rude staff fake address reasons no home delivery,0,0,3,behaviour
fast account opening process,1,1,4,fallback_support
bad product receive,0,0,4,fallback_support
early delivery very good service,2,2,4,fallback_support
parcel received today,1,1,4,fallback_support
it perfect many thanks,2,2,4,fallback_support
delivery person waited but did not deliver properly,0,0,4,fallback_support
delivery representative rude response,0,0,3,behaviour
return order request,1,1,4,fallback_support
courier did not deliver my shipment on time,0,0,4,fallback_support
received different product than ordered,0,0,4,fallback_support
delivery boy lazy forced office pickup unacceptable excuse,0,0,4,fallback_support
good service by delivery executive,2,2,4,fallback_support
delivery agent abusive language,0,0,4,fallback_support
received before expected delivery date,1,1,4,fallback_support
bank staff provided very good service,2,2,4,fallback_support
delivery time improvement required,1,1,4,fallback_support
ordered something else received something else,0,0,4,fallback_support
parcel arrived damaged,0,0,2,damage_lost
branch promised wealth account but did not deliver commitment poor experience,1,1,4,fallback_support
try faster delivery for critical shipments,1,1,4,fallback_support
delivery agent ignored instructions handed to security,0,0,4,fallback_support
wrong colour product received,1,0,4,fallback_support
service fine continue,1,1,4,fallback_support
did not receive one of two packages,0,0,4,fallback_support
bad and rough delivery,0,0,4,fallback_support
received message for order I never booked,0,0,4,fallback_support
worst service,0,0,4,fallback_support
request faster delivery time,1,1,4,fallback_support
delivery marked unavailable without call repeated issue,1,0,4,support
late delivery with false updates,0,0,0,delay
fast service but average experience,1,1,4,fallback_support
delivered in one day thank you,2,2,4,fallback_support
very poor experience,1,1,4,fallback_support
defected pc nikla,1,1,4,fallback_support
delivery boy sandeep rude behaviour,0,0,3,behaviour
delivery man abused refused to come upstairs,0,0,3,behaviour
havent receive my order,0,0,4,fallback_support
service ok,1,1,4,fallback_support
welcome kit sent to wrong address delay,1,0,1,wrong_delivery
material fraud issue reported,1,0,4,fallback_support
rude behaviour by delivery partner,0,0,3,behaviour
medicine order delay by day no communication that order delay,0,0,0,delay
service best staff helpful,2,2,4,fallback_support
hello,1,1,4,fallback_support
multiple delivery attempts without calling forced self pickup,0,0,4,support
delivery person have pleasant smile on his face which please see,2,2,4,fallback_support
delivery guy didnt deliver doorstep keep haggle come away from home also rude while talk,0,0,3,behaviour
had to go collect parcel,0,0,4,fallback_support
delivery partner could not reach address asked to pick courier from far location very poor service,0,0,4,fallback_support
bad delivery company,0,0,4,fallback_support
delivery agent stopped km before address,0,0,4,fallback_support
very good product,2,2,4,fallback_support
item not received yet,1,1,2,damage_lost
delivery partner very good,2,2,4,fallback_support
delivery person call confirm address,1,1,4,support
bad experience seal already open,0,0,4,fallback_support
my parcel arrived at blue dart store in november,1,1,4,fallback_support
delivery person rude left parcel,0,0,3,behaviour
bad experience order not received,0,0,2,damage_lost
shipment not delivered yet very important,1,0,4,fallback_support
product missing,1,0,4,fallback_support
no additional comments,1,1,4,fallback_support
not doorstep delivery,0,0,4,fallback_support
wrong product material received used item after many follow ups,0,0,4,fallback_support
delivery boy took extra money,1,1,4,fallback_support
not received personally,0,0,2,damage_lost
delivery agent behaviour rude and impatient,0,0,3,behaviour
delivery speed worse than others,0,0,4,fallback_support
scamming people,0,0,4,fallback_support
blue dart courier service very bad and delayed,0,0,0,delay
delivery staff left parcel at security without verification,0,0,4,fallback_support
late delivery,1,0,0,delay
it very very bad experience with your coimbatore hubwhatever happen not first time similar incident take place four time so faryour delivery guy useless always give false reason for not deliver in this case they mention a address incomplete not correcti force collect from officeno proper response from your office at coimbatoreif this status of your delivery system,0,0,4,fallback_support
my name malini patel,1,1,4,fallback_support
delivery staff very good,2,2,4,fallback_support
blue dart delivery very poor product not delivered,0,0,4,fallback_support
everything good satisfied,2,2,4,fallback_support
delay reason address incorrect unacceptable,0,0,0,delay
polite prompt delivery person,1,1,4,fallback_support
iam not person,1,1,4,fallback_support
pathetic branch service,0,0,4,fallback_support
customer care and bank staff very friendly and helpful,2,2,4,support
false delivery attempts no call made,0,0,3,behaviour
always a pleasure,2,2,4,fallback_support
card otp taken but card not delivered,0,0,4,fallback_support
No changes required,1,1,4,fallback_support
very bad delivery no response from delivery boy,0,0,4,support
complaint against rude delivery rider,0,0,3,behaviour
please share delivery timing contact detail of delivery person,1,1,4,support
quick prompt follow up,2,2,4,fallback_support
poor service rude behaviour and wrong address delivery,1,0,1,wrong_delivery
excellent customer service always reliable,2,2,4,fallback_support
overall excellent service,2,2,4,fallback_support
bad quality,0,0,4,fallback_support
would like report issue regard my recent delivery delivery boy do not deliver order on time also provide incorrect information his officesystem regard delivery status,0,0,4,fallback_support
delivery before promised time appreciated,1,1,4,fallback_support
order dropped kilometers away and doorstep delivery denied rude behavior on call,0,0,3,behaviour
very poor service overall,0,0,4,fallback_support
devendra singh,1,1,4,fallback_support
very bad experience delayed delivery and very rude executive,0,0,0,delay
accha hai,1,1,4,fallback_support
delivery agent asked to collect from office,1,1,4,fallback_support
very good satisfy,2,2,4,fallback_support
very rude and uncooperative delivery agent shouted,0,0,3,behaviour
need more details,1,1,4,fallback_support
amazing order experience,2,2,4,fallback_support
do,1,1,4,fallback_support
delivery not attempted had to visit office,1,1,0,delay
delivery agent did not call falsely marked unavailable,1,1,3,behaviour
received wrong sunglass,1,0,4,fallback_support
delivery guy not polite,0,0,3,behaviour
wrong product delivered theft suspected,1,0,4,fallback_support
very good packaging and timing,2,2,4,fallback_support
still not received item,0,0,2,damage_lost
satyam kumar,1,1,4,fallback_support
attitude problem with delivery staff,1,0,4,fallback_support
"The survey link to provide feedback on opening the account has been sent even before the account being opened.

Inordinate delay in opening the account, while the online opening happened within few minutes.

",1,0,0,delay
service bed,1,1,4,fallback_support
very happy with service thank you,2,2,4,fallback_support
my parcel not delivered,0,0,4,fallback_support
track info not update properly,0,0,5,tracking
asked for full payment without change and behaved rudely,0,0,3,behaviour
no alternative contact used ivr flagged spam parcel delayed,0,0,0,delay
delivery boy not good,0,0,4,fallback_support
wrong item ordered,0,0,4,fallback_support
rude delivery behaviour late hub delivery,0,0,0,delay
no contact forced pickup,1,0,4,support
deliveey agent very good,2,2,4,fallback_support
excellent courier service best shipment,2,2,4,fallback_support
received different product than ordered,1,1,4,fallback_support
nothing to say,1,1,4,fallback_support
not bad,2,0,4,fallback_support
wrong envelope delivered,1,0,4,fallback_support
delivery guy helped despite address issue,2,0,4,fallback_support
package out for delivery but stayed at facility,1,1,4,fallback_support
did not get shipment,0,0,4,fallback_support
super service,2,2,4,fallback_support
delivered at security gate,1,1,4,fallback_support
Hey,1,1,4,fallback_support
please share approximate delivery time in message,1,1,4,fallback_support
bluedart service always up to mark,1,1,4,fallback_support
delivery person behave very nicely,2,2,4,fallback_support
size too small poor quality dress,0,0,4,fallback_support
delivery perfectly before time,2,2,4,fallback_support
colour changed bad,0,0,4,fallback_support
poor service delayed delivery,0,0,0,delay
delivery boy arrogant behaviour,0,0,4,fallback_support
thank you for speedy delivery,2,2,4,fallback_support
firstly product arrive kollam pincode error message appear this badly affect delivery date,0,0,4,fallback_support
poor delivery manpower false customer unavailable status,0,0,4,fallback_support
did not deliver doorstep stopped at park,1,1,4,fallback_support
dont take parcel if you cant deliver,0,0,4,fallback_support
delivery boy refused doorstep delivery gave wrong product,1,0,4,fallback_support
poor product quality,0,0,4,fallback_support
delivery smooth and prompt,1,2,4,fallback_support
delivery agent refused to open and verify product behaved rudely shipment incomplete,0,0,3,behaviour
delivery boy was very good,2,2,4,fallback_support
no intimation no contact very pathetic service,0,0,4,support
accurate timely safe delivery,1,1,4,fallback_support
please call after visit,1,1,4,support
order wrong item delivered,0,0,4,fallback_support
delivery time prior intimation suggested,2,2,4,fallback_support
order not received,1,1,2,damage_lost
delivery agent handed parcel to watchman without informing,1,1,4,fallback_support
product out for delivery on expected date,1,1,4,fallback_support
too late delivery unacceptable,0,0,0,delay
asked for delivery message unnecessarily,1,1,4,fallback_support
blue dart favourite highly recommended,2,2,4,fallback_support
osam,1,1,4,fallback_support
seamless banking process zero balance and app improvement suggestion,1,1,4,fallback_support
exchange requested not satisfied,1,1,4,fallback_support
order yet to be delivered,1,1,4,fallback_support
package not delivered,0,0,4,fallback_support
nice experience,1,2,4,fallback_support
site report that delivery center,1,1,4,fallback_support
fast reliable service,2,2,4,fallback_support
very bad experience,0,0,4,fallback_support
forced to collect parcel due to lack of transport at neelambur office repeated false updates unacceptable service,0,0,4,fallback_support
address delivery failed network issue poor service,0,0,4,fallback_support
prompt polite delivery appreciated,2,2,4,fallback_support
different product received scam,0,0,4,fallback_support
address incorrectly marked despite successful past deliveries,1,1,4,fallback_support
delivery delay and rude staff behaviour,0,0,0,delay
courier boy not talk,1,1,4,fallback_support
premium service expectation not met,1,1,4,fallback_support
still not received very bad service,0,0,2,damage_lost
worst courier service in surat,0,0,4,fallback_support
late delivery very rd class service delivery not door door service delivery boy say take your parcel near by location not deliver at adress,0,0,0,delay
I have not received this parcel but it shows that I have received it,1,1,2,damage_lost
not satisfied customer care not responding,0,0,4,support
parcel already reached city but not delivered,1,0,4,fallback_support
delivery person handed product to someone else,0,0,4,fallback_support
Communication with customer is not good in kothapet branch ,0,0,4,fallback_support
received parcel on time,1,1,4,fallback_support
false consignee unavailable status updated without contact forced office pickup,0,0,4,support
delivery took too much time,1,1,4,fallback_support
forced self pickup despite paying delivery charges,0,0,4,fallback_support
fast service hdfc bank,1,1,4,fallback_support
dilivery boy nahi aana chahte hain bolte hain galat pin code hai aapka lekin aisa nahi haihamesa kosis karte hain otp mangne ka or order cancel kar dete hain lekin ish baar mai bahut samjhai tab ja kar aaye or phir bahana bana rahe please consider this problem,1,0,4,fallback_support
do not want this,1,1,4,fallback_support
did not get parcel,0,0,4,fallback_support
very bed service,1,1,4,fallback_support
prediction date not accurate but service good,2,2,4,fallback_support
good performance,2,2,4,fallback_support
on time good delivery,2,2,4,fallback_support
return parcel bad smell,0,0,4,fallback_support
delivered to landmark instead of address,1,1,4,fallback_support
need delivery person contact number,1,1,4,support
material poor need return,0,0,4,fallback_support
well mannered behaviour,1,1,4,fallback_support
order parcel of r while order pay r but at time of delivery he ask r deny for pay but he say that then cancel your order not deliver your order,0,0,4,fallback_support
courier boy rude behaviour unacceptable,0,0,3,behaviour
excellent delivery happy to receive this shipment,2,2,4,fallback_support
card delivery failed and marked delivered,0,0,4,fallback_support
prepaid order marked delivered but not received agent unreachable,0,0,2,damage_lost
very pleased parcel arrived safe,2,2,4,fallback_support
get msg that it deliver today morning but get product by pm,0,0,4,fallback_support
delivery boy lacks manners,1,1,4,fallback_support
quality mismatch from images,0,0,4,fallback_support
good keep it up,2,2,4,fallback_support
order not delivered,0,0,4,fallback_support
consignment not delivered but status shows delivered,1,0,5,tracking
shipment not received yet,0,0,2,damage_lost
your service is very good,2,2,4,fallback_support
pickup and dispatch too slow,0,0,4,fallback_support
excellent delivery experience,2,2,4,fallback_support
delivery agent falsely marked not available,0,0,4,fallback_support
packet stuck at center since Wednesday,1,1,4,fallback_support
fake item received,1,1,4,fallback_support
very nice service,2,2,4,fallback_support
overall good but need agent phone number in advance,1,2,4,fallback_support
wrong product delivered fake item,0,0,4,fallback_support
not yet delivered,1,1,4,fallback_support
delayed four days collected from store,0,0,0,delay
try delivering at correct address,1,1,4,fallback_support
delivery refused to come upstairs,1,1,4,fallback_support
please inform at least one hour before delivery,1,1,4,fallback_support
delivery not make at give address even without call reach at address status be show that consignee not available once call make receive parcel from store come store receive parcel bad service,0,0,4,support
delivery marked out but never arrived,0,0,4,fallback_support
need delivery agent contact number,1,1,4,support
shipment not delivered had to collect personally,1,0,4,fallback_support
nice experience overall,2,2,4,fallback_support
delivery complete shown but not received,1,1,2,damage_lost
bank envelope misplaced,0,0,4,fallback_support
delivery person well mannered give me full change without any excuse,2,2,4,fallback_support
wrong colour received,1,0,4,fallback_support
deliver product asap,1,1,4,fallback_support
delivery person honest returned full change,2,2,4,fallback_support
good safe fast,2,2,4,fallback_support
excellent service overall,2,2,4,fallback_support
payment issue amount collected wrongly,1,0,4,fallback_support
Worst video kyc process,0,0,4,fallback_support
incorrect order received,0,0,4,fallback_support
good experience nothing to add,2,2,4,fallback_support
nothing needs to be changed,2,2,4,fallback_support
associate demanded extra money rude behaviour,0,0,3,behaviour
misleading customer unacceptable behaviour,1,1,4,fallback_support
kind of approach behaviour not up mark he should be polite not arrogant even under pressure,1,1,4,fallback_support
delivery contact number required,1,1,4,support
product quality bad,0,0,4,fallback_support
good service delivered on time,2,2,4,fallback_support
nice delivery boy,2,2,4,fallback_support
trustworthy courier partner always on time,2,2,4,fallback_support
did not receive parcel at all,0,0,4,fallback_support
no idea,1,1,4,fallback_support
delivery timeline unclear no response,0,0,4,support
deliver all order together instead separately,1,1,4,fallback_support
very nice good person,2,2,4,fallback_support
good delivery boy behaviour,2,2,4,fallback_support
very good best service,2,2,4,fallback_support
impressed,2,2,4,fallback_support
very nice service keep it up,2,2,4,fallback_support
fake website wrong product received,0,0,4,fallback_support
great features compared to other banks,2,2,4,fallback_support
deliver item promptly after confirmation,1,1,4,fallback_support
want to return my parcel because it is defective,0,0,4,fallback_support
not received shipment,1,1,2,damage_lost
delivery very late shipment not delivered no calls or delivery attempts,0,0,0,delay
best delivery boy service,2,2,4,fallback_support
product delivery delayed bad experience,0,0,0,delay
definitely,1,1,4,fallback_support
it was good delivery,2,2,4,fallback_support
didnt receive order,0,0,4,fallback_support
delivery safe and on time very happy,2,2,4,fallback_support
exilent,1,1,4,fallback_support
not delivered on time please share location,0,0,0,delay
Wodd Service Experience,1,1,4,fallback_support
fake product scam delivered,0,0,4,fallback_support
The person who delivered my card was exceptionally calm and patient,2,2,4,fallback_support
good service happy with delivery,2,2,4,fallback_support
your executive never deliver parcel my address,0,0,4,fallback_support
missing product in parcel,1,0,4,fallback_support
perfect product,2,2,4,fallback_support
area not serviceable delivery failed,0,0,4,fallback_support
delivery agent very nice,2,2,4,fallback_support
scam totally got scammed,0,0,4,fallback_support
best work by team,2,2,4,fallback_support
shipment not received yet,1,1,2,damage_lost
bad way of navigating even talk customer wouldnt recommend it anyone,0,0,4,fallback_support
delivery agent should not shout customer name publicly,1,1,4,fallback_support
service best but charges expensive,1,1,4,fallback_support
delay in delivery,1,0,0,delay
delivery agent demanded money,0,0,4,fallback_support
best service ever with good delivery boy,2,2,4,fallback_support
no response had to go nearby location to collect parcel,0,0,4,support
did not receive order but status shows delivered,0,0,4,fallback_support
delivery staff humble and polite,2,2,4,fallback_support
promised delivery in hours took one day,0,0,4,fallback_support
"Bad service, delivery delayed",0,0,0,delay
package not received,0,0,2,damage_lost
Noo,1,1,4,fallback_support
delivery not received please verify,0,0,2,damage_lost
delivery boy rude and unprofessional behaviour,0,0,3,behaviour
door delivery not done had to visit warehouse,0,0,4,fallback_support
delivery person threw document without otp,0,0,4,fallback_support
not responsible,1,1,4,fallback_support
order deliver on time delivery agent understand instruction deliver right place,1,1,4,fallback_support
delivery guy polite,2,2,4,fallback_support
OTP shared but parcel not delivered fraud concern,0,0,4,fallback_support
delivery agent polite but delayed,1,0,0,delay
service disaster phone not answered,1,1,4,fallback_support
did not receive my product,0,0,4,fallback_support
package broken damaged,0,0,2,damage_lost
fake delivery nothing delivered,1,1,4,fallback_support
call before arrival request,1,1,4,support
parcel arrived one day early,2,2,4,fallback_support
delivery partner bad not cooperative at all,0,0,4,fallback_support
timely proper delivery,2,2,4,fallback_support
ok ok,1,1,4,fallback_support
havent receive courier,1,1,4,fallback_support
company track system need take care,1,1,5,tracking
partial order received,1,1,4,fallback_support
we use youf exemplary service keep it uo,1,1,4,fallback_support
courier guy didnt come door insisted pickup outside,0,0,4,fallback_support
excellent professional timely delivery satisfied,2,2,4,fallback_support
empty cardboard received,0,0,4,fallback_support
delivery discarded at wrong doorstep without call,0,0,4,support
product quality poor want return,0,0,4,fallback_support
very late delivery service,0,0,0,delay
delivery executive rude parcel not delivered,0,0,3,behaviour
please update by call,1,1,4,support
did not get any delivery,0,0,4,fallback_support
delivery as promised,1,1,4,fallback_support
customer feedback account opening delay,1,0,0,delay
my package not deliver me where my parcel,0,0,4,fallback_support
not received courier but message shows delivered no call,1,1,2,damage_lost
great delivery by mr ratan,2,2,4,fallback_support
parcel deliver but not receive at give address nice communication good,1,2,4,fallback_support
excellent on time service,2,2,4,fallback_support
too much time taken,1,1,4,fallback_support
false reasons for delay repeated bad experience,0,0,0,delay
supar,1,1,4,fallback_support
delivered away from home address,1,1,4,fallback_support
it is perfect,2,2,4,fallback_support
very bad cloth quality,0,0,4,fallback_support
shipment delivered to unknown person without contact,1,1,4,support
v good delivery partner,2,2,4,fallback_support
worst service parcel kept at hub had to self collect,0,0,4,fallback_support
worst service product damaged leaked,0,0,2,damage_lost
missing items in parcel,1,0,2,damage_lost
no thanks,1,2,4,fallback_support
quick delivery good service,2,2,4,fallback_support
very poor irresponsible service,0,0,4,fallback_support
fake tracking entry by associate,0,0,5,tracking
package received safely polite delivery person,2,2,4,fallback_support
delivere experience very bad,0,0,4,fallback_support
received damaged product,0,0,2,damage_lost
rare polite and humble people appreciated,1,1,4,fallback_support
delivery person not well behave,0,0,4,fallback_support
parcel received safely though delayed acceptable,2,0,0,delay
excellent delivery,2,2,4,fallback_support
sahi time pe saman nahi jata hai,1,1,4,fallback_support
received wrong product please contact scam case,0,0,4,support
delivery delayed and not received yesterday very disappointed,0,0,2,damage_lost
insurance death cover suggestion,1,1,4,fallback_support
ordered something else received different item,1,1,4,fallback_support
worst service delivery agent did not respond or deliver to home address,0,0,4,fallback_support
Delivery of Debit Card was atrocious repeated false consignee not available reports and no resolution,0,0,4,fallback_support
order reached hub delivery agent did not contact rescheduled repeatedly had to collect item,0,0,4,support
delivery agent behaviour good but very delayed,1,0,0,delay
item not delivered today,0,0,4,fallback_support
please return item,1,1,4,fallback_support
item missing in delivery,0,0,2,damage_lost
partial order received refund requested,1,0,7,refund
on time delivery,1,1,4,fallback_support
parcel returned but credit points reduced,1,1,4,fallback_support
delivery person polite found new address,1,1,4,fallback_support
courier not delivered to address,0,0,4,fallback_support
receive on time but minor request if possible then please share number of delivery person when package out for delivery,1,1,4,fallback_support
not same as shown in picture,0,0,4,fallback_support
delivery boy supportive and helpful,2,2,4,support
delivery misprint address but resolved later,1,0,0,delay
sender details missing and faulty product delivered,0,0,4,fallback_support
highly,1,1,4,fallback_support
quick delivery,1,1,4,fallback_support
please deliver order on time,1,1,4,fallback_support
very late delayed delivery,0,0,0,delay
cheating business dirty torn saree delivered instead of ordered product,0,0,2,damage_lost
need accurate timely delivery info no fake sms,1,1,4,fallback_support
consistent delivery delays with vendor,0,0,0,delay
on time arrival,1,1,4,fallback_support
nothing improve,1,1,4,fallback_support
deliver exact original items as advertised,1,1,4,fallback_support
very very bad service not recommended,0,0,4,fallback_support
delivery man rude to senior citizen,0,0,3,behaviour
service great no change needed,2,2,4,fallback_support
ok delivery,1,1,4,fallback_support
want to cancel my order due to issue,0,0,4,fallback_support
delay due to delivery person leave,1,0,0,delay
good service on time,2,2,4,fallback_support
vare good keep it up,2,2,4,fallback_support
welcome kit missing cheque book,1,0,4,fallback_support
nice good service,2,2,4,fallback_support
shipment not delivered despite multiple follow ups unacceptable delay,0,0,0,delay
product superb sound quality,2,2,4,fallback_support
delay service,0,0,0,delay
fast service very happy on time delivery,2,2,4,fallback_support
please deliver product faster,1,1,4,fallback_support
delivery person calm patient professional,2,2,4,fallback_support
not delivered on time,0,0,0,delay
replacement requested product quality not good,0,0,7,refund
delivery delayed due to lack of delivery staff,0,0,0,delay
best delivery agent,2,2,4,fallback_support
delivery man awesome behaviour,2,2,4,fallback_support
deliver on time iam happy,2,2,4,fallback_support
fake delivery status without calling customer,0,0,5,tracking
delivery staff rude spoke badly,0,0,3,behaviour
wrong order delivered,0,0,4,fallback_support
work seems impossible,1,1,4,fallback_support
need better communication,1,1,4,fallback_support
rude behaviour towards family member,0,0,3,behaviour
best of friend bobby good service,2,2,4,fallback_support
return product poor quality,0,0,4,fallback_support
avoid fraud check before delivery,1,1,4,fallback_support
return requested wrong item delivered,1,0,4,fallback_support
return requested without reason,1,1,4,fallback_support
receive courier on scheduled time thank you,2,2,4,fallback_support
smooth on time polite delivery,2,2,4,fallback_support
keep going,1,1,4,fallback_support
delivery man should call before coming,1,1,4,support
parcel marked delivered but not received,1,1,2,damage_lost
parcel delivered to unknown location,0,0,4,fallback_support
best service very good hospitality,2,2,4,fallback_support
charged different COD for same place unfair practice,0,0,6,pricing
fake product image shown different item delivered,0,0,4,fallback_support
Keep updated about the tracking status,1,1,5,tracking
good sound,2,2,4,fallback_support
service superb keep it up,2,2,4,fallback_support
abusive language feedback,0,0,4,fallback_support
courier delivered to unknown person,1,1,4,fallback_support
it very nice rate thank you team divine hindu blue dart team,2,2,4,fallback_support
No iam not interested KYC update,0,0,4,fallback_support
tracking system poor no delivery contact,0,0,5,tracking
delivery guy keep ring bell very much in hurry rude,0,0,3,behaviour
package tampered seal broken,0,0,2,damage_lost
polite and sweet courier person,2,2,4,fallback_support
good service staff behaviour nice,2,2,4,fallback_support
customer service needs improvement,0,0,4,fallback_support
extremely poor delayed damaged delivery,0,0,2,damage_lost
parcel given to security without informing,1,1,4,fallback_support
your service very timely behaviour of your delivery boy also very cordial,2,2,4,fallback_support
bad delivery,0,0,4,fallback_support
delivery personnel unprofessional and in hurry,0,0,3,behaviour
wrong stock delivered,1,0,4,fallback_support
delay as per expected date,1,0,0,delay
want return received wrong parcel,0,0,4,fallback_support
your delivery boy manner of communication very poor he didnt come my address deliver parcel instead,0,0,4,fallback_support
not deliver home,1,1,4,fallback_support
item received by someone else status shows delivered,1,1,4,fallback_support
return requested size too small,1,1,4,fallback_support
delivery time should add in form,1,1,4,fallback_support
good fast delivery,2,2,4,fallback_support
not deliver at door step,0,0,4,fallback_support
too much delay staff avoiding delivery,0,0,0,delay
right time delivery proper manner,1,1,4,fallback_support
minimal calls,1,1,4,support
size issue exchange requested,1,0,4,fallback_support
bluedart delivery boy very nice friendly behaviour,2,2,4,fallback_support
havenÂt received package yet,0,0,4,fallback_support
premium jacket quality excellent,2,2,4,fallback_support
bluedart delivery staff not deliver at my addresshe call me at other location which from my current addressi tell him that deliver at my current address then he say that your current address bluedart dont deliver at that location as well a say that if you dont come then submit this item in hdfc bank,0,0,4,support
great service overall,2,2,4,fallback_support
parcel misplaced warehouse pickup wasted day,0,0,4,fallback_support
my parcel not delivered kindly send me signature,1,0,4,fallback_support
last few deliveries seal open,0,0,4,fallback_support
delivery partner well behaved,2,2,4,fallback_support
parcel handed to unknown person urgent,0,0,4,fallback_support
good service in time delivery,2,2,4,fallback_support
delivery staff misbehaved while handling check book,0,0,3,behaviour
thanks for quick smooth delivery,2,2,4,fallback_support
quality not well,0,0,4,fallback_support
good service by ankit,2,2,4,fallback_support
very fast delivery,2,2,4,fallback_support
product damaged in transit,1,0,2,damage_lost
delivery extremely late,1,0,0,delay
everything was good staff behaviour nice,2,2,4,fallback_support
very late delivery false report of premise close whereas no delivery attempt for last two day,0,0,0,delay
very very bad experience with bluedart,0,0,4,fallback_support
We are proud to have joined IDFC Bank first of its kind excellent experience,2,2,4,fallback_support
agency not recommended insufficient staff,0,0,4,fallback_support
delivery date confusion,1,1,4,fallback_support
change product,1,1,4,fallback_support
perfume packaging damaged and disappointing,0,0,2,damage_lost
courier receive nov but daily out for delivery,0,0,4,fallback_support
thanks for timely delivery,2,2,4,fallback_support
good enough,2,2,4,fallback_support
parcel not delivered to named recipient,1,0,4,fallback_support
very fast accurate delivery,2,2,4,fallback_support
order l size delivery size,1,1,4,fallback_support
minimum deposit amount should be reduced,1,1,4,fallback_support
sender fraud,0,0,4,fallback_support
return order link needed,1,1,4,fallback_support
cannot receive my parcel,0,0,4,fallback_support
executive never attempted delivery and falsely updated status,0,0,4,fallback_support
very bad product,1,0,4,fallback_support
no complaints good service,2,2,4,support
return request,1,1,4,fallback_support
very disappointed delivery delay,0,0,0,delay
good behaviour and polite communication,2,2,4,fallback_support
fraud product received online,0,0,4,fallback_support
received call,1,1,4,support
bad service no responsibility,0,0,4,fallback_support
no delivery attempt made had to collect from hub,0,0,4,fallback_support
item missing,0,0,2,damage_lost
wonderful banking experience with idfc,2,2,4,fallback_support
hassle free on time delivery,2,2,4,fallback_support
inform customer before delivery time slot,1,1,4,fallback_support
one of my item missing,1,0,2,damage_lost
fast delivery and good interaction,2,2,4,fallback_support
already opened box,1,1,4,fallback_support
good delivery boy polite,2,2,4,fallback_support
late service despite urgent charges,1,0,0,delay
service good no issues,2,0,4,fallback_support
unable to receive call but delivery completed,1,1,4,support
package delivered to wrong address,0,0,1,wrong_delivery
product delivered to wrong office,1,0,1,wrong_delivery
raise complaint because wrong order received please refund amount,0,0,7,refund
delivery partner not professional gave unsolicited advice and argued with customer,0,0,3,behaviour
he take more from me want my money back it delivery guy who lie take money from bludart,0,0,7,refund
service very poor,0,0,4,fallback_support
transparent which reason item cant deliver,1,1,4,fallback_support
delivery took too long despite nearby centre,1,1,4,fallback_support
well done,1,1,4,fallback_support
received order at bluedart pickup point,1,1,4,fallback_support
please share agreement letter,1,1,4,fallback_support
you very good,2,2,4,fallback_support
nearby shop delivery via otp forced bad service,1,0,4,fallback_support
undue delay no communication,0,0,0,delay
not my courier fraud message received,0,0,4,fallback_support
awesome product experience,2,2,4,fallback_support
wonderful experience,2,2,4,fallback_support
damaged package signs of tampering,0,0,2,damage_lost
bank atm related shipment mention,1,0,0,delay
we want return order need contact number,1,1,4,support
product not received marked delivered,0,0,2,damage_lost
nothing delivered today despite approval,0,0,4,fallback_support
excellent job,1,2,4,fallback_support
didnt fuck recieved it,0,0,4,fallback_support
this replacement order delivered earlier box was completely open and wrong product was delivered,0,0,7,refund
delivery boy very helpful nice behaviour,2,2,4,fallback_support
scammed want refund,0,0,7,refund
quality feedback,1,1,4,fallback_support
packet marked delivered but not received no call no otp,0,0,2,damage_lost
horrible service experience,0,0,4,fallback_support
service always vgood with customer convenience approach,2,2,4,fallback_support
irresponsible service will not recommend,0,0,4,fallback_support
want to contact support,1,1,4,support
delivery person insisted alternate delivery location,1,1,4,fallback_support
damaged product need return sender details missing,0,0,2,damage_lost
delivery partner number should be shared,1,1,4,fallback_support
order delivered late ruined occasion,0,0,0,delay
wrong person delivery,0,0,4,fallback_support
parcel not delivered at home no call made,1,0,3,behaviour
halfway delivery asked to collect myself,0,0,4,fallback_support
received wrong product,1,0,4,fallback_support
delivery not attempted phone not picked,0,0,0,delay
sound quality not good,0,0,4,fallback_support
thanks great,2,2,4,fallback_support
very rude customer care and poor delivery,0,0,3,behaviour
please deliver my passbook properly,1,1,4,fallback_support
awesome delevery experience,2,2,4,fallback_support
item fully damaged not usable,0,0,2,damage_lost
delivery service very poor in my pincode,0,0,4,fallback_support
not receive my order even after speak delivery guy ask him deliver it on th nov even since no one available receive parcel,0,0,4,fallback_support
not received order please ensure delivery,1,1,2,damage_lost
not yet deliver in expected date,1,1,4,fallback_support
left box at pg entrance,1,1,4,fallback_support
bad experience wrong item delivered,0,0,4,fallback_support
thank you so much,2,2,4,fallback_support
want return product ordered casio got local watch,1,1,4,fallback_support
not properly packed bottle leak,0,0,4,fallback_support
security delivery not doorstep,1,1,4,fallback_support
did not receive product but marked delivered,0,0,4,fallback_support
delivery boy took money refund not given,0,0,7,refund
item not delivered at given address,0,0,4,fallback_support
You could add more account types with lower MAB also. Otherwise good so far.,2,2,4,fallback_support
delivery person asked me to collect parcel from his location,0,0,4,fallback_support
not receive packet or kitwho irshad who consignment deliver,1,1,5,tracking
so happy,2,2,4,fallback_support
delivery good though slower than amazon flipkart,2,2,4,fallback_support
credit card pin delivered to watchman security issue,1,0,4,fallback_support
name spelled incorrectly on parcel,1,1,4,fallback_support
Great delivery guy smooth process,2,2,4,fallback_support
good attitude,2,2,4,fallback_support
rating only for delivery person,1,1,4,fallback_support
thank you for delivering my awaited item on time in good condition,2,2,4,fallback_support
great service delivery on time,2,2,4,fallback_support
reliable service but no strong feedback,1,1,4,fallback_support
lalit kumar handled shipment well,1,1,4,fallback_support
order delivered very late but service ok,1,0,0,delay
accuracy good,1,2,4,fallback_support
nothing much requiredall good,2,2,4,fallback_support
share proof of delivery,1,1,4,fallback_support
not deliver on time,0,0,4,fallback_support
faster delivery bluedart service,2,2,4,fallback_support
very rude delivery boy,0,0,3,behaviour
package delayed without any information,1,0,0,delay
courier not deliver my home have reach courier office n get package,0,0,4,fallback_support
The delivery was on time. And tracking details were given on time,2,2,5,tracking
very rude unprofessional delivery man,0,0,3,behaviour
please improve delivery time,1,1,4,fallback_support
too late delivery,0,0,0,delay
no shipment deliver please update,1,1,4,fallback_support
signature taken but item not delivered,1,0,4,fallback_support
order not delivered delivery agent failed,0,0,4,fallback_support
delivery feedback,1,1,4,fallback_support
behaviour of employee so good,1,2,4,fallback_support
used product received want return,0,0,4,fallback_support
im at home no delivery person came no parcel received,1,1,4,fallback_support
fast delivery service,1,1,4,fallback_support
schedule delivery time in advance,1,1,4,fallback_support
excellent experience,2,2,4,fallback_support
give delivery person mobile number,1,1,4,fallback_support
forced pickup due to false refusal remark,0,0,4,fallback_support
good prompt service,2,2,4,fallback_support
return requested not satisfied,0,0,4,fallback_support
delivery boy very bad,0,0,4,fallback_support
reliable service,2,2,4,fallback_support
delivery to wrong person,1,0,4,fallback_support
delivery person left bank card outside house without notification,0,0,4,fallback_support
ordered one product but received another,1,1,4,fallback_support
product changed please replace,0,0,4,fallback_support
second parcel via blue dart,1,1,4,fallback_support
excellent communication,2,2,4,fallback_support
courier boy did not come to door asked to come outside,1,1,4,fallback_support
not dileverd on time every time please look at this important problem,0,0,4,fallback_support
wrong product poor quality,0,0,4,fallback_support
fast reliable delivery service,2,2,4,fallback_support
remaining order missing,1,0,4,fallback_support
delivery person argued and forced me to arrange cash unacceptable behaviour,0,0,3,behaviour
card not delivered but marked delivered,0,0,4,fallback_support
super delivery boy good,2,2,4,fallback_support
dont know who mohan havent receive shipment,1,1,4,fallback_support
not delivered at home,0,0,4,fallback_support
punctuality concern,1,1,4,fallback_support
very disappointed courier staff behaviour,0,0,4,fallback_support
good could well with timing,1,2,4,fallback_support
very kind and helpful person,2,2,4,fallback_support
waited patiently for customer,1,1,4,fallback_support
delivery boy rude and unprofessional during delivery,0,0,3,behaviour
delivery boy late,0,0,0,delay
fake delivery attempt reported,0,0,4,fallback_support
they take extra money,0,0,4,fallback_support
carry on,1,1,4,fallback_support
packaging broken not satisfied,0,0,2,damage_lost
Super service No problem at all sir,2,0,4,fallback_support
please deliver product fastly,1,1,4,fallback_support
reliable courier service,2,2,4,fallback_support
delivery message should come after delivery,1,1,4,fallback_support
gift pack missing damaged product,1,0,2,damage_lost
not delivered product at all,0,0,4,fallback_support
inform who received card,1,1,4,fallback_support
khub j sari prakriya chhe,1,1,4,fallback_support
need time slot option for delivery,1,1,4,fallback_support
manager rude behaviour at office,0,0,3,behaviour
no improvement suggestion,1,1,4,fallback_support
parcel delivered to wrong flat careless behaviour,0,0,1,wrong_delivery
prepaid parcel not delivered at door cod delivered at door,1,0,4,fallback_support
delivery attempt failed due to missed call,1,1,4,support
delivery person refused to deliver to first floor after complaint delivered standing on street,0,0,4,support
called for directions and delivered intact,1,1,4,support
so bad,0,0,4,fallback_support
no call when out for delivery,1,1,3,behaviour
delivery person cooperative and supportive,2,2,4,support
order delivery delayed by full day beyond schedule,1,0,0,delay
fake delivery remark,1,1,4,fallback_support
very good job very happy,2,2,4,fallback_support
return accepted,1,1,4,fallback_support
delivery staff professional and polite,2,2,4,fallback_support
very good service delivery guy behaviour also very good,2,2,4,fallback_support
delivery delay without prior info,1,0,0,delay
high quality product,1,1,4,fallback_support
dont know whom you delivered parcel,1,1,4,fallback_support
poor packaging bottle leaked,0,0,2,damage_lost
provide delivery service contact number,1,1,4,support
paperless fast banking but courier bad,1,0,4,fallback_support
wrong product delivered from your side,0,0,4,fallback_support
early service appreciated,2,2,4,fallback_support
parcel not deliver mark delivered,1,1,4,fallback_support
delivery charges should be reduced,1,1,4,fallback_support
no phone call from delivery team,1,1,4,support
one more item missing,1,0,2,damage_lost
g tum hkfbcc jysig,1,1,4,fallback_support
bad product received,0,0,4,fallback_support
order arrived late,0,0,0,delay
havenÂt received courier name mismatch issue,1,0,4,fallback_support
below average service,0,0,4,fallback_support
bad delivery man arrogant behaviour,0,0,4,fallback_support
very good service delivered one day early,2,2,4,fallback_support
performance exceeded expectations,2,2,4,fallback_support
do not receive mail,0,0,4,fallback_support
your executive ask for aadhar card of receive person,1,1,4,fallback_support
not me,1,1,4,fallback_support
wrong product delivered ordered tshirts received pants,0,0,4,fallback_support
wrong article received only car mobile charger in box,0,0,4,fallback_support
delivery time not shown,1,1,4,fallback_support
want to return my order,1,1,4,fallback_support
delivery delayed beyond promised date,0,0,0,delay
delivery delayed by one day,1,0,0,delay
very good behaviour nicely talk good hearted man,2,2,4,fallback_support
provide delivery time slot option,1,1,4,fallback_support
called to delivery point instead of doorstep,0,0,4,support
name incorrect on parcel,1,1,4,fallback_support
delivered ahead of schedule very efficient service,2,2,4,fallback_support
thanks,2,2,4,fallback_support
delivery person cooperative,1,1,4,fallback_support
product original address per deliver nahi huva,0,0,4,fallback_support
employee explained account features very well and opened account after banking hours appreciate the effort,2,2,4,fallback_support
they wait for u because we late take delivery,1,0,0,delay
had to collect parcel from office pathetic service,0,0,4,fallback_support
delivery agent number not shared,0,0,4,fallback_support
false information raised by delivery partner,0,0,4,fallback_support
not receive parcel no call no OTP,0,0,3,behaviour
delivery staff not interested left parcel with security item missing,0,0,2,damage_lost
bank service excellent welcome kit pending,2,2,4,fallback_support
nice behaviour,1,2,4,fallback_support
slow delivery extremely delayed,0,0,0,delay
status misleading parcel delivered late and tampered,0,0,2,damage_lost
sandip polite and cooperative delivery agent,2,2,4,fallback_support
ok tanq,1,1,4,fallback_support
parcel not delivered to me,1,0,4,fallback_support
delivery marked delivered without actual delivery,1,1,4,fallback_support
nice service overall,2,2,4,fallback_support
delivery marked without actual delivery,0,0,4,fallback_support
very bad saree quality,0,0,4,fallback_support
delivery late despite follow ups,1,0,0,delay
NONE,1,1,4,fallback_support
minimum balance info needed,1,1,4,fallback_support
delivery boy contact number should be shared,1,1,4,support
order is fake want to return very disappointed,0,0,4,fallback_support
fake product exchange fraud,0,0,4,fallback_support
bad service article reached hub near my house but not delivered,0,0,4,fallback_support
item not same,0,0,4,fallback_support
not right,1,1,4,fallback_support
very rude behaviour shouting and arguing with customer,0,0,3,behaviour
continuous delay no support or contact,0,0,0,delay
normal service,1,1,4,fallback_support
everything perfect service,2,2,4,fallback_support
track parcel go office collect it know they delay delivery,1,0,0,delay
fake product delivered unhappy,0,0,4,fallback_support
worst delivery personnel,0,0,4,fallback_support
bad service experience,0,0,4,fallback_support
delivery boy very humble,2,2,4,fallback_support
nothing to improve everything perfect,2,2,4,fallback_support
prompt fast delivery,2,2,4,fallback_support
not well,0,0,4,fallback_support
rude delivery person behaviour,0,0,3,behaviour
india,1,1,4,fallback_support
fake remark short address delivery not attempted,0,0,0,delay
no call just delivery message received,0,0,3,behaviour
best service in region,2,2,4,fallback_support
staff cooperative timely delivery,2,2,4,fallback_support
not good quality,0,0,4,fallback_support
delivery boy didnt speak address parcel not received,0,0,2,damage_lost
delivery on time good service thanks bluedart,2,2,4,fallback_support
delivery delayed repeatedly,0,0,0,delay
fjfuuffhhchf,1,1,4,fallback_support
delivered after delay extremely poor service,0,0,0,delay
regional language support needed for KYC,1,1,4,support
very good service keep it going,2,2,4,fallback_support
delivery agent not trained rude behaviour,0,0,3,behaviour
shipment not delivered but marked delivered,0,0,4,fallback_support
not receive parcel without handover,1,1,4,fallback_support
delivery agent professional and polite,2,2,4,fallback_support
10,1,1,4,fallback_support
missing item from package,1,0,2,damage_lost
delivery partner refused doorstep delivery asked to collect far away,0,0,4,fallback_support
My Documents not received Please Contact,1,1,2,damage_lost
parcel not delivered to address,0,0,4,fallback_support
parcel wrongly delivered not received by me,0,0,2,damage_lost
order not receive,1,1,4,fallback_support
delivery person good but unreachable in emergency,1,2,4,fallback_support
return requested wrong product,1,0,4,fallback_support
not dor delivery,1,1,4,fallback_support
no home delivery,0,0,4,fallback_support
cloth quality very bad,0,0,4,fallback_support
want return my order because different item received,1,1,4,fallback_support
delivery denied to home told service only on main road market area,0,0,4,fallback_support
product delivered to wrong person,0,0,1,wrong_delivery
delivery person knows address accurately,1,1,4,fallback_support
parcel delivered to tenant without otp,1,1,4,fallback_support
delivery of this order make promptly,1,1,4,fallback_support
delivery received accurately,1,1,4,fallback_support
replace cover wrong item,1,0,4,fallback_support
item delivered to wrong person,0,0,1,wrong_delivery
not deliver at door step,1,1,4,fallback_support
nothing more to say delivered on time,2,2,4,fallback_support
unprofessional delivery staff behaviour,1,1,3,behaviour
delivery delay,1,0,0,delay
delivery agent polite professional,1,1,4,fallback_support
product different from ur add,1,1,4,fallback_support
received,1,1,4,fallback_support
this my first order receive from blue dart,1,1,4,fallback_support
everything ok excellent service thanks,2,2,4,fallback_support
delivery office pickup required,1,1,4,fallback_support
mobile case exchange issue,1,0,4,fallback_support
it not deliver me yet,1,1,4,fallback_support
delivery delayed missed important date,1,0,0,delay
shipment delivered on time,2,2,4,fallback_support
extra day taken for delivery,1,1,4,fallback_support
didnt receive any parcel fraud case,0,0,4,fallback_support
order delivered very late,0,0,0,delay
timely service,1,1,4,fallback_support
pathetic delivery had to collect from centre,0,0,4,fallback_support
good ok overall satisfied,2,2,4,fallback_support
delivery delayed with no update extremely disappointing,0,0,0,delay
package marked delivered but not received,0,0,2,damage_lost
Amazing experience,2,2,4,fallback_support
delivery very late but finally received,1,0,0,delay
not received yet,1,1,2,damage_lost
delivery done before schedule appreciable,2,2,4,fallback_support
delivery status wrongly marked delivered without call,0,0,4,support
update status regularly,1,1,4,fallback_support
delivery not attempted at location,1,1,0,delay
parcel not received no call,0,0,2,damage_lost
very patient well speak delivery guy v respectful helpful,2,2,4,fallback_support
order delivery delayed many days unprofessional behaviour,0,0,0,delay
self pickup required,1,1,4,fallback_support
people not reach at mentioned address atleast didnt get call from delivery agent when check status it mention a address invalid which deliver other shipment same address in past which clearly say that negligence of service finally step in office location get card,0,0,4,support
delivery lady behavior not good,0,0,4,fallback_support
very poor had to collect parcel from office,0,0,4,fallback_support
broken box received,1,1,2,damage_lost
nice service experience,2,2,4,fallback_support
delivery not attempted had to collect from office,0,0,0,delay
parcel not delivered and no intimation provided,1,0,4,fallback_support
not delivered to hand,1,0,4,fallback_support
delivery reattempt done thank you,2,2,4,fallback_support
parcel taken back by delivery person,1,1,4,fallback_support
delivery marked completed before actual delivery,1,1,4,fallback_support
do not receive package but marked delivered,0,0,4,fallback_support
product missing,0,0,4,fallback_support
order delivered but not upto mark,1,1,4,fallback_support
missing item in parcel,1,0,2,damage_lost
easy account opening good experience,2,2,4,fallback_support
delivery service very good and helpful staff,2,2,4,fallback_support
delivery delayed,0,0,0,delay
late delivery after many days,1,0,0,delay
delivery agent extremely rude,0,0,3,behaviour
delivery executive did great job,2,2,4,fallback_support
where my parcel,1,1,4,fallback_support
didnt receive my product,0,0,4,fallback_support
delivery not at residence unclear source,0,0,4,fallback_support
professional response improved,2,2,4,fallback_support
shipment delivery delayed,1,0,0,delay
hassle free,1,1,4,fallback_support
delivery man no wait rude,1,0,3,behaviour
bluedart forced self collection from office very bad service,0,0,4,fallback_support
courier not received,1,1,2,damage_lost
godo,1,1,4,fallback_support
gold,1,1,4,fallback_support
very poor delivery forced office pickup after week,0,0,4,fallback_support
fraud seller wrong product delivered despite correct invoice,0,0,4,fallback_support
bank documents handed without verification concern,1,1,4,fallback_support
box cut parcel tampered,0,0,2,damage_lost
havent receive my parcel,0,0,4,fallback_support
delivery person refused door delivery and asked me to travel long distance,0,0,4,fallback_support
size extremely small,1,1,4,fallback_support
awesome service,2,2,4,fallback_support
parcel received opened item missing delivery person refused responsibility,0,0,2,damage_lost
it deliver late keep get message daily that not at home but no one ever come deilver this unprofessional understand that there can genuine case of delay,0,0,0,delay
delivery delayed had to collect from office,0,0,0,delay
delivery guy do not deliver parcel just because he climb stair,0,0,4,fallback_support
noiceeeee,1,1,4,fallback_support
delivery partner very polite and professional,2,2,4,fallback_support
wrong size received,1,0,4,fallback_support
after day effect,1,1,4,fallback_support
delivery boy promised delivery but delayed,1,0,0,delay
delivery was too late compared to schedule,0,0,0,delay
poor delivery service overall,0,0,4,fallback_support
on time,1,1,4,fallback_support
one day late delivery,1,0,0,delay
false reporting without visit or call,0,0,4,support
item not received no delivery attempt,0,0,2,damage_lost
office jake lena pada service ekdam galat hai,0,0,4,fallback_support
confidential letter delivered to wrong person security risk,1,0,1,wrong_delivery
fantastic five star,2,2,4,fallback_support
ok good,2,2,4,fallback_support
delivery improvement required,1,1,4,fallback_support
satisfied with service,2,2,4,fallback_support
not delivered at my location,0,0,4,fallback_support
excellent fast service,2,2,4,fallback_support
delivery reached district but not delivered for days,0,0,4,fallback_support
very late delivery,0,0,0,delay
delivered to wrong person address,0,0,1,wrong_delivery
by my name correction required,1,1,4,fallback_support
product defective,0,0,4,fallback_support
delivery address marked incorrect falsely,0,0,4,fallback_support
punctuality,1,1,4,fallback_support
delivery not on time wrong info given,0,0,0,delay
no manner talk eldersneed improve interaction behaviour which cant insult client especially senior,0,0,4,fallback_support
bad service delivery boy start call me from pm deliver at he call with different different number again again,0,0,4,support
delivery boy patience appreciated,2,2,4,fallback_support
delivery late no site update,0,0,0,delay
self pickup delivery failed,1,1,4,fallback_support
very good service impressed,2,2,4,fallback_support
many times delivery avoided with false reasons no call made,0,0,3,behaviour
Nothing need to change,1,1,4,fallback_support
waited whole day no call delivery timing unclear,1,2,3,behaviour
product not delivered at all,0,0,4,fallback_support
delivery partner was very rude refused to come near doorstep and spoke harshly unacceptable behaviour,0,0,3,behaviour
delivery after full payment delayed,0,0,0,delay
package not delivered,1,0,4,fallback_support
it deliver at all whom deliver god only know,1,1,4,fallback_support
correct delivery,2,2,4,fallback_support
get different product not what ordered,1,1,4,fallback_support
delivery delay with false premise closed update very poor service,0,0,0,delay
shipment not delivered fake update,0,0,4,fallback_support
rude behaviour,0,0,3,behaviour
saree damaged,0,0,2,damage_lost
partial delivery app shows full delivered,1,1,4,fallback_support
product does not fit cannot use,0,0,4,fallback_support
good service communication easy,2,2,4,fallback_support
excellent customer service,2,2,4,fallback_support
ok receive,1,1,4,fallback_support
professional conduct,1,1,4,fallback_support
we cant receive flicka silk touch only lipstick receive from box,1,1,4,fallback_support
important courier delayed without call,0,0,0,delay
delivery guy didnt deliver order,0,0,4,fallback_support
u deliver wrong courier,0,0,4,fallback_support
fake product exchanged fraud,0,0,4,fallback_support
no call received from courier,1,1,3,behaviour
one of best delivery,2,2,4,fallback_support
delivery staff rude liar needs training,0,0,3,behaviour
scope for improvement in online KYC verification,1,1,4,fallback_support
delivery marked but receiver different,1,1,4,fallback_support
delivery staff need behaviour training,1,1,4,fallback_support
very nice product,2,2,4,fallback_support
sunday dilivery honi chahiye,1,1,4,fallback_support
yes received service,1,1,4,fallback_support
quick service provider deliver on time,1,1,4,fallback_support
incorrect address reported intentionally,1,1,4,fallback_support
delivery guy refuse come up collect downstairs,1,1,4,fallback_support
ok thanks,1,2,4,fallback_support
bad delivery service,0,0,4,fallback_support
long term customer trust appreciated,1,1,4,fallback_support
outstanding service from blue dartgood behavior blue dart agent,2,2,4,fallback_support
not at all satisfied,1,1,4,fallback_support
service appreciable,2,2,4,fallback_support
delivery status incorrect no call received,0,0,3,behaviour
extremely rude delivery behaviour,0,0,3,behaviour
delivery boy behaved very rudely and arrogantly,0,0,3,behaviour
pathetic delivery and customer care never recommend,0,0,4,support
self pickup,1,1,4,fallback_support
delivery boy never comes to floor always leaves at ground floor very disappointing,0,0,4,fallback_support
As of now very good experience,2,2,4,fallback_support
product not delivered,0,0,4,fallback_support
no delivered,1,1,4,fallback_support
village delivery slow dissatisfied,0,0,0,delay
On.pay.link,1,1,4,fallback_support
worst delivery service refund demanded,0,0,7,refund
option to choose delivery date required,1,1,4,fallback_support
good service ashwin david thank you,2,2,4,fallback_support
very nice delivery experience,2,2,4,fallback_support
did not receive delivery,0,0,4,fallback_support
delivery delay with no communication,0,0,0,delay
late delivery again,1,0,0,delay
franchise person never delivers at home,0,0,4,fallback_support
order never delivered always marked premise locked,0,0,4,fallback_support
delivery executive very rude behaviour,0,0,3,behaviour
deliver on time without forcing office pickup,1,1,4,fallback_support
delivery status falsely marked delivered,1,1,4,fallback_support
delivery pending,1,1,0,delay
super fast one day delivery polite staff,2,2,4,fallback_support
return requested bad product,0,0,4,fallback_support
wrong item delivered dust instead of product,0,0,4,fallback_support
sharan very kind hard working,2,2,4,fallback_support
packet torn need careful handling,1,1,2,damage_lost
courier person called first day then no follow up false status updated repeatedly,1,1,4,support
atm card not delivered needs branch help,0,0,4,fallback_support
shipment marked delivered but not received,1,1,2,damage_lost
company cheated wrong product sent fraud,0,0,4,fallback_support
excell,1,1,4,fallback_support
awesome,2,2,4,fallback_support
Hg,1,1,4,fallback_support
amit ok,1,1,4,fallback_support
delivery date earlier than expected,1,1,4,fallback_support
package not yet received,0,0,4,fallback_support
delivery speedy smooth,2,2,4,fallback_support
courier delivered to wrong address,0,0,1,wrong_delivery
courier delivered on time thank you,2,2,4,fallback_support
fabric quality very cheap,1,1,4,fallback_support
otp based delivery safe and secure,2,2,4,fallback_support
nil feedback,1,1,4,fallback_support
delivery boy refused area delivery,0,0,4,fallback_support
great timely delivery,2,2,4,fallback_support
very good product value,2,2,4,fallback_support
video kyc improvement suggestion,1,1,4,fallback_support
unable to track package location,1,1,5,tracking
delay without reason,1,0,0,delay
product not delivered as per convenience,0,0,4,fallback_support
timely,1,1,4,fallback_support
nothing to add,1,1,4,fallback_support
very happy with this courier service,2,2,4,fallback_support
package never delivered false attempts marked,0,0,4,fallback_support
last credit card delivery was very bad,0,0,4,fallback_support
delivery agent never called even after reschedule,1,1,4,support
payment failed due to network issue,0,0,4,fallback_support
wrong information about address marked without OTP or call,0,0,4,support
bad experience ever order not yet deliver but status delivered,0,0,4,fallback_support
relationship manager suggestion for improvement,1,1,4,fallback_support
very pathetic service,0,0,4,fallback_support
delivery person not good,0,0,4,fallback_support
completely satisfied with recent delivery,2,2,4,fallback_support
good h,1,2,4,fallback_support
package roaming with rider no update forced hub pickup,1,1,5,tracking
when get product blue dart parcel tore inside also one of product plastic tore,1,1,4,fallback_support
very satisfied with service,2,2,4,fallback_support
poor service credit card charged without update,0,0,6,pricing
return requested due to size issue,0,0,4,fallback_support
fraud order wrong item sent,0,0,4,fallback_support
false delivery attempt remarks without calling customer,0,0,4,support
fast and secure,2,2,4,fallback_support
parcel expected delivery date missed,1,1,4,fallback_support
delivery handled well polite staff,2,2,4,fallback_support
not delivered to right person,0,0,4,fallback_support
not pure product quality,1,1,4,fallback_support
just keep up good work,2,2,4,fallback_support
can buy pack but get one pack,1,1,4,fallback_support
refund requested,1,0,7,refund
please cancel my order this wrong item,0,0,4,fallback_support
polite behaviour of delivery person,2,2,4,fallback_support
please avoid delivery delay,1,0,0,delay
great service on time delivery,2,2,4,fallback_support
delivery pleasant but delayed,1,0,0,delay
not received,1,1,2,damage_lost
shipment falsely marked delivered,0,0,4,fallback_support
third class service,1,1,4,fallback_support
delivery rescheduled falsely,0,0,4,fallback_support
im very happy,2,2,4,fallback_support
delivery call used bluedart address,1,1,4,support
delivery agent unable to reach location despite map and live location,1,1,4,fallback_support
parcel taken back by delivery agent,1,1,4,fallback_support
delivery boy dropped parcel without handover poor practice,0,0,4,fallback_support
want to return product received old item,0,0,4,fallback_support
correct pincode but courier held for three days,0,0,4,fallback_support
loan installment details required,1,1,4,fallback_support
delivery agent behaved rudely while delivering medicine,0,0,3,behaviour
refund process query,1,0,7,refund
ordered pillow received only one,1,1,4,fallback_support
ordered item not sent different item received,1,1,4,fallback_support
delivery agent behaves so rude,0,0,3,behaviour
order falsely marked not available before return,0,0,4,fallback_support
late delivery by one day,1,0,0,delay
service is reliable and good,2,2,4,fallback_support
awsome service from blue dart courier,2,2,4,fallback_support
please deliver faster,1,1,4,fallback_support
delivery boy lied about availability,0,0,4,fallback_support
very delayed delivery not happy,0,0,0,delay
delivered without actual delivery,1,1,4,fallback_support
received image but wrong size delivered,1,0,4,fallback_support
Good banking,2,2,4,fallback_support
very bad behaviour not acceptable,0,0,3,behaviour
item not received,1,1,2,damage_lost
parcel not receive message came delivered,1,1,4,fallback_support
service already good,2,2,4,fallback_support
good quality best service,2,2,4,fallback_support
delivery executive rude handling shipment,0,0,3,behaviour
wrong item delivered by courier boy,0,0,4,fallback_support
delivery delayed without location update,0,0,0,delay
allow delivery at fixed slot,1,1,4,fallback_support
fake product wrong watch received want return,0,0,4,fallback_support
fully satisfied with delivery person,2,2,4,fallback_support
staff behaviour extremely poor at branch,1,1,4,fallback_support
very good nice,2,2,4,fallback_support
dress completely different from image want return,0,0,4,fallback_support
payment issue extra amount collected,1,0,4,fallback_support
delivery poor service,0,0,4,fallback_support
false delivery report despite availability,1,1,4,fallback_support
parcel damaged after multiple follow ups and retaped worst experience,0,0,2,damage_lost
service good,1,2,4,fallback_support
extra money taken beyond order value,0,0,4,fallback_support
order placed by mistake want return,1,1,4,fallback_support
must,1,1,4,fallback_support
bank account opening smooth and hassle free,2,2,4,fallback_support
before arrive please give call,1,1,4,support
call before delivery,1,1,4,support
fraud parcel received instead of original item,0,0,4,fallback_support
delivery agent returned exact change,1,1,4,fallback_support
pathetic service,0,0,4,fallback_support
had to collect from hub after two weeks,0,0,4,fallback_support
package received opened item not missing but seems used earlier,0,0,4,fallback_support
delivery boy behaved badly shouted and did not listen to address instructions,0,0,4,fallback_support
name reference,1,1,4,fallback_support
it took extra day for delivery,1,1,4,fallback_support
not in time,1,1,4,fallback_support
mobile cover small size issue,1,0,4,fallback_support
order not delivered suspected fraud,0,0,4,fallback_support
lipstick delivered was empty and used product,0,0,4,fallback_support
order not delivered to me,0,0,4,fallback_support
reliable courier overall,1,1,4,fallback_support
forced to collect from outlet repeatedly,0,0,4,fallback_support
delivery partner did not deliver on time,0,0,4,fallback_support
poor quality name tag,0,0,4,fallback_support
courier not delivered home collected from office,0,0,4,fallback_support
forced hub pickup after fake remarks,0,0,4,fallback_support
size issue and poor quality product,0,0,4,fallback_support
best quality received,1,1,4,fallback_support
delivery without consent unacceptable,1,1,4,fallback_support
used product in package,1,1,4,fallback_support
dont schedule delivery on weekend,1,1,4,fallback_support
excellent service super fast delivery,2,2,4,fallback_support
satisfactory experience,2,2,4,fallback_support
delivery delayed at hub without intimation,0,0,0,delay
delivery executive patient and helpful,2,2,4,fallback_support
no thoughts,1,1,4,fallback_support
product damaged during transport,0,0,2,damage_lost
shipment delivered to different receiver,1,1,4,fallback_support
delivery partner refused to deliver at my address,0,0,4,fallback_support
no doorstep delivery forced self pickup,0,0,4,fallback_support
you serve best,2,2,4,fallback_support
delivery boy did not come to my home address,0,0,4,fallback_support
not delivered to me,0,0,4,fallback_support
it recommend provide order reach owner,1,1,4,fallback_support
delay delivery,1,0,0,delay
card not delivered had to collect from bluedart office staff behaviour bad,0,0,4,fallback_support
be honest in first place,1,1,4,fallback_support
behavior very good,2,2,4,fallback_support
sir this rong item how can return this not my order,0,0,1,wrong_delivery
very pleased with service,2,2,4,fallback_support
not delivered had to collect parcel personally,1,0,4,fallback_support
didnt receive order,1,1,4,fallback_support
delivery boy contact number should be visible,1,1,4,support
best delivery service ever,2,2,4,fallback_support
delivery delayed need proactive communication,1,0,0,delay
one of best service thank you so much,2,2,4,fallback_support
delay service,1,0,0,delay
too much late delivery,0,0,0,delay
parcel not deliver but message come a deliver,1,1,4,fallback_support
Credit card and online banking facilities should be offered . ,1,1,4,fallback_support
good service good delivery person,2,2,4,fallback_support
consignment not received yet,1,1,2,damage_lost
ordered sunglasses wrong brand delivered,0,0,4,fallback_support
false door closed remark,0,0,4,fallback_support
parcel stuck at hub had to collect myself,0,0,4,fallback_support
humble service,2,2,4,fallback_support
one day delay at patna airport,1,0,0,delay
delivery not completed on time one week delay false incorrect address reasons,0,0,0,delay
no comment,1,1,4,fallback_support
good service first delivery,2,2,4,fallback_support
good working,2,2,4,fallback_support
dont wan,1,1,4,fallback_support
delivery slow and late,1,0,0,delay
forced to pick order from office after delays,0,0,0,delay
product different from website images,1,1,4,fallback_support
just great service,2,2,4,fallback_support
delivery boy extremely poor performance,0,0,4,fallback_support
improve delivery service,1,1,4,fallback_support
damage box little bit open,1,0,2,damage_lost
courier not delivered no call track immediately,0,0,5,tracking
delivery guy very helpful,2,2,4,fallback_support
no call unsure where parcel delivered,0,0,3,behaviour
bank charges slabs not explained clearly before account opening,1,2,4,fallback_support
poor communication high price very late delivery,0,0,0,delay
wrong product delivered,1,0,4,fallback_support
fantastic service packaging very safe,2,2,4,fallback_support
best service experience,2,2,4,fallback_support
package leaked inside but staff fine,1,1,2,damage_lost
friendliness professionalism average,1,1,4,fallback_support
please reduce transit time,1,1,4,fallback_support
no need,1,1,4,fallback_support
wrong item delivered unfair want return,0,0,4,fallback_support
perfect,1,2,4,fallback_support
your irresponsibility beyond explanation,0,0,4,fallback_support
service not available area still accepted order,0,0,4,fallback_support
order marked delivered but not received,0,0,2,damage_lost
improvement seen delivery system better now,1,1,4,fallback_support
Yy,1,1,4,fallback_support
packet not received,0,0,2,damage_lost
my parshl id not dilevery,1,1,4,fallback_support
delivery person proactive and reached customer,2,2,4,fallback_support
address corrected and delivered successfully thanks,2,2,4,fallback_support
just need add number of delivery partner,1,1,4,fallback_support
good service fast delivery,2,2,4,fallback_support
prashant good always polite on time,2,2,4,fallback_support
always prompt polite delivery important,2,2,4,fallback_support
stupid service,0,0,4,fallback_support
delivery inconvenience faced,0,0,4,fallback_support
debit card not delivered but marked delivered,0,0,4,fallback_support
best fast service,2,2,4,fallback_support
no suggestion,1,1,4,fallback_support
didnt receive item,0,0,4,fallback_support
delivery man rude behaviour,0,0,3,behaviour
false delivery attempt marked,0,0,4,fallback_support
good service decent timely delivery,2,2,4,fallback_support
delivery partner refused doorstep delivery,0,0,4,fallback_support
delivery boy very rude mannerless,0,0,3,behaviour
thanks,1,2,4,fallback_support
delivery person called earlier,1,1,4,support
no verification risky delivery,1,1,4,fallback_support
delivery agent refunded without delivery,1,0,7,refund
prompt polite speedy delivery,1,1,4,fallback_support
multiple complaints raised earlier,1,1,4,support
best service in india,2,2,4,fallback_support
OTP taken on call but parcel not delivered,0,0,4,support
delivery partner rude refused floor delivery insisted to come down,0,0,3,behaviour
missing item in parcel protein bar not received,0,0,2,damage_lost
staff delivered safely thanks,2,2,4,fallback_support
marked delivered but no delivery happened,0,0,4,fallback_support
no follow up,1,1,4,fallback_support
receiver received,1,1,4,fallback_support
awesome,1,2,4,fallback_support
package delivered with proper instructions intact,1,1,4,fallback_support
delivery message received but parcel not delivered,1,0,4,fallback_support
deliver product on time,1,1,4,fallback_support
item not delivered but message says delivered,0,0,4,fallback_support
very cooperative staff,1,1,4,fallback_support
delivery team very polite and fast,2,2,4,fallback_support
professional behaviour appreciated,1,1,4,fallback_support
hiii,1,1,4,fallback_support
slow but safe delivery,1,1,4,fallback_support
parcel not received no call from delivery team,0,0,2,damage_lost
delivery man irresponsible no local office number,0,0,4,fallback_support
very helpful delivery executive,2,2,4,fallback_support
not delivered product,0,0,4,fallback_support
product missing from box,0,0,4,fallback_support
delivery boy rude bossy behaviour,0,0,3,behaviour
did not receive card,0,0,4,fallback_support
delivery boy refused village delivery,1,1,4,fallback_support
best,1,1,4,fallback_support
Everything is good please keep privacy and security related issues always,2,0,0,delay
want bigger size,1,1,4,fallback_support
delivery boy polite and communicates well,2,2,4,fallback_support
parcel reference,1,1,4,fallback_support
this time service bad,0,0,4,fallback_support
very nice delivery person,2,2,4,fallback_support
passport delivery charged extra incorrectly,1,1,6,pricing
charged extra amount,1,1,6,pricing
delivery delayed four days,0,0,0,delay
not yet received worried about delay,1,0,0,delay
delivery agent forced customer to collect parcel elsewhere,1,1,4,fallback_support
worst experience delayed forced pickup,0,0,0,delay
status marked delivered but not received,0,0,2,damage_lost
day late delivery,1,0,0,delay
good organisation and timely delivery,2,2,4,fallback_support
please call if address issue or delivery delay,1,0,0,delay
delivery boy threatened customer,0,0,4,fallback_support
smooth delivery experience,2,2,4,fallback_support
great experience staff support appreciated,2,2,4,support
delivery staff behaved rudely threatened customer and refused delivery,0,0,3,behaviour
technical issue caused one day extra delivery,1,0,4,fallback_support
delivery schedule unclear,1,2,4,fallback_support
wrong contact number remove it,1,0,4,support
delivery staff refused doorstep delivery and misbehaved,0,0,3,behaviour
product damaged,1,0,2,damage_lost
quality unclear,1,2,4,fallback_support
brand mismatch concern,1,1,4,fallback_support
overall service good,1,2,4,fallback_support
professional delivery,1,1,4,fallback_support
asked to collect from different location,1,1,4,fallback_support
good delivery experience,2,2,4,fallback_support
defective product received,0,0,4,fallback_support
polite efficient delivery person,2,2,4,fallback_support
great service,2,2,4,fallback_support
easy accessible office,1,1,4,fallback_support
Gay,1,1,4,fallback_support
address change option needed,1,1,4,fallback_support
interest rate high for first time buyer,1,1,4,fallback_support
forced to travel far to collect parcel,0,0,4,fallback_support
I didn't feel that you should improve anything. IDFC first Bank  banking services are excellent ,1,2,4,fallback_support
very good service,2,2,4,fallback_support
convenient delivery experience,2,2,4,fallback_support
fake delivery attempt marked daily,0,0,4,fallback_support
delivery timely and perfect condition,2,2,4,fallback_support
incorrect address on google issue,1,0,4,fallback_support
urgent service required,1,1,4,fallback_support
we did not receive our courier,0,0,4,fallback_support
very good behavior fast delivery,2,2,4,fallback_support
do not deliver parcel,0,0,4,fallback_support
not delivered yet,0,0,4,fallback_support
refund required,1,0,7,refund
not received at all,1,1,2,damage_lost
courier boy behaviour not good,0,0,4,fallback_support
call before parcel delivery,1,1,4,support
good delivery partner,2,2,4,fallback_support
account issue wrong account opened request closure,0,0,4,fallback_support
very good experience respectful delivery staff,2,2,4,fallback_support
rude delivery person left parcel outside,0,0,3,behaviour
customer first,1,1,4,fallback_support
forced to collect from bluedart office,0,0,4,fallback_support
odd experience,1,1,4,fallback_support
marked delivered without call,0,0,4,support
delivery agent marks not available without calling,0,0,4,support
everything great,2,2,4,fallback_support
delivery guy stopped before address,1,1,4,fallback_support
thank you for super fast delivery,2,2,4,fallback_support
delivery boy friendly,1,1,4,fallback_support
please share expected delivery date via message,1,1,4,fallback_support
consignment not received,1,1,2,damage_lost
grateful for excellent service,2,2,4,fallback_support
very good overall,2,2,4,fallback_support
wrong item delivered refund required,0,0,7,refund
want return product,1,1,4,fallback_support
tracking details should be shared before delivery,1,1,5,tracking
not good appearance,0,0,4,fallback_support
no proper delivery had to carry parcel myself,1,1,4,fallback_support
fast,1,1,4,fallback_support
payment update related,1,0,0,delay
seamless process opened NRO NRE account easily fast track service excellent experience,2,2,5,tracking
fake order received need cyber complaint,1,1,4,support
package very dirty have lot of dust deposit on it,0,0,4,fallback_support
fastest courier in our region,1,1,4,fallback_support
route map needed,1,1,4,fallback_support
delivery person asked to come out,1,1,4,fallback_support
shipment delays observed,1,0,0,delay
package leak from inside,1,1,4,fallback_support
excellent but little late,1,0,0,delay
delivery person delivered wrong item instead of ordered product,0,0,4,fallback_support
delivery extremely late,0,0,0,delay
delivery partner rude shouted and threatened to throw parcel,0,0,3,behaviour
delivery person rude refused to read address,0,0,3,behaviour
professional service,1,1,4,fallback_support
Already very nice process,2,2,4,fallback_support
fake item delivered fraud case,0,0,4,fallback_support
delivery partner extremely rude worst experience,0,0,3,behaviour
deliver person helped despite address misprint,2,2,4,fallback_support
appreciate pramod for excellent polite service,2,2,4,fallback_support
reluctant doorstep delivery repeated issue,0,0,4,fallback_support
company cheated wrong product delivered,0,0,4,fallback_support
waste service,0,0,4,fallback_support
delivery partner raised false info,0,0,4,fallback_support
delivery delayed by one day from tracking system,1,0,0,delay
superb experience,2,2,4,fallback_support
share delivery executive number,1,1,4,fallback_support
did not order this product cash taken need refund,0,0,7,refund
courier person needs training,1,1,4,fallback_support
fast secure delivery,1,1,4,fallback_support
delivery boy very helpful and friendly,2,2,4,fallback_support
pricing mismatch between charged amount and offer price,0,0,6,pricing
fraud you,0,0,4,fallback_support
delivery person nice and helpful,2,2,4,fallback_support
unclear feedback,1,2,4,fallback_support
fraud empty box delivered serious issue,1,0,2,damage_lost
good service thank you,2,2,4,fallback_support
pathetic experience forced office pickup,0,0,4,fallback_support
strong dissatisfaction delivery delayed,0,0,0,delay
false daily status updates claiming address incomplete,0,0,4,fallback_support
well spoken and very professional delivery person,2,2,4,fallback_support
thank you for delivery service liked it,2,2,4,fallback_support
very fast delivery happy,2,2,4,fallback_support
delivery agent confirmed availability but delayed delivery,1,0,0,delay
didnt receive my order,0,0,4,fallback_support
shiva delivers promptly with care,2,2,4,fallback_support
why consignment late despite early arrival,1,0,0,delay
delivery message shown but item not received,1,1,2,damage_lost
do not delay service,1,0,0,delay
happy with service,2,2,4,fallback_support
delivery executive very good and polite respectful great service,2,2,4,fallback_support
wrong item received,1,0,4,fallback_support
fast delivery on time,2,2,4,fallback_support
delivery person professional and helpful,2,2,4,fallback_support
want return order,1,1,4,fallback_support
no comments,1,1,4,fallback_support
could day faster,2,2,4,fallback_support
welcome kit not delivered even after week,0,0,4,fallback_support
product nice,2,2,4,fallback_support
genuine courier company reaches on time and delivers safely thank you bluedart,2,2,4,fallback_support
superb,1,1,4,fallback_support
loan issue mentioned,1,0,4,fallback_support
very good service respect keep it up,2,2,4,fallback_support
trustworthy courier partner,2,2,4,fallback_support
service extremely poor unacceptable,1,1,4,fallback_support
delivery done without phone call,1,1,4,support
self collected parcel,1,1,4,fallback_support
customer should be informed before delivery,1,1,4,fallback_support
delivery refused asked self pickup,0,0,4,fallback_support
want return,1,1,4,fallback_support
delivery boy argued at doorstep,0,0,3,behaviour
delivery shows delivered but package not received,0,0,2,damage_lost
didnt receive complimentary gift,0,0,4,fallback_support
perfect delivery experience,2,2,4,fallback_support
delivery person did not return balance amount,0,0,4,fallback_support
technical issue in app resolved by customer care overall smooth account opening experience,2,0,4,support
good time management,1,2,4,fallback_support
avoid mis-selling,1,1,4,fallback_support
delivery boy very rude,0,0,3,behaviour
it not my product,1,1,4,fallback_support
one day delay at airport,1,0,0,delay
delivery staff reached on time good job,2,2,4,fallback_support
delivery person polite prompt,2,2,4,fallback_support
professional delivery service,1,1,4,fallback_support
product quality unsatisfactory,0,0,4,fallback_support
pincode error delayed delivery,0,0,0,delay
good delivery boy,2,2,4,fallback_support
duplicate earbuds delivered instead of original,1,1,4,fallback_support
not delivered to home,1,0,4,fallback_support
random text,1,1,4,fallback_support
professional delivery handling,1,1,4,fallback_support
very bad service order delivered one day late,0,0,0,delay
contact you but you dont updated address of your delivery hub in my hometown upon ask for number of any executive present here tell thats it personal can not share provide my number yet delivery executive dial just one number which didnt even connect he straight away reschedule delivery attempt next which holiday get know after reach hubthese many flaw do frustrate me quite well,0,0,4,support
package arrived open but product intact and fine,2,2,4,fallback_support
"Good relationship manager 
",2,2,4,fallback_support
bad very bad,0,0,4,fallback_support
provide valid information to customers,1,1,4,fallback_support
very poor delivery experience,0,0,4,fallback_support
foreign text,1,1,4,fallback_support
didnt receive any courier,0,0,4,fallback_support
service very good receive my order more early then expect,2,2,4,fallback_support
bad service repeated calls,0,0,4,support
provide delivery boy contact number,1,1,4,support
sender fraud no accountability,0,0,4,fallback_support
delivery agent contacted only once then rescheduled repeatedly,0,0,4,support
delivery agent did not allow checking parcel,0,0,4,fallback_support
it quick efficient,1,1,4,fallback_support
not receive delivery,1,1,4,fallback_support
ok send,1,1,4,fallback_support
not deliver,1,1,4,fallback_support
good man good behavior,2,2,4,fallback_support
otp taken parcel not delivered fraud,0,0,4,fallback_support
delivery partner rude not understanding,0,0,3,behaviour
thank you for doorstep delivery,2,2,4,fallback_support
product not received at all,0,0,2,damage_lost
late delivery days,1,0,0,delay
weight missing in parcel received less quantity,1,0,4,fallback_support
delivery person info needed,1,1,4,fallback_support
dedicated delivery person cares for customer,1,1,4,fallback_support
delivery falsely marked refused twice,0,0,4,fallback_support
delivery boy came to door,1,1,4,fallback_support
service very time consuming,0,0,4,fallback_support
didnt deliver the parcel,0,0,4,fallback_support
wuality u rough fictionous for this price quality of satin average,1,1,4,fallback_support
nice fast service,2,2,4,fallback_support
confusing message,1,1,4,fallback_support
empty packet received,1,1,4,fallback_support
please try deliver on time,1,1,4,fallback_support
my order misplace not what order,0,0,4,fallback_support
everything is seamless thank you,2,2,4,fallback_support
parcel not received but marked delivered no call from courier,1,1,2,damage_lost
delivery marked delivered without receipt,0,0,4,fallback_support
shipment status wrongly showed incorrect address,0,0,4,fallback_support
delivery boy kind humble,2,2,4,fallback_support
keep up good work,2,2,4,fallback_support
item not receive,1,1,4,fallback_support
documents delivered to unknown person without verification security issue,1,0,4,fallback_support
parcel delivered to wrong person without verification,0,0,1,wrong_delivery
had to collect from hub,0,0,4,fallback_support
not doorstep delivery very poor service,0,0,4,fallback_support
good service by staff,2,2,4,fallback_support
delivery very late,0,0,0,delay
excellent efficient prompt service,2,2,4,fallback_support
shipment very slow,1,1,4,fallback_support
a at work my sister pick up my parcel she couldnt reach me on call so he have wait for just mins delivery partner rude my sister a say cancel order dont expect this from bluedart delivery atleast,0,0,3,behaviour
delivery delayed with no information provided,0,0,0,delay
nothing add all good,1,2,4,fallback_support
no change required,1,1,4,fallback_support
courier fraud never received,0,0,2,damage_lost
delivery of card very delayed,0,0,0,delay
shipment should have been delivered yesterday,1,1,4,fallback_support
blue dart brand trust,1,1,4,fallback_support
very late delivery,1,0,0,delay
fake delivery attempts no contact,0,0,4,support
delivery agent rude behaviour,0,0,3,behaviour
product not working want return,0,0,4,fallback_support
product delivered on time,2,2,4,fallback_support
tracking report incorrect falsely marked door closed,0,0,5,tracking
delivery status wrong falsely marked delivered,0,0,4,fallback_support
delivery route unnecessary delay,1,0,0,delay
parcel not receive,1,1,4,fallback_support
order marked delivered but item not received,0,0,2,damage_lost
delivery failed only SMS sent no delivery attempt,0,0,4,fallback_support
delivery person handed parcel to unknown person without informing me,0,0,4,fallback_support
no issues,1,0,4,fallback_support
delivery done far away from my address,0,0,4,fallback_support
false delivered remark,1,1,4,fallback_support
package broken very bad,0,0,2,damage_lost
received ok,1,1,4,fallback_support
scheduled delivery refused home delivery,0,0,4,fallback_support
parcel reached hub delay after that,1,0,0,delay
nce,1,1,4,fallback_support
fast delivery,2,2,4,fallback_support
best delevery person good behaviour,2,2,4,fallback_support
do not want,1,1,4,fallback_support
delivery person polite and helpful,2,2,4,fallback_support
fraud parcel delivered unacceptable,0,0,4,fallback_support
delivery boy used arrogant language,0,0,4,fallback_support
well service on time delivery,1,1,4,fallback_support
good doorstep delivery,2,2,4,fallback_support
bad delivery agent behaviour no response,0,0,4,support
delivery extremely delayed,0,0,0,delay
parcel not delivered no call received,0,0,3,behaviour
very bad customer support delayed delivery wrong tracking information,0,0,0,delay
item damaged in transit,1,0,2,damage_lost
package completely brokenminimum damage couse product but not as much a return itproduct a we order but shipment worst,0,0,2,damage_lost
false consignee unavailable update without attempt,0,0,4,fallback_support
outer box damaged inner safe,1,0,2,damage_lost
not receive,1,1,4,fallback_support
executive humble polite and respectful,2,2,4,fallback_support
received by brother not primary consignee,1,1,4,fallback_support
good delivering system,2,2,4,fallback_support
did not receive courier,0,0,4,fallback_support
product damage,1,0,2,damage_lost
address management issue in mobile banking app,1,0,4,fallback_support
wrong parcel given,0,0,4,fallback_support
responsible delivery service thank you,2,2,4,fallback_support
bad service of bluedart come take order from store,0,0,4,fallback_support
delivery code related query,1,0,0,delay
not delivered properly,0,0,4,fallback_support
delivery team unprofessional first mention a customer cancel with other not receive when complain high authority about consignment not receive then receive my package on same day unprofessional delivery team,0,0,5,tracking
very bad packing,0,0,4,fallback_support
all good service,2,2,4,fallback_support
return order by mistake,1,1,4,fallback_support
very nice delivery,2,2,4,fallback_support
delivery delayed more than one day,0,0,0,delay
delivery not done at correct time,0,0,4,fallback_support
package damaged poor handling,0,0,2,damage_lost
physician regular customer neutral feedback,1,1,4,fallback_support
bahut bekar delivery delay,1,0,0,delay
excellent,1,2,4,fallback_support
excellent service,2,2,4,fallback_support
delivery left credit card at doorstep,1,1,4,fallback_support
kotak bank service not available in small city,0,0,4,fallback_support
fake delivery item not received,0,0,2,damage_lost
super service,1,1,4,fallback_support
mujhse nhi chaiye ye,1,1,4,fallback_support
sunil extremely efficient,2,2,4,fallback_support
delivery delayed beyond expected date,0,0,0,delay
delivery person handled parcel carefully,2,2,4,fallback_support
not good delivery experience,0,0,4,fallback_support
delivery partner good behaviour,1,2,4,fallback_support
not delivered no call wrong status shown,0,0,3,behaviour
delivery agent rude elevator issue unacceptable,0,0,3,behaviour
very late delivery worst,0,0,0,delay
receive incorrect product,1,1,4,fallback_support
nice product fast delivery service,2,2,4,fallback_support
delivery too swift and smooth,1,2,4,fallback_support
does not wait even one minute rude delivery,0,0,3,behaviour
im not happy cheap quality different item,0,0,4,fallback_support
important shipment delivered late with no communication unacceptable service,0,0,0,delay
very good delivery,2,2,4,fallback_support
great delivery experience,2,2,4,fallback_support
excellent timely service,2,2,4,fallback_support
thank you for prompt safe delivery of my order your hard work very much appreciate,2,2,4,fallback_support
want to return,1,1,4,fallback_support
very good delivery service,2,2,4,fallback_support
account frozen need help,0,0,4,fallback_support
delivered later than expected but okay,1,0,0,delay
please hire delivery boy who knows the area,0,0,4,fallback_support
very nice app fast service,2,2,4,fallback_support
parcel thrown near wrong building unacceptable,0,0,4,fallback_support
delivery without OTP or recipient verification,0,0,4,fallback_support
parcel delivered to wrong person,0,0,1,wrong_delivery
delivery to wrong person serious concern,0,0,4,fallback_support
request fast delivery and contact number,1,1,4,support
delivery system good contact issue resolved otp appreciated,2,0,4,support
quality service appreciated,2,2,4,fallback_support
parcel delivered to different address without OTP,1,1,4,fallback_support
all great,2,2,4,fallback_support
fake product,1,1,4,fallback_support
different product delivered,0,0,4,fallback_support
product missing packaging poor,0,0,4,fallback_support
finally delivered at doorstep,1,1,4,fallback_support
account opening easy and hassle free,2,2,4,fallback_support
Fix or close my account asap waste of time,0,0,4,fallback_support
smooth delivery polite behaviour,2,2,4,fallback_support
false status marked consignee not available delivery delayed without call,0,0,0,delay
didnt receive it,1,1,4,fallback_support
delivery staff never contacted had to visit office myself,1,1,4,support
good natured delivery person,2,2,4,fallback_support
instruction manual requested in Hindi and English,1,1,4,fallback_support
fast delivery polite delivery agent,2,2,4,fallback_support
worst ever service,0,0,4,fallback_support
polite delivery boy good experience,2,2,4,fallback_support
love the service,2,2,4,fallback_support
please return my parcel,1,1,4,fallback_support
amazing,2,2,4,fallback_support
delivery met expectations,1,1,4,fallback_support
service very slow,0,0,4,fallback_support
satisfied,2,2,4,fallback_support
extremely poor service fake premise close updates,0,0,4,fallback_support
super,1,1,4,fallback_support
everything good,2,2,4,fallback_support
great delivery within time very glad receive this percel,2,2,4,fallback_support
Thanks Mrs. PREETY SACHDEVA for your Kind support,2,2,4,support
too good service and environment,2,2,4,fallback_support
update account type request,1,1,4,fallback_support
service always customer friendly,2,2,4,fallback_support
took days to find address,1,1,4,fallback_support
prioritise same day delivery once reached hub,1,1,4,fallback_support
delivery delay by one day,1,0,0,delay
very bad experience due delivery of my product,0,0,4,fallback_support
received wrong order,0,0,4,fallback_support
everything gud,1,1,4,fallback_support
fast smooth service thank you,2,2,4,fallback_support
one of best courier services,2,2,4,fallback_support
no pickup details company tied with fraud sellers,0,0,4,fallback_support
great track information consignment status your client otp mention in message but it not reach till nowoverall experience good,2,2,5,tracking
sunday no delivery attempt,1,1,4,fallback_support
very bad service yours,0,0,4,fallback_support
fake order scam,0,0,4,fallback_support
goid,1,1,4,fallback_support
satisfied with service,1,1,4,fallback_support
very good nice service,2,2,4,fallback_support
order marked delivered but not received no call made,0,0,2,damage_lost
do not ask for otp,1,1,4,fallback_support
order received,1,1,4,fallback_support
nothing thank you,1,2,4,fallback_support
overall account experience excellent with strong app and services,2,2,4,fallback_support
grateful for service parcel received successfully,2,2,4,fallback_support
please do work on time,1,1,4,fallback_support
do not receive parcel at all,0,0,4,fallback_support
mis-selling by employee want to close account,0,0,4,fallback_support
disgusting service,0,0,4,fallback_support
delivery wrong location,0,0,1,wrong_delivery
already better than others keep it up,2,2,4,fallback_support
overall nice service,2,2,4,fallback_support
did not receive parcel,0,0,4,fallback_support
delivery guy very rude,0,0,3,behaviour
damaged product received,0,0,2,damage_lost
package not received,1,1,2,damage_lost
please correct my name on parcel,1,1,4,fallback_support
good patience by delivery person,2,2,4,fallback_support
extremely late delivery with false reasons unacceptable,0,0,0,delay
ho,1,1,4,fallback_support
cover totally torn due to bad handling,0,0,2,damage_lost
stupendous service,2,2,4,fallback_support
best service,1,1,4,fallback_support
very very bad service unexpected,0,0,4,fallback_support
wrong item delivered,0,0,4,fallback_support
accurate,1,1,4,fallback_support
service perfect,1,2,4,fallback_support
product size too small,1,1,4,fallback_support
package tampered hole found,1,1,2,damage_lost
did not receive any courier,0,0,4,fallback_support
parcel not deliver but msg receive with deliver,0,0,4,fallback_support
delivery person call 1 km away collect parcel,1,1,4,support
delivery boy polite and respectful,2,2,4,fallback_support
fake delivery attempt improve system,1,1,4,fallback_support
prompt delivery everything perfect,2,2,4,fallback_support
missing item in box,1,0,2,damage_lost
nice work delivery staff,2,2,4,fallback_support
delay parcel without any reason worst service,0,0,0,delay
service well,2,2,4,fallback_support
very rude staff behaviour,0,0,3,behaviour
pathetic service false update incompetent staff,0,0,4,fallback_support
do not deliver my address need travel km pick my order,0,0,4,fallback_support
delivery executive rude and impolite behaviour unacceptable,0,0,3,behaviour
parcel left outside house,1,1,4,fallback_support
great job thank you,2,2,4,fallback_support
polite behaviour,1,1,4,fallback_support
delivery guy unprofessional rude manners,0,0,3,behaviour
delivery person very cooperative service good called for address,2,2,4,support
delivery boy misbehaved on call,0,0,3,behaviour
wrong cheap product delivered no return option provided,0,0,4,fallback_support
many improvement areas,1,1,4,fallback_support
please create bluedart mobile app,1,1,4,fallback_support
very bad service delivery agent attitude very arrogant rude reason for non delivery on incorrect overall this isnt expect from repute company such a blue dart,0,0,3,behaviour
all fine overall,1,1,4,fallback_support
account opening seamless experience,2,2,4,fallback_support
have reject this delivery first time delivery boy again come delivery without my consent because have some other shipment also come from bluedart he ask me otp an give it now suffer loss because accord shipper policy on accepted this can not refund,0,0,7,refund
delivery not receive,1,1,4,fallback_support
delivery boy misbehaved,0,0,3,behaviour
delivery boy rude,0,0,3,behaviour
self received parcel,1,1,4,fallback_support
delivery agent provided good polite service,2,2,4,fallback_support
top class service,2,2,4,fallback_support
KYC problem,1,0,4,fallback_support
pathetic experience with service quality,1,1,4,fallback_support
ok best service,1,1,4,fallback_support
charged extra money by delivery agent without reason,0,0,6,pricing
good communications and response,2,2,4,fallback_support
delivery partner misbehaviour issue,1,0,4,fallback_support
delivery agent should speak basic english,1,1,4,fallback_support
they havent call me delievered someone dont even know,1,1,4,support
extra money taken by delivery person,0,0,4,fallback_support
delivery partner behavior very poor service delayed by days never recommend bluedart,0,0,0,delay
delivery boy did not wait for signature,0,0,4,fallback_support
consignment urgent but delivered late,1,0,0,delay
delivery delayed due to misrouting,1,0,0,delay
delivery boy ajit kumar very good service,2,2,4,fallback_support
professional and polite delivery experience,2,2,4,fallback_support
delivery delayed and delivery partner falsely claimed address was wrong and nobody was available very rude unacceptable never recommend bluedart,0,0,0,delay
receive,1,1,4,fallback_support
delivery fast but wrong area reached had to collect,0,0,4,fallback_support
shipment marked delivered but not received,0,0,2,damage_lost
order delivered very late extremely unhappy,0,0,0,delay
early delivery,2,2,4,fallback_support
product looks better in photo,1,1,4,fallback_support
product ordered different received different,1,1,4,fallback_support
wrong damaged product delivered cheat,0,0,2,damage_lost
delivery executive arrogant behaviour,0,0,4,fallback_support
read my name properly,1,1,4,fallback_support
parcel not given no call unclear delivery,0,0,3,behaviour
process very easy and quick,2,2,4,fallback_support
take time reach me but packaging really worth it love your effort for me,2,2,4,fallback_support
delivery attempted marked consignee unavailable falsely,0,0,4,fallback_support
on time delivery good service,2,2,4,fallback_support
very bad behaviour of delivery agent,0,0,3,behaviour
not delivered in hand,1,0,4,fallback_support
stop harassing for feedback calls,0,0,4,support
faster delivery compared to ekart,2,2,4,fallback_support
excilent,1,1,4,fallback_support
we havent receive parcel,0,0,4,fallback_support
empty package received,0,0,4,fallback_support
good service ankit,2,2,4,fallback_support
delivery person confirmed address on call,2,2,4,support
totally unprofessional behavior,0,0,3,behaviour
promise date not kept no contact,1,0,4,support
horrible service,0,0,4,fallback_support
not delivered to my address asked to collect from office status falsely updated as consignee not available bad service,0,0,4,fallback_support
extreme delay by courier,0,0,0,delay
happy with idfc,2,2,4,fallback_support
currently all good,2,2,4,fallback_support
delivery boy didnt come home collected from warehouse,1,1,4,fallback_support
very happy with service,2,2,4,fallback_support
order not delivered to address,0,0,4,fallback_support
wrong address confusion delivery staff rude,0,0,1,wrong_delivery
never order this item want refund,0,0,7,refund
delivery agent rude and unprofessional,0,0,3,behaviour
super,2,2,4,fallback_support
excellent service despite address issue,2,0,4,fallback_support
timely delivery good service,2,2,4,fallback_support
critical bank document marked delivered but not received,1,1,2,damage_lost
didnt receive any consignment,0,0,5,tracking
delivery not accepted by me,1,1,4,fallback_support
package box damage,1,0,2,damage_lost
delivery staff timing unpredictable,1,1,4,fallback_support
request call before coming no call,1,1,3,behaviour
no one called me before delivery,0,0,4,support
cooperative only as per customer,1,1,4,fallback_support
communication good,2,2,4,fallback_support
delivery executive very rude unprofessional delivery address my office,0,0,3,behaviour
order dispatch confusion,1,1,4,fallback_support
fjc,1,1,4,fallback_support
very late delivery receive,0,0,0,delay
perfect timing delivery,2,2,4,fallback_support
status shows delivered to unknown person,0,0,4,fallback_support
delivery do,1,1,4,fallback_support
hello sir delivery nahi mila hai,1,1,4,fallback_support
call before reaching address suggested,1,1,4,support
not this time,0,0,4,fallback_support
credit card not delivered yet,0,0,4,fallback_support
shipment marked delivered to unknown person,0,0,4,fallback_support
fast delivery polite behaviour,2,2,4,fallback_support
item not delivered,0,0,4,fallback_support
delayed by one day,0,0,0,delay
office staff disappointing,0,0,4,fallback_support
"I opened my account at 28 March 2025, after 9 days I didn't receive my ATM card and cheque book. 
",1,1,4,fallback_support
bad person rude delivery boy,0,0,3,behaviour
absolutely best,2,2,4,fallback_support
parcel delivered to wrong address,0,0,1,wrong_delivery
delivery not at home,1,1,4,fallback_support
wrong order received need return,0,0,4,fallback_support
delivery agent behaviour rude unacceptable,0,0,3,behaviour
no ideas,1,1,4,fallback_support
Hlo good morning my account is freezing,0,0,4,fallback_support
delivery of critical medicine delayed unacceptable,0,0,0,delay
minor delay but parcel received fine,1,0,0,delay
package delayed without information,1,0,0,delay
late delivery issue,1,0,0,delay
order delivered to watchman without delivery code,0,0,4,fallback_support
bad quality product not worth payment,0,0,4,fallback_support
delivery time needs improvement,1,1,4,fallback_support
wrong quantity received,1,0,4,fallback_support
tracking good delivery smooth,2,2,5,tracking
one of best service bluedart,2,2,4,fallback_support
good service experience,2,2,4,fallback_support
generally reliable service,1,1,4,fallback_support
worst experience ever,0,0,4,fallback_support
delivery boy respectful service good,2,2,4,fallback_support
late delivery no customer care support language issue,0,0,0,delay
confirm consignee availability before delivery,1,1,4,fallback_support
delivery at door requested,1,1,4,fallback_support
thank you bhaiya,2,2,4,fallback_support
fuck off bitch,0,0,4,fallback_support
your represenative deliver medicine by delay of day give wrong feed back a office close but there residence not office very bad service at chandigarh,0,0,0,delay
poor fabric quality for price,1,1,4,fallback_support
bad product and bad service,0,0,4,fallback_support
order not received after payment,0,0,2,damage_lost
do not receive my product then how could rate you make payment but not yet receive,0,0,4,fallback_support
product not delivered but feedback message sent,1,0,4,fallback_support
awesome packaging well handled,2,2,4,fallback_support
please call before reaching delivery location,1,1,4,support
delivery partner called before arrival,2,2,4,support
shipment delivered today,1,1,4,fallback_support
shipment delayed and returned after long time,1,0,0,delay
delivery executive polite and knowledgeable,2,2,4,fallback_support
third class product quality fraud complaint,1,1,4,support
delivery guy very kind polite good experience,2,2,4,fallback_support
awesome fast delivery,2,2,4,fallback_support
shipment not received,1,1,2,damage_lost
experienced staff,1,1,4,fallback_support
excellent customer service quality,2,2,4,fallback_support
product defective want return policy,1,1,4,fallback_support
false delivery attempt updated twice,0,0,4,fallback_support
fake company empty bottle received,0,0,4,fallback_support
didnt receive product but marked delivered,0,0,4,fallback_support
product not delivered complaint requested,0,0,4,support
bahut hi achcha hai,1,1,4,fallback_support
advance delivery information needed,1,1,4,fallback_support
parcel not received please confirm,1,1,2,damage_lost
Keep up and donÃ¢ÂÂt shut down thatÃ¢ÂÂs all I say.. i want to do business and be a loyal customer with you guys and in coming future IÃ¢ÂÂll be having millions and billions in it so.. keep progressing ,2,2,4,fallback_support
outstanding service,2,2,4,fallback_support
no door delivery had to go office,1,1,4,fallback_support
delivery not done marked incorrect address wrongly,0,0,4,fallback_support
cool and courteous delivery person,2,2,4,fallback_support
parcel not delivered to me or family,0,0,4,fallback_support
delivery boy asked extra money,1,1,4,fallback_support
order delivered very late after month,1,0,0,delay
great,1,2,4,fallback_support
staff behaviour needs improvement,1,1,4,fallback_support
soft spoken decent delivery person,2,2,4,fallback_support
no one called for delivery,1,1,4,support
passbook should be delivered with debit card,1,1,4,fallback_support
fast polite delivery agent,2,2,4,fallback_support
on tym deliver,1,1,4,fallback_support
extremely poor service never recommend,0,0,4,fallback_support
company pressuring for deposit unfair behaviour,0,0,4,fallback_support
quick service,1,1,4,fallback_support
not received any parcel,0,0,2,damage_lost
card delivered without otp serious issue,0,0,4,fallback_support
item not deliver,0,0,4,fallback_support
your deliveryman very rude towards me senior lady and cancelled order without my consent,0,0,3,behaviour
same issue as today,1,0,4,fallback_support
upi related query,1,0,0,delay
yeola bluedart very pathetic false delivery updates,0,0,4,fallback_support
tracking should show stagewise parcel journey,1,1,5,tracking
received without much follow up,1,1,4,fallback_support
courier service very poor courier person never called and talked rudely,0,0,3,behaviour
delivery person forced gate pickup,0,0,4,fallback_support
did not receive debit card only cheque book,0,0,4,fallback_support
wrong size and wrong product received,0,0,4,fallback_support
delivery person behaviour was very rude and disrespectful,0,0,3,behaviour
marked delivered but not received,0,0,2,damage_lost
received order successfully,1,1,4,fallback_support
product quality very different from image,0,0,4,fallback_support
parcel reached doorstep correctly,2,2,4,fallback_support
very happy with bank services,2,2,4,fallback_support
guy did not hand over my order,0,0,4,fallback_support
urgent document courier not received,1,1,2,damage_lost
retain product request,1,1,4,fallback_support
on time excellent service,2,2,4,fallback_support
delivery info should be shared prior day,1,1,4,fallback_support
already well,1,1,4,fallback_support
parcel marked delivered but not delivered,0,0,4,fallback_support
not received this package,1,1,2,damage_lost
open branch in my area,1,1,4,fallback_support
nice behaviour,2,2,4,fallback_support
best experience,2,2,4,fallback_support
Bank Executive Pradnya Dhotre knowledge and guidance in account opening was best,1,1,4,fallback_support
parcel delivered without confirmation,0,0,4,fallback_support
you must better,1,1,4,fallback_support
no return refund option poor,0,0,7,refund
timely service cordial delivery boy,2,2,4,fallback_support
language used by delivery person not good,0,0,4,fallback_support
quick fast delivery delivery guy very polite gentle,2,2,4,fallback_support
very poor intercity delay,0,0,0,delay
keep discipline employee sometimes they reject order by themselves,1,1,4,fallback_support
product damaged,0,0,2,damage_lost
route map clarity needed,1,1,4,fallback_support
parcel delivered to someone else,0,0,4,fallback_support
fast delivery polite delivery boy,2,2,4,fallback_support
wrong delivery date commitment,1,0,4,fallback_support
please update app with correct delivery status,1,1,4,fallback_support
do not get parcel,1,1,4,fallback_support
open box delivery concern,1,1,4,fallback_support
collected from warehouse,0,0,4,fallback_support
had to pick parcel myself,1,1,4,fallback_support
excellent work,2,2,4,fallback_support
nic,1,1,4,fallback_support
delivery agent very good,2,2,4,fallback_support
it already best,2,2,4,fallback_support
order received damaged,0,0,2,damage_lost
parcel returned saying wrong pincode even though pincode was correct customer asked to contact care,0,0,4,support
not delivered at doorstep despite request,1,0,4,fallback_support
thank you debabrata da,1,2,4,fallback_support
there undue delay in delivery there no communication for delay,0,0,0,delay
fake express delivery false attempt updates and repeated follow ups required,0,0,4,fallback_support
delivery not done on scheduled date falsely marked closed,0,0,4,fallback_support
order not delivered forced branch pickup,0,0,4,fallback_support
received proper item,2,2,4,fallback_support
one product miss,1,1,4,fallback_support
wrong product delivered please return,1,0,4,fallback_support
very suitably delivered,2,2,4,fallback_support
happy with bluedart delivery associate,2,2,4,fallback_support
parcel not received even after providing OTP,0,0,2,damage_lost
delivery person did not call wrong address shown,0,0,1,wrong_delivery
send otp before payment,1,1,4,fallback_support
get message delivery out but not receive any article please check out with delivery person contact me below number mobi,1,1,4,support
delivery person talked rudely and asked me to collect consignment from different location,0,0,5,tracking
delivery mishandling package disappointed,0,0,4,fallback_support
delivery wrongly marked attempted no call parcel broken,0,0,2,damage_lost
delivered after promised date,1,1,4,fallback_support
delivery not attempted,0,0,0,delay
repeated false missed delivery reports,0,0,4,fallback_support
need local bluedart office to reduce delivery issues,1,0,4,fallback_support
screen monitor damaged on arrival,1,0,2,damage_lost
exchange requested wrong product,1,0,4,fallback_support
delivery representative verified identity before handover,1,1,4,fallback_support
order white colour you sent black,1,1,4,fallback_support
provide good service,2,2,4,fallback_support
superb performance,2,2,4,fallback_support
delivery boy behaviour very good,2,2,4,fallback_support
do not receive any parcel,0,0,4,fallback_support
G,1,1,4,fallback_support
return facility missing need seller details,1,0,4,fallback_support
good experience opening account with IDFC,2,2,4,fallback_support
service not good in my area,0,0,4,fallback_support
tracking auto refresh suggestion,1,1,5,tracking
damage screen monitor received,1,0,2,damage_lost
card available from th november at bluedart ramnagar kota raipur office,1,1,4,fallback_support
received wrong items from box,0,0,4,fallback_support
very poor quality,0,0,4,fallback_support
one of worst logistics false updates,0,0,4,fallback_support
excellent experience overall,2,2,4,fallback_support
otp based delivery appreciated,2,2,4,fallback_support
fantastic delivery experience,2,2,4,fallback_support
good timing management,2,2,4,fallback_support
"Order not received, delivery agent asked for OTP but order was not delivered",0,0,2,damage_lost
good product and good delivery,2,2,4,fallback_support
not received parcel,0,0,2,damage_lost
want to return order,1,1,4,fallback_support
delivery person unprofessional,0,0,3,behaviour
Everything is fine,2,2,4,fallback_support
think delivery process can improve by sharing agent contact and time slot,1,1,4,support
home delivery not provided had to collect from office,1,1,4,fallback_support
receive by my brother not my husband,1,1,4,fallback_support
delivered to wrong address,0,0,1,wrong_delivery
delivery boy behaviour acceptable,1,1,4,fallback_support
wrong item handed over after otp,0,0,4,fallback_support
parcel sent to wrong address against instruction,1,0,1,wrong_delivery
poor service,0,0,4,fallback_support
not deliver my order,0,0,4,fallback_support
pincode not serviceable poor handling,0,0,4,fallback_support
delivery not at home had to collect from hub,0,0,4,fallback_support
order delivered but not up to mark,1,1,4,fallback_support
prepaid product but delivery person took payment refund required,0,0,7,refund
account opening should be explained better,1,1,4,fallback_support
address guidance unnecessary delivery was perfect,1,2,4,fallback_support
ring not available,1,1,4,fallback_support
shipment delayed multiple times over a week,0,0,0,delay
delivery person rude refused upstairs delivery,0,0,3,behaviour
staff cooperative during account opening,1,1,4,fallback_support
delivery executive lie,0,0,4,fallback_support
did not like product,0,0,4,fallback_support
super fast one day delivery excellent,2,2,4,fallback_support
nice sarvice,1,2,4,fallback_support
rude language by delivery staff,0,0,3,behaviour
did not receive package unknown receiver,0,0,4,fallback_support
please make sure that courier hand over right person,1,1,4,fallback_support
delivery person should call alternate number,1,1,4,support
fast familiar service,1,1,4,fallback_support
packet opening not allowed issue,0,0,4,fallback_support
delivery not attempted at same address,1,1,0,delay
fake product replacement requested,0,0,7,refund
good experience with service,2,2,4,fallback_support
delivered within a day thank you,2,2,4,fallback_support
welcome kit not delivered yet marked delivered,0,0,4,fallback_support
outstanding support service,2,2,4,support
box damage,0,0,2,damage_lost
service not good staff behaviour bad,0,0,4,fallback_support
very satisfy with your work,2,2,4,fallback_support
delivery not at our address,0,0,4,fallback_support
did not receive anything,0,0,4,fallback_support
do not receive parcel how can you say it delivered,0,0,4,fallback_support
great communication with delivery person,2,2,4,fallback_support
keep it up,1,1,4,fallback_support
product return,1,1,4,fallback_support
very good delivery person,2,2,4,fallback_support
parcel stuck at center had to collect personally not worth delivery fee,0,0,4,fallback_support
did not order this item,0,0,4,fallback_support
item not delivered,1,0,4,fallback_support
delivery boy unresponsive had to collect from office,0,0,4,fallback_support
delivery person rude addressing customer,0,0,3,behaviour
delivery agent polite respectful,2,2,4,fallback_support
IDFC bank service excellent,2,2,4,fallback_support
order never reached me,1,1,4,fallback_support
great delivery service on time,2,2,4,fallback_support
fast delivery good updates,2,2,4,fallback_support
bank shipment returned undelivered,1,1,4,fallback_support
speed delivery of product,1,1,4,fallback_support
please change details,1,1,4,fallback_support
cancel order,1,1,4,fallback_support
reduce delivery charges request,1,1,4,fallback_support
good service,1,2,4,fallback_support
continue same approach,1,1,4,fallback_support
delivery agent did not reach exact location,0,0,4,fallback_support
card available from november at bluedart office,1,1,4,fallback_support
timely parcel updates,1,1,4,fallback_support
customer support excellent,2,2,4,support
parcel not received yet,1,1,2,damage_lost
parcel marked delivered but not received,0,0,2,damage_lost
delay without reason for days,1,0,0,delay
didnt call before delivery and handed parcel to unknown person,0,0,4,support
transparency needed please call me,1,1,4,support
delivery boy behaved very badly,0,0,4,fallback_support
fraud product received,0,0,4,fallback_support
Yas ,1,1,4,fallback_support
deliver not at time,1,1,4,fallback_support
parcel not received personally,0,0,2,damage_lost
arrogant delivery boy behaviour,0,0,4,fallback_support
delivery boy asked me to come outside instead of home,0,0,4,fallback_support
online verification improvement suggestion,1,1,4,fallback_support
product handed to unknown person,0,0,4,fallback_support
on nd attempt,1,1,4,fallback_support
courier service not interested,0,0,4,fallback_support
delivery ok,1,1,4,fallback_support
delivery agent attitude very good,2,2,4,fallback_support
expand delivery area,1,1,4,fallback_support
cancelled order still delivered to security,0,0,4,fallback_support
product broken on delivery,0,0,2,damage_lost
fake parcel received fraud,0,0,4,fallback_support
frustrating slow delivery extremely disappointed,0,0,4,fallback_support
parcel not delivered on time repeated delays delivery boy did not attempt delivery office blamed staff leave,0,0,0,delay
didnt receive package my address change,0,0,4,fallback_support
status shows delivered but not delivered,0,0,4,fallback_support
into,1,1,4,fallback_support
didnt receive shipment,0,0,4,fallback_support
product change return manipulation issue,1,0,4,fallback_support
excellent service thank you please call recipient before delivery,2,2,4,support
good dealing and service,2,2,4,fallback_support
service of local agent very poor they wait day deliver that too after contact them,0,0,4,support
Ycohxiyxi,1,1,4,fallback_support
delivery excellent,2,2,4,fallback_support
Overall all good experience and time consuming process,2,2,4,fallback_support
Coming from ICICI bank my experience has been great while opening the account knowledgeable staff helpful service,2,2,4,fallback_support
parcel not received but delivery message sent,0,0,2,damage_lost
pathetic experience overall,1,1,4,fallback_support
delivery partner very kind and humble,2,2,4,fallback_support
fraud service cheaters,0,0,4,fallback_support
offensive language feedback,1,1,4,fallback_support
sandip bhai polte cooperative in deliver product,1,1,4,fallback_support
brilliant,1,1,4,fallback_support
parcel delayed despite reaching city had to collect from hub,0,0,0,delay
all ok for now,1,1,4,fallback_support
item broken in parcel,0,0,2,damage_lost
no return link available how to return,1,1,4,fallback_support
product quality below expectation,0,0,4,fallback_support
take too much time deliver orderdelayed delivery,0,0,0,delay
should provide delivery contact number,1,1,4,support
delivery partner rude misbehaved,0,0,3,behaviour
havent received parcel yet,1,1,4,fallback_support
very late delivery poor support,0,0,0,delay
good procedure,2,2,4,fallback_support
please provide phone number with shipment,1,1,4,fallback_support
courier not delivered to home,1,0,4,fallback_support
not received,0,0,2,damage_lost
pol,1,1,4,fallback_support
delivery demanded full ID proof suspicious behavior,1,1,4,fallback_support
delivery date missed repeated false messages,1,1,4,fallback_support
all is well,1,1,4,fallback_support
im happy,2,2,4,fallback_support
package delivered safely,2,2,4,fallback_support
not received but marked delivered,1,1,2,damage_lost
fraud website low quality watch no refund,0,0,7,refund
late delivery should avoid,1,0,0,delay
delivery service not good,0,0,4,fallback_support
order stuck near hub for half day,0,0,4,fallback_support
mera parcel day ke baad mila h wo bhi mujhe khud jana pda h courior centre,1,1,4,fallback_support
have not received any parcel,0,0,2,damage_lost
good bank and service,2,2,4,fallback_support
delivery correct suggestion to call before arrival,1,1,4,support
product does not fit phone,1,1,4,fallback_support
worst service regional delay,0,0,0,delay
bad,0,0,4,fallback_support
order not received but marked delivered,0,0,2,damage_lost
service,1,1,4,fallback_support
delivery tracking shows delivered but not received,0,0,2,damage_lost
make delivery more timely expected yesterday,1,1,4,fallback_support
very late delivery false premise closed update,0,0,0,delay
courier did not deliver card claimed no response twice,0,0,4,support
pathetic service,1,1,4,fallback_support
have not received my package,0,0,2,damage_lost
superb,2,2,4,fallback_support
your delivery agent throw rhe product call recording of what he say he accept he throw parcel he do that again what kind of behaviour this he didnt give my parcel my mother respectfully,0,0,4,support
delivery not received,1,1,2,damage_lost
on time delivery satisfied,1,1,4,fallback_support
please cancel product and contact immediately,1,1,4,support
day bad delivery slow service,0,0,0,delay
excellent,2,2,4,fallback_support
bad product scam,0,0,4,fallback_support
material not delivered,0,0,4,fallback_support
very nice service jai hind,2,2,4,fallback_support
parcel delivered late,1,0,0,delay
worst delivery experience received after one month,0,0,4,fallback_support
wrong product received refund required,0,0,7,refund
didnt receive at residence need clarification,1,1,4,fallback_support
delivery person call day ago,1,1,4,support
delivery marked delivered but parcel not received,0,0,2,damage_lost
card not delivered yet,0,0,4,fallback_support
fast delivery all update on time,2,2,4,fallback_support
request clearing old obligations otherwise service good,2,2,4,fallback_support
love agent behaviour,2,2,4,fallback_support
protein bar missing poor packing,0,0,4,fallback_support
please deliver medicine before evening,1,1,4,fallback_support
delivery person did not contact repeatedly,0,0,4,support
delivery boy not polite,0,0,3,behaviour
confusing communication difficult to connect,0,0,4,fallback_support
fast service,2,2,4,fallback_support
product delivered smoothly in good condition polite delivery boy,2,2,4,fallback_support
shipment not received,0,0,2,damage_lost
why parcel delivered to someone else,1,1,4,fallback_support
easy doorstep delivery process,1,1,4,fallback_support
sometimes local delay observed,1,0,0,delay
bad quality product,0,0,4,fallback_support
improve door step delivery,1,1,4,fallback_support
delivery partner well behave,1,1,4,fallback_support
product very bad want return,1,0,4,fallback_support
delivery service delayed 4 days for short distance unprofessional,0,0,0,delay
deliver within estimated date,1,1,4,fallback_support
please confirm address on call,1,1,4,support
delivery agent gave false assurance lied about delivery,0,0,4,fallback_support
delivery person rude cancelled order,0,0,3,behaviour
parcel not delivered for days staff not interested in delivery poor service not recommended,0,0,4,fallback_support
medicine refused without contact very bad service,0,0,4,support
it not deliver visit office pick up after long follow up pathetic service,0,0,4,fallback_support
parcel thrown into mud by delivery staff,0,0,4,fallback_support
service good fast but improve connectivity day by day,2,2,4,fallback_support
open box received broken bottle inside,0,0,2,damage_lost
tell your staff maintain some patience while have conversation,1,1,4,fallback_support
no query,1,1,4,fallback_support
cash payment issue,1,0,4,fallback_support
no delivery contact but parcel marked delivered unacceptable,0,0,4,support
different colour delivered,0,0,4,fallback_support
delivery on promised date appreciated,2,2,4,fallback_support
love polite behaviour of delivery agent,2,2,4,fallback_support
parcel given to unknown person,1,1,4,fallback_support
document delivered on time will recommend bluedart,2,2,4,fallback_support
need rural delivery improvement,1,1,4,fallback_support
home delivery preference,1,1,4,fallback_support
excellent prompt delivery communication,2,2,4,fallback_support
delivery slow,0,0,0,delay
very happy with delivery partner behaviour,2,2,4,fallback_support
prashant always polite and on time,2,2,4,fallback_support
let customer know exact delivery date instead of apologizing later,1,0,0,delay
delivery delayed by almost month,0,0,0,delay
try deliver next day,1,1,4,fallback_support
very bad delivery experience,0,0,4,fallback_support
delivery delayed compared to tracking date,0,0,0,delay
wrong order delivered very bad,0,0,4,fallback_support
excellent delivery behaviour thanks bluedart,1,2,4,fallback_support
do not receive parcel,0,0,4,fallback_support
delivery agent did not call before delivery,0,0,3,behaviour
yoyo honey singh,1,1,4,fallback_support
let delivery happen,1,1,4,fallback_support
my icici bank credit card not deliver,0,0,4,fallback_support
delivery very fast,2,2,4,fallback_support
on doorstep,1,1,4,fallback_support
delivery staff very rude and unprofessional language,0,0,3,behaviour
incorrect delivery details,1,1,4,fallback_support
account opening process is very fast,2,2,4,fallback_support
minimal call deliver at st floor,1,1,4,support
it is okay overall,1,1,4,fallback_support
deliver product properly,1,1,4,fallback_support
no call from delivery executive,1,1,3,behaviour
receive product in good condition on time quality excellent,2,2,4,fallback_support
very bad delivery,0,0,4,fallback_support
delivery agent number should be shared,1,1,4,fallback_support
partner did not contact me,1,1,4,support
it show out for delivery since last day but in track it show customer refuse a no one come deliver or even contact me for delivery pathetic service,0,0,5,tracking
no regret satisfied,2,2,4,fallback_support
do not receive my parcel,0,0,4,fallback_support
very good delivery service by team,2,2,4,fallback_support
low quality product,0,0,4,fallback_support
excellent delivery service keep it up,2,2,4,fallback_support
late delivery but resolved after contacting customer care,1,0,0,delay
product damaged perfume bottle empty,0,0,2,damage_lost
share delivery time slot,1,1,4,fallback_support
return request raised,1,1,4,fallback_support
service bad overall,1,0,4,fallback_support
nice behaviour by staff,2,2,4,fallback_support
thanks for support,2,2,4,support
veery rude staff they call all people pic parcel in office why we go office for pic where delivery partner why he not delivery,0,0,3,behaviour
parcel left with security without informing,1,1,4,fallback_support
delivery boy conversation rude,0,0,3,behaviour
nice service and good delivery person,2,2,4,fallback_support
parcel marked not available without call,0,0,4,support
provide RTO paperwork fast,1,1,4,fallback_support
alternate number otp option required,1,1,4,fallback_support
your delivery lovely,2,2,4,fallback_support
open package delivery suggestion,1,1,4,fallback_support
very rude delivery partner no patience,0,0,3,behaviour
parcel left on doorstep without informing,1,1,4,fallback_support
parcel delivered to wrong location,0,0,1,wrong_delivery
false address remarks never call customer,0,0,4,support
it good service,2,2,4,fallback_support
delivery boy collected money despite prepaid order,0,0,4,fallback_support
delivered after weeks forced pickup,1,1,4,fallback_support
delivery time not met poor service,0,0,4,fallback_support
courier boy behaved unprofessionally refused office delivery,0,0,3,behaviour
effective reliable delivery parcel also well deliver on time too thankyou bhaiya,2,2,4,fallback_support
abusive language very poor service,0,0,4,fallback_support
delivered one day late,1,0,0,delay
Plz make sure ur deliver boy can read d board on houses he cant read an English name on house,1,1,4,fallback_support
online account management improvement suggestion,1,1,4,fallback_support
delivery staff lacks basic manners very poor,0,0,4,fallback_support
received wrong product want correct item,0,0,4,fallback_support
bank commission suggestion,1,1,4,fallback_support
professional service,2,2,4,fallback_support
courier not delivered,0,0,4,fallback_support
delivery one day late,0,0,0,delay
very rude staff,0,0,3,behaviour
delivery related feedback,1,0,0,delay
stitching defect inner pocket torn,0,0,2,damage_lost
delivery boy very polite good service,2,2,4,fallback_support
worst experience ever,1,0,4,fallback_support
Already said in first option in details please check,1,1,4,fallback_support
wm not polite,0,0,3,behaviour
worst service no call forced office pickup,1,0,3,behaviour
didnt receive coruier mark deliver,1,1,4,fallback_support
delivery agent behaviour not satisfactory,0,0,4,fallback_support
friendly helpful,2,2,4,fallback_support
fraud ordered flash drive received mobile cover,0,0,4,fallback_support
fake delivery status consignee unavailable,0,0,5,tracking
very bad,0,0,4,fallback_support
delivery experience terrible,0,0,4,fallback_support
delivery staff misbehaved while delivering documents,0,0,3,behaviour
return parcel requested,1,1,4,fallback_support
parcel undelivered,0,0,4,fallback_support
delivery agent drunk and spamming calls,0,0,4,support
no door delivery in some areas please improve,1,1,4,fallback_support
transparent reason for non delivery required,1,1,4,fallback_support
atm card received but google services not working please call,1,1,4,support
parcel not received after long wait,0,0,2,damage_lost
delivery person very polite and professional,2,2,4,fallback_support
delivery agent fake premise closed remark,0,0,4,fallback_support
delivery partner rude and unprofessional strict action required,0,0,3,behaviour
xyz,1,1,4,fallback_support
delivery guy good,2,2,4,fallback_support
colour slightly different but acceptable,1,1,4,fallback_support
Pathetic Delivery person Beeresh entered my society,1,1,4,fallback_support
delivered to wrong name person,1,0,1,wrong_delivery
false customer not available update extremely disappointing,0,0,4,fallback_support
late delivery wrong tracking updates no attempt,0,0,0,delay
parcel not received,0,0,2,damage_lost
smartwatch battery poor,0,0,4,fallback_support
delivery boy very friendly and polite,2,2,4,fallback_support
have to self collect parcel,1,1,4,fallback_support
awesome fast service,2,2,4,fallback_support
plz how return this order,1,1,4,fallback_support
not so good,0,0,4,fallback_support
fraud saaalee,0,0,4,fallback_support
delivery delayed without contact details,0,0,0,delay
timely delivery satisfactory behaviour,2,2,4,fallback_support
really appreciate service,2,2,4,fallback_support
delivery boy did not come to deliver parcel and kept updating false status,0,0,4,fallback_support
delivery too much delayed,0,0,0,delay
fast and good delivery service,2,2,4,fallback_support
please take back product havent receive it,1,1,4,fallback_support
need customer helpline number,1,1,4,support
he ask for delevery message dont know why,1,1,4,fallback_support
never received courier only delivery message received,1,1,2,damage_lost
bad delivery experience,0,0,4,fallback_support
please update track id with otp,1,1,5,tracking
live tracking needed,1,1,5,tracking
delivery staff rude elderly harassment,0,0,3,behaviour
box broken,1,1,2,damage_lost
not single delivery agent call on provided delivery number not try deliver home address there simply update a address not find in portal it very frustruting for u locate your courier office go there collect parcel it good we itself start delivery work rather than give high repute company like dhl,1,2,4,support
wrong picture used for delivery proof,0,0,4,fallback_support
Pl Take care and give preference to senior citizen,1,1,4,fallback_support
convenient doorstep delivery,2,2,4,fallback_support
delivery marked completed but delivered to wrong address,0,0,1,wrong_delivery
quick delivery thanks,2,2,4,fallback_support
had to pick order from store not delivered,0,0,4,fallback_support
average experience not good,0,0,4,fallback_support
false delivery report without attempt,0,0,4,fallback_support
hr late delivery,1,0,0,delay
add contact number and prior intimation system,1,1,4,support
delivery person gave missed call asked otp before reaching then disappeared,0,0,4,support
false address updates no calls,0,0,3,behaviour
delivery late by one day,1,0,0,delay
reduce average monthly balance request,1,1,4,fallback_support
no response from delivery office,1,1,4,support
packet opened and damaged,1,0,2,damage_lost
worst delivery agent,0,0,4,fallback_support
deliver correct product,1,1,4,fallback_support
Very bad experience app crashed during VKYC repeatedly,0,0,4,fallback_support
very bad pathetic service,0,0,4,fallback_support
on time courteous delivery staff,2,2,4,fallback_support
good l,1,2,4,fallback_support
size not fit want exchange,1,1,4,fallback_support
no delivery attempt while at home,0,0,4,fallback_support
happy with service,1,2,4,fallback_support
wrong product received fraud website,0,0,4,fallback_support
refused exact delivery location,1,1,4,fallback_support
had to collect parcel from hub far away customer care did not help,0,0,4,support
need call or message before delivery,1,1,4,support
not received any shipment,0,0,2,damage_lost
fake delivery attempt no contact made,0,0,4,support
delivery boy behaved well,2,2,4,fallback_support
delivery far from address poor service,0,0,4,fallback_support
already best service,2,2,4,fallback_support
Overall good experience,2,2,4,fallback_support
unable to deliver item on time,0,0,4,fallback_support
resolve complaints faster,1,1,4,support
good banking service,2,2,4,fallback_support
order not received yet,1,1,2,damage_lost
excellent behaviour and performance,2,2,4,fallback_support
good service with good behaviour,2,2,4,fallback_support
no delivery attempt false house not found remark,0,0,4,fallback_support
early delivery very happy,2,2,4,fallback_support
want return jeans,1,1,4,fallback_support
delivery never attempted at address,0,0,4,fallback_support
your service excellent thank you,2,2,4,fallback_support
satisfied with delivery,2,2,4,fallback_support
delivery time very late,0,0,0,delay
packaging was not good,0,0,4,fallback_support
need better order tracking details,1,1,5,tracking
very poor delayed delivery,0,0,0,delay
very fast service happy with bluedart,2,2,4,fallback_support
everything good packing and time management excellent,2,2,4,fallback_support
delivery person refused to go to first floor and could not understand address,0,0,4,fallback_support
Very rude and unprofessional delivery person- Ashish Chowdhury.,0,0,3,behaviour
package returned without visiting house marked shifted debit card risk,0,0,4,fallback_support
delivery person polite patient satisfied,2,2,4,fallback_support
item delivered promptly after confirmation,2,2,4,fallback_support
failed delivery had to go depot,0,0,4,fallback_support
not delivered to home address collected from store,1,0,4,fallback_support
thik hai,1,1,4,fallback_support
delivery person asked me to collect parcel otherwise postponed delivery,0,0,4,fallback_support
best agent,2,2,4,fallback_support
please share tentative delivery time in advance,1,1,4,fallback_support
poor service by delivery guy,0,0,4,fallback_support
delivery marked refused without attempt,1,1,4,fallback_support
behaviour of delivery boy not good,0,0,4,fallback_support
do not buy product quality poor,0,0,4,fallback_support
amazing hassle free delivery cooperative agent,2,2,4,fallback_support
bad product delivered,0,0,4,fallback_support
parcel delivered to wrong person wrong address,0,0,1,wrong_delivery
very slow delivery service,0,0,4,fallback_support
forced hub pickup despite address availability,0,0,4,fallback_support
my courier delivery do wrong personi didnt receive my courier,0,0,4,fallback_support
please give delivery guy proper phone,1,1,4,fallback_support
wrong item received please return,0,0,4,fallback_support
irrelevant message,1,1,4,fallback_support
your delivery service was very late,0,0,0,delay
product not received fraud without otp,1,1,2,damage_lost
delivery date missed expected earlier delivery,1,1,4,fallback_support
received order near location on time,2,2,4,fallback_support
product quality poor,1,1,4,fallback_support
have go warehouse collect product,1,1,4,fallback_support
recipient verification not done,1,1,4,fallback_support
do not receive my parcel yet,0,0,4,fallback_support
did not receive my order and no call received,0,0,3,behaviour
excellent delivery service,2,2,4,fallback_support
very happy,2,2,4,fallback_support
delivery boy decent requested advance contact,1,1,4,support
delivery person behaved rudely with housewife,0,0,3,behaviour
parcel not received for a week had to collect from office,0,0,2,damage_lost
good fast service,2,2,4,fallback_support
delivery took extra day,1,1,4,fallback_support
appreciate prompt delivery kind associate,2,2,4,fallback_support
goed wark,1,1,4,fallback_support
my last credit card dilevery very bad,0,0,4,fallback_support
blue dart best service provider,2,2,4,fallback_support
very poor service language and behaviour unacceptable,1,1,4,fallback_support
Good service provided,2,2,4,fallback_support
parcel delivered without my knowledge,0,0,4,fallback_support
call at time of delivery requested,1,1,4,support
ok recommend,1,1,4,fallback_support
delivery partner uncooperative,0,0,4,fallback_support
Not satisfied due to customer care service representative not pick the phone,0,0,4,support
provide delivery contact number in sms,1,1,4,support
delivery product different which order,1,1,4,fallback_support
courier marked delivered without delivery unacceptable,0,0,4,fallback_support
box squished inside,1,1,4,fallback_support
product not working charging issue,0,0,4,fallback_support
return requested,1,1,4,fallback_support
no suggestion as of now,1,1,4,fallback_support
delivery should be to mentioned address only,1,1,4,fallback_support
very accurate delivery,1,1,4,fallback_support
duplicate parcel fraud,0,0,4,fallback_support
did not come on scheduled day,1,1,4,fallback_support
not get shipment,1,1,4,fallback_support
delivery agent phone number needed,1,1,4,fallback_support
excellent account opening support,2,2,4,support
tracking info not updated properly,0,0,5,tracking
No,1,1,4,fallback_support
good gesture,2,2,4,fallback_support
delivery partner follows own timing,1,1,4,fallback_support
good support by team,2,2,4,support
delivery person very rude unacceptable,0,0,3,behaviour
do not deliver me,0,0,4,fallback_support
out for delivery status only,1,1,4,fallback_support
rude behaviour reported,0,0,3,behaviour
delivery delay noted,1,0,0,delay
very nice service experience,2,2,4,fallback_support
good behaviour by staff,2,2,4,fallback_support
delayed delivery had to visit location,1,0,0,delay
reliability generally good,1,2,4,fallback_support
not setisfied,1,1,4,fallback_support
staff need maturity in customer handling,1,1,4,fallback_support
fraudulent parcel attempt reported,0,0,4,fallback_support
delivery agent called to locate address,1,1,4,support
great job by santosh,2,2,4,fallback_support
good service arrive early safe first attempt deliver even if call not get connect delevery person contact through whatsapp call,2,2,4,support
service really good,2,2,4,fallback_support
location awareness needed,1,1,4,fallback_support
delivery person toorude not ready give parcel on my behalf,0,0,3,behaviour
excellent service bank staff,2,2,4,fallback_support
delivered on correct time,2,2,4,fallback_support
delivery agent rude behaviour on cod order,0,0,3,behaviour
smooth nre account opening experience appreciated,2,2,4,fallback_support
because my watch mush scratch,0,0,4,fallback_support
delivery not done no call received,0,0,3,behaviour
thank you for delivery,2,2,4,fallback_support
delivered on expected date,1,1,4,fallback_support
uncoloured old looking product,0,0,4,fallback_support
delivery person good polite service,2,2,4,fallback_support
not delivered to me,1,0,4,fallback_support
delivery denied home address,0,0,4,fallback_support
havent receive any thing till now,0,0,4,fallback_support
not delivered had to pick up,0,0,4,fallback_support
timely systematic delivery,2,2,4,fallback_support
package tampered and torn delivery person refused to take responsibility,0,0,2,damage_lost
exchange requested return order,1,1,4,fallback_support
fraud service cheated me,0,0,4,fallback_support
worst delivery service,0,0,4,fallback_support
need return,1,1,4,fallback_support
delivery failed last day no response,0,0,4,support
thank you,2,2,4,fallback_support
service centre behaviour not satisfactory,0,0,4,fallback_support
manoj pal,1,1,4,fallback_support
consignment not yet deliver but status delivered,1,1,5,tracking
name of delivered person incorrect unprofessional,0,0,3,behaviour
delivery awesome recommend others,2,2,4,fallback_support
parcel reached on time,2,2,4,fallback_support
delivery delayed followup needed,1,0,0,delay
received wrong product instead of ordered item,0,0,4,fallback_support
worst service did not respond to calls delivered to someone else address,0,0,4,support
staff rude communication complaint,1,0,3,behaviour
delivery system should include call feature,1,1,4,support
do not receive parcel please check my parcel,0,0,4,fallback_support
Employees are polite,1,1,4,fallback_support
prior call before delivery requested,1,1,4,support
glass case missing,0,0,4,fallback_support
fake product vermi compost received instead of herbicide,1,1,4,fallback_support
self recived parcel,1,1,4,fallback_support
service not good,0,0,4,fallback_support
delivery boy commented about future visits,1,1,4,fallback_support
very nice nature best behaviour verryverrygood parsan,2,2,4,fallback_support
delivery staff left parcel with security without calling,0,0,4,support
delivery boy did not call second attempt but delivery fast,2,2,3,behaviour
item not delivered yet,1,0,4,fallback_support
jewellery missing in product,1,0,4,fallback_support
parcel delivered to wrong location and not received,0,0,2,damage_lost
very poor service local dealer delayed delivery excessively,0,0,0,delay
loan amount extra finance query,1,1,4,fallback_support
he do not deliver parcel mehe take my otp tell me that give you but run away from there without handle parcel,1,1,4,fallback_support
product not delivered according to address,0,0,4,fallback_support
smiley delivery person fast delivery,2,2,4,fallback_support
courier marked delivered but not delivered,0,0,4,fallback_support
fraud delivery reported,0,0,4,fallback_support
my parcel not deliver me,0,0,4,fallback_support
delivery person asked me to come outside society,1,1,4,fallback_support
item not delivered no call received,0,0,3,behaviour
unknown person received parcel please update,0,0,1,wrong_delivery
great service delivery in time,2,2,4,fallback_support
delivery promised november but delayed,0,0,0,delay
best service overall,1,1,4,fallback_support
do not get delivery,0,0,4,fallback_support
identity verification needed for correct delivery,1,1,4,fallback_support
fantastic service get my parcel day before delivery date,1,1,4,fallback_support
delivery guy refused due to stairs,0,0,4,fallback_support
delivery date changed customer support unresponsive,1,1,4,support
random text feedback,1,1,4,fallback_support
return karma ahe,1,1,4,fallback_support
still not received package,0,0,2,damage_lost
professional response improved,1,1,4,fallback_support
delivery person should be reachable after call,1,1,4,support
need delivery associate contact number,1,1,4,support
delivery agent threatened order cancellation,1,1,4,fallback_support
received wrong clothing item,1,0,4,fallback_support
thanks for good service,2,2,4,fallback_support
fake and dirty product delivered lost my money no exchange option,0,0,2,damage_lost
please inform before delivery,1,1,4,fallback_support
delivery completed in november,1,1,4,fallback_support
never ordered this product money taken from my wife,0,0,4,fallback_support
cheque book not delivered,1,0,4,fallback_support
very good service thanks,2,2,4,fallback_support
very poor delivery,0,0,4,fallback_support
bekar hai,1,1,4,fallback_support
product color mismatch quality poor return requested,0,0,4,fallback_support
parcel delivered four days late very poor service,0,0,0,delay
like better,1,1,4,fallback_support
credit card not delivered,0,0,4,fallback_support
very good service bluedart,2,2,4,fallback_support
im not receive document kindly confirm once check dilivery satus,1,1,4,fallback_support
user friendly account opening process appreciated,2,2,4,fallback_support
well service,1,1,4,fallback_support
for kms delivery it take day,1,1,4,fallback_support
delivery box compromised suspect replacement,0,0,7,refund
where is my parcel,1,1,4,fallback_support
thank you,1,2,4,fallback_support
reliable service always,2,2,4,fallback_support
delivery boy rude shouted and threatened customer,0,0,3,behaviour
need loan amount and interest details,1,1,4,fallback_support
wrong perfume delivered,0,0,4,fallback_support
return product request,1,1,4,fallback_support
delivery completed on promised date,1,1,4,fallback_support
delivery person threw parcel without informing unacceptable behaviour,0,0,4,fallback_support
return order requested,1,1,4,fallback_support
wrong product received return needed,0,0,4,fallback_support
very delay in delivery do not recommend,0,0,0,delay
item returned without contact system issue,0,0,4,support
unclear charges after purchase,1,2,4,fallback_support
not received order,0,0,2,damage_lost
delay for three days with false tracking info,1,0,0,delay
no delivery yet,1,1,0,delay
okk,1,1,4,fallback_support
product application not working,1,1,4,fallback_support
no delivery information provided,1,1,4,fallback_support
helpful,1,1,4,fallback_support
staff rude behaviour,0,0,3,behaviour
polite staff,1,1,4,fallback_support
thank you for order,2,2,4,fallback_support
delivery person kind polite deliver doorstep,1,1,4,fallback_support
excellent job keep it up,2,2,4,fallback_support
order cancelled without call marked failed,0,0,4,support
shipment not delivered fake status fraud,0,0,4,fallback_support
delivery should happen on scheduled date,1,1,4,fallback_support
bad product every receive it scame,0,0,4,fallback_support
message timing of visit,1,1,4,fallback_support
didnt receive any material,0,0,4,fallback_support
good courier service,2,2,4,fallback_support
delivery executive excellent but system issue,2,0,4,fallback_support
delivery experience extremely slow and disappointing,0,0,4,fallback_support
self pickup required from hub,1,1,4,fallback_support
order not deliver mark a deliver,1,1,4,fallback_support
service behaviour very disappointing request you kindly monitor their performance,0,0,4,fallback_support
delivery not on time,0,0,0,delay
yyyhh,1,1,4,fallback_support
very good,2,2,4,fallback_support
excellent banking app and features,2,2,4,fallback_support
dont want product,0,0,4,fallback_support
kyc not completed after multiple attempts,1,1,4,fallback_support
best delivery service,2,2,4,fallback_support
status shows delivered but not delivered,1,0,4,fallback_support
outstanding,2,2,4,fallback_support
extreme late delivery,0,0,0,delay
not receive my parcel,0,0,4,fallback_support
minimum balance account feedback,1,1,4,fallback_support
fred hua mere sath,1,1,4,fallback_support
parcel long time wait deliver,0,0,4,fallback_support
wonderful delivery partner,2,2,4,fallback_support
wrong shipment delivered,0,0,4,fallback_support
delivery tagged refused without attempt,0,0,4,fallback_support
didnt receive my parcel,0,0,4,fallback_support
excellent service keep it up,2,2,4,fallback_support
fake consignee unavailable mark without attempt,0,0,4,fallback_support
delivery person kept parcel at wrong place while I was not present,0,0,1,wrong_delivery
order cancellation requested,0,0,4,fallback_support
better communication and promptness needed,2,2,4,fallback_support
horrible delivery otp do come delivery person say come next day didnt come have go centre pick it up,0,0,4,fallback_support
delivery attempt marked without calling,0,0,4,support
wrong colour delivered exchange requested,1,0,4,fallback_support
best regard,1,1,4,fallback_support
prompt delivery package not damaged,1,0,2,damage_lost
delivery time very late day,0,0,0,delay
local service unavailable issue,0,0,4,fallback_support
good behaviour and best service,2,2,4,fallback_support
wrong order delivered please return,0,0,4,fallback_support
package not yet delivered,1,1,4,fallback_support
delivery service fast and good,2,2,4,fallback_support
very very good,2,2,4,fallback_support
already your service good,2,2,4,fallback_support
delivery marked complete but product not received,0,0,2,damage_lost
product quality very poor,0,0,4,fallback_support
not received any delivery,1,1,2,damage_lost
service great,2,2,4,fallback_support
delivery person handed parcel to shop,1,1,4,fallback_support
very good quality,2,2,4,fallback_support
awesome experience,2,2,4,fallback_support
display delivery agent phone number,1,1,4,fallback_support
very good work,2,2,4,fallback_support
pathetic pickup process,0,0,4,fallback_support
left at door very poor service,0,0,4,fallback_support
expected delivery date very poor,0,0,4,fallback_support
delivery status timing mismatch,1,1,4,fallback_support
didnt receive product or call but marked delivered,1,1,4,support
delivery boy behavior very nice,2,2,4,fallback_support
item not deliver me,1,1,4,fallback_support
thank you bluedart,2,2,4,fallback_support
status delivered but not received,1,1,2,damage_lost
not received my package,0,0,2,damage_lost
good delivery boy ajit kumar khatua good blue dart express limit very fast delivery company,2,2,4,fallback_support
marked delivered but not received urgent,0,0,2,damage_lost
day delivery update,1,1,4,fallback_support
super delivery,2,2,4,fallback_support
good service good behaviour,2,2,4,fallback_support
good behaviour,1,2,4,fallback_support
fit issue product slightly large,1,0,4,fallback_support
delivery person rude raised voice,0,0,3,behaviour
delivery executive said address incorrect falsely,1,1,4,fallback_support
your delivery boy doesnt deliver parcel at address enter false msg that consignee not there even no phone call do for that,0,0,4,support
very nice service good behavior of delivery man timely service,2,2,4,fallback_support
good guy,2,2,4,fallback_support
very cool,2,2,4,fallback_support
please teach agent how to talk to customers,1,1,4,fallback_support
delivery partner rude and disrespectful,0,0,3,behaviour
service very bad,0,0,4,fallback_support
fake refusal update by delivery boy,0,0,4,fallback_support
no issue service good,2,0,4,fallback_support
Account open karaya jisase bahut achha vyavahar aur sari bate bahut saral aur spasht shabdo me batayi,2,2,4,fallback_support
product top class delivered earlier than expected,2,2,4,fallback_support
after repeated promises shipment was delayed and no action taken pathetic service,0,0,0,delay
do not get callmsg by delivery persondid not receive product,0,0,4,support
need cancel order,0,0,4,fallback_support
order not delivered but status shows delivered,1,0,4,fallback_support
delivery partner did not deliver to my house,0,0,4,fallback_support
not received courier,0,0,2,damage_lost
parcel not delivered collected from office,0,0,4,fallback_support
this order not deliver me,0,0,4,fallback_support
delivery agent unprofessional rude behaviour,0,0,3,behaviour
not applicable,1,1,4,fallback_support
not receive these parcel who send them what address you deliver them some fraud go on,0,0,4,fallback_support
delivery time should be added in form,1,1,4,fallback_support
slow delivery,1,1,4,fallback_support
false delivery rejection messages,0,0,4,fallback_support
nice response from delivery team,2,2,4,fallback_support
dont deal with otp take signature in your copy of delivery slip otp can lead cyber crime,0,0,4,fallback_support
want return this product,1,1,4,fallback_support
thanks dada,1,2,4,fallback_support
bluedart better than competitors fast delivery,2,2,4,fallback_support
service awesome,2,2,4,fallback_support
had to pick up parcel from store myself,1,1,4,fallback_support
not good service,0,0,4,fallback_support
delivery partner behavior not quite good,0,0,4,fallback_support
call before delivery requested,1,1,4,support
rude staff and always late delivery no consideration for requests,0,0,0,delay
pickup smooth but delivery asked self pickup,1,2,4,fallback_support
delivered exactly as scheduled smooth coordination,2,2,4,fallback_support
false building closed remarks delaying delivery,0,0,0,delay
good behaviour,2,2,4,fallback_support
parcel not received please check,0,0,2,damage_lost
everything alright,1,1,4,fallback_support
please return product,1,1,4,fallback_support
delivery agent leave box at entrance of pg,1,1,4,fallback_support
very bad phone response and delayed delivery,0,0,0,delay
please allow at least one call before delivery,1,1,4,support
excellent tracking sunday delivery,2,2,5,tracking
card not received,1,1,2,damage_lost
do not receive item,0,0,4,fallback_support
not receive at home collect in office twice,1,1,4,fallback_support
The delivery person is very rude and doesn't know how to talk respectfully. He thinks just calling someone sir or madam is being respectful.,0,0,3,behaviour
definitely happy with blue dart service,2,2,4,fallback_support
empty fake parcel received,1,1,4,fallback_support
very good service by manager and employees,2,2,4,fallback_support
keep it up,2,2,4,fallback_support
good,2,2,4,fallback_support
parcel not received but status shows delivered,1,1,2,damage_lost
delivery agent refused home delivery asked for self pickup,0,0,4,fallback_support
delivery person phone number required for tracking,1,1,5,tracking
please dont make this compulsory,1,1,4,fallback_support
inside glass break,1,1,4,fallback_support
toxic delivery behaviour forced pickup from hub,0,0,4,fallback_support
delivery refused without call had to go hub,1,1,4,support
had to visit office due to false delivery claims,0,0,4,fallback_support
timely,2,2,4,fallback_support
share contact details for coordination,1,1,4,support
include location name,1,1,4,fallback_support
very good service honest sincere delivery boys,2,2,4,fallback_support
deliver on time,1,1,4,fallback_support
delivery service extremely poor no parcel received,0,0,4,fallback_support
parcel never delivered had to collect from office,0,0,4,fallback_support
delivery person asked for extra money,1,1,4,fallback_support
delivery man told otp time,1,1,4,fallback_support
product delivered damaged and no return option provided,0,0,2,damage_lost
package not delivered but marked delivered,1,0,4,fallback_support
unreliable service frequent delays,0,0,0,delay
hand over wrong parcel which doesnt belong me,0,0,4,fallback_support
delivery boy very decent soft spoken,2,2,4,fallback_support
high value parcel delivered without OTP verification,1,1,4,fallback_support
delivery partner patience appreciated,2,2,4,fallback_support
poor quality,0,0,4,fallback_support
improve day by day,1,1,4,fallback_support
because my product miss package not good,0,0,4,fallback_support
wrong dispatch,0,0,4,fallback_support
too much delay in local delivery,0,0,0,delay
delivery staff not fit,0,0,4,fallback_support
I very appreciate shopping this blue dart ?,2,2,4,fallback_support
delivery person lazy did not bring documents upstairs,0,0,4,fallback_support
delivery delayed despite out for delivery status bank related shipment,1,0,0,delay
Ys,1,1,4,fallback_support
delivered wrong item forced payment fraud,0,0,4,fallback_support
Im trying to open minimum 10000 balances account but your system open wrong account,0,0,4,fallback_support
very late service,0,0,0,delay
delivery guy ensured document delivered on time,1,1,4,fallback_support
delivery partner charged extra money unfair,0,0,6,pricing
delivery not done but marked delivered,1,1,4,fallback_support
very poor overpriced service,0,0,4,fallback_support
very nice experience despite small delay,2,0,0,delay
this package not delivered,0,0,4,fallback_support
credit card not received,1,1,2,damage_lost
damaged product received wrong piece,0,0,2,damage_lost
poor delivery service despite assurance,0,0,4,fallback_support
always good service,2,2,4,fallback_support
cooperative delivery as per customer,1,1,4,fallback_support
v good service,2,2,4,fallback_support
worthless product feedback,1,1,4,fallback_support
actually order place sun glass for fastrack company,1,1,5,tracking
delivered before time,1,1,4,fallback_support
good service polite delivery person,2,2,4,fallback_support
best prompt service,2,2,4,fallback_support
delivery exceeded expectations,2,2,4,fallback_support
there should delivery time slot of hour,1,1,4,fallback_support
not happy,0,0,4,fallback_support
status showing delivered but product not received and no call made,0,0,2,damage_lost
order return requested,1,1,4,fallback_support
refund request for product usage issue,1,0,7,refund
rude person encountered,0,0,3,behaviour
very very bad service,0,0,4,fallback_support
too much delay false update,0,0,0,delay
timely delivery,2,2,4,fallback_support
you already great,2,2,4,fallback_support
client not informed delivery falsely marked received,1,1,4,fallback_support
no one can beat your service keep it up,1,1,4,fallback_support
delivery staff aware of location seamless delivery,2,2,4,fallback_support
poor fabric quality,0,0,4,fallback_support
false delivery status consignee not available,0,0,4,fallback_support
false delivery attempts marked repeatedly,0,0,4,fallback_support
delivery person did not come home asked to collect parcel bad service,0,0,4,fallback_support
fuck no,0,0,4,fallback_support
parcel never delivered always self pickup required,0,0,4,fallback_support
account opening process very fast app and staff excellent,2,2,4,fallback_support
bad service pending package abusive staff,0,0,4,fallback_support
very bad service on head office also delivery boy miss behavior on telephone,0,0,4,fallback_support
need to return product very worst quality,0,0,4,fallback_support
satisfactory service happy,2,2,4,fallback_support
delivered on time,2,2,4,fallback_support
parcel not delivered but marked delivered shoddy service no agent contact,0,0,4,support
call at least hour before delivery,1,1,4,support
very bad service recommend not use bluedart at all,0,0,4,fallback_support
delivery executive did not call first day restricted area excuse had to self collect,1,1,3,behaviour
decent polite,1,1,4,fallback_support
amazing timely delivery,2,2,4,fallback_support
service experience,1,1,4,fallback_support
stop scamming customers via loan disbursal,0,0,4,fallback_support
laptop damaged,0,0,2,damage_lost
ensure no double payment collected,1,1,4,fallback_support
incorrect address remark had to self collect,1,1,4,fallback_support
Best experience I have had till date,2,2,4,fallback_support
exchange requested size issue,1,0,4,fallback_support
very excellent service,2,2,4,fallback_support
too much delay in service,0,0,0,delay
not at home notice,1,1,4,fallback_support
incorrect order delivered,0,0,4,fallback_support
return requested empty box received,1,1,2,damage_lost
did not receive delivery yet,0,0,4,fallback_support
fake delivery attempt noted,0,0,4,fallback_support
on time delivery but neutral feedback,1,1,4,fallback_support
very grateful for service,2,2,4,fallback_support
offer promised but missing item,0,0,2,damage_lost
consignment not deliver at door step delay,0,0,0,delay
delivery person good,2,2,4,fallback_support
Amazing delivery agent polite respectful delivered to senior citizen,2,2,4,fallback_support
courier guy did not call and product handed to unknown person,0,0,3,behaviour
single call missed delivery,1,1,4,support
delay even after out for delivery message,0,0,0,delay
delivery boy good but company service poor,1,2,4,fallback_support
professional handling,1,1,4,fallback_support
scammed,1,1,4,fallback_support
delivery of item ahead of schedule,1,1,4,fallback_support
package marked delivered incorrectly,1,1,4,fallback_support
your service very good thank you,2,2,4,fallback_support
good hai but aap log ji din delivery ka date hota hai usi din delivery kiya karo,1,2,4,fallback_support
wrong size delivered,1,0,4,fallback_support
order marked delivered but not received fraudulent update,0,0,2,damage_lost
nice service,1,2,4,fallback_support
very poor logistics service,0,0,4,fallback_support
delivery staff cooperative contacted before delivery,1,1,4,support
good service by delivery agent,2,2,4,fallback_support
shiva delivers package promptly with care,2,2,4,fallback_support
delivery authentication otp policy suggestion,1,1,4,fallback_support
false delivery status shown,0,0,4,fallback_support
fast service,1,1,4,fallback_support
item not delivered but marked delivered,1,0,4,fallback_support
overall ok experience,1,1,4,fallback_support
no complaint,1,1,4,support
third party delivery without consent,1,1,4,fallback_support
satisfied overall,2,2,4,fallback_support
parcel not received status marked delivered,0,0,2,damage_lost
marked delivered without contact,0,0,4,support
appreciate your service,2,2,4,fallback_support
blue dart symble of reliability promptness u keep it up,2,2,4,fallback_support
pic aya but order size small nahi aya,1,1,4,fallback_support
other come other dont do froud,1,1,4,fallback_support
item not received,0,0,2,damage_lost
parcel given to watchman,1,1,4,fallback_support
order delayed for almost a week,0,0,0,delay
service poor lazy staff,1,1,4,fallback_support
order marked undelivered falsely though family present,1,1,4,fallback_support
week delay delivery,1,0,0,delay
thanks delivery boy,2,2,4,fallback_support
not my product delivered,0,0,4,fallback_support
delivery updates received on time,2,2,4,fallback_support
smooth delivery polite behaviour,1,2,4,fallback_support
fake attempts delayed pickup fraud behaviour,0,0,0,delay
