text,industry,sentiment,customer_intent,primary_aspect,aspect_sentiment,emotion,priority
my branch is km away from where i live what if i need to visit to bank for cheque and any other reasons i will have to travel to km from my house thats problematic and inconvenience for me also it was not specified that i am getting branch that far from my house otherwise i wouldnt have opened the account,banking,0,1,9,0,4,0
your promote yourself as online banking but that doesnt work branch doesnt allow us to open k mab account almost convinces us for k mab account i wanted a joint account but they made it single and the nd partner is not yet added week has passed i would have choosen other bank over this pathetic services,banking,0,1,11,0,0,2
nothing needs to be improved you people are doing great job by providing such easy process of account opening believe me i have experienced many private and public sector banks account opening process but the smooth process here i experienced was the first of its kind in my life thank you idfc first,banking,2,2,5,2,5,0
everything was good except the kyc during pm was terrible call got disconnected times i couldnt complete tried after pm it was smooth also one more issue was with blue dart delivery guys attitude is too much they are arrogant they have sent back my debit card now i have to place the request again,banking,0,1,7,0,1,3
best bank i have ever opend my bank account into because you guys give the checkbook and atm as soon as we open account this is the best thing and there was no delay in opening upi because i can set my card pin in my banking thats a great feature thank you for you service and the best part this is all free that excites the people most,banking,2,0,7,0,5,0
i dont wanted to open an account but ended up opening an account because of your system i wanted only loan not account that too mim balance if i have money then why should go for loan and end of the day i didt got my loan also pl dont fool people by opening an account in the name of loan i will never ever recommend idfc to anybody,banking,0,1,2,0,1,3
i visited kothapet branch hyderabad with a request to convert my savings account to salary account the staff over there guided me patiently with suitable information like what documents should be submitted im pleased with the staff at the branch and the mobile banking app is very quick and amazing and i can pay directly without using other sources like phone pay or google pay,banking,2,1,3,0,5,0
the experience of opening a savings account with idfc first bank was excellent the process was smooth quick and userfriendly the staff was supportive and guided me well through each step i really appreciate the digital options and the transparency throughout honestly i cant think of anything that needs improvementit was a seamless experience,banking,2,2,3,2,5,0
i am an existing idfc first bank select credit card customer and i got an option on my idfc first bank app to open this zero balance savings account with auto pay option enabled for credit card repayment the opening of account was very quick and smooth however when i received the welcome kit it only contained my debit card while the covering letter mentioned that itll contain a debit card and cheque book id request your concerned team to clearly mention what all actually come with the welcome kit along with a check list for future new customers of your bank,banking,1,3,2,1,4,0
when i visit city centre branch of gwalior i wanted a future first student saving account but the employee working there tells that that dont offer such saving account but they offer pratham account so i unfortunately have to open the pratham account but i wish i could get future first student saving account,banking,0,1,11,1,4,0
account opening process can be improved instead of bank informing me of the way out for the issue which was resulted due to poor account opening process it was me the client how had to call the customer care and narrate the whole issue to them and then still wait for the end resolution,banking,0,1,6,0,4,0
the people from the bank are very supportive the agent came multiple times to my office to get my work done i like this aspect he even bought one manager to make myself understand about the benefits and perks having said that i was little disappointed with forex card process due to miscommunication,banking,1,3,3,1,1,2
my talk for the family accounts as first wealth account and amb for all account altogether lakh one account opend as first wealth and as normal account one account in process and process of remaining yet to start now branch official calling us and make presuure to deposit lakh first to move normal account in first wealth and use harsh word relationship manager blamed me for lying and branch head also pressured for higher deposits,banking,0,0,9,1,4,0
my kyc for the nre account was verified and i received the new account kit however the account remained frozen for another days and the debit card took an additional days to activate it would be helpful if such delays were reduced or at least communicated more clearly in advance also jp attestation info was not clearly mentioned on the website,banking,1,0,7,0,4,0
vedio kyc immpresed me badlay whole best system of the bank failure by the kyc department non professional and bad software no voice even after all permission allowed by me in my samsung galaxy ultra s even still my kyc not done as complaint on mobile even my relationship manager mrlamba abhishek,banking,0,1,6,0,4,0
relationship manager allocation kyc completion and debit card activation pending after account opening,banking,1,0,7,0,4,0
ivr should directly connect customers to an agent instead of looping options,banking,1,5,13,1,4,0
need proactive communication especially for nri customers when india number is unreachable,banking,1,3,13,1,4,0
just be honest about offers and commitments made during onboarding,banking,1,5,11,1,4,0
upi payments should work seamlessly without failures,banking,1,5,13,1,4,0
minimum average balance of is too high and should be reduced,banking,1,5,8,1,4,0
bank should reduce minimum balance requirement and add more atms and cash deposit machines,banking,1,5,7,1,4,0
mobile banking face id logs in automatically and should require manual confirmation for security,banking,1,5,13,1,4,0
technologybased services like first tap should be improved continuously,banking,1,5,13,1,4,0
option to choose nearest branch during account opening should be provided,banking,1,5,9,1,4,1
account branch selection was unclear and customer should be allowed to choose preferred branch,banking,1,5,9,1,4,1
need credit card option for education and highlimit usage,banking,1,5,2,1,4,0
allow single mobile number and email for multiple family accounts especially senior citizens,banking,1,5,13,1,4,0
facilities should be extended to all pin codes nearby areas are covered but permanent address is not,banking,1,5,13,1,4,0
issues and tickets raised should be resolved faster,banking,1,1,13,0,4,0
debit card features and card variants are not clearly explained,banking,1,5,7,1,4,0
account activation process was slightly difficult,banking,1,3,13,1,4,0
loan against mutual fund available for one account but missing for spouse and need multiuser login in app,banking,1,5,2,1,4,0
interest rate details for personal loan should be clearly communicated,banking,1,3,2,1,4,0
passbook should be provided along with the welcome kit,banking,1,5,13,1,4,0
mobile app look and feel is not intuitive and products are hard to find for new users,banking,1,5,3,1,4,1
request to disable sms or email balance alerts due to privacy concerns,banking,1,5,13,1,4,0
process should be smoother and relationship manager should remain reachable from day one,banking,1,3,13,1,4,0
minimum balance requirement of is too high and should be reduced,banking,1,5,8,1,4,0
need more product offerings such as personal loans,banking,1,5,2,1,4,0
customer wants guidance on monthly interest payout and savings limits for students,banking,1,3,13,1,4,0
postaccountopening followups and queries are not handled properly,banking,1,5,13,1,4,0
more branches are required closer to customer locations,banking,1,5,9,1,4,1
more cashback offers should be provided on spending,banking,1,0,11,0,4,0
agent should share accurate information to avoid customers feeling cheated,banking,1,3,1,1,4,0
transparency about offers should be reflected clearly on screen,banking,1,5,11,1,4,0
branch selection should be available as an option during account opening,banking,1,5,9,1,4,1
qr code scanning device had issues while selecting account type,banking,1,1,13,0,4,0
savings account interest was the main reason for choosing the bank app usability needs improvement,banking,1,3,3,1,4,1
credit card options should be shown only if actually available to customers,banking,1,5,2,1,4,0
video kyc disconnects frequently and requires better network stability,banking,1,5,13,1,4,0
charges and limitations should be clearly communicated before account opening,banking,1,3,1,1,4,0
paylater account conflict forced physical form submission instead of online opening,banking,0,1,13,0,4,0
banking website access should be available globally,banking,1,5,13,1,4,0
branch staff availability during working hours is inconsistent,banking,0,1,9,1,4,0
rewards eligibility criteria were not explained clearly during onboarding,banking,1,3,11,1,4,0
new customers need brochures and guided onboarding support,banking,1,5,13,1,4,0
fraudulent account openings using stolen aadhaar and pan indicate weak kyc security,banking,0,1,12,0,2,3
cheque book and account details not received after account opening,banking,0,1,13,0,4,0
product knowledge among staff and senior customer service representatives is inadequate,banking,0,1,13,1,4,0
zero balance account was promised but minimum balance requirement was applied,banking,0,1,3,1,4,0
security and kyc process must be strengthened to prevent identity misuse,banking,0,1,13,1,4,0
account opening was smooth and hassle free with promise of free services but concern remains about future charges,banking,1,3,1,1,4,0
account opening process was slow and took nearly days,banking,0,1,13,1,4,0
minimum balance requirement should be reduced,banking,1,5,8,1,4,0
video kyc issues forced branch visit and caused delays,banking,0,0,9,0,4,0
better communication from the account opening branch was required,banking,1,5,9,1,4,1
address update via aadhaar was confirmed but system still shows old address causing wrong delivery,banking,0,1,13,1,4,0
panvel branch staff refused to open k minimum balance account and insisted on k variant,banking,0,1,8,0,1,3
nrenro account remained frozen for more than days without confirmation and minimum balance was not disclosed,banking,0,1,8,0,1,3
account related details should be editable through online mode instead of branch visit,banking,1,3,9,0,4,1
account activation took longer than promised,banking,0,1,13,1,4,0
maintenance charges should be reduced,banking,1,3,1,1,4,0
customer requested preapproved credit card,banking,1,5,2,1,4,0
unable to change address for receiving savings account kit,banking,0,1,13,1,4,0
physical kyc option should be available as an alternative to video kyc,banking,1,5,13,1,4,0
savings account interest rate communication is unclear,banking,0,1,10,0,1,3
welcome kit including passbook and atm card was not delivered even after two weeks,banking,0,1,7,1,4,0
funding account via cheque only should be replaced with digital options like upi or neft,banking,1,5,13,1,4,0
zero balance account option shown in app but account opened with k minimum balance,banking,0,1,3,1,4,0
branch staff is unresponsive regarding locker availability and followup,banking,0,1,9,1,4,0
i have taken a credit card from idfc first babkbut the saleswomen misguided me telling me that the credit card will have domestic airport lounge access where as upon getting the card i saw it has only railways lounge access not domestic air lounge access,banking,0,1,2,0,1,3
not receive the card,banking,0,1,13,1,4,0
not satisfied due to customer care service representative not pick the phone,banking,0,1,6,2,6,0
make branch office more airy and lively the atmosphere at branch office was dull and was looking like someone operating from godown,banking,1,5,7,1,4,0
just i faced some hiccups during video kyc process as my pan card was not getting captured properly maybe bandwidth issue just need some improvement on that regard overall process was quick,banking,1,1,13,0,4,0
an experience has been given by the branch staff that their interest was only up to the opening of account once the account opening process was done the staff who visited did not show any concern even no proper response to emails,banking,0,1,9,1,4,0
no clear intimationinformation on the categorytype of account opened no schedule of charges provided no cheque book in welcome kit no promptcommunication to upload the signature,banking,0,1,1,1,4,0
you should authenticate the details before putting them in your system,banking,1,3,13,1,4,0
if u give welcome kit by hand i can collect not by post,banking,1,5,13,1,4,0
kindly deliver debit card or welcome kit of my kid account to my permanent address of rewari haryana,banking,0,1,7,0,1,3
online facility to open joint account should be there,banking,1,5,13,1,4,0
dont force to make initial deposit for k savings account because lot off resoon will happen in customer side so give some time to deposit intional payment,banking,1,5,3,1,4,1
i am recieving calls from agents telling to maintain my minimum balancei am ready to pay the charges for not maintaing it but they are forcing me to maintain it,banking,0,1,1,0,1,3
i have received atm card but cheque book yet not received whereas in welcome letter it was mentioned cheque book in the kit,banking,0,1,7,0,4,3
kyc is to nonsense type it would be upgraded another style and address have issued for many more locations,banking,0,1,13,0,4,0
staff should mature enough to talk with customers properly they always sees there benefits,banking,0,1,11,1,4,0
for ekyc agent was required i dont think it was necessary but appreciate the effort,banking,1,5,3,2,4,1
super service good staff and increase the branches,banking,1,5,9,2,4,1
just less downtime thanks my opening experience was good,banking,1,5,13,1,6,0
after login i feel that the mobile banking app but clumpsy and have lot of options make sure look like simple and more effective way of accessing options in front,banking,1,5,3,1,4,1
plz update its balance account or not,banking,1,3,13,1,4,0
my previous banker was axis bank where i had preapproved homepersonalcar loan i wish n hope for same benefits offers with idfc too,banking,1,3,2,1,4,0
nothing more to pen down but let me know the monthly average amb is it mandatory to keep in the saving account pn daily basis pls make it clear,banking,1,5,13,1,4,0
i want to know about local branch in my home town vidisha madhya pradesh,banking,1,5,9,1,4,1
my pan card is years old and did not have a hologram in those days kyc was refused for hologram,banking,0,1,13,1,4,0
just a suggestion to increase the strength of your team it seems a lot of burden on one person make your team bigger,banking,1,5,13,1,4,0
please update new customer to welcome kit and if possible to early provide i have open may acc today may still now i m not receive any account kit like debit card cheque book,banking,0,1,7,1,4,0
your staff needs to be more professional there needs to be greater urgency in turnaround times and timeliness need to be communicated clearly and they should remain accountable lastly the biggest thing missing is proactiveness i am the one who is chasing on whatsapp and i get lame one line answers like we need to check this and then no response for the next few days until i chase again not acceptable,banking,0,1,3,2,5,0
i had already completed my kyc online everything was okay but until now i am still asked to go to the nearest branch to do it and the welcome kit is not always delivered it is always postponed,banking,0,1,9,1,4,0
i am interested in zero balance sb account,banking,1,5,8,1,4,0
the welcome kit was hightech and it was a little difficult for me a senior citizen to shut off the screen possibly printed literature could be used for accounts designated as senior citizen a debit card is issued to the joint account holder as well the joint account holder is added as a matter of convenience and is authorised to operate the account but the control has to be with the first account holder who is the owner of the account,banking,1,1,7,0,4,0
nothing specific just practice to keep some human intraction on regular basis,banking,1,5,13,1,4,0
otherwise banking service best please improve kyc process,banking,1,3,13,1,4,0
hlo good morningmy account is freezingnow i cant use my account please help me,banking,0,1,13,1,4,0
maybe a bit of instructions can be added on registering mobile banking about how to activate the debit card and help with upi registration,banking,1,3,7,1,4,0
all good give me credit card,banking,1,5,2,1,4,0
rupy credit card adding process is not good and every time asking sim versification please make this step easier,banking,0,1,2,1,1,2
service is good but mantance balance is too high please help me,banking,1,5,13,1,4,0
nothing to share except that these are wrong tactics,banking,0,1,13,1,4,0
nothing to writebut m completely disappointed with the service,banking,0,1,3,1,3,1
nothing with savings account aprove my request regarding current account with idfc,banking,1,5,13,1,4,0
please allow to change the communication address online which is mentioned over aadhaar card as currently while applying it reflects to visit the branch,banking,1,5,3,1,4,1
i was informed if i put my cc bill payment auto pay then i will get zero balance account with all the services free but it is not such i have a thing in app states it is regular k account so i am not happy with it and if it is so then i do not need it,banking,0,1,3,2,5,0
account opening took about more than days also after opening my residence address is different from submitted address proof seriously there is no proper verification of documents by idfc team due to this difference in address my account is frozen,banking,0,1,13,1,4,0
ochha viyaj per lone apo salary account ni su vidha rakho,banking,1,5,13,1,4,0
proactive support which is missing,banking,0,1,13,1,4,0
offer customers more choices not just basic account,banking,1,5,11,1,4,0
call me and close my account it was mentioned its zero bal account now i saw it has some maintenance avg bal,banking,0,1,13,1,4,0
i dont know why every bank is so keen to offer savings accounts what special you guys are giving or other any bank bank its just a game of using someone elses money to provide loan to someone you guys are also doing the same on the name of maintenance need to keep k all the time so you guys can use for yourself,banking,0,1,2,0,1,3
bank employees are misleading earlier they approached they were not aware about offer of bank even after sharing screenshot they have shown there we unawareness i want to open child bank account for that this account was open on bank website minor bank account is of zero balance but they were giving false info really not happy with response of bank,banking,0,1,3,2,5,0
online ac khe kam me lu,banking,1,5,13,1,4,0
online application verification of documents do get notary sign can be eliminated will make faster submission of application for approval,banking,1,3,3,2,4,1
online fd close options,banking,1,5,13,1,4,0
only the online video call,banking,1,5,13,1,4,0
the agent who helps fill the form and collects the necessary documents should have better knowledge,banking,1,5,13,1,4,0
should have been debit card upgrade options as i wanted visa platinum there should have been some options even if its charges for upgrade other than everything is flawless,banking,1,3,7,1,4,0
welcome kit ke sath bank passbook bhi customer ko dena chahiye,banking,1,5,13,1,4,0
need pre approved credit card and loans need to be added based on account savings,banking,1,5,2,1,4,0
your service is good your agent given the right information but website to very disappointed,banking,1,3,3,2,3,1
address that in my credit card is different and address came in are different but the agent is not even considering this he put pressure to do quick with out even considering my query,banking,0,1,2,1,4,0
my first experience has not been very bad as my welcome kit package has been couriered to the aadhar address without asking me my communication address now this package is returned back to the origin by blue dart on shippers request while it should have been scheduled to my current address as its not too far away from my aadhar address on the other hand i have tried many times to update my current address on idfc app so its not allowing me do so i have even tried many times to connect to your executive over customer care number but it has not been possible to connect to any executive as ivr is not providing any t option to do so so plz arrange a call back to me to discuss further more regarding solution against this issue,banking,0,1,3,0,4,0
ekyc should be arranged for sr citizen like me at home through your agent,banking,1,5,13,1,4,0
i would like to be honest i opened an account to get a personal loan but my cit is not serviceable hope i will get the services soon overall the account opening process was very quick and easy the customer care executive was very kind and polite towards guiding through the kyc process thank you idfc first bank i will highly recommend my family and friends to open an account in idfc first bank,banking,2,2,2,1,6,0
please ask your employer to be more polite in the branch and ask them to provide right information before opening the account,banking,1,3,9,2,4,1
despite more than a week the welcome kit is still not being delivered the blue dart courier partner service is so disappointing,banking,0,0,3,1,3,1
the communication between offline branch executive zero balance ac information displayed on the app conflicts same with your online customercare agents as well,banking,0,1,3,1,4,0
approval of opening account must be more fast by the higher authorities other than the branch they should take hours instead of days for approvalverification and authorization thanx rgds for giving me this opportunity to reflect my views,banking,1,5,3,2,4,1
i have opened account with the promotional link of zero monthly balance account for credit card autopay on mobile app but after opening the account i came to know that it is opened as a default k monthly average balance account i wanted a zero monthly average balance maintainance account for setting autopay on my idfc credit card bill i visited couple of branches for this concern but didnt get any solution instead they want me to connect with the customer care what kind of work is done in branch if the branch is not able to resolve customer queries,banking,0,1,2,1,4,0
paper less service awesome faster smooth shaper smarter better then other bank bt i dont like the yours courier partner service,banking,1,5,13,1,5,0
pass book not received,banking,0,1,13,0,4,0
there should be tat for new account openning,banking,1,5,13,1,4,0
poor service,banking,0,1,13,0,4,0
passbook ki request ki thi aapke worker se hai please with photo passbook dene ki kripa karen,banking,1,5,13,1,4,0
pathetic backend objections,banking,0,1,13,0,0,2
pathetic worst experience by idfc,banking,0,1,13,0,0,2
personalised communication,banking,1,5,13,1,4,0
phone pey is nothing connected in my mobile ph so please do something,banking,0,1,13,1,4,0
kyc people seems incompetent they were asking me dont even look any other place apart as if i am brainless also person was very rude he was asking me to say yes in whatever question he is asking and all nonsense questions he was asking and the most horrible part was after torturing me he said we cant process with your kyc please try again,banking,0,1,13,0,0,2
account system update on mobile banking app clearly,banking,1,3,3,1,4,1
please increase idfc branches all india,banking,1,5,9,1,4,1
physical chewue needed instead of online funding,banking,1,5,13,1,4,0
india is lacking skilled labor this is true at idfc bank as well the person at barakhamba branch with surname jha who opened my account on his mobile did a huge mistake he selected barabanki instead of barakhamba and opened the account and on pointing his mistake i choosed to close the account right away if such people cant do their job properly why they are doing it then it is the loss of bank only i should have kept the account if it would have been barakhamba branch and now my money is not with idfc bank and even my referrals are not for idfc bank now i felt threatened while interactig with jha that day because i pointed out his huge mistake and he wanted me to leave the bank asap as i was sitting there and waiting to talk to some senior about it bank should hire people via strict vetting as business may go coz of such experience,banking,0,0,9,1,0,2
account opening form partially filled by the agent and i just filled my aadhar card and pan card keeping this thing in mind that the branch allocation is already as per my requirement but the account was open in different branch and i am not satisfied at all,banking,0,1,9,2,6,0
after transaction its should not came please check your network connection please try again after sometime this should be corrected,banking,1,3,13,1,4,0
zero balance,banking,1,5,8,1,4,0
pl close saving account plopen my nre account,banking,0,1,13,1,4,0
pl take care give preference to senior citizen whether dealing with saving ac or other txn,banking,1,5,13,1,4,0
please allow to pay bharat qr code or change to visas or replace with other visa networks card,banking,1,5,13,1,4,0
insurance coverage with a debit card airport lounge facility etc,banking,1,5,7,1,4,0
please be transparent in your activities and keep customer informed,banking,1,5,13,1,4,0
please call me check book passbook and atm please call me contact now,banking,0,1,7,1,4,0
please cancel this account sir i dont need this account please cancel this account,banking,0,1,13,1,4,0
relationship manager or branch representative should contact customer and brief about benifits and services after opening account which done through online mode atleast,banking,1,5,9,1,4,1
please close my account,banking,0,1,13,1,4,0
please close my bank account connected to this phone number,banking,0,1,13,1,4,0
if account is open with huge amount at first stage against your minimum balance amount the part of the commission to be paid to concerns must be avail to clients who have created amount more than minimum requirements of bank,banking,1,5,8,1,4,0
please close this account in online process,banking,0,1,13,1,4,0
please consider customers feedback,banking,1,5,1,1,4,0
please contact customer personally,banking,1,5,13,1,4,0
i consider free of service charge fee,banking,1,5,1,1,4,0
please do provide fast and secure server and service,banking,1,5,13,1,4,0
please do understand the needs of customers properly and clearly,banking,1,5,13,1,4,0
the app mentioned as zero balance account the email confirmation i received is for a different account idfc is cheating customers,banking,0,1,3,1,4,0
please dont send the message if the transaction amount is below rupees,banking,1,5,13,1,4,0
please done your work on time,banking,1,5,13,1,4,0
account kyc,banking,1,5,13,1,4,0
i strongly suggest to give option to choose desired branch dont just assign by automated system people have various needs while choosing the branch please consider this,banking,1,5,9,1,4,1
pls take immediate action against the fraud misguiding misleading mischievous agent relationship manager mr sudheer of bangalore basavanagudi branch so that he doesnt make the same mistake with the other customers as he did to me,banking,0,1,12,0,2,3
please fix the technical issue so that a customer can open hiher account from the comfort of their home,banking,1,1,3,0,4,1
customer welcome should be yours first priority,banking,1,5,13,1,4,0
you should improved or expand your services in more pincode like in rural area and urban area also,banking,1,5,13,1,4,0
please improvise giving details about the accounts specifications and also give option to see the benefits of the account in mobile application,banking,1,3,3,1,4,1
please inform me about the age limit for the personal loan,banking,1,3,2,1,4,0
when you recruit banking staffs ensure that they knew the offers and options in the account,banking,1,3,11,1,4,0
please listen to customer and dont tell lies,banking,0,1,13,1,4,0
kindly try to reduce the minimum balance amount as a part of savings account,banking,1,5,8,1,4,0
please provide cheque book,banking,1,5,13,1,4,0
please make available individual current account,banking,1,5,13,1,4,0
please provide loan,banking,1,5,2,1,4,0
please provide upi transaction id in messages,banking,1,5,13,1,4,0
so far we have not received our welcome kit of our joint nro account number so please send it immediately at our address cork drivewest chesterohiounited states of americaso that we can update our bank account with lic of indiafor getting our pension regularlythanking you in anticipation,banking,0,1,13,0,4,0
please stop spreading lies to the customer,banking,0,1,13,1,4,0
its my first experience i have take some time but i advice my bank minimum balance reducing its support to all class people can open acount in our bank,banking,1,5,8,1,4,0
please transaction limit increase,banking,1,3,13,1,4,0
we just need a good relationship with and services like higher credit card limit and other benefits,banking,1,3,2,1,4,0
user to be provided with an option of selecting the nearest bank branch of home address rather than the main branch of a city,banking,1,5,9,1,4,1
video kyc was interupted multiple times kindly check on that,banking,0,1,13,1,1,1
please update my account type to the one i selected,banking,1,3,13,1,4,0
just stop scamming people on the basis of loan amount disbursal and account opening to get the loan amount,banking,0,1,12,0,2,3
yes sure i am living currently in bangladesh for sometime due to my job due to this i am not able to complete my video kyc please guide me how i can complete kyc i have also written mail to my rm but he didnt replied,banking,0,1,13,1,4,0
the mobile app needs to be transparent and user friendly many features simply dont function at all,banking,0,1,3,1,4,0
pls give personal loan,banking,1,5,2,1,4,0
plz correct my communication address,banking,1,5,13,1,4,0
mujhe is bank per account kholne per bahut hi achcha laga ki maine online account khola aur mujhe atm check book mil gaya aur apna credit card milane ka ummid hai isiliye main apne bank se aur ummid karta hun yah meri credit score badhane mein madad karegi okay thank u,banking,2,1,2,0,4,0
no bank employee was available after opening of account,banking,0,1,13,1,4,0
if possible there should be an option to add an email id in upi for better communication and verification also having a display picture dp option in the profile would be helpful for personalization and easier identification overall netbanking app is very good easy to use,banking,2,2,3,2,6,0
you should not set the limit to per month it is everytime keep in our head that we hv to maintain the balanece it should be k,banking,0,1,13,1,4,0
plz courier service bed,banking,0,1,13,1,4,0
plzz dont cheat your customers,banking,0,1,13,1,4,0
post me passbook bhi add kare,banking,1,5,13,1,4,0
please simplify kyc verification with some clicks,banking,1,5,13,1,4,0
kyc kyc hindi english,banking,1,5,13,1,4,0
pramotional call many more so that worried us from open account to till please stop promotional calls asap,banking,0,1,11,1,4,0
opening of joint saving account process is very long it should be shorten,banking,0,1,13,1,4,0
you staff is not proactive in responding to queries of clients and this needs to be changed immediately you need more professional staff,banking,0,1,13,1,4,0
atm not available at your home branch,banking,0,1,7,0,1,3
worst customer service everyt time my service agent is busy on another call and it took times to complete video kyc and it is still in under process,banking,0,1,13,0,0,2
proper communication with the clients from the relationship manager or agent,banking,1,5,13,1,4,0
everything is absolutely fantastic here the problem is i am an idfc credit card user since last to months after using that i prefer a savings account in it for preapproved credit card and loan offers but theres nothing to me thats a little bit concern about the bank it doesnt give any pre approved credit card offers,banking,1,1,2,0,5,0
provide right information all customer,banking,1,3,13,1,4,0
account opening bilkul acha h koi issue nhi aaya lakin netbanking very bad,banking,0,1,13,0,4,0
please keep responsible people at call centre and branch kollam branch ppl did not even call me worst customer experience,banking,0,1,9,0,0,2
provide lounge benefits in debit card,banking,1,5,7,1,4,0
request earliest delevery of saving kit idfc,banking,0,1,13,1,4,0
minimum balance of the account may be decreased,banking,1,5,8,1,4,0
apko customer service me sab badiya hai lekin apko welcome kit me passbook bhi deni chahiye,banking,1,1,13,0,4,0
not get properly answer from bhavnagar branch about saving account features,banking,0,1,9,1,4,0
need credit card facility also,banking,1,5,2,1,4,0
you should inform the offer in the sms or email for eg i have open my account with zero balance mab by having offer in my app,banking,1,5,3,1,4,1
any new request should be iniatiated same day not in or days the bank took my documents for activating forex card request today but i havent received any acknowledgement,banking,0,1,13,1,4,0
they were not having good connection,banking,0,1,13,1,4,0
over all i called customer care and opened online after failed through vijayawada braccount executive i had bitter with them i never open any account with your bank but after followed by your customer care i have opened an savings account and i have to open current account also in future iay open at hyd not at vijayawada i dont want visit that branch current account mgr so frankly i given bitter expwith your executives,banking,0,1,6,0,4,0
minimum balance requirement should be mentioned in the account details,banking,1,3,8,1,4,0
false communication about minimum balance by the bank executive kindly close the account,banking,0,1,8,0,1,3
your staff is not helpful i wanted a passbook at branch but they are not giving,banking,0,1,9,2,4,0
i regret to say that i have choose idfc for my nri account its been more than a month but i still dont have a my account functioning though i got my bank account details after a month of followup it doesnt even work not able to register to internet banking mobile banking then why the hell i got this account one of the bad choice of mine in choosing idfc considering the options i have,banking,0,1,13,0,3,1
save time more facility clearty,banking,1,5,13,1,4,0
saving account amount high,banking,1,5,13,1,4,0
please do start video kyc in regional languages also,banking,1,5,13,1,4,0
improve your organization culture train your frontline staff on international documentation and verification process do a systems gap assessment and find improvement opportunities shunt the members with ego and attitude to backend processes or kick them out from bank,banking,0,1,13,1,4,0
clear communication missing tried to change the branch transfer no luck welcome kit dispatch not received tried to avail car loan no luck its a horrible experience i never recommend to my network with this kind of experience,banking,0,1,2,0,0,3
secure documents scanned by agent device im not sure if photos taken from agent devices are secure,banking,1,5,13,1,4,0
for video kyc process assign someone who knows local language like bengali,banking,1,3,13,1,4,0
usually all banks offers quick service for opening account through all branches and after immediate verification account kit and cards delivers physically overall time taken o open account is very high,banking,0,1,11,1,4,0
selected number se account ko open karwana,banking,1,5,13,1,4,0
sending of atm card to communication adress as requested by customer,banking,1,5,7,1,4,0
it was seam less process although do make it permanently zero balance account as i already hold multiple accounts also i did not see a feature on app for sb closing hope closing can also be done online also can u provide a lounge access if fd are maintained or we can purchase lounge access and easily activate the same at a discount before the flight,banking,1,3,3,1,4,1
try to add more rewarding scheme on account variant like cashback offers for debit card uses bms offers also introduce a lower variant account for the people who cant meet the mab,banking,1,5,7,1,4,0
i asked for a senior person to contact me so i can give detailed feedback but no one called surveys are useless if you dont followup with the customer,banking,0,1,1,0,1,3
i have opened account as i got an offer of zero balance account with autopay in my credit card and then i used your services and now im recommend others to open bank account with idfc so i would request you to offer more zero balance account and let customer experience your services facilities first word of mouth is the most effective sale tactics,banking,2,6,2,1,4,0
totally disappointed act peed or ake of loa but after opening act loan disbursement didnt happen and sales team were apologising for same i would like to close the account permanently which is of no use to me,banking,0,1,2,0,3,3
experience in account opening was good but what next no communication from bank,banking,0,1,13,1,4,0
strange the no telephonic call received for discussion with idfc first team about account benefits my account was with option of zero balance but strange that nowhere this is mentioned please send a printed communication confirming that,banking,1,5,8,1,4,0
simplify the process,banking,1,3,13,1,4,0
sir mene aapke bank se loan liya tha usko mene kuch presaniyo ke chalte satel kraya tha magar me us loan ko kisi din pura chuka bank jake,banking,1,5,2,1,4,0
a detailed briefing on the availability of services and advantages of idfc in maintaining a high mab,banking,1,5,13,1,4,0
sir mene act khola lekin reward points ka bataya vo nahi mila or atm se use kiya usme reward points nahi mila offer h bevkuf banate ho call mi urgent,banking,0,1,7,0,1,3
please improve your whatsapp banking,banking,1,5,3,1,4,1
why did the credit card application get rejected,banking,1,3,2,1,4,0
after working days of video kyc i did mobile banking login first time where i am seeing my kyc is not completed successful and account on freez and i need to go nearset branch i dont want to continue with such a problematic bank,banking,0,1,9,0,4,0
my account was open on physical firm ms snehal kakde was handling it form was submitted on april with a cheque of lakh the account was opened on april for online transaction wrong account number was shared cheque clearance information was false employee was unprofessional no apology from bank worst service,banking,0,1,13,0,0,2
there should be mechanism for video kyc to accept epan as well because the person didnt accept we have to visit the nearest branch for the kyc,banking,1,5,9,1,4,1
if you can provide airport lounge access with debit and credit card without spend criteria,banking,1,5,2,1,4,0
at the time of opening of the account and credit to the fdr accounts all bank have nice attitude we have to see how much bank remains the same,banking,1,3,2,1,4,0
solve complaints on time and fast,banking,1,1,6,0,4,1
some time server issue,banking,1,1,13,0,4,0
online kyc video calling sound quality is not crystal clear,banking,1,5,13,1,4,0
stick on the commitment else dont give commitments,banking,1,5,13,1,4,0
every thing is good please keep privacy security related issue always,banking,1,1,13,0,4,0
still account is on total freeze,banking,0,1,13,1,4,0
lounge facilities provided by idfc debit card is not accepted in many lounge it should be acceptable by at least one lounge in any terminal bengaluru t terminal doesnt have any lounge which give access to idfc debit card,banking,0,1,7,0,1,3
still not working after almost two weeks failed to even transfer money into my nro acct and the overall process is not clear,banking,0,0,13,0,4,0
jyada se jyada atm and branch kholna,banking,1,5,7,1,4,0
cut down minimum balance amount this will attract more customers present amount is high and cannot afford some customers moreover interest rate on minimum balance amount is saving interest,banking,1,3,8,1,4,0
stop misleading advertisement,banking,0,1,13,1,4,0
communication with customer is not good in kothapet branch,banking,0,1,9,2,4,0
stupidity app,banking,0,1,3,1,4,0
after account is created there is no proper guided steps regarding welcome letter debit card offers insurance and no response from banking people,banking,0,1,7,0,1,3
suggested choice name of account,banking,1,5,13,1,4,0
i havent received my welcome kit and my debit card yet please can that be sent earlier,banking,0,1,7,0,1,3
my rm wasnt aware that a minors account comes with a zero amb and gave wrong amb information,banking,0,1,13,1,4,0
need to improve debit card rewards,banking,1,5,7,1,4,0
over all is good kindly maintain same integrity throughout the service tenure and personal loan interest is very high please check on it,banking,1,3,2,1,4,0
minimumbalance should be k,banking,1,5,13,1,4,0
video kyc problem,banking,0,1,13,0,4,0
that kind of staff should resign they are not working for the bank,banking,0,1,13,0,4,0
the overall experience was very good i dont have any suggestions at the moment,banking,2,2,5,2,6,0
im happy with idfc bank services and executive and staff,banking,2,2,3,2,5,0
increase the limit until the kyc is done,banking,1,3,13,1,4,0
there must be no need to maintain mab if i do fd in my account,banking,1,5,13,1,4,0
there must be an option of either maintain minimum balance or do a fixed deposit to waive mab,banking,1,5,8,1,4,0
system is hopeless,banking,0,1,13,1,4,0
transparency needs to be maintained at every step,banking,1,5,13,1,4,0
take longer time,banking,0,1,13,1,4,0
it was a wonderful experience your mobile platform is best among all banks in india,banking,2,6,13,1,4,0
hey i could see my account has an amb of k however i opened it with zero amb offer please change it,banking,1,5,11,1,4,0
sir kindly do the average monthly balance to so that anybody can open the account,banking,1,5,13,1,4,0
about product pricing and terms and conditions to be mentioned properly,banking,1,5,13,1,4,0
the service of the bank staff of idfc first bank is very good and the bank app is easy to use,banking,2,2,3,2,6,0
team is totally fresher and dont know about the banks portal and policies,banking,0,1,13,1,4,0
the agent wanted cheque of my previous bank for kyc and account opening took many days,banking,0,1,13,1,4,0
tell me clearly the interest rate,banking,1,3,10,1,4,0
threshold limit to opening sb account should reduce minimum balance is too high,banking,1,3,8,1,4,0
reduce forex charges for savings account customers,banking,1,3,1,1,4,0
team well responded for me thats great,banking,2,2,13,1,5,0
pl provide self passbook printing in branch as staff is always busy,banking,1,5,9,1,4,1
account opening person guidance is excellent,banking,2,2,13,1,5,0
the idfc first bank system is very nice account opening prossissor is very fast good i am happy to become idfc family thanks appreciate,banking,2,2,3,2,5,0
stick on the commitment else dont give commitments,banking,1,5,13,1,4,0
every thing is good please keep privacy security related issue always,banking,1,1,13,0,4,0
still account is on total freeze,banking,0,1,13,1,4,0
lounge facilities provided by idfc debit card is not accepted in many lounge it should be acceptable by at least one lounge in any terminal bengaluru t terminal doesnt have any lounge which give access to idfc debit card,banking,0,1,7,0,1,3
still not working after almost two weeks failed to even transfer money into my nro acct not sure how long will it take and the overall process is not clear,banking,0,0,13,0,4,0
good and nice experience,banking,2,2,13,1,4,0
jyada se jyada atm and branch kholna,banking,1,5,7,1,4,0
cut down minimum balance amount this will attract more customers present amount is high and cannot afford some customers moreover interest rate on minimum balance amount is saving interest,banking,1,3,8,1,4,0
stop creeping pple out,banking,0,1,13,1,4,0
overall superb experiance from bank,banking,2,6,13,1,4,0
stop misleading advertisement,banking,0,1,13,1,4,0
communication with customer is not good in kothapet branch,banking,0,1,9,2,4,0
stupidity app,banking,0,1,3,1,4,0
after account is created there is no proper guided steps involved regarding getting the welcoming letter and debit card also no information regarding the debit card offers and insurance that is provided on the same to activate it once account activation s done no response from the banking people,banking,0,1,7,1,4,0
suggested choice name of account,banking,1,5,13,1,4,0
i havent received my welcome kit and my debit card yet please can that be sent earlier thanks,banking,0,1,7,1,6,0
my rm wasnt aware that a minors account comes with a zero amb to top it she mentioned that minimum amb is rs k as the k amb savings account option has been discontinued my rm priti from thane ghodbunder branch,banking,0,1,9,1,4,0
need to improve debit card rewards,banking,1,5,7,1,4,0
super world class experience like hsbc b k as well as my rm mr ram ji thanks,banking,2,2,13,1,6,0
super bank,banking,2,6,13,1,4,0
good communication barath sir,banking,2,2,13,1,4,0
over all is good kindly maintain same intigrity throught the your service tenure and your personal loan intrest is very high please check on it it would give you more business in future to is very high intrest rate,banking,1,3,2,1,4,0
super cool,banking,2,6,13,1,4,0
bank official was very nice person,banking,2,2,13,1,4,0
overall great,banking,2,2,13,1,5,0
minimumbalance should be k,banking,1,5,13,1,4,0
super experience,banking,2,6,13,1,4,0
adas cuttack open ur branch,banking,1,5,9,1,4,1
super fast,banking,2,6,13,1,4,0
video kyc problem,banking,0,1,13,0,4,0
that kind of staff take resign from bank bank ke liye kam nahin karta hai,banking,0,1,13,1,4,0
super fasting transection love it,banking,2,6,13,1,4,0
the overall experience was very good i dont have any suggestions at the moment thank you for the smooth process,banking,2,2,5,2,6,0
im happy with idfc bank services and exicutive and staff,banking,2,2,3,2,5,0
super service no problem atall sir,banking,2,1,13,0,4,0
super survice,banking,2,6,13,1,4,0
increase the limit until the kyc is done,banking,1,3,13,1,4,0
super sytem banking in world,banking,2,6,13,1,4,0
over all services is too good,banking,2,2,13,1,4,0
there must be no need to maintain mab if i do fd in my account,banking,1,5,13,1,4,0
there must be an option of either maintain minimum balance or do a fix deposit of stipulated amount for example if someone maintain fix deposit of rs lakh he must be exempted from maintaining mab this may be raised to lakh fd for mab rest is ok,banking,1,5,8,0,4,0
system is hopeless,banking,0,1,13,1,4,0
transparency needs to be maintained at every step,banking,1,5,13,1,4,0
take longer time,banking,0,1,13,1,4,0
it was a wonderful experience your mobile platform is best among all banks in india,banking,2,6,13,1,4,0
thank you so much and i hope idfc will lead me to good aty financial development,banking,2,2,5,2,6,0
hey i could see my account has an amb of k however i have opened the account with offer of zero amb on account of setting up the auto pay facility for my idfc credit card can you change my account amb,banking,1,5,2,1,4,0
sir kindly do the average monthly balance to so that anybody can open the account thank you,banking,1,5,5,2,6,0
talk to customer service,banking,1,5,13,1,4,0
about product pricing and terms and conditions to be mentioned properly,banking,1,5,13,1,4,0
tamri bank ma koi na pan balamen na kari sakay,banking,1,5,13,1,4,0
the service of the bank staff of idfc first bank is very good the bank app is also very easy nd good thanks,banking,2,2,3,2,6,0
team is totally fresher and dont know about the banks portal and policies,banking,0,1,13,1,4,0
the agent wanted cheque of my previous bank for kyc i could not find it for sometime therefore opening account took a lot of days there should be a way to open it without cheque i have seen it first time,banking,0,1,13,1,4,0
tell me clearly the interest rate,banking,1,3,10,1,4,0
thank q for explain what ever information gave clear,banking,2,3,13,1,4,0
threshold limit to opening sb account should reduce minimum balance limit is too much,banking,1,3,8,1,4,0
reduce forex charges for savings account customers,banking,1,3,1,1,4,0
team well responded for me thats great,banking,2,2,13,1,5,0
pl provide self pass book printing in branch as this is very tedious to print pass book because staff deputed for the same remains almost busy in banks other activities thanks,banking,1,5,9,2,6,1
account opening person guidence is excellent,banking,2,2,13,1,5,0
very good process and great assistance by bank agent,banking,2,2,5,2,5,0
very good experience and sales executive very sweet,banking,2,2,5,2,6,0
pan card alone as a must for video kyc is very taxing,banking,1,5,13,1,4,0
ovarall good experience,banking,2,2,13,1,4,0
yes me with the you good friend was my friend,banking,1,5,13,1,4,0
better in branch experience and better privileges i bank with hdfc for salary and i am a preferred banking client but idfc gave me a standard salary account,banking,0,1,9,1,4,0
your sales person rm simran singh behavior and nature is very good,banking,2,2,5,2,6,0
k maintenance balance ke liye charge fee individual current ac hota to achach hota,banking,1,5,1,1,4,0
kyc completed by personally visiting the branch due to inadequate knowledge could not follow instructions given by idfc person reasons could be mobile phone deficiency and age related hearing deficiency hdfc icici marketing person personally visit customer residence for completion of kyc handover of welcome kits,banking,0,1,9,0,4,0
worst experience for credit card i want credit card against fb still idfc bank not providing doing this much transaction still if we are not eligible then whats the benefit,banking,0,1,2,0,0,3
i havent received my welcome kit yet at my communication address for almost a week,banking,0,1,13,1,4,0
told me about progressive rates of interest only after opening the account did i come to know of interest rates,banking,0,1,10,0,1,3
iska supporting stop bahut badhiya hai helpful hai aur achcha hai,banking,2,1,13,0,4,0
its very easy and very attractive offers for account very good and satisfied experience ever,banking,2,2,11,1,6,0
at the time of opening account your relationship manager assured to convert the account as joint with my husband with in days and increase the limit through internet banking to lacs but more then one week already lapsed and both the above mentioned action are pending,banking,0,0,13,0,4,0
if zero balance account should be zero onlywhy change account to minimum balance its customer disappointed,banking,0,1,3,1,3,1
customer service needs to be improved after multiple follow ups they figure out that my savings is zero balance account,banking,0,1,8,0,1,3
yes clarity is most important passbook and cheque should be provided by bank,banking,1,5,13,1,4,0
yes after account opening send to email commitment about account type charges details latter but here no any communication so please start this,banking,1,3,1,1,4,0
stop scamming the customer in name of zero balance account you people are giving the account of minimum balance i will immediately closed the account which was wrong fully opened under the name of zero balance account,banking,0,1,12,0,2,3
thank you anuja mam for your guidance you make me understand so properly,banking,2,2,5,2,6,0
my wrong mobile number updated by idfc first bank in ckyc records,banking,0,1,13,1,4,0
thank you for your information and services provided by you bank customer care service,banking,2,2,6,2,6,0
your services are great,banking,2,2,13,1,5,0
min accout balance maintainance is a deterent,banking,1,5,13,1,4,0
good job didnt expect such a smooth process from a small bank,banking,2,2,5,2,6,0
the agents should be well versed with the mandatory and important details which needs to filled by the customer to get the process smooth in one go,banking,1,3,13,1,4,0
already very nice process,banking,2,2,13,1,4,0
good service provided,banking,2,2,5,2,6,0
i want to change my address but in account process you give my home town address i m working in nagpuri applied for personal loan but because of my address your system unable to provide me loan so do some changes in that overall idfc first service is very good thank you,banking,0,1,2,1,6,0
thank you so much for helping me to open my account,banking,2,2,5,2,6,0
best bank among my all bank,banking,2,6,13,1,4,0
clarity from the agent and necessary follow up on where the welcome kit would have been delivered would have been better,banking,1,3,13,1,4,0
i would suggesta hard copy of fdr must be given to the depositor as soft copy may not serve good purpose for family in case of future need i am not provided a hard copy of fdr made at jamnagar branch on kindly do needful,banking,1,5,9,2,4,1
hi sir madam idfc service id werry great for me thanks u are fast service continew keep good services thanks for support,banking,2,2,5,2,5,0
i had an account with hdfc bank earlier and had been trying to open a new account there for the past two months but every day they kept saying it will be done tomorrow in contrast my experience with idfc bank has been excellent they opened my account within a week and also provided the card machine quickly i am very happy with their fast and professional service i will also be opening an account for my husband with idfc bank highly recommended,banking,2,2,3,2,5,0
not very good,banking,0,1,5,2,4,0
excellent service very systematic new way of opening account,banking,2,2,5,2,5,0
opening of more branches,banking,1,5,9,1,4,1
not good,banking,0,1,13,1,4,0
its really awesome experience in opening savings bank account with idfc first bank this is my first experience in opening an account in a bank without going to a branch filling up an application and submitting the relevant documents doing everything at home and specifically within minutes processing at the bank side is also really fast received the welcome kit with debit card in the next fifth day started doing the transactions immediately investment from the next day wow really wonderful experience of digital banking,banking,2,2,7,1,5,0
firstly idfc bank agent call me he told me this is my zero balance account after account opening its shows me its savings account minimum maintain k this is totally frauded with me if you checking my conversation overall call then you can also checked,banking,0,1,12,0,2,3
for now everything is good if required will let you know,banking,2,2,13,1,4,0
this account opening took around one month time by your agent this is worst experience i have seen in private bank i hope you understand and improve according,banking,0,1,13,0,0,2
thank you idfc for zero balance savings account,banking,2,2,8,1,6,0
best service for bank staff,banking,2,6,13,1,4,0
non banking charges,banking,1,3,1,1,4,0
that will improve my cibil score,banking,2,6,13,1,4,0
it took me a few attempts to login into the app of idfc bank please work on that other than that everything was good,banking,1,5,3,2,4,1
dont misguide for opening account,banking,0,1,13,1,4,0
the account was first opened in my name and later added the joint holder it would have been better if the whole process is completed in one go rather than two steps,banking,1,3,13,0,4,0
the banking experience with idfc first bank is seamless and customer friendly kudos to the team,banking,2,6,13,1,4,0
the process was smooth and quick and also the agents assisted well,banking,2,2,13,1,4,0
the service is excellent,banking,2,2,13,1,5,0
pleasing reception mobile banking account opening were done quickly i congratulated all,banking,2,6,13,0,4,0
everything looks good but no email transaction alerts receiving,banking,1,5,13,1,4,0
nothing to improve everything was on point crisp and clear your relationship manager should be appreciated for her generous attitude and behaviour thankyou,banking,2,2,3,2,6,0
u should offer credit card too,banking,1,5,2,1,4,0
the whole setup process took around two weeks this time could be reduced,banking,1,3,13,1,4,0
feedback responses should be more than maximum of two options if customer would like to add more points to rate the bank should allow it,banking,1,3,1,1,4,0
very bad experience relationship manager never connects app kept crashing in the middle of vkyc times it was frustrating still no idea on the app about what percent of interest am i getting currently on my savings overall not such a pleasant experience,banking,0,1,3,0,4,0
being an existing credit card customer account was opened without minutes and the idfc banking app is the smoothest banking app,banking,2,2,2,1,4,0
my ask was very simple provide me with a medium sized or a large locker and i open accounts and maintain a lakhs balance if you can provide me with this i can move my entire hdfc relationship to idfc,banking,1,5,13,1,4,0
i opened a zero balance account but at the time of opening or after i have no way of telling that mine is a zero balance account more transparency needed,banking,1,5,8,1,4,0
best customer care services in account opening and give very good guidance for activate online banking,banking,2,2,6,2,6,0
i had tele calling from your representative was told that i have been offered zero bal and zero charges ac after opening account it showed that min bal rs this is not fat practice sirmadam thanks,banking,0,1,1,1,6,0
process and your executive support is excellent recommend to other,banking,2,2,13,1,5,0
there was adresss link with account that is permant adresss and current adresss but mobile banking only show communiaction adressspermmant address if your want change currentt adresss there is no option u can fix this,banking,1,5,13,1,4,0
there were unnecessary hurdles with respect to verification of the address aadhar downloaded from uidai itself was also kept under scrutiny for so long it was irritating to have engaged in a continuous discussion over little issues alternate proofs could also be verified but this verification process was absent,banking,0,1,13,0,4,0
very nice staff and clear bank policy,banking,2,2,13,1,4,0
thik thak ache,banking,1,5,13,1,4,0
account opening should be allowed in the branch also the person who deals with account opening should explain all the types of account with all its features well before opening of the account because that will help to know the customer the features and accordingly can choose what type of account to open kindly assign more knowledgeable executives who open the account they lack training,banking,1,3,9,1,4,1
excellent services by account opening staff,banking,2,2,5,2,5,0
this is just nitpicking on my end i feel given the brand reputation and personality the visual design experience looks amateurish to me,banking,1,5,1,1,4,0
i have open the idfc first bank ac and i was happy with bank employee as dilip kumarhe has guide me properly regarding account opening best service,banking,2,2,3,2,5,0
instead of having two separate account types with different minimum balance we can have a uniform account and focus on that with all the benefits,banking,1,5,8,1,4,0
you should give the option for branch selection,banking,1,5,9,1,4,1
this is my rd savings account with idfc for my family member though i like idfc banking hence opted for the rd savings account but there are restrictions about using same mobile number for more than one sb account this is unfair and not practiced with icici bank,banking,0,1,13,1,4,0
yes before opening account via website which was fluent i went to open account directly to a newly opened branch in our area i went on the first day of branch opening and asked them to open the account one of the person there said that account can be opened at my house only so i gave him my address timings and phone number he didnt come i asked him second day he again said he will come but didnt two days later he himself called to come that day yet he didnt then finally i myself opened it online online was very fluent liked it i was also interested in a credit card online person said ill get a call for the same but no one has reached out yet regardless it was a great experience,banking,2,2,2,0,5,0
good guide and easily know any person in this application lot of congratulations,banking,2,2,3,2,6,0
through these bunch of oversmart customer service personnel out of your system for whom customers suffer,banking,0,1,13,1,4,0
till date experience is excellent every details very well explained mam sheetal sethi bm assisted by mr visal gupta do hope in future also,banking,2,2,13,1,5,0
time limit and amount limit on adding fresh beneficiary,banking,1,3,13,1,4,0
timeline regarding actual working of the account needs to be communicated to customer,banking,1,5,13,1,4,0
thats a great question to ask for customer feedback my experience was very good with my relationship manager which is farhat jahan but i was disappointed with only one concern which was my joint saving account was opened very late it took almost working days which is not correct your team should work on this thanks regards nitin kalra,banking,1,4,3,0,3,1
to save money for future urgencies,banking,1,5,13,1,4,0
my welcome kit is not delivered yet,banking,0,1,13,1,4,0
provide less than k monthly average balance account,banking,1,5,8,1,4,0
to understand the customer need and to give right direction or suggestions,banking,1,5,13,1,4,0
overall process was very smooth both executive and relationship manager were clearly explained and the guidance is absolutely on time and perfect,banking,2,2,13,1,4,0
too long even after generating customer id,banking,0,1,13,1,4,0
train your agent to only give true information to customer,banking,1,3,13,1,4,0
transparency in the process and the representatives need to understand your internal process,banking,1,3,13,1,4,0
treat customer politely and hear their asking,banking,2,2,13,1,4,0
best bank for account opening,banking,2,6,13,1,4,0
staff is cooperative while opening the account,banking,2,6,13,1,4,0
trin your agents to be more professional and provide factually correct information they all lie to customers to fulfil their targets,banking,0,1,13,1,4,0
please have a call centre executive call up to brief customers about the process and what documents needs to be kept ready before the kyc process,banking,1,3,13,1,4,0
upgrade my account to wealth account,banking,1,5,13,1,4,0
communication needs to be improved between the bank and customers,banking,1,5,13,1,4,0
good process and fair bank,banking,2,2,13,1,4,0
indias number one bank idfc first bank my experience is very very good for i am very happy excellent service,banking,2,2,3,2,5,0
upgrade the app,banking,1,5,3,1,4,1
not good,banking,0,1,13,1,4,0
upi chalane ke liye,banking,1,5,13,1,4,0
user friendly interface and easy navigation in the app,banking,2,6,3,2,6,0
as a cc holder account opening journey was super fast,banking,2,6,13,1,4,0
excellent service of zero charge saving account,banking,2,2,1,1,5,0
user friendly app with smooth experience,banking,2,2,3,2,6,0
ask the customer to enter their name in the respective fields at the time of account opening else capture the name as per their aadhaar,banking,1,5,13,1,4,0
very bad experience please close my account immediately,banking,0,1,13,0,4,0
yes youll dont display your offers clearly when applied it doesnt get completed it gets hanged up on the final process and disappears there should be good offers on fd i know these are my small amount but it was my start to see what better it could be for big amount thank you,banking,0,1,3,2,6,0
as of now superb in all ways even debit and credit of transaction and app also friendly user,banking,2,6,2,1,4,0
very beautiful bank and very easy open my acc so im very happy,banking,2,2,3,2,5,0
debit card got without cheque bookservice is very fast,banking,2,6,7,1,4,0
this is my th savings account this account open within minutes i am very happy only one thing improve i think my home branch far distance from my home i think choose an option home branch must have thank you,banking,1,5,3,2,5,1
didnt get know about the auto debit date for the credit card which was opted any ways over all its a good and easy process to consider the idfc bank for account opening,banking,1,3,2,1,4,0
u need to clearly communicate with your customers on the web site i had a choice of zero balance vs amb i chose zero balance despite that the letter mentions otherwise im quite happy with your credit card product however dont need additional liability in terms of min amb i had opened the account fr ease of payment of my card dues kindly close my savings account and confirm else i would like to clear the dues and cancel my credit card thanks,banking,0,1,2,1,5,0
bank executive pradnya dhotre knowledge and guidance in account opening at best,banking,2,6,13,1,4,0
very convenient for everything including transactions and services,banking,2,6,13,1,4,0
very customer friendly process nothing much needed,banking,2,3,13,1,4,0
very easy process of acount opening,banking,2,3,13,1,4,0
very easy to open an with your bank,banking,2,6,13,1,4,0
very easy to open savings account,banking,2,6,13,1,4,0
while opening an account through the banks website i faced an issue in selecting and filling in employer details that were not associated with the bank although it allowed me to fill in the details upon submission the request was rejected with an error message saying please try again later i hope this issue will be fixed in the near future also i have shared my feedback and am providing it here to keep everything in one place i am very happy with your services and request that you maintain the same in the future i have two suggestions allow users to have alphanumeric upi ids and mpins ranging from four to six digits i hope we will get these features in the near future,banking,1,1,3,0,5,1
some online options are still missing in idfc first bank like online request for change home branch if these options will available online for customer in future then it will be very beneficial to customer,banking,1,5,9,1,4,1
very easy to understand the app,banking,2,6,3,2,6,0
it was not clear what variant of debit card will be issued and when after account opening also the app took a couple of closing and reopening to see the account where it appeared instantly on netbanking web portal,banking,1,1,7,0,4,0
everything is good just one recommendation that add more saving accounts variant like k or lakh amb accounts with more features,banking,1,5,13,1,4,0
before opening the interest rate mentioned to me was different and after account opening its different i have requested to close the account since it was opened giving fake promises and benefits,banking,0,1,10,0,1,3
amazing experience i still remember to request someone to be a surety to open a bank account years ago its unbelievable mesmerizing experience after opening at the idfc account without any hassles kudos to the bank for adopting the latest technology and methods to provide customers seamlessly accessing the information,banking,2,2,13,0,5,0
average monthly balance hota to thik rehta,banking,1,5,13,1,4,0
for now nothing however if a customer wish to apply for housing loan or pl instead of asking documentation again use or consider the docs used for opening account,banking,1,3,2,1,4,0
very good online opening account thanks idfc first bank,banking,2,2,5,2,6,0
very fast and easy process to open an account thank you idfc bank,banking,2,2,5,2,6,0
very fast process with minimal steps involved,banking,2,3,13,1,4,0
all mail and sms are prewritten but i case of special offer you have not any prewritten communication contain which inform customer and make things clear atleast from your side a call should arrange that inforn customer that you are availing special benifits and should also explain features of the account or any other bank product which is customer availing,banking,1,5,11,1,4,0
very happy with the experience,banking,2,2,3,2,5,0
provide zero balance amount or close the savings and credit card do not want any relationship with a bank that troubles or misleads ticket raised,banking,0,1,2,0,1,3
maintaining k is very difficult and minimum balance amount should be reduced,banking,1,5,8,1,4,0
very poor rong information service idfc first bank stf my block not interest,banking,0,1,13,0,4,0
the customer care staff and bank representatives are guided very friendly and given right information did promptly the banking transaction and remittence are so easy to use overs all defferent experience its attracts customer soon you will get customers who shifts from other banks,banking,2,3,2,1,4,0
very smooth and easy netbanking experience,banking,2,2,13,1,4,0
a c opening process is very fastapps is beautifulbank staff and processing is also fast liked everything excellent banking service,banking,2,2,3,2,5,0
video call got dropped few times during the process needs resolution,banking,0,1,13,1,4,0
consistently smooth and helpful service ive experienced with idfc first bank from the clarity provided in responses via email to the courteous support during phone calls every interaction has been professional prompt and genuinely customerfriendly its rare to come across such a seamless and proactive support system and i truly value it the recent resolution of my query regarding the savings account variant was handled efficiently and i especially appreciate the clear communication thank you for maintaining such high service standards it really makes a difference,banking,2,2,3,2,6,0
video kyv has connection issues and was not possible to rejoin once disconnected,banking,0,1,13,0,4,0
very easy procedure for opening account,banking,2,3,13,1,4,0
good behaviour of sales manager mr anil kumar,banking,2,2,13,1,4,0
yes mene rupees bala account khola tha jisme mujhe visa platinum debit card milana chahie tha par mujhe mastercard prapt hua usme thoda sahi nhi lga aap apne portal par dono ka chayan rakhte toh usme achcha rahata,banking,1,5,7,1,4,0
want to talk with customer care for complaining,banking,1,5,6,1,4,1
was a smooth process where yash kept me proactively informed about the status and what to expect next,banking,2,2,5,2,6,0
no thank youone suggestion only add money option i found high amount is there if u put and that will more convenient for the customer,banking,1,5,5,2,6,0
very good service idfc first bank,banking,2,2,5,2,6,0
ambience and vibes of your thane branch looks very dull and boring it needs to be changed to vibrant and appalling it seems that either thane branch is understaffed or that employees might not be really interested in adding new customers or new business to the branch response to the customers queries were not really conducive or encouraging for a customer to open a stand alone fd of substantial amount with your bank,banking,0,1,3,1,4,0
we are unable to contact any customer care representative for our concern we have another account to open in idfc first bank but theres no option in your current care numbers ivr to talk to any agent,banking,0,1,6,1,4,0
we had a time constraint to open a joint account and recieved our card and check book within a week friendly agent promised back end chain was not upto deliver with the result a very poor start of our relationship,banking,0,1,13,0,4,0
till now i have not received cheque book and debit card,banking,0,1,7,0,4,3
there is one concern about the account opening branch that it was opened in a distant branch phase mohali there is already a branch available in my city landran road kharar i request you to kindly shift my account to the nearest branch for better convenience thank you,banking,1,5,9,2,6,1
i think ekyc process should be more easy and i also got voice problem while connecting first time so i had to book next day appointment which is time consuming,banking,1,1,3,0,4,1
we impressed to know your easy going inland and abroad banking services,banking,2,6,13,1,4,0
we just open an account wt positive feedback futher we expect smooth transaction too,banking,2,2,1,1,4,0
please fix your process and add otp based process for email id when opening account and please fix email id of account,banking,1,3,13,1,4,0
well we get daily tomnay messages from id bu bank via net so kindly make sure we recieve less meaage trhogh internet we get message when me start phone,banking,1,3,13,1,4,0
mujhe account close krna hail,banking,0,1,13,1,4,0
it was a smooth and easy process to open account and other formalities like kyc updation etc,banking,2,2,13,1,4,0
when i received the kit there is nothing showing after bank manager and regenal manager number was empty,banking,0,1,13,1,4,0
to reduce monthly average balance minimum k,banking,1,5,8,1,4,0
credit card should be issued in patna too,banking,1,1,2,0,4,0
when the bank provide a reason for rejecting a service verify that its genuine its not a platform to joke be serious about banking i will not recommend your bank to anyone because the way i was treated was extremely unprofessional and unacceptable i didnt close the account considering the sincerity of the bank employee who did the process swiftly i seldom think even this feedback will be taken seriously,banking,0,1,1,1,0,3
the ui of app can be improved,banking,1,5,3,1,4,1
when you will remove the debit restricted from account,banking,1,3,13,1,4,0
my kyv full update but video kyc location problem sir medam what happened tell me resan,banking,0,1,3,0,4,0
please provide zero opening balance so everyone can easily open the savings account otherwise your service only dedicated for high society people,banking,1,5,13,1,4,0
three days time takenit should be fast,banking,1,5,13,1,4,0
ones the sales id done it should be taken care of rm deputed to my account should provide seamless services with spiculated time but he didnt bothered for the same now before days a new rm is assigned i dont know why and how rm chaged talking to rm also the issue is still pending,banking,0,0,13,0,4,0
i request the bank person to explain clearly on what to do during video kyc to the client like how to show their pan card on the camera,banking,1,3,13,1,4,0
idfc upi id mai mob no attached hai jisse customer ka mob no public ho raha isko hatao customise ka option dobaki app experience bahat hi achha haikeep it continue,banking,1,5,3,1,4,1
will not operate,banking,0,1,13,1,4,0
i opened the account for fd opening value around lfor months percent interest today now showing percent after kyc updationhence dropping the idea to open fd,banking,0,1,13,1,4,0
with due response i have been dealt with thats why i rated this,banking,2,3,13,1,4,0
without going anywhere i opened sb ac,banking,2,6,13,1,4,0
too high charge for settlement accounts some banks r offering it free thinking to close it,banking,0,1,1,0,1,3
good behaviour of their staff mr gaurav bhatnagar he explains all the benefits and features of idfc first bank savings accounts,banking,2,2,11,1,4,0
prudent use of technology leading to ease in opening account,banking,2,1,13,0,0,2
wonderful experience to you idfc tq,banking,2,6,13,1,4,0
dear idfc first bank team i recently opened a new account at your branch and i am truly thankful for the smooth transparent and professional manner in which the entire account opening process was handled the staff at the samadhan patil branch were particularly cooperative and helpful they provided all the necessary information at every step and ensured that the entire process was completed efficiently and effortlessly i am highly satisfied with the professional and customercentric service provided by idfc first bank and look forward to continuing my banking relationship with you thank you once again for your excellent service and best wishes,banking,2,2,9,2,5,0
worst banking service third class service,banking,0,1,13,0,0,2
third class service took days for opening simple sb account where second holder was existing customer worst experience by me will not recommend to any other person,banking,0,1,13,0,0,2
my fd money of wow credit card of idfc first bank please transfer earlier in my idfc first bank savings account already clear all pending payment today maintain balance thanking you idfc first bank,banking,1,0,2,0,4,0
account opening is very easy steps very nice,banking,2,2,13,1,4,0
very poor service i dont want to continue this bank,banking,0,1,13,0,4,0
worst experience ever with any bankwill be closing the account immediately i can login thats to agent its been over a week i cant login due to wrong country code in the nrenro account and then not taking responsibility and no updates,banking,0,0,13,0,0,2
worst experience ever agent suggested one thing and delivered another already initiated to close the accy but still not closed,banking,0,0,13,0,0,2
staff nishu is very supportive really appreciate hope for her future growth in idfc,banking,2,2,3,2,6,0
worst experience from this bank,banking,0,1,13,0,0,2
worst experience with that person who came to created the account i cant able to contact him againhe is not responded properly,banking,0,1,13,0,0,2
worst experience not interested to continue my account within days,banking,0,1,13,0,0,2
coming from icici bank my experience has been great while opening the account i hope the great customer service continues beyond opening as an aside the customer service execs are much more knowledgable that i had experienced earlier and are willing to understand and help as much as they can i cant specifically think of anything better but as an nri if you can tell all the services you provide either upfront or through emails it will be easier for me to decide its going to be good business for you too win win,banking,2,2,13,1,5,0
i was not aware about idfc first bank your bank has all those great banking features which usually bigger banks have the only thing is people are not much aware about your bank in future i will recommend your bank to all my connections,banking,2,2,13,1,5,0
wrongly guide me the agent,banking,0,1,13,1,4,0
this is my first experience with idfc based confirmation from executive i have opened savings account and she mentioned that no need to go for bank for physical verification now she is telling that you need to go for bank to verify the kyc which km away from my home,banking,0,1,13,1,4,0
yes bank indusind bank hdfc bank takes verry less time as compared yo idfc still not solved,banking,0,0,13,1,4,0
the survey link to provide feedback on opening the account has been sent even before the account being opened inordinate delay in opening the account while the online opening happened within few minutes,banking,0,0,3,0,4,0
yes explained baout various investmnet ideas,banking,2,6,13,1,4,0
everything seems to be working perfectly,banking,2,6,13,1,4,0
good service n fast process,banking,2,2,5,2,6,0
i would like to have my name on my debit card you should confirm before printing regarding name to be print on debit card,banking,1,5,7,1,4,0
opening a saving ac was a seamless experience i wish you should introduce students saving ac too as the advantage is you consider all branches of yours as home branch for your customer over above there are no charges levied if a customer is banking at his non home branch thanx,banking,2,3,1,1,4,0
you can ask option whether required cheque and debit card facilities i dont use cheque and now days virtual debit card is enough the usage of debit card is less when compare to upi and credit card you can also reduce the expenses on sending card and cheque book,banking,1,3,2,1,4,0
nice experience account is open in very quick time,banking,2,2,13,1,4,0
if you reduce minimum account balance on saving account then more people are connect with our bank,banking,1,5,13,1,4,0
nice experience good to maintain all your blessings,banking,2,2,13,1,4,0
everything was perfect and fast,banking,2,6,13,1,4,0
easy to open account all services best,banking,2,6,13,1,4,0
once acc is opened plz make sure the home branch contacts the acc holder and discuss whatbthey need how its going thats basic thing which idfc is missing out,banking,1,3,9,1,4,1
send all terms and conditions and benefits about my savings account that is what are fecelities are given what is the minimum balance required,banking,1,3,8,1,4,0
i got your welcome kit but still i am not able to complete my kyc,banking,0,1,13,1,4,0
really digital india bharath presence superb quality i will plan to introduce our associates members to do open account with you during this financial year it is my commitment on the tamil new year day i hope the best as well as first,banking,2,6,13,1,4,0
hamen credit card chahie aur hamen do lakh tak loan kya aap ki bank loan de sakti hain,banking,1,3,2,1,4,0
i am awaiting for my cheque book kindly expedite at the earliest,banking,0,0,13,1,4,0
it was excellent visiting branch and good guidance by deepa in saibaba colony branch coimbatore,banking,2,2,9,2,5,0
yes somehow you managed to send my starter package to a hotel i stayed mos ago dont knhow you even got that address,banking,0,1,13,1,4,0
yes pls give me more interest,banking,1,3,13,1,4,0
worst service,banking,0,1,13,0,0,2
good service from sadashiva,banking,2,2,5,2,3,1
everything was just perfect ms disha solanki associate relationship manager is very well conversant with all the rules and procedures i didnt have any problem in my first day of banking with idfc first neemuch branch i wish her all the best for all her future endeavours,banking,2,1,9,0,4,0
yes the bank could have given instructions to keep the pan card aadhar card pen and white paper ready,banking,1,5,13,1,4,0
support service is weak unlike other corporate bsnks,banking,0,1,13,1,4,0
no staff very helpful,banking,2,2,13,1,4,0
very good very fast service,banking,2,2,5,2,6,0
though video kyc process was a good thought out process following can be improved the first agent who connected was impatient and rushing me hard and disconnected before it ended she didnt bother to call back to complete the process i felt like she disconnected because of me unable to meet her hurried timings the second agent handled it very smooth and i am very appreciative of her way of working thanks to her i gave a number for this account as primary contact but unfortunately account was created with a different number which is the number in adhar card when i asked to change agent asked me to contact customer care when i approached customer care he told no can only be changed after a month i have to wait for a month before start transactions in my account can something be done,banking,1,3,3,2,6,1
you are already at the account was created n active very smoothly n efficiently i will recommend idfc first bank as my first choice to all my friends thanks,banking,2,2,13,1,6,0
please improve video kyc process no agent was available when i was opening my account after days video kyc agent was available therefore have a request please make sure agent will be available during video kyc link clicking otherwise show message for not availability,banking,1,3,13,1,4,0
very easy to understand the process to open a savings account with fast and reliable kyc process from my existing credit card account,banking,2,3,2,1,4,0
still didnt receive my debit card,banking,0,1,7,0,1,3
mujhe bataya gaya tha zero balance pay account khulega balance koi maintain nahin karna padega lekin bad mein pata chala ki ismein minimum rakhna hi padega,banking,0,1,8,0,1,3
you can also exceed the variety of accounts for kids and woman today is the modern time most of the women used mobile and they are using bank the women are using bc program for months the are very eager of savings please exercise on it,banking,1,5,13,1,4,0
less branches when open account need self cheque require must be open account with cash money,banking,1,3,9,1,4,1
the offer showed on app havent been given to me though ac being opened via other online mode instead of mobile app,banking,0,1,3,1,4,0
executives to maintain dairy customer requirements,banking,1,5,13,1,4,0
you have taken about days to make the existing account as joint,banking,0,1,13,1,4,0
your branch is small hardly sitting is there executives to maintain a dairy for feedback,banking,1,5,1,1,4,0
you must train your customers to use your app yhis is very important to retain customers,banking,1,5,3,1,4,1
you need to get your processes correct big time in this day and age who takes a week to open an account my previous account did not take so much time extremely poor by your own standards,banking,0,1,13,0,4,0
your agent is totally unprofessional he didnt keep any of his assurance he doesnt care for precious time value,banking,0,1,13,1,4,0
your amb on savings account is too hight that is which didnt satisfy students like me and other poor people like wage earners,banking,0,1,13,0,4,0
your are doing fantastic job keep growing thanks,banking,2,2,13,1,5,0
your bank is also no exception when providing worst experience to nri customers,banking,0,1,13,0,0,2
get your back end it crowd to get in touch with me asap and solve my problems and thereby your banks problems and do some work to earn their wages otherwise change your it staff,banking,0,1,13,0,4,0
after all everything was ease and fine on the process just keep check your online account opening server always for which it should be alive thanks,banking,1,3,13,1,6,0
everything is good just keep it up,banking,2,2,13,1,4,0
its all over best experience now hope for better experience in future,banking,2,6,13,1,4,0
customer care experience very bad over on experience by account opening was good please please quickly resolve this problem of the customer care as quick as possible overall agents are good i have good experience with the agents but the customer care not responsible also not connecting please resolve this problem,banking,0,1,6,0,4,0
yes i didnt get my welcome kit without that i cant use my account,banking,0,1,13,1,4,0
give me personal loan lakh only or credit card k for imporve my cv score and like died with everything good wealth health policy car insurance car loan and good bhaviour both with us,banking,1,5,2,1,4,0
very good service provided by mrinmoy mondal he is very knowledgeable about the product and process and very kind towards senior citizens like us i was amazed by the way he made me understand about the benefits of having savings account with idfc first bank also he was able to cater to our queries on mobile banking as i hardly have any knowledge about the same i wish him very successful career ahead,banking,2,2,11,1,6,0
improve your online process for online account opening banks agents are not entertain you if you open your account with lesser minimum balance many other points needs to consider,banking,0,1,8,1,1,2
i want to open zero balance savings account but there is no information regarding what i truly wish to desire,banking,1,3,8,1,4,0
excellent service for account opening,banking,2,2,5,2,5,0
nri saving account for seafarer should be open online without visiting any branch,banking,1,5,9,1,4,1
everything in the idfc first bank is perfect and extra comfortable,banking,2,6,13,1,4,0
kindly arrange to send me the debit card urgently to my overseas address,banking,1,5,7,1,4,0
good process,banking,2,2,13,1,4,0
branch select option not available,banking,1,5,9,1,4,1
account opening was a seamless experience thanks for that,banking,2,2,13,1,6,0
a timely issuance of debit card,banking,2,6,7,1,4,0
awesome experience nice and well maintained server,banking,2,2,13,1,5,0
improve the connectivity for video kyc all others are best,banking,1,6,13,1,4,0
overall experience is great,banking,2,2,13,1,5,0
kyc complete but still showing in not completed in mobile application,banking,0,1,3,1,4,0
so far i found the most quickly i have ever opened account with idfc but its long way to go as needs to realise how the banking service to customer will be followed in near future that is the most matters,banking,1,3,13,1,4,0
you have a great guy in sayan bhowmik who impressed me a great deal just by his attitude,banking,2,2,13,1,5,0
was given misleading information at branch they refused to open account if minimum balance of rs was chosen phone banking executive said exact opposite both online and branch executive have wrong info about process to update address,banking,0,1,8,1,4,0
great product and services of your bank,banking,2,2,13,1,5,0
very nice app fast,banking,2,2,3,2,6,0
very nice keep it up,banking,2,2,13,1,4,0
kamlesh the relationship manager at c ergo branch was very helpful,banking,2,2,9,2,6,0
open zero balance saving account,banking,1,5,8,1,4,0
till now i have not deposited any money because of pending kyc i have approached my rm on call and asked for further process she told me that i will call back after checking with administration department and also insisted on opening of account physically instead of online but till now she has not replied hats off to the service provided,banking,0,0,3,0,4,0
how much amount will be required to open the account this information should be given before opening the account,banking,1,3,13,1,4,0
debit card is missing from welcome kit,banking,0,1,7,0,1,3
please arrange phone call by experienced agent before account opening thanks,banking,1,5,13,1,6,0
its been very good,banking,2,2,5,2,6,0
good job by idfc representative jahnvi,banking,2,2,13,1,4,0
best bank but not available my city personal loan,banking,1,6,2,1,4,0
the video kyc was not successful in my case and it has been four days since ive been unable to complete it now my account is frozen the kyc representative and the branch manager rahul havent bothered to take my calls regarding the physical kyc process they keep giving me vague responses saying they will get back to me the next day only to delay again i have tried to speak with rahul the branch manager but even after numerous messages calls and requests they do not seem to prioritize my concerns i appreciate the way ive been treated thank you,banking,0,0,3,0,6,0
account opening through manual process involving cheque deposit is such a cumbersome process that i really got tired waiting to get the account active wish they could have given me diff mode of fund deposit option,banking,0,0,13,1,4,0
all are very nice services,banking,2,2,5,2,6,0
you have a wonderfull app and service customer shld be provided with more schemes and offers,banking,1,5,3,1,4,1
i had a great experience,banking,2,2,5,2,5,0
i will not recommend to anybody because idfc not maintaining privacy of customer,banking,0,1,13,1,4,0
urgent service,banking,1,5,13,1,4,0
mohit has been a great help in opening this account many thanks,banking,2,2,13,1,5,0
great keep it up,banking,2,2,13,1,5,0
account opening is good but any another experience is have more i have understand your bank so pls give sum time tq,banking,1,5,13,1,4,0
good bank service,banking,2,2,13,1,4,0
awesome service,banking,2,2,5,2,5,0
the app and banking services is very seamless the transaction are extremely smooth my only complain is that i dont have any credit card offers even after maintaining l amb kindly please look into this,banking,1,5,2,1,4,0
lower variant should be available for saving account bank can attract even lower level people and provide opportunities to be part of bank,banking,1,5,13,1,4,0
in operations services is very good,banking,2,2,5,2,6,0
initially i had been to idfc urban branchnear benz circle they said minimum balance in sb of rs has to be maintained although i wish to take fd for rs lakhs hence i thaught of going for another branch of yours i had been to iti college road office and came to know that in rural branches the minimum balance of rs itself is sufficient and directed one concerned person of gollapudi branch and i could do fd s for rs lakhs there hence all branches may be provided with self explanatory note on your bank to improve your business,banking,1,5,8,1,4,0
nothing to be improved great experience and glad to have an account with idfc first bank,banking,2,2,5,2,5,0
idfc advertising that customer does not have to visit any branch whereas in every concern phone banker is saying visit the branch theyll be able to help here if it was so i wont even take a chance to open an account and over burden myself very poor service and experience after opening the account,banking,0,1,9,0,4,0
scope for improvement in online kyc verification,banking,1,5,13,1,4,0
best experience i have had till date,banking,2,6,13,1,4,0
kindly improve the credit card process whenever i apply for credit card it only refresh me to fd credit card,banking,1,3,2,1,4,0
i recently opened a savings account with idfc first bank and the experience was smooth and hasslefree the staff was friendly wellinformed and guided me through the entire process with great professionalism i appreciate the transparency and efficiency during the account setup the mobile banking app is userfriendly and i love the zero balance feature along with competitive interest rates overall im very satisfied with the service and would definitely recommend idfc first bank to others,banking,2,2,3,2,5,0
u have no branch near by we have to go km,banking,0,1,9,1,4,0
balance account must be better,banking,1,5,13,1,4,0
good service of relationship manager,banking,2,2,5,2,6,0
opend account online but vkyc not complete or failed without any reason visited branch for kyc,banking,0,1,9,0,4,0
i am happy about the onboarding through videokyc account opening process with ease and speed,banking,2,2,3,2,5,0
had a wonderful experience with the relationship manager of malleswaram bangalore branch was extremely helpful and guided wherever it was necessary very helpful and polite officer,banking,2,2,9,2,6,0
overall good user friendly all in one place excellent,banking,2,2,13,1,5,0
simultaneously issuing of debit card,banking,2,6,7,1,4,0
very good experience have a great work from idfc team,banking,2,2,5,2,5,0
kyc idfc first bank,banking,1,5,13,1,4,0
it was a great experience as the services received were very satisfying and exceeded our expectations special mention for ms bhumi who was readily available in providing instant support wherever required wish all the best,banking,2,2,5,2,5,0
bank services are so good,banking,2,2,13,1,4,0
the overall experience is great but i think you should mention it in more places than one where the interest is there only if you have l in your account,banking,1,3,13,1,5,0
video kyc conenctivity was an issue,banking,0,1,13,0,4,0
account accept kiya jaye,banking,1,5,13,1,4,0
minimum balance of rs for senior citizen is my primary concern,banking,1,5,8,1,4,0
minimum balance could be kept as rs account opening was very fast and hassle free,banking,1,5,8,1,4,0
the document verification team should know what a title deed ownership document is they were looking for expiry date of the document assuming it was a rental agreement i provided the government web site were the validity of the document can be verified but was not accepted by the team similarly i provided the latest utility bill for gas connection the bill clearly says its for a quarter issued every months the team did not accept it they demanded monthly bill,banking,0,1,13,0,4,0
i was told by dbm that account would be opened under wealth category and i should be receiving my wealth debit card within days account was not opened in wealth category and i had to follow ups to get the status and the wealth debit card overall experience with branch staff is not good had a discussion with branch manager as well and he was also sounding clueless no update was provided by branch manager as well although he promised to revert i didnt get what was promised to me so not a happy customer i have nronre accounts in other banks and services are great including the relationship manager assigned to me,banking,0,0,7,1,5,0
need credit card,banking,1,5,2,1,4,0
very smooth process of account opening,banking,2,2,5,2,6,0
great service by lokesh sir,banking,2,2,13,1,5,0
the employee name himanshu chaudhary explain the account features in a very good manner i appreciate his efforts also as he is opened this account after the banking hours,banking,2,2,3,2,6,0
i opened my account at march after days i didnt receive my atm card and cheque book,banking,0,1,7,1,4,0
hello opening a savings account with idfc first bank is easy but after opening account problem begins staff daily calls you to take policy and other things thanks,banking,0,1,13,0,6,0
good experiencei glad to open account in idfc bank,banking,2,2,13,1,4,0
please call me back on my alternate number to let me know whether its a digital or physical account if digital why rs average monthly balance required,banking,1,3,13,1,4,0
pls provide facility on branch opening k varient on branch visit your employee say that dont have account opening of k they only option k account open on branch,banking,0,1,9,1,4,0
account opening process involved toonmuch time in collecting physical copies and again asking to get different documents which were not asked before it took nearly week time with so many calls with customer executive following up with process,banking,0,1,13,1,4,0
ac me qr code scen problem,banking,0,1,13,0,4,0
idfc bank is best interest and service provide by customer,banking,2,3,13,1,4,0
none as of now the process was all fine except for the time taken which was over upto one week for the account to get activated steps to activate kids debit card was not clear and hence took a lot of time,banking,1,3,7,1,4,0
it is very good in handling account,banking,2,2,5,2,6,0
all services really good and amazing specially netbanking,banking,2,2,13,1,5,0
im very with the service from idfc first bank bandra west branch,banking,2,6,9,2,6,0
best experience as a banking customer,banking,2,6,13,1,4,0
did not receive checkbook during welcome kit,banking,0,1,13,1,4,0
very nice operation and sales staff are very frank,banking,2,2,13,1,4,0
good services from branch end,banking,2,2,9,2,6,0
it is not difficult rather impossible to reach a customer care executive through your customer care number the ivr system doesnt provide an option to speak to a human additionally i did not receive a prompt response even after writing to the ombuds team i expect customer support queries to be acknowledged and resolved within hours which is a standard i have consistently experienced with other financial institutions,banking,0,1,6,2,4,0
train your staff better,banking,0,1,13,1,4,0
the way she approached and explain the product i am impressed and account opening process took just minutes and mobile app is very much useful and sales executive know each and everything of the product and process i would appreciate that lady for quick process and response,banking,2,2,3,2,4,0
excellent service by ashish kumar kankarbagh branch,banking,2,2,9,2,5,0
you could have informed me that account being opened requires minimum balance of inr rather i could have been offered option to choose my minimum balance,banking,0,1,8,0,1,3
video kyc not working in mobile,banking,0,1,13,0,4,0
wrost coustomer care services ask for branch to visit while account open online worst experience,banking,0,1,9,0,0,2
overall great,banking,2,2,13,1,5,0
best class banking and good interaction with executive,banking,2,2,13,1,4,0
namaste sir your bank is very reputed and has a prominent position in india for its good service and your bank provides good support to people in their financial mattersour account was opened in your bank after getting loan approval through paisa bazarbut the way the female executive who called us for verification before giving the loan behaved with us it seems that such people are worried about your bankthe result of not giving a loan is that we have taken loans in the past but there is no late fee or check bounce or cibill rank deficiency in italso if our record is in default or we have a lot of outstanding loans we also accept that our loan may be rejected even though the title is completely clear but we are not only dependent on your bankour work is done but we are giving this reply because if you keep such staff your bank will only suffer losses in the long run we are not sad that we did not get the loan but we are sad that we did not get the right resultand it also makes sense that you need customers with defaulters and late fees as well as those who are not practical rather than those with good recordsfinally i would like to say that i am sorry that you could not complete our valuation and that due to your failure we were lucky to get a loan from a better bank than yours and at a lower interest rate your policy was goodalso in the coming days we will make this thing viral in our account credit card account my husbands credit card account as well as in our group circle whatsapp group instagram and we will inform you that idfc bank this type of service is provided so that we can show everyone our own experience of not opening an account in this bank,banking,0,1,2,0,3,3
after visiting branch my kyc is pending staff tells me to come later but after calling they tell me to come other day it irritates me,banking,0,0,9,0,4,0
overall experience is good but idfc first bank app user interface and experience is average also need to improvement for understand easy way,banking,1,5,3,2,4,1
thank you athira for your support in my account opening journey,banking,2,2,5,2,6,0
i want idfc bank credit card please provide me,banking,1,5,2,1,4,0
i was a very good experience in opening account with idfc,banking,2,2,5,2,6,0
very very good experience and growing bank is this,banking,2,2,5,2,6,0
if anyone opening account through aadhar card so why physically verification required,banking,1,3,13,1,4,0
good overall experience easy website process,banking,2,2,13,1,4,0
i am fully satisfied with the professional approach demonstrated by your officials before during and after the account opening process,banking,2,2,3,2,6,0
havent receive the atm card delivered i need the branch to readdress,banking,0,1,7,0,1,3
the kyc video had some glitches when i try to complete for the first few attempts or may be the kyc rep did not join the video call could have caused the issue,banking,0,1,13,0,4,0
yes fix the issues in the account opening process that caused mismatch of the fullname all the process mentioned below should be digital like account opening signature update reekyc name updates and account closure,banking,1,1,13,0,4,0
your executive have given me wrong information about the account features and given wrong commitments after that he is not picking my calls and not responding since last days very unprofessional behaviour,banking,0,1,6,2,4,0
no improvement all good thanks to the banking agent to make process seamless,banking,2,2,13,1,6,0
inspire of back office telephonic confirmation back office has frequently about times rejected the proposal and delayed the account name addition process while fdr application kept pending for this reason not known what they wanted and who fulfilled those deficiencies similarly cheque deposited for clearing was also abnormally delayed kept in branch for about days before sending it for clearance all those emails sent raising these grievances are unanswered till date,banking,0,0,3,0,4,0
time taken to open account should be minimize,banking,1,5,13,1,4,0
keep up the good work,banking,2,2,13,1,4,0
i found that a customer should not pick up your bank customer care executive call to open a savings account as he will not come forward to help if any issue arises at the same time bank employees in the account related branch wont respect or cooperate as they lost business for not opening account directly with the bank from the new customer now i cant find your customer care executive who advised me to open online account to resolve my issue or cant get cooperation from your branch employees in bangalore yelahanka branch to get resolved my issues this is management fault who cant coordinate online customer care executives and bank employees a customer should need to maintain good relationship with his own bran employees but online phone call executives spoiling these relationship joining in between but management dont want to sort out thus issues as they want only business this is management fault i didnt get my desired debit card because i opened online savings account with the advice of customer care executive,banking,0,1,7,0,1,3
compulsory account open for granting loan is not good thing,banking,0,1,2,1,1,2
firstly please have the option of opening a joint account online as well if you cannot then do not mislead potential customers to the link of single account opening secondly the bank executives should be trained more on the basic understanding of joint account my bank executives never mentioned tht we will get two customer ids for transactions i got to know abt it when i called customer care to enquire why all otps goes to other mobile number and not my mine,banking,0,1,6,1,4,0
dear sirmadam i got the consumer loan within minutes we decided to operate the saving account as well as current account also we open the on line saving account complete the video kyc but still cant operate this because of kyc in progress sorry to say this is very bad experience,banking,0,1,2,0,1,3
good service continue,banking,2,2,5,2,6,0
jaspreet kunal are very much knowledgeable to provide explanation to me about the saving account i will encourage them to continue the good service to every clients keep up the good work jaswant singh,banking,2,2,5,2,6,0
limit for online and offline should be calculate by system by itswlf we ahould not assign it,banking,0,1,13,0,4,0
i told the bank relationship manager about the nature of transaction i would undertake even though it was beyond the maximum net banking transfer limit of inr,banking,0,1,13,1,4,0
now it is taking time to increase the limit which is affecting my work,banking,0,0,13,1,4,0
interest rate and monthly interest debit in to account,banking,1,3,10,1,4,0
need to change process,banking,0,1,13,1,4,0
how the customer will know about rewards on first transaction in advance,banking,0,1,11,1,4,0
there is no clarity,banking,0,1,13,1,4,0
is it through upi or bank transfer etc,banking,0,1,13,1,4,0
after transaction its should not came please check your network connection please try again after sometime this should be corrected,banking,0,1,13,1,4,0
please transaction limit increase,banking,0,1,13,1,4,0
still not working after almost two weeks failed to even transfer money into my nro acct not sure how long will it take and the overall process is not clear,banking,0,0,13,0,4,0
should be able to open joint account irrespective of the present address since you can take adhaar consent to self sign current address,banking,1,5,13,1,4,0
as for opening account more details must be given about all features of the banking services,banking,1,3,13,1,4,0
isme ek suggestions he ki kise bhi death ho vo usme cover hojana chiye baki sab baraber he,banking,1,5,13,1,4,0
it wld be better to be responsive in the beginning at the start instead of rushing at the end when the customer doesnt have time to complete the formalities,banking,0,1,13,1,4,0
ji kuchh bank health insurance or smart cash policy dete hai jaise ki kotak mahindra bank agar vo skeem or hoti to or achha tha,banking,1,5,13,1,4,0
make process smoothened,banking,1,3,13,1,4,0
proper dissemination of information coupled with implementation of assurances should be the prerogative,banking,1,3,2,1,4,0
nothing much,banking,1,5,13,1,4,0
just a suggestion to increase the strength of your team,banking,1,5,13,1,4,0
it seems a lot of burden on one person,banking,0,1,13,1,4,0
make your team bigger,banking,1,5,13,1,4,0
offer customers more choices not just basic account,banking,1,5,11,1,4,0
pl take care give preference to senior citizen whether dealing with saving ac or other txn,banking,1,5,13,1,4,0
i would suggesta hard copy of fdr must be given to the depositor as soft copy may not serve good purpose for family in case of future need i am not provided a hard copy of fdr made at jamnagar branch on kindly do needful,banking,0,1,9,2,4,0
the account was first opened in my name and later added the joint holder,banking,1,5,13,0,4,0
it would have been better if the whole process is completed in one go rather than two steps,banking,0,1,13,1,4,0
time limit and amount limit on adding fresh beneficiary,banking,0,1,13,1,4,0
to understand the customer need and to give right direction or suggestions,banking,1,5,13,1,4,0
yes the bank could have given instructions to keep the pan card aadhar card pen and white paper ready,banking,1,5,13,1,4,0
executives to maintain dairy customer requirements,banking,1,5,13,1,4,0
time taken to open account should be minimize,banking,0,1,13,1,4,0
all good branch staff was good,banking,2,2,9,2,6,0
aapki vikas puri branch ke employee shayad nitin naam hai bahut badtameez hain unhe badal do bas baaki sab ok hai thank you,banking,0,1,9,0,0,2
your executive by the name shraddha who works in the chembur branch has been really helpful throughout the process i loved her attitude and behaviour there is nothing else required to improve the experience provided by the bank,banking,2,2,9,2,6,0
lack of knowledge of the banking services provided by the bank itself hence handling of customer are not at requirements result customer service is affected and to some extent customers are unnecessary harrassed,banking,0,1,13,1,4,0
however atitude and behaviour of all employees of the bank is excellent only lack of knowledge of the bank services offered by the bank itself it is due to inadequate training offered to staffs employees of the bank,banking,0,1,11,1,5,0
good service provided by your relationship manager rakesh kumar,banking,2,2,5,2,6,0
happy customer and you have great staff who is always ready to assist,banking,2,2,3,2,5,0
everything was good except the kyc during pm was terrible call got disconnected times i couldnt complete tried after pm it was smooth,banking,0,1,13,1,4,0
the staff promptness and service doesnt leave the need for anything else,banking,2,6,13,1,4,0
good behaviour by customer,banking,2,2,13,1,4,0
service is very good and staff is very cooperative,banking,2,2,5,2,6,0
application is very technofriendly,banking,2,3,3,2,6,0
good effort from rahul a staff in idfc trivandrum vellayambalam branch,banking,2,2,9,2,6,0
bank employee shubham zende did smooth processing for ac opening,banking,2,2,5,2,6,0
explained all the benefits and features,banking,2,6,11,1,4,0
good staff and good bank,banking,2,2,13,1,4,0
at present no improvement necessary bank officials are good shri mallikarjun katkam having good knowledge of banking with idfc,banking,2,2,13,1,4,0
to be honest there is nothing to say overall wonderfull experience with account opening process,banking,2,3,13,1,4,0
would the best idfc bank for me good bank and customer care,banking,2,2,6,2,6,0
is it through upi or bank transfer etc,banking,1,5,13,1,4,0
after transaction its should not came please check your network connection please try again after sometime this should be corrected,banking,0,1,13,1,4,0
please transaction limit increase,banking,0,1,13,1,4,0
still not working after almost two weeks failed to even transfer money into my nro acct not sure how long will it take and the overall process is not clear,banking,0,0,13,0,4,0
should be able to open joint account irrespective of the present address since you can take adhaar consent to self sign current address,banking,1,5,13,1,4,0
as for opening account more details must be given about all features of the banking services,banking,1,3,13,1,4,0
isme ek suggestions he ki kise bhi death ho vo usme cover hojana chiye baki sab baraber he,banking,1,5,13,1,4,0
it wld be better to be responsive in the beginning at the start instead of rushing at the end when the customer doesnt have time to complete the formalities,banking,0,1,13,1,4,0
ji kuchh bank health insurance or smart cash policy dete hai jaise ki kotak mahindra bank agar vo skeem or hoti to or achha tha,banking,1,5,13,1,4,0
make process smoothened,banking,1,3,13,1,4,0
proper dissemination of information coupled with implementation of assurances should be the prerogative,banking,1,3,2,1,4,0
nothing much,banking,1,5,13,1,4,0
just a suggestion to increase the strength of your team,banking,1,5,13,1,4,0
it seems a lot of burden on one person,banking,0,1,13,1,4,0
make your team bigger,banking,1,5,13,1,4,0
offer customers more choices not just basic account,banking,1,5,11,1,4,0
pl take care give preference to senior citizen whether dealing with saving ac or other txn,banking,1,5,13,1,4,0
i would suggesta hard copy of fdr must be given to the depositor as soft copy may not serve good purpose for family in case of future need i am not provided a hard copy of fdr made at jamnagar branch on kindly do needful,banking,0,1,9,2,4,0
the account was first opened in my name and later added the joint holder,banking,1,5,13,0,4,0
it would have been better if the whole process is completed in one go rather than two steps,banking,0,1,13,1,4,0
time limit and amount limit on adding fresh beneficiary,banking,0,1,13,1,4,0
to understand the customer need and to give right direction or suggestions,banking,1,5,13,1,4,0
yes the bank could have given instructions to keep the pan card aadhar card pen and white paper ready,banking,1,5,13,1,4,0
executives to maintain dairy customer requirements,banking,1,5,13,1,4,0
time taken to open account should be minimize,banking,0,1,13,1,4,0
all good branch staff was good,banking,2,2,9,2,6,0
aapki vikas puri branch ke employee shayad nitin naam hai bahut badtameez hain unhe badal do bas baaki sab ok hai thank you,banking,0,1,9,0,0,2
ni,banking,1,5,13,1,4,0
your executive by the name shraddha who works in the chembur branch has been really helpful throughout the process i loved her attitude and behaviour there is nothing else required to improve the experience provided by the bank,banking,2,2,9,2,6,0
lack of knowledge of the banking services provided by the bank itself hence handling of customer are not at requirements result customer service is affected and to some extent customers are unnecessary harrassed,banking,0,1,13,1,4,0
however atitude and behaviour of all employees of the bank is excellent only lack of knowledge of the bank services offered by the bank itself it is due to inadequate training offered to staffs employees of the bank,banking,0,1,11,1,5,0
good service provided by your relationship manager rakesh kumar,banking,2,2,5,2,6,0
happy customer and you have great staff who is always ready to assist,banking,2,2,3,2,5,0
everything was good except the kyc during pm was terrible call got disconnected times i couldnt complete tried after pm it was smooth,banking,0,1,13,1,4,0
the staff promptness and service doesnt leave the need for anything else,banking,2,6,13,1,4,0
good behaviour by customer,banking,2,2,13,1,4,0
service is very good and staff is very cooperative,banking,2,2,5,2,6,0
application is very technofriendly,banking,2,3,3,2,6,0
good effort from rahul a staff in idfc trivandrum vellayambalam branch,banking,2,2,9,2,6,0
bank employee shubham zende did smooth processing for ac opening,banking,2,2,5,2,6,0
explained all the benefits and features,banking,2,6,11,1,4,0
good staff and good bank,banking,2,2,13,1,4,0
at present no improvement necessary bank officials are good shri mallikarjun katkam having good knowledge of banking with idfc,banking,2,2,13,1,4,0
to be honest there is nothing to say overall wonderfull experience with account opening process,banking,2,3,13,1,4,0
would the best idfc bank for me good bank and customer care,banking,2,2,6,2,6,0
pl provide self pass book printing in branch as this is very tedious to printi pass book because staff deputed for the same remains almost busy in banks other activities,banking,0,1,9,1,4,0
thanks,banking,2,2,13,1,6,0
your sales person rm simran singh behavior and nature is very good,banking,2,2,5,2,6,0
thank you anuja mam for your guidance you make me understand so properly,banking,2,2,5,2,6,0
the agents should be well versed with the mandatory and important details which needs to filled by the customer to get the process smooth in one go,banking,1,3,13,1,4,0
best service for bank staff,banking,2,6,13,1,4,0
dont misguide for opening account,banking,0,1,13,1,4,0
nothing to improve everything was on point crisp and clear your relationship manager should be appreciated for her generous attitude and behaviour,banking,2,2,3,2,6,0
thankyou,banking,2,6,13,1,4,0
process and your executive support is excellent,banking,2,2,13,1,5,0
recommend to other,banking,2,6,13,1,4,0
very nice staff and clear bank policy,banking,2,2,13,1,4,0
account opening should be allowed in the branch,banking,1,5,9,1,4,1
also the person who deals with account opening should explain all the types of account with all its features well before opening of the account because that will help to know the customer the features and accordingly can choose what type of account to open kindly assign more knowledgeable executives who open the account they lack training,banking,0,1,13,1,4,0
yes before opening account via website which was fluent i went to open account directly to a newly opened branch in our area i went on the first day of branch opening and asked them to open the account one of the person there said that account can be opened at my house only so i gave him my address timings and phone number he didnt come i asked him second day he again said he will come but didnt two days later he himself called to come that day yet he didnt then finally i myself opened it online online was very fluent liked it i was also interested in a credit card online person said ill get a call for the same but no one has reached out yet,banking,0,1,2,0,1,3
regardless it was a great experience,banking,2,2,5,2,5,0
good guide and easily know any person in this application lot of congratulations,banking,2,2,3,2,6,0
timeline regarding actual working of the account needs to be communicated to customer,banking,1,5,13,1,4,0
train your agent to only give true information to customer,banking,0,1,13,1,4,0
treat customer politely and hear their asking,banking,1,5,13,1,4,0
best bank for account opening,banking,2,6,13,1,4,0
staff is cooperative while opening the account,banking,2,6,13,1,4,0
trin your agents to be more professional and provide factually correct information they all lie to customers to fulfil their targets,banking,0,1,13,1,4,0
true and fair,banking,2,6,13,1,4,0
please train your staff as always something is told and nothing happens after opening account fed up with this i might close account too if this continues,banking,0,1,3,1,1,2
best account opening experience,banking,2,6,13,1,4,0
unnecessary things told by agent wasting of time,banking,0,1,13,1,4,0
bank executive pradnya dhotre knowledge and guidance in account opening at best,banking,2,6,13,1,4,0
amazing experience i still remember to request someone to be a surety to open a bank account years ago its unbelievable mesmerizing experience after opening at the idfc account without any hassles kudos to the bank for adopting the latest technology and methods to provide customers seamlessly accessing the information,banking,2,2,13,0,5,0
all mail and sms are prewritten but i case of special offer you have not any prewritten communication contain which inform customer and make things clear,banking,0,1,11,1,4,0
atleast from your side a call should arrange that inforn customer that you are availing special benifits and should also explain features of the account or any other bank product which is customer availing,banking,1,5,13,1,4,0
the customer care staff and bank representatives are guided very friendly and given right information did promptly the banking transaction and remittence are so easy to use overs all defferent experience its attracts customer soon you will get customers who shifts from other banks,banking,2,3,2,1,4,0
good behaviour of sales manager mr anil kumar,banking,2,2,13,1,4,0
ambience and vibes of your thane branch looks very dull and boring it needs to be changed to vibrant and appalling,banking,0,1,3,1,4,0
it seems that either thane branch is understaffed or that employees might not be really interested in adding new customers or new business to the branch,banking,0,1,9,1,4,0
response to the customers queries were not really conducive or encouraging for a customer to open a stand alone fd of substantial amount with your bank,banking,0,1,13,1,4,0
we had a time constraint to open a joint account and recieved our card and check book within a week friendly agent promised back end chain was not upto deliver with the result a very poor start of our relationship,banking,0,1,13,0,4,0
third class service took days for opening simple sb account where second holder was existing customer worst experience by me will not recommend to any other person,banking,0,1,13,0,0,2
worst experience ever with any bankwill be closing the account immediately i can login thats to agent its been over a week i cant login due to wrong country code in the nrenro account and then not taking responsibility and no updates,banking,0,0,13,0,0,2
staff nishu is very supportive really appreciate,banking,2,2,3,2,6,0
hope for her future growth in idfc,banking,2,6,13,1,4,0
i was not aware about idfc first bank your bank has all those great banking features which usually bigger banks have the only thing is people are not much aware about your bank in future i will recommend your bank to all my connections,banking,2,2,13,1,5,0
wrongly guide me the agent,banking,0,1,13,1,4,0
it was excellent visiting branch and good guidance by deepa in saibaba colony branch coimbatore,banking,2,2,9,2,5,0
no staff very helpful,banking,2,2,13,1,4,0
your agent is totally unprofessional he didnt keep any of his assurance he doesnt care for precious time value,banking,0,1,13,1,4,0
get your back end it crowd to get in touch with me asap and solve my problems and thereby your banks problems and do some work to earn their wages otherwise change your it staff,banking,0,1,13,0,4,0
improve your online process for online account opening,banking,1,3,13,1,4,0
banks agents are not entertain you if you open your account with lesser minimum balance,banking,0,1,8,0,1,3
many other points needs to consider,banking,1,5,13,1,4,0
account opening was a seamless experience thanks for that,banking,2,2,13,1,6,0
good job by idfc representative jahnvi,banking,2,2,13,1,4,0
i recently opened a savings account with idfc first bank and the experience was smooth and hasslefree the staff was friendly wellinformed and guided me through the entire process with great professionalism i appreciate the transparency and efficiency during the account setup the mobile banking app is userfriendly and i love the zero balance feature along with competitive interest rates overall im very satisfied with the service and would definitely recommend idfc first bank to others,banking,2,2,3,2,5,0
thanks,banking,0,1,13,1,6,0
very nice operation and sales staff are very frank,banking,2,2,13,1,4,0
train your staff better,banking,0,1,13,1,4,0
your executive have given me wrong information about the account features and given wrong commitments after that he is not picking my calls and not responding since last days very unprofessional behaviour,banking,0,1,6,2,4,0
i found that a customer should not pick up your bank customer care executive call to open a savings account as he will not come forward to help if any issue arises at the same time bank employees in the account related branch wont respect or cooperate as they lost business for not opening account directly with the bank from the new customer now i cant find your customer care executive who advised me to open online account to resolve my issue or cant get cooperation from your branch employees in bangalore yelahanka branch to get resolved my issues this is management fault who cant coordinate online customer care executives and bank employees a customer should need to maintain good relationship with his own bran employees but online phone call executives spoiling these relationship joining in between but management dont want to sort out thus issues as they want only business,banking,0,1,6,0,4,0
this is management fault,banking,0,1,13,1,4,0
i didnt get my desired debit card because i opened online savings account with the advice of customer care executive,banking,0,1,7,0,1,3
firstly please have the option of opening a joint account online as well if you cannot then do not mislead potential customers to the link of single account opening,banking,0,1,13,1,4,0
secondly the bank executives should be trained more on the basic understanding of joint account my bank executives never mentioned tht we will get two customer ids for transactions i got to know abt it when i called customer care to enquire why all otps goes to other mobile number and not my mine,banking,0,1,6,1,4,0
a lot needs to improve the list is so big i dont want to write all details,banking,0,1,13,1,4,0
bad experience,banking,0,1,13,0,4,0
i dont want to waste my time because you never improve the services,banking,0,1,13,1,4,0
one personal relationship manager should be assigned and application experience can be better,banking,1,3,3,1,4,1
it should work same way in all the idfc bank not just in metropolitan city,banking,1,5,13,1,4,0
i give zero rating because it is takes more than one month to open my account alsowhile registering my mobile number in data entry your team has mentioned wrong number so thats why im not able to register for mobile and netbanking i requested to the team to update my number almost one week time there is no update yet additionally still not receive the welcoming kit its shows that how poor service idfc is providing to their customers extremely disappointed with the bank and never recommend to any one to open the bank account in idfc,banking,0,0,3,0,3,1
it was really bad experience thats why i didnt continue with the account services,banking,0,1,13,0,4,0
just be on your words if you offer something live it up to that,banking,0,1,11,1,4,0
kindly extend the facilities to all pin codes in my case my permanent address pincode is not covered but pincode of km away is being covered kindly look in to such areas,banking,1,5,13,1,4,0
kindly resolve the issues raised and tickets raised at the earliest,banking,0,1,13,0,4,0
i think idfc is the best banking but its not for everyone because there are too many barrier between bank and customers thats the reason people choose other bank,banking,1,6,13,1,4,0
worst service,banking,0,1,13,0,0,2
i am writing to express my deep dissatisfaction with the service i have received regarding the update of my communication address,banking,0,1,13,1,4,0
new users to ac could have been guided guided up time to time to keep in touch by the banks personnels,banking,1,5,13,1,4,0
no bank account details and check book,banking,0,1,13,1,4,0
no service for bank hand,banking,0,1,13,1,4,0
none the process was very smooth,banking,2,2,13,1,4,0
nope nothing to add maybe once i start using the bank aap and other services i can give valuable feedback,banking,1,5,1,1,4,0
not satisfied due to customer care service representative not pick the phone,banking,0,1,6,2,6,0
nothing to share except that these are wrong tactics,banking,0,1,13,1,4,0
not a good experience,banking,0,1,13,1,4,0
pathetic worst experience by idfc,banking,0,1,13,0,0,2
please do provide fast and secure server and service,banking,1,5,13,1,4,0
you should improved or expand your services in more pincode like in rural area and urban area also,banking,1,5,13,1,4,0
plz courier service bed,banking,0,1,13,1,4,0
they were not having good connection,banking,0,1,13,1,4,0
secure documents scanned by agent device im not sure if photos taken from agent devices are secure,banking,0,1,13,1,4,0
see and observe future service provided and care taken by your bank,banking,1,5,13,1,4,0
stick on the commitment else dont give commitments,banking,0,1,13,1,4,0
stop creeping pple out,banking,0,1,13,1,4,0
stop misleading advertisement,banking,0,1,13,1,4,0
communication with customer is not good in kothapet branch,banking,0,1,9,2,4,0
system is hopeless,banking,0,1,13,1,4,0
take longer time,banking,0,1,13,1,4,0
this account opening took around one month time by your agent this is worst experience i have seen in private bank i hope you understand and improve according,banking,0,1,13,0,0,2
there are many things,banking,1,5,13,1,4,0
through these bunch of oversmart customer service personnel out of your system for whom customers suffer,banking,0,1,13,1,4,0
transparency in the process and the representatives need to understand your internal process,banking,1,3,13,1,4,0
very bad experience,banking,0,1,13,0,4,0
very bad experience,banking,0,1,13,0,4,0
very poor rong information service idfc first bank stf,banking,0,1,13,0,4,0
my block not interest,banking,1,3,13,1,4,0
when the bank provide a reason for rejecting a service verify that its genuine its not a platform to joke be serious about banking i will not recommend your bank to anyone because the way i was treated was extremely unprofessional and unacceptable i didnt close the account considering the sincerity of the bank employee who did the process swiftly i seldom think even this feedback will be taken seriously,banking,0,1,1,1,0,3
ones the sales id done it should be taken care of rm deputed to my account should provide seamless services with spiculated time but he didnt bothered for the same now before days a new rm is assigned i dont know why and how rm chaged talking to rm also the issue is still pending,banking,0,0,13,0,4,0
worst banking service,banking,0,1,13,0,0,2
third class service,banking,0,1,13,1,4,0
worst experience,banking,0,1,13,0,0,2
very poor service i dont want to continue this bank,banking,0,1,13,0,4,0
worst experience ever,banking,0,1,13,0,0,2
agent suggested one thing and delivered another already initiated to close the accy but still not closed,banking,0,0,13,1,4,0
worst experience from this bank,banking,0,1,13,0,0,2
worst experience with that person who came to created the account i cant able to contact him againhe is not responded properly,banking,0,1,13,0,0,2
worst experience not interested to continue my account within days,banking,0,1,13,0,0,2
worst service,banking,0,1,13,0,0,2
your bank is also no exception when providing worst experience to nri customers,banking,0,1,13,0,0,2
i will not recommend to anybody because idfc not maintaining privacy of customer,banking,0,1,13,1,4,0
idfc advertising that customer does not have to visit any branch whereas in every concern phone banker is saying visit the branch theyll be able to help here,banking,0,1,9,1,4,0
if it was so i wont even take a chance to open an account and over burden myself,banking,0,1,13,1,4,0
very poor service and experience after opening the account,banking,0,1,13,0,4,0
i was told by dbm that account would be opened under wealth category and i should be receiving my wealth debit card within days account was not opened in wealth category and i had to follow ups to get the status and the wealth debit card overall experience with branch staff is not good had a discussion with branch manager as well and he was also sounding clueless no update was provided by branch manager as well although he promised to revert i didnt get what was promised to me so not a happy customer,banking,0,0,7,1,5,0
i have nronre accounts in other banks and services are great including the relationship manager assigned to me,banking,1,5,13,1,5,0
agent asked to transfer the amount to the newly opened sales account through upi i immediately transferred and it didnt get reflected it was reversed to my account the next day so was not a smooth process very unsatisfied,banking,0,1,5,2,6,0
i opened minor savings account even parent account was already active,banking,1,5,13,1,4,0
it took almost a week to finish the opening of account,banking,0,1,13,1,4,0
i found out idfc bank account opening while using fb when i pressed the link it took me to the website and completed the process one thing i would like to recommend is to inform new customers about the documents required i had to look around for the documents during the process i also had to pause the process to get out the get my documents attested prior suggestion would help shorten the time taken and also unnecessary hiccups some people may loose interest during the process as you have to go backwards and forwards,banking,1,3,13,1,4,0
also uf you want to get the details of who all want to open account online you can provide form to get the details and then bank can contact the person interested to open the account,banking,1,3,13,1,4,0
i want to know about closure of account through online i have searched but i havent got please how you provide account opening process in online same like please provide also for closing the account,banking,1,3,13,1,4,0
while opening account by default mobile number is taken which was linked to addhar card there should be option like mail id was asked similar way phone number to be link with saving account to be asked in my case mobile number linked to aadhar card was my father number now that number is linked to my account so i need to change that kindly tell what to do,banking,0,1,13,1,4,0
on screen it was showing balance account opening but account requires quarterly balance,banking,0,1,13,1,4,0
debit card has no offers like lounge access,banking,1,5,7,1,4,0
i stil dun know wht kind of acc u have openeddetails are not showing so iam not being ableto usethesame,banking,0,1,13,1,4,0
i wanted to upgrade my savings account,banking,1,5,13,1,4,0
i was eligible for private account so this was for upgrading my account to private account,banking,1,5,13,1,4,0
but one thing i dont understand why there is need to open new account and not upgraded existing i already had wealth account to upgrade also again opened wealth account i really dont understand this logic i dont even understand this logic,banking,0,1,13,1,4,0
i went for salary account but opened regular savings account saying it it convert in to fays ir respectively of given all proofs and said pre approved cc but got rejected then why pre approved dont known the reason,banking,0,1,3,1,4,0
ilesh vaghela and riya raval both give proper response when account open and process of locker,banking,2,3,13,1,4,0
the account was for mrs sharayu hibare the primary reason for opening the account was for trading and it was clarified during account opening that it was to be a minimum balance account,banking,1,5,8,1,4,0
we were told that there is no option to open such an account and were insisted upon to have an account with as a minimum balance we categorically declined and when this was done both the agent and the branch manager were unhelpful and we were told to come to the bank to submit a letter to the same effect,banking,0,1,8,0,1,3
how is it possible that for a senior citizen there is no option to open an account with minimum balance,banking,0,1,8,0,1,3
this is a very unhelpful way of assisting any customer needing an account at your bank we have two other idfc bank accounts but are very disappointed with the service that mr kiran and this particular branch has provided,banking,0,1,3,2,3,1
have proactive communication guys i understand there will be issues at times opening an account but communicate the same i had both my indian number and us number in the application and no one cared to reach me out on my us number they called my india number it didnot have incoming because i was in us and the process stopped there expecting that a nri working outside india will have hisher india numbers incoming active is not wise,banking,0,1,3,0,4,0
there is hardly any delay in the whole process of account opening but still i am waiting for the welcome kit along with debit card neither i get a call from banks delivery partner nor any quick response from bank rather i got a text message mentioned below,banking,0,0,7,0,1,3
after rescheduling it again still there is no response from anybody anywhere kindly look into this matter as this might be the problem with delivery partner and their service personnel,banking,0,1,6,0,4,0
the agents do not take security of the personal documents seriously i am afraid my personal documents are send via unsecured means and may subject to hacking and get into wrong hands i am highly disappointed with the way my account opening process was handled,banking,0,1,3,1,3,1
it seems like they do not understand the requirements and way around nre account openings how the address work how phone number works they think all over the world it is the same like india,banking,0,1,13,1,4,0
it is so much pain to correct information in my account which was wrong from the beginning and pointed out during the account opening they fill out forms wrong and when asked to correct it they try to say that this is how it is supposed to be,banking,0,1,13,1,4,0
it would be better to have only a few dedicated agents who knows well the requirements and restrictions around nri documents and how contact number works,banking,1,3,13,1,4,0
i am highly disappointed with the way my account opening process was handled i gave a new bank a chance but after my experience i probably wont recommend any other nri to open their account at idfc,banking,0,1,3,1,3,1
delivery of debit card using blue dart has been atrocious they do not visit the premises and in there report mention consignee not available this is the third day this has happened,banking,0,1,2,0,1,3
i strongly recommend that a different courier service be considered instead of blue dart,banking,1,5,13,1,4,0
many process are still not done of opening accounts all facilities,banking,0,0,13,1,4,0
everything is pretty good but there is still a need for improvement and my welcome kit has not been delivered to my address,banking,1,5,13,1,4,0
the sales managerexecutive did not tell me the right time line of account opening they were not aware of the process and the time line,banking,0,1,13,1,4,0
very slow process almost days in account opening,banking,0,0,13,1,4,0
relationship manager or branch representative should contact customer and brief about benifits and services after opening account which done through online mode atleast,banking,1,5,9,1,4,1
opening of joint saving account process is very long it should be shorten,banking,0,1,13,1,4,0
usually all banks offers quick service for opening account through all branches and after immediate verification account kit and cards delivers physically overall time taken o open account is very high,banking,0,1,11,1,4,0
totally disappointed act peed or ake of loa but after opening act loan disbursement didnt happen and sales team were apologising for same i would like to close the account permanently which is of no use to me,banking,0,1,2,0,3,3
still account is on total freeze,banking,0,1,13,1,4,0
told me about progressive rates of interest only after opening the account did i come to know of interest rates,banking,0,1,10,0,1,3
too long even after generating customer id,banking,0,1,13,1,4,0
upgrade my account to wealth account,banking,1,5,13,1,4,0
it was not clear what variant of debit card will be issued and when after account opening also the app took a couple of closing and reopening to see the account where it appeared instantly on netbanking web portal,banking,1,1,7,0,4,0
please fix your process and add otp based process for email id when opening account and please fix email id of account,banking,0,1,13,1,4,0
the survey link to provide feedback on opening the account has been sent even before the account being opened,banking,0,1,1,0,1,3
inordinate delay in opening the account while the online opening happened within few minutes,banking,0,0,3,0,4,0
account opening through manual process involving cheque deposit is such a cumbersome process that i really got tired waiting to get the account active wish they could have given me diff mode of fund deposit option,banking,0,0,13,1,4,0
idfc bank account kholne me idfc bank ke employees ne mujhe bahut hi achche se or bahut hi aasaani se idfc bank me account kholne me meri help ki me idfc first bank ka or idfc first bank ke sabhi employees ko dhanyawad kahata hu mujhe bahut khusi he ki me idfc first bank ka hissa hu thank you so much idfc first bank,banking,2,2,5,2,6,0
there is nothing to say account opening is smooth and excellent i hope that bank will behave prompt for solving my problem if any thanks,banking,2,1,13,0,5,0
i am impressed with your service and the process of opening an account with was faster,banking,2,3,13,1,4,0
good respond and quickly opened account,banking,2,2,13,1,4,0
we were already existing customers of the branch and our customer id is there still so much delay in account opening,banking,0,0,9,0,4,0
overall experience was good for opening saving bank account,banking,2,2,13,1,4,0
so far so good,banking,2,2,13,1,4,0
fast process to open account,banking,2,3,13,1,4,0
very good experience to open account in idfc bank,banking,2,2,5,2,6,0
easy to open account,banking,2,6,13,1,4,0
easy way of account opening,banking,2,6,13,1,4,0
happy to have account at idfc thank you,banking,2,2,3,2,5,0
happy to open the account in idfc bank,banking,2,2,3,2,5,0
fantastic process,banking,2,2,13,1,5,0
very happy,banking,2,2,3,2,5,0
nice experience and i want to reopen the account soon,banking,2,2,13,1,4,0
thanks for ur bank staff pitrucha mahapatra for her communication and clarity about account features and faster account opening process thanks a lot,banking,2,2,13,1,6,0
its so easy to open the account with in minutes,banking,2,6,13,1,4,0
hi my name is sadath,banking,1,5,13,1,3,1
its so easy to open the account with in minutes,banking,2,6,13,1,4,0
i am happy to open savings account,banking,2,2,3,2,5,0
it a good savings account for me nice,banking,2,2,13,1,4,0
i would like to give my gratitude towards the employee who sourced my account mr asim he took min only to process my account also the application process of onboarding in idfc is very impressive,banking,2,3,3,1,4,0
you should hire good employees like asim,banking,2,2,13,1,4,0
your new customer anchal choudhary,banking,1,5,13,1,4,0
i am very happy to open an account in your bank because the transfer limit in it is up to rs lakh,banking,2,2,3,2,5,0
overall experience was great specially the onboarding was smooth relationship manager yash chavda have been very helpful for opening my nre account he told me each and everything very specifically made me understand the benefits,banking,2,2,11,1,5,0
best way to open a zero balance accountthank you idfc first bank,banking,2,2,8,1,6,0
i must say the entire process was smooth efficient and pleasant from the warm welcome by the staff to the quick and transparent account opening process every step reflected professionalism and customer care,banking,2,2,6,2,6,0
i truly appreciate the banks commitment to customer satisfaction the team was helpful in guiding me through the formalities explaining the features clearly and ensuring i felt confident and valued it was a refreshing experience that left me both happy and impressed,banking,2,2,3,2,5,0
im genuinely glad to be a part of the idfc first bank family and look forward to a great banking relationship ahead,banking,2,2,13,1,5,0
i had a nice experience with your bank for opening saving account,banking,2,2,13,1,4,0
i want to open my account new bank idfc first bank,banking,1,5,13,1,4,0
nice experience in opening an account,banking,2,2,13,1,4,0
iam so happy to open account in idfc bank,banking,2,2,3,2,5,0
nice im enjoying the savings account,banking,2,2,13,1,4,0
easy khuli gyu bank account,banking,2,6,13,1,4,0
opening account,banking,1,5,13,1,4,0
it was easy and very cooperative process to open a account,banking,2,3,13,1,4,0
it was easy to open account and it easily to use it and everything instant net banking and stuff,banking,2,6,13,1,4,0
it was very easy and convenient fir me the agent just took my adhaar and open my account in mins,banking,2,6,13,1,4,0
well knowledgeable person she explain me deep way it was grt process,banking,2,3,13,1,4,0
reason for opening this account with you is better interest rate offered first wealth account a note confirming the same should also be shared with customer about the current rate of interest on saving account,banking,1,3,10,1,4,0
steps to opening savings account is very simple,banking,2,3,13,1,4,0
very nice easy to account opening,banking,2,2,13,1,4,0
happy with account opening process,banking,2,2,3,2,5,0
easy ti understand the activation and account opening procedure,banking,2,3,13,1,4,0
hello,banking,1,5,13,1,4,0
it was nice interaction with mr vikas sir he held for opening the account,banking,2,2,13,1,4,0
khana kholne ka anubhav bahut achcha agent dwara pradan ki gai sahayata bahut acchi main idfc bank se judkar bahut achcha mahsus kar raha hun thank u so mach,banking,2,6,13,1,4,0
actually it is good to open bank account in online please k maintaing balance is too heavy,banking,1,5,13,1,4,0
mdm leena garg told us all about the facilities regarding saving account she has opened a wealth account of my son family with lacs fd,banking,2,6,13,1,4,0
we appreciate her for her behavior and dealing,banking,2,2,3,2,6,0
may god bless her progress in all the way of life,banking,2,6,13,1,4,0
mere bank ke sath bhaut accha anubhav tha,banking,2,6,13,1,4,0
mere ko account kholne mein achcha laga aur vahan ke account kholne wali mam ka nature,banking,2,6,13,1,4,0
savings account opening is fine,banking,2,6,13,1,4,0
need more products offers like personal loan,banking,1,5,2,1,4,0
mohan did an excellent job of communicating the requirements and helping setup the account the procedure was easy and straightforward and appreciate the quick process,banking,2,2,3,2,5,0
easy and quick process of opening account,banking,2,3,13,1,4,0
mrnaseer hussain was very helpful in guiding and account activation and mobile bankaing,banking,2,2,13,1,4,0
my account is opened in almost to days,banking,2,6,13,1,4,0
my account open,banking,1,5,13,1,4,0
rajesh helped getting the account opened without any hiccup best rm for my account,banking,2,6,13,1,4,0
he has in depth knowledge of all idfc products and helped me navigate choose the best,banking,2,6,13,1,4,0
the account opening process was seamless and prompt,banking,2,3,13,1,4,0
my mom is a senior citizen nitin really helped us to fill the form at our home and smoothly open an account,banking,2,2,13,1,4,0
it is an amazing journey of account opening,banking,2,2,13,1,5,0
quick process of account opening,banking,2,3,13,1,4,0
the experience of opening bank account quit easy in other banks its too difficult but in idfc first bank has made it too easy to open for anyone i am thankful to be the part of idfc first bank,banking,2,6,13,1,4,0
account opening was easy and hassle free i opened account because of free services as claimed by you hope it would be free and your bank will not start charging after some point if time,banking,1,5,13,1,4,0
account opening sales executive is very knowledgeable and confident to dictate every theme of banking it should be there in every executive i m happy to bank with idfcfirst bank,banking,2,2,3,2,5,0
no long time to open bank account may be tell you after some time,banking,1,5,13,1,1,1
no such suggestion porcess to open the account was quite easy and smooth,banking,2,2,13,1,4,0
none as of now the process was all fine except for the time taken which was over upto one week for the account to get activated,banking,1,3,13,1,4,0
very good assistant to open the account,banking,2,2,5,2,6,0
i would like to thanks to jyothi and naheeda during my nri account opening process guidance and assistance,banking,2,2,13,1,6,0
zero banking charges,banking,2,3,1,1,4,0
monthky payment of interst,banking,1,5,13,1,4,0
good interst rate on saving account,banking,2,2,13,1,4,0
there is nothing to improve according to me you guys are already doing the best in all aspects,banking,2,6,13,1,4,0
overall conversation was good to open close the account,banking,2,2,13,1,4,0
first bank is my first easy account opening experience ever had your service e is informative accurate and timely manner i am sure that the bank can fulfill needs and wants i am looking forward to the future with first bank,banking,2,6,13,1,4,0
my previous banker was axis bank where i had preapproved homepersonalcar loan i wish n hope for same benefits offers with idfc too so far so good my only main concern is the idfc home branch where my account is has negative reviews i hope i dont face any hurdles during my visits to the branch,banking,1,3,2,1,4,0
hlo good morningmy account is freezingnow i cant use my account please help me,banking,0,1,13,1,4,0
very good behaviour of exicutive parth prajapati and he explained everything about fundamentals of idfc bank and end to end account opening process and about acount benefits,banking,2,2,11,1,4,0
highly recommend subrata for his great attitude and behaviour please convey the feedback,banking,2,2,1,1,5,0
if account is open with huge amount at first stage against your minimum balance amount the part of the commission to be paid to concerns must be avail to clients who have created amount more than minimum requirements of bank,banking,1,5,8,1,4,0
its my humble request to think about it and do your best please and if possible either credit part amount to my account or think about other benefits to be given to such types of clients please,banking,1,6,2,1,4,0
do your best so that i can think about credit of another big amount please,banking,1,6,2,1,4,0
hope for positive outcome please,banking,1,5,13,1,4,0
good to open saving account with your bank will open another current account with my husband name for firm ruchi bartan store,banking,2,2,13,1,4,0
thanks,banking,2,2,13,1,6,0
account opening bilkul acha h koi issue nhi aaya lakin netbanking very bad,banking,0,1,13,0,4,0
good experience while account opening journey,banking,2,2,13,1,4,0
saving account details,banking,1,3,13,1,4,0
nothing else but i received my atm card check within two days of opening the account on the website thank you very much,banking,2,2,7,1,6,0
second account open,banking,1,5,13,1,4,0
experience in account opening was good but what next no communication from bank,banking,0,1,13,1,4,0
at the time of opening of the account and credit to the fdr accounts all bank have nice attitude we have to see how much bank remains the same and that will be pnlu judge how long bank will provide good serve,banking,1,3,2,1,4,0
the idfc first bank system is very nice account opening prossissor is very fast good i am happy to become idfc family,banking,2,2,3,2,5,0
thanks appreciate,banking,2,2,3,2,6,0
account opening person guidence is excellent,banking,2,2,13,1,5,0
its very easy and very attractive offers for account very good and satisfied experience ever,banking,2,2,11,1,6,0
thank you so much for helping me to open my account,banking,2,2,5,2,6,0
firstly idfc bank agent call me he told me this is my zero balance account after account opening its shows me its savings account minimum maintain k this is totally frauded with me,banking,0,1,12,0,2,3
thank you,banking,2,2,5,2,6,0
pleasing reception mobile banking account opening were done quickly i congratulated all,banking,2,6,13,0,4,0
this is my rd savings account with idfc for my family member,banking,2,6,13,1,4,0
though i like idfc banking hence opted for the rd savings account but there are restrictions about using same mobile number for more than one sb account this is unfair and not practiced with icici bank,banking,0,1,13,1,4,0
my experience was very good with my relationship manager which is farhat jahan but i was disappointed with only one concern which was my joint saving account was opened very late it took almost working days which is not correct your team should work on this,banking,0,1,3,0,3,1
as a cc holder account opening journey was super fast,banking,2,6,13,1,4,0
very beautiful bank and very easy open my acc so im very happy,banking,2,2,3,2,5,0
didnt get know about the auto debit date for the credit card which was opted any ways over all its a good and easy process to consider the idfc bank for account opening,banking,1,3,2,1,4,0
very easy process of acount opening,banking,2,3,13,1,4,0
very easy to open an with your bank,banking,2,6,13,1,4,0
very easy to open savings account,banking,2,6,13,1,4,0
everything is good just one recommendation that add more saving accounts variant like k or lakh amb accounts with more features,banking,1,5,13,1,4,0
very good online opening account thanks idfc first bank,banking,2,2,5,2,6,0
very fast and easy process to open an account,banking,2,3,13,1,4,0
thank you idfc bank,banking,2,2,5,2,6,0
very easy procedure for opening account,banking,2,3,13,1,4,0
we just open an account wt positive feedback futher we expect smooth transaction too,banking,1,5,1,1,4,0
three days time takenit should be fast,banking,1,5,13,1,4,0
good behaviour of their staff mr gaurav bhatnagar he explains all the benefits and features of idfc first bank savings accounts,banking,2,2,11,1,4,0
prudent use of technology leading to ease in opening account,banking,2,1,13,0,0,2
dear idfc first bank team i recently opened a new account at your branch the staff at the samadhan patil branch were particularly cooperative i am highly satisfied with the professional and customercentric service thank you once again for your excellent service and best wishes,banking,2,2,9,2,5,0
account opening is very easy steps very nice,banking,2,2,13,1,4,0
nice experience account is open in very quick time,banking,2,2,13,1,4,0
really digital india bharath presence superb quality i will plan to introduce our associates members to do open account with you during this financial year it is my commitment on the tamil new year day i hope the best as well as first,banking,2,6,13,1,4,0
you are already at,banking,2,6,13,1,4,0
the account was created n active very smoothly n efficiently i will recommend idfc first bank as my first choice to all my friends thanks,banking,2,2,13,1,6,0
faster process of account opening,banking,2,3,13,1,4,0
after all everything was ease and fine on the process just keep check your online account opening server always for which it should be alive thanks,banking,1,3,13,1,6,0
so far i found the most quickly i have ever opened account with idfc but its long way to go as needs to realise how the banking service to customer will be followed in near future that is the most matters,banking,1,3,13,1,4,0
please arrange phone call by experienced agent before account opening thanks,banking,1,5,13,1,6,0
mohit has been a great help in opening this account many thanks,banking,2,2,13,1,5,0
account opening is good but any another experience is have more i have understand your bank so pls give sum time tq,banking,1,5,13,1,4,0
nothing to be improved,banking,2,6,13,1,4,0
great experience and glad to have an account with idfc first bank,banking,2,2,5,2,5,0
i am happy about the onboarding through videokyc account opening process with ease and speed,banking,2,2,3,2,5,0
minimum balance could be kept as rs account opening was very fast and hassle free,banking,1,5,8,1,4,0
very smooth process of account opening,banking,2,2,5,2,6,0
the employee name himanshu chaudhary explain the account features in a very good manner,banking,2,2,5,2,6,0
i appreciate his efforts also as he is opened this account after the banking hours,banking,2,2,3,2,6,0
good experiencei glad to open account in idfc bank,banking,2,2,13,1,4,0
it is very good in handling account,banking,2,2,5,2,6,0
the way she approached and explain the product i am impressed and account opening process took just minutes and mobile app is very much useful and sales executive know each and everything of the product and process,banking,2,3,3,1,4,0
i would appreciate that lady for quick process and response,banking,2,2,3,2,6,0
thank you athira for your support in my account opening journey,banking,2,2,5,2,6,0
i am fully satisfied with the professional approach demonstrated by your officials before during and after the account opening process,banking,2,2,3,2,6,0
very fantastic,banking,2,2,13,1,5,0
be detailed specific and honest,banking,1,5,13,1,4,0
everything looks good so far,banking,2,2,13,1,4,0
loved the onboarding welcome kit,banking,2,6,13,1,4,0
ac opening process is very fast,banking,2,3,13,1,4,0
just keep up the good work,banking,2,2,13,1,4,0
immediate response from customer service easy to clarify my doubts,banking,2,6,13,1,4,0
overall good banking features,banking,2,2,13,1,4,0
everything is good keep it up,banking,2,2,13,1,4,0
all is well very soon i will deposit the amount when l will get my salary,banking,1,3,13,1,4,0
all smooth process,banking,2,2,5,2,6,0
good working bank,banking,2,2,13,1,4,0
till now all good,banking,2,2,13,1,4,0
as of now nothing on the process to improve,banking,2,3,13,1,4,0
nothing its just perfect,banking,2,6,13,1,4,0
awesome,banking,2,2,13,1,5,0
excellent support from kishan pandey deepak manager,banking,2,2,13,1,5,0
bahut achha bank hai,banking,2,6,13,1,4,0
completely satisfied nothing more,banking,2,2,5,2,6,0
transparency and clarity at its best,banking,2,6,13,1,4,0
everything fine from my perspective,banking,2,6,13,1,4,0
everything fine let see in future,banking,1,5,13,1,4,0
everything is very smooth and user friendly interface,banking,2,2,13,1,4,0
i am glad to using idfc first bank,banking,2,6,13,1,4,0
everything was proper ac opening was hassle free thanks to idfc,banking,2,2,13,1,6,0
everything was smooth,banking,2,2,13,1,4,0
idfc first bank best,banking,2,6,13,1,4,0
its great as of now just rock it guys,banking,2,2,13,1,5,0
fast and reliable banking with latest technology,banking,2,6,13,0,4,0
i really appreciate ms neha shah goodluck for her journey with idfc thanks,banking,2,2,3,2,6,0
fastness soft approach,banking,2,6,3,2,6,0
ha happy bhut achi bank,banking,2,2,3,2,5,0
nothing can be more perfect,banking,2,6,13,1,4,0
hope it continues in same way going forward,banking,2,6,13,1,4,0
i am glad as a idfc account holder,banking,2,6,13,1,4,0
very nice your bank any transition ok,banking,2,2,13,1,4,0
i am highly satisfied with the bank,banking,2,2,5,2,6,0
best bank i would choose,banking,2,6,13,1,4,0
i am really happy with idfc bank,banking,2,2,3,2,5,0
i am so happy because i love this bank,banking,2,2,3,2,5,0
i am so lucky because i choose idfc first bank,banking,2,6,13,1,4,0
i an happy with the current process,banking,2,2,3,2,5,0
i attract to enjoy your banking facilities which are not provided by other banks,banking,2,6,13,1,4,0
i like banking prosse,banking,2,6,13,1,4,0
always help your customer n understand her to give good benefits thank you,banking,2,2,11,1,6,0
average balance maximum best option,banking,2,6,8,1,4,0
bank app is very good,banking,2,2,3,2,6,0
sab kuch ache se samgh aajata hi bhut aacha aap hi,banking,2,6,13,1,4,0
very good but too many verification after tranx may reasons for irritations,banking,1,5,5,2,4,0
great to have connected to idfc,banking,2,2,13,1,5,0
id like to have overdraft facility as well whenever bank plans to launch it,banking,1,5,13,1,4,0
idfc agent helped me alot thank you iam happy,banking,2,2,3,2,5,0
idfc bank ek bank,banking,2,6,13,1,4,0
idfc bank fu hers is super,banking,2,6,13,1,4,0
so far it was all good i chose this bank because there is no extra charges for sms alert atm and things please do not change these,banking,2,1,7,1,4,0
idfc first bank bahut aacha bank hai,banking,2,6,13,1,4,0
bs mujhe dikkat hai jiro belens pe khata kholna chahiye,banking,1,5,13,1,4,0
idfc was use friendly to use,banking,2,6,13,1,4,0
if i find anything i will surely give my feedback,banking,1,5,1,1,4,0
the process was very nice the customer care response far exceeds other top private banks in market,banking,2,2,6,2,6,0
everything is good but online usage of my card is not activated yet its showing limit please fix that,banking,1,3,13,1,4,0
it is easy to do all banking operations,banking,2,6,13,1,4,0
it was quite easy and quick,banking,2,6,13,1,4,0
one of the best bank of india,banking,2,6,13,1,4,0
it was smooth and easy onboarding of new customer,banking,2,2,13,1,4,0
its easy to understand of process to find to document updates,banking,2,3,13,1,4,0
great features as others banks,banking,2,2,13,1,5,0
nothing as such all the best team,banking,2,6,13,1,4,0
best bank in india,banking,2,6,13,1,4,0
its very simple process,banking,2,3,13,1,4,0
very happy to be associated with such a fast growing institution promoting the best values of banking especially with the care and positive attitude of my relationship manager idfc first to grow hassle free,banking,2,2,3,2,5,0
ji han kash unke liye bhi karj uplabdh hota jo imaandaari se kama kar ijjat bachate hue bina income proof ke karj le kar apna samajik kartvya nirwahan kar sake dhanyawaad,banking,1,5,13,1,4,0
everything was good but i received my debit card welcome kit in that it was mentioned on the letter that bank is sending debit card along with the cheque book in this welcome kit but there was no cheque book it was very disappointing need to correct this from bank side,banking,0,1,7,1,3,1
vishal is an outstanding relationship officer he has briefed me throughout the process he has good knowledge on the banking and helps to understand the process better,banking,2,2,13,1,4,0
just understand i even dont have my acount number,banking,0,1,13,1,4,0
keep improving keep growing,banking,2,6,13,1,4,0
keep rocking team,banking,2,6,13,1,4,0
keep up and dont shut down thats all i say i want to do business and be a loyal customer with you guys and in coming future ill be having millions and billions in it so keep progressing,banking,2,6,13,1,4,0
best nitesh bhayia,banking,2,6,13,1,4,0
having scored a perfect theres nothing more i can ask for keep the good work going,banking,2,2,13,1,4,0
looking forward for a long time bond with idfc and very hopeful about the same your customer relationship is top notch,banking,2,6,13,1,1,1
more details needs to be made available to intending customers to have a versity of options to work with,banking,1,3,13,1,4,0
great expression,banking,2,2,13,1,5,0
keep up the good work,banking,2,2,13,1,4,0
best bank in the buisness,banking,2,6,13,1,4,0
no i dont think so that any improvement is required,banking,2,6,13,1,4,0
no improvement needed and can proudly say idfc first is only digital bank,banking,2,6,13,1,4,0
no improvement needed till now,banking,2,6,13,1,4,0
good information,banking,2,2,13,1,4,0
had hard time with video kyc and was asked to visit branh directly at one point took days to catch hold of some good rep and without any application related issue on the reps side,banking,0,1,3,0,4,0
no everything were fantastic,banking,2,2,13,1,5,0
none every thing wad prompt and well done,banking,2,2,13,1,4,0
not at all keep it up,banking,2,6,13,1,4,0
overl all best if any further improvements will be delightful,banking,1,6,13,1,4,0
nothing all process are awesome,banking,2,2,13,1,5,0
purushottam is the best rm,banking,2,6,13,1,4,0
just practice to keep some human intraction on regular basis,banking,1,5,13,1,4,0
give me credit card,banking,1,5,2,1,4,0
rupy credit card adding process is not good and every time asking sim versification please make this step easier,banking,0,1,2,1,1,2
nice bank and stap fully helf fool,banking,2,2,13,1,4,0
ok i like idfc first bank,banking,2,6,13,1,4,0
good response from your side thanks,banking,2,2,13,1,6,0
no keep doing the good work to take more care of senior citizens,banking,1,5,13,1,4,0
pls carry on the process as such nothing,banking,2,3,13,1,4,0
keep up the good work,banking,2,2,13,1,4,0
its the perfect loan bank,banking,2,6,2,1,4,0
really happy with banking,banking,2,2,3,2,5,0
no everything was perfect and well guided,banking,2,6,13,1,4,0
request to clear my old previous obligations if any to receive idfc benefits rest is excellent,banking,1,5,11,1,5,0
cumnication skills of bank is very good,banking,2,2,5,2,6,0
sab kuchh achha hi tha badhiya hai,banking,2,1,13,0,4,0
sahil gaba excellent,banking,2,2,13,1,5,0
save time more facility clearty,banking,1,5,13,1,4,0
no great exceprince,banking,2,2,13,1,5,0
idfc first bank is very good bank in public sector bank,banking,2,2,5,2,6,0
simple and easy process,banking,2,3,13,1,4,0
simplify the process,banking,1,3,13,1,4,0
really good fasttransparentunderstandable app,banking,2,2,3,2,6,0
smooth process nothing else required,banking,2,2,5,2,6,0
so far have excellent experiance,banking,2,2,13,1,5,0
special benefits,banking,1,5,11,1,4,0
absolutely very good,banking,2,2,5,2,6,0
every thing is good,banking,2,2,13,1,4,0
please keep privacy security related issue always,banking,1,1,13,0,4,0
overall superb experiance from bank,banking,2,6,13,1,4,0
bank official was very nice person,banking,2,2,13,1,4,0
overall great,banking,2,2,13,1,5,0
super fasting transection love it,banking,2,6,13,1,4,0
super sytem banking in world,banking,2,6,13,1,4,0
thank you so much and i hope idfc will lead me to good aty financial development,banking,2,2,5,2,6,0
no everything was perfect,banking,2,6,13,1,4,0
thank q for explain what ever information gave clear,banking,2,3,13,1,4,0
team well responded for me thats great,banking,2,2,13,1,5,0
very good process and great assistance by bank agent,banking,2,2,5,2,5,0
yes me with the you good friend was my friend,banking,1,5,13,1,4,0
good job didnt expect such a smooth process from a small bank,banking,2,2,5,2,6,0
already very nice process,banking,2,2,13,1,4,0
best bank among my all bank,banking,2,6,13,1,4,0
thanks for idfc bank,banking,2,2,13,1,6,0
for now everything is good if required will let you know,banking,2,2,13,1,4,0
that will improve my cibil score,banking,2,6,13,1,4,0
it took me a few attempts to login into the app of idfc bank please work on that other than that everything was good,banking,1,5,3,2,4,1
the process was smooth and quick and also the agents assisted well,banking,2,2,13,1,4,0
everything looks good but no email transaction alerts receiving,banking,1,5,13,1,4,0
good all is well,banking,2,2,13,1,4,0
theres nothing to improve everything is fine,banking,2,6,13,1,4,0
all good as of now keep it up,banking,2,2,13,1,4,0
overall process was very smooth both executive and relationship manager were clearly explained and the guidance is absolutely on time and perfect,banking,2,2,13,1,4,0
good happy to process,banking,2,2,3,2,5,0
very simple steps to understand and proceed further even to senior citizen like me with little knowledge on mobile laptop oriented online banking thanks a lot for your lovely very clear steps hats off pkease keep it up,banking,2,2,13,1,6,0
good process and fair bank,banking,2,2,13,1,4,0
yes youll dont display your offers clearly when applied it doesnt get completed it gets hanged up on the final process and disappears,banking,0,1,3,1,4,0
there should be good offers on fd i know these are my small amount but it was my start to see what better it could be for big amount,banking,1,3,11,1,4,0
thank you,banking,2,2,5,2,6,0
everything looks good,banking,2,2,13,1,4,0
very convenient for everything,banking,2,6,13,1,4,0
very customer friendly process,banking,2,3,13,1,4,0
nothing much needed,banking,1,5,13,1,4,0
the best bank of india,banking,2,6,13,1,4,0
very excellent very easy,banking,2,2,13,1,5,0
very fast process,banking,2,3,13,1,4,0
everything are good,banking,2,2,13,1,4,0
very goos exprience,banking,2,6,13,1,4,0
its good and nothing to add from my end,banking,2,2,13,1,4,0
very knowledgeable polite quick responce,banking,2,2,13,1,4,0
all good keep goingbest wishes,banking,2,2,13,1,4,0
very good we satisfied,banking,2,2,5,2,6,0
very smooth and easy netbanking,banking,2,2,13,1,4,0
was a smooth process where yash kept me proactively informed about the status and what to expect next,banking,2,2,5,2,6,0
we are proud to have joined such a bank our idfc bank is considered the first of its kind,banking,2,6,13,1,4,0
well done by bank,banking,2,2,13,1,4,0
hope everything goes as explained,banking,1,5,13,1,4,0
well we get daily tomnay messages from id bu bank via net so kindly make sure we recieve less meaage trhogh internet we get message when me start phone,banking,1,3,13,1,4,0
nothing else all was good,banking,2,2,13,1,4,0
with due response i have been dealt with thats why i rated this,banking,2,3,13,1,4,0
without going anywhere i opened sb ac,banking,2,6,13,1,4,0
i hope everything was good,banking,2,2,13,1,4,0
yes explained baout various investmnet ideas,banking,2,6,13,1,4,0
everything seems to be working perfectly,banking,2,6,13,1,4,0
everything was perfect and fast,banking,2,6,13,1,4,0
everything was just perfect ms disha solanki associate relationship manager is very well conversant with all the rules and procedures i didnt have any problem in my first day of banking with idfc first neemuch branch i wish her all the best for all her future endeavours,banking,2,1,9,0,4,0
your are doing fantastic job keep growing thanks,banking,2,2,13,1,5,0
everything is good just keep it up,banking,2,2,13,1,4,0
everything is good,banking,2,2,13,1,4,0
give me personal loan lakh only or credit card k for imporve my cv score and like died with everything good wealth health policy car insurance car loan and good bhaviour both with us,banking,1,5,2,1,4,0
everything in the idfc first bank is perfect and extra comfortable,banking,2,6,13,1,4,0
you have a great guy in sayan bhowmik who impressed me a great deal just by his attitude,banking,2,2,13,1,5,0
best bank but not available my city personal loan,banking,1,6,2,1,4,0
overall good user friendly all in one place excellent,banking,2,2,13,1,5,0
pramotional call many more so that worried us from open account to till please stop promotional calls asap,banking,0,1,11,1,4,0
yes please dont call customer about opening the bank account because they got frustrated,banking,0,1,13,1,1,1
i liked all the features of idfc first bank very much,banking,2,6,13,1,4,0
loan against mutual fund option in my account but not available in my wife account why and many features are missing in netbanking,banking,1,3,2,1,4,0
the most important is need to add atleast user option in mobile banking,banking,1,5,13,1,4,0
look and feel of the mobile app product and service are still little hard to find for new users,banking,1,5,3,1,4,1
no body in your bank has complete knowledge of the product offered also your customer service representative especially those are at higher post,banking,0,1,11,1,4,0
online fd close options,banking,1,5,13,1,4,0
please provide upi transaction id in messages,banking,1,5,13,1,4,0
there must be no need to maintain mab if i do fd in my account,banking,1,5,13,1,4,0
lower variant should be available for saving account,banking,1,5,13,1,4,0
i need offers on idfc mobile appotherwise i would have to close this account and i am planning to start an fd which would be transferred to some other bank in the near future,banking,0,1,3,1,4,0
if you are giving offer to someone please give them that exact offer,banking,1,5,11,1,4,0
my honest review,banking,1,5,13,1,4,0
first of all i choose your bank only for saving my money little more with your savings account intrest please provide this scheme long time with some additional futures may be later you must need to upgrade you application its little bit compleacted to use wisely thats enough,banking,1,3,3,0,1,2
sir mene act khola lekin reward points ka bataya vo nahi mila or atm se use kiya usme reward points nahi mila offer h bevkuf banate ho call mi urgent,banking,0,1,7,0,1,3
initially the direct link for video kyc was not working ive to relogin in order to complete my kyc else everything was great,banking,1,1,13,0,5,0
aadhar linked mobile attached with account provide option to add another mobile number for bank account,banking,1,5,13,1,4,0
i tried video kyc but its not done it is saying i am using some proxy server and try after sometime but i tried many time and its been week that i am trying but waste please help,banking,0,1,13,1,4,0
kyc,banking,1,5,13,1,4,0
hamare idfc first bank mein hamara abhi tak kyc nahin hua kyc samne a,banking,0,1,13,1,4,0
santusht hai,banking,2,6,13,1,4,0
no iam not interested kyc update,banking,1,3,13,1,4,0
my kyc for the nre account was verified and i received the new account kit however the account remained frozen for another days and the debit card took an additional days to activate it would be helpful if such delays were reduced or at least communicated more clearly in advance,banking,1,0,7,0,4,0
vedio kyc immpresed me badlay whole best system of the bank failure by the kyc department non professional and bad software no voice even after all permission allowed by me in my samsung galaxy ultra s,banking,0,1,13,0,4,0
even still my kyc not done as complaint on mobile even my relationship manager mrlamba abhishek,banking,0,1,6,0,4,0
stillmy kyc is pending visit branch for the kyc but not has been done not able to change mobile number bad service,banking,0,0,9,0,4,0
my kyc is not complete i visited the nearest branch of idfc bank to complete my kyc bui still showing kyc ilis not complete solve my problem please,banking,0,1,9,0,4,0
not able to do video kyc i am currently in usa to visit my daughter there was a message that kyc is not allowed at my current location,banking,0,1,13,1,4,0
worst video kyc process,banking,0,1,13,0,0,2
online kyc video calling sound quality is not crystal clear,banking,0,1,13,1,4,0
video kyc problem,banking,0,1,13,0,4,0
it was a smooth and easy process to open account and other formalities like kyc updation etc,banking,2,2,13,1,4,0
my kyv full update but video kyc location problem sir medam what happened tell me resan,banking,0,1,3,0,4,0
improve video kyc process,banking,0,1,13,1,4,0
i request the bank person to explain clearly on what to do during video kyc to the client like how to show their pan card on the camera,banking,0,1,13,1,4,0
i opened the account for fd opening value around lfor months percent interest,banking,2,3,13,1,4,0
today now showing percent after kyc updationhence dropping the idea to open fd,banking,0,1,13,1,4,0
kyc ma online pancard ane adharcard batavu na pade a saru,banking,1,5,13,1,4,0
this is my first experience with idfc based confirmation from executive i have opened savings account and she mentioned that no need to go for bank for physical verification now she is telling that you need to go for bank to verify the kyc which km away from my home,banking,0,1,13,1,4,0
i got your welcome kit but still i am not able to complete my kyc,banking,0,1,13,1,4,0
though video kyc process was a good thought out process following can be improved,banking,1,3,13,1,4,0
the first agent who connected was impatient and rushing me hard and disconnected before it ended she didnt bother to call back to complete the process,banking,0,1,13,1,4,0
the second agent handled it very smooth and i am very appreciative of her way of working thanks to her,banking,2,2,3,2,6,0
account was created with a different number which is the number in adhar card and i was told it can be changed only after a month,banking,0,1,13,1,4,0
please improve video kyc process no agent was available when i was opening my account after days video kyc agent was available therefore have a request please make sure agent will be available during video kyc link clicking otherwise show message for not availability,banking,0,1,13,1,4,0
very easy to understand the process to open a savings account with fast and reliable kyc process from my existing credit card account,banking,2,3,2,1,4,0
improve the connectivity for video kyc,banking,0,1,13,1,4,0
all others are best,banking,2,6,13,1,4,0
kyc complete but still showing in not completed in mobile application,banking,0,1,3,1,4,0
till now i have not deposited any money because of pending kyc,banking,0,0,13,0,4,0
hats off to the service provided,banking,2,6,13,1,4,0
the video kyc was not successful in my case and it has been four days since ive been unable to complete it now my account is frozen,banking,0,1,13,1,4,0
the kyc representative and the branch manager have not responded properly and delayed the process,banking,0,0,9,0,4,0
i appreciate the way ive been treated thank you,banking,2,2,3,2,6,0
scope for improvement in online kyc verification,banking,0,1,13,1,4,0
opend account online but vkyc not complete or failed without any reason visited branch for kyc,banking,0,1,9,0,4,0
kyc,banking,1,5,13,1,4,0
idfc first bank,banking,1,5,13,1,4,0
video kyc conenctivity was an issue,banking,0,1,13,0,4,0
video kyc not working in mobile,banking,0,1,13,0,4,0
after visiting branch my kyc is pending and staff keeps postponing it,banking,0,0,9,0,4,0
if anyone opening account through aadhar card so why physically verification required,banking,0,1,13,1,4,0
the kyc video had some glitches when i try to complete for the first few attempts,banking,0,1,13,1,4,0
yes fix the issues in the account opening process that caused mismatch of the fullname,banking,0,1,13,0,4,0
i got the consumer loan within minutes,banking,2,6,2,1,4,0
we open the on line saving account but still cant operate this because of kyc in progress,banking,0,1,13,1,4,0
not clrea communication on sabings bank account interest rate,banking,0,1,10,0,1,3
the overall experience is great but interest conditions should be clearly mentioned,banking,1,3,13,1,5,0
staff is good,banking,2,2,13,1,4,0
service is fine,banking,1,5,13,1,4,0
thanku aruna maam and piyush for your prompt service and immediate action,banking,2,2,13,1,4,0
amazing service by idfc first bank,banking,2,2,13,1,5,0
as of now there is nothing more to add the entire process of onboarding a new customer is organised and smooth,banking,2,2,13,1,4,0
bahut achchih hai aap ki service,banking,2,6,13,1,4,0
excellent service and great staff,banking,2,2,5,2,5,0
your bank is working very well and the interest it is giving on saving is also very good and wold encourage,banking,2,2,5,2,6,0
the person who assisted me in opening the account thiru vetriselvan was really very good person,banking,2,2,5,2,6,0
dear idfc bank i am very happy with the service and support provided within a week,banking,2,2,3,2,5,0
easy process and excellent services,banking,2,2,5,2,5,0
excellent customer service,banking,2,2,13,1,5,0
excellent service very easy to open the account and amitab ji is my icon i trusted him and trusted your bank to fullfill my financial needs,banking,2,2,5,2,5,0
fantastic banking services are being provided by idfc first bank thats why i chose this to open an account with you,banking,2,2,13,1,5,0
the overall experience has been good the features are excellent the technological superiority of the application is excellent the advantages of having the account and the free services offered are excellent it gave immense satisfaction having the account with superb facilities the welcome kit should have disclosed the items being provided like cheque book etcso that there is no need to apply for cheque book separately againplease note,banking,1,3,3,2,5,1
sub logon ne corporate kiya our account kholne ka baare mein puchane par kha ji bilkul ayio account open kar denge very faster service and imparessive behavior in branch rewari all good,banking,2,2,9,2,6,0
best services beyond my expectations experience from the heart i respect appreciate overall experience please keep it up,banking,2,2,3,2,6,0
modus operandi is amazingly well structured as far as opening saving account is concerned however provision of single point of contact could be thought of,banking,1,5,13,1,5,0
i personally would like to get idfc first banks credit card if feasible,banking,1,5,2,1,4,0
higher interest rate and home service thanks,banking,2,2,10,1,6,0
i want to experience the services before commenting,banking,1,5,13,1,4,0
overall banking service is very good but the credit card application executive is not visiting for verification,banking,0,1,2,1,1,2
i have an account with axis and hdfc satisfied with their services but experience with idfc first extremely excellent and reliable,banking,2,2,5,2,5,0
i need tamil customer service and tamil customer care executive,banking,1,5,6,1,4,1
the assigned banking expert by idfc was very helpful throughout the process everything went seamlessly and efficiently,banking,2,2,13,1,4,0
the bank visit service is not good at all you can not deposit the money in the branch fiscally,banking,0,1,9,2,4,0
it already seems promising i hope the services will meet expectations,banking,1,5,13,1,4,0
more branches required at district level and more representation also required at national level,banking,1,5,9,1,4,1
really great experience im thrilled in the process everything smooth speed and simple,banking,2,2,5,2,5,0
everything was good and the customer service is excellent but the device had some issues while scanning qr code,banking,1,1,13,0,5,0
account and product are good but branch staff are not present during customer hours,banking,0,1,9,2,4,0
best experience in mobile banking services,banking,2,6,13,1,4,0
this bank is good for all over india and this service also good,banking,2,2,13,1,4,0
good experience i am axis bank employee good service and no time taken to opening account account open in just minutes nice experience,banking,2,2,5,2,6,0
miss bhagyashree has given the best service,banking,2,6,13,1,4,0
mr shivu mr shiv kumar has given very good service she came to house and you open your account please talk very politely is the customer in specially thanks,banking,2,2,5,2,6,0
agent tell everything how to use net banking on your phone overall i give out of rating for idfc first bank service,banking,2,3,13,1,4,0
service is good but mantance balance is too high please help me,banking,0,1,13,1,4,0
i would like to be honest i opened an account to get a personal loan but my cit is not serviceable hope i will get the services soon,banking,1,5,2,1,4,0
overall the account opening process was very quick and easy the customer care executive was very kind and polite towards guiding through the kyc process thank you idfc first bank i will highly recommend my family and friends to open an account in idfc first bank,banking,2,2,6,2,6,0
bt i dont like the yours courier partner service,banking,0,1,13,1,4,0
we just need a good relationship with and services like higher credit card limit and other benefits,banking,1,3,2,1,4,0
a detailed briefing on the availability of services and advantages of idfc in maintaining a high mab,banking,1,5,13,1,4,0
overall the bank is super cool app ui is very neat and clean design which i like as designer just one suggestion like from the bank need to start zero balance account so people can connect with this bank because of good service,banking,1,5,3,2,6,1
and your personal loan intrest is very high please check on it it would give you more business in future to is very high intrest rate,banking,0,1,2,0,1,3
i want to change my address but in account process you give my home town address i m working in nagpuri applied for personal loan but because of my address your system unable to provide me loan,banking,0,1,2,1,1,2
i had an account with hdfc bank earlier and had been trying to open a new account there for the past two months but every day they kept saying it will be done tomorrow in contrast my experience with idfc bank has been excellent they opened my account within a week and also provided the card machine quickly i am very happy with their fast and professional service,banking,2,2,3,2,5,0
coming from icici bank my experience has been great while opening the account i hope the great customer service continues beyond opening,banking,2,2,13,1,5,0
consistently smooth and helpful service ive experienced with idfc first bank from the clarity provided in responses via email to the courteous support during phone calls every interaction has been professional prompt and genuinely customerfriendly,banking,2,2,13,1,4,0
easy to open account all services best,banking,2,6,13,1,4,0
very good service provided by mrinmoy mondal he is very knowledgeable about the product and process and very kind towards senior citizens like us,banking,2,2,5,2,6,0
despite more than a week the welcome kit is still not being delivered the blue dart courier partner service is so disappointing,banking,0,0,3,1,3,1
pass book not received,banking,0,1,13,0,4,0
passbook ki request ki thi aapke worker se hai please with photo passbook dene ki kripa karen,banking,0,1,13,1,4,0
physical chewue needed,banking,1,5,13,1,4,0
instead of online funding,banking,1,5,13,1,4,0
insurance coverage with a debit card airport lounge facility etc,banking,1,5,7,1,4,0
please provide cheque book,banking,0,1,13,1,4,0
so far we have not received our welcome kit of our joint nro account number so please send it immediately at our address cork drivewest chesterohiounited states of americaso that we can update our bank account with lic of indiafor getting our pension regularlythanking you in anticipation,banking,0,1,13,0,4,0
post me passbook bhi add kare,banking,1,5,13,1,4,0
provide lounge benefits in debit card,banking,1,5,7,1,4,0
request earliest delevery of saving kit idfc,banking,0,1,13,1,4,0
lekin apko welcome kit me passbook bhi deni chahiye,banking,1,5,13,1,4,0
clear communication missing tried to change the branch transfer no luck welcome kit dispatch not received tried to avail car loan no luck its a horrible experience i never recommend to my network with this kind of experience,banking,0,1,2,0,0,3
try to add more rewarding scheme on account variant like cashback offers for debit card uses bms offers also introduce a lower variant account for the people who cant meet the mab,banking,1,5,7,1,4,0
my account was open on physical firm ms snehal kakde was handling it form was submitted on april with a cheque of lakh the account was opened on april and for online transaction i asked the account number for which ms snehal passed with wrong account number i have proof also for the same luckily i doubled check and no wrong transaction was done but its a big mistake from the employee side and also after this asking for the cheque details ms snehal kakde said that the cheque has sent for clearance on wednesday but it was sent on friday april and reason given to me was server down for straight two days which a absolute lie henceforth i needed to cancel the cheque this is the worst service one can expect the employee are absolutely unprofessional towards their work no apology was mentioned from bank side,banking,0,1,3,0,0,2
lounge facilities provided by idfc debit card is not accepted in many lounge bengaluru t terminal doesnt have any lounge which give access to idfc debit card,banking,0,1,7,0,1,3
after account is created there is no proper guided steps involved regarding getting the welcoming letter and debit card also no information regarding the debit card offers and insurance that is provided on the same to activate it,banking,0,1,7,1,4,0
i havent received my welcome kit and my debit card yet please can that be sent earlier thanks,banking,0,1,7,1,6,0
need to improve debit card rewards,banking,1,5,7,1,4,0
for almost a week i havent received my welcome kit yet at my communication address,banking,0,1,13,1,4,0
passbook and cheque should be provided by bank,banking,1,5,13,1,4,0
my welcome kit is not delivered yet,banking,0,1,13,1,4,0
you have to provide pocket or pouch to keep debit card with welcome kit,banking,1,5,7,1,4,0
provide visa platinum debit card with free charges with account open,banking,1,3,7,1,4,0
provide life time free credit card offer while opening of account,banking,1,5,2,1,4,0
debit card got without cheque book,banking,0,1,7,1,4,0
till now i have not received cheque book and debit card,banking,0,1,7,0,4,3
when you will remove the debit restricted from account,banking,0,1,13,1,4,0
i would like to have my name on my debit card you should confirm before printing regarding name to be print on debit card,banking,0,1,7,0,1,3
i am awaiting for my cheque book kindly expedite at the earliest,banking,0,0,13,1,4,0
still didnt receive my debit card,banking,0,1,7,0,1,3
less branches,banking,1,5,9,1,4,1
yes i didnt get my welcome kit without that i cant use my account,banking,0,1,13,1,4,0
kindly arrange to send me the debit card urgently to my overseas address,banking,0,1,7,0,1,3
debit card is missing from welcome kit,banking,0,1,7,0,1,3
i opened my account at march after days i didnt receive my atm card and cheque book,banking,0,1,7,1,4,0
steps to activate kids debit card was not clear and hence took a lot of time,banking,0,1,7,1,4,0
did not receive checkbook during welcome kit,banking,0,1,13,1,4,0
need to provide account features and benefits pdf document,banking,1,5,11,1,4,0
a on my account they told i will get first tap stickers as well as they didnt tell that i will not get separate card for my guardian and its very restrictive account so its no use for us felt waste of time,banking,0,1,13,1,4,0
rupay debit card was primary reason for opening account that is still not received despite daily reminder,banking,0,0,2,0,1,3
ask your official to pick call even i dont have time to talk other than important things,banking,0,1,13,1,4,0
delay in providing solution unavailability of fast resolution mechanism customer care executives are inefficient,banking,0,0,6,0,4,0
email communication to customer relationship manager is not responded defeating purpose of having relationship manager,banking,0,1,13,1,4,0
first you have to describe reason that because of which you block or freeze customer,banking,0,1,13,1,4,0
i am still waiting for the updates on the up gradation of my account no communication,banking,0,0,13,1,1,1
i dont have any word for bank my money but cant use why,banking,0,1,13,1,4,0
i had to chase with the rm for almost a month to get the things sorted timeline promised was never achieved,banking,0,1,13,1,4,0
all is good but i have travelled outside india and im not able to do video kyc kindly advise a alternate option to complete the kyc,banking,1,5,13,1,4,0
i have raised request for demographic changes weeks back to change my no still its not done,banking,0,1,13,1,4,0
i mailed my concerns but no response,banking,0,1,6,1,4,0
i want to change my mobile no now please help me,banking,0,1,13,1,4,0
i will be closing this account as what was assured to me has not been provided,banking,0,1,13,1,4,0
iam a serving armed person i hear about idfc salary saving account and its benifits but now i get atm card of normal saving account how can i change my account from saving account to defence salary account,banking,0,1,7,0,4,3
improve nri services specially for transactions are continuous declined from your side,banking,0,1,13,0,4,0
arranged an followup calls which let me know my account benefits,banking,2,6,11,1,4,0
ivrl needs to be more friendly specially for issues like forex card help when abroad,banking,1,1,13,0,4,0
what i have already stated and submitted as above and forming part of this survey is more than enough to make bank sit up and look within itself and attend to shortcomings thus highlighted or automatically coming up into the light for everybody to see and take cognisanceplease investigate within your organisation and set up thanks,banking,0,1,13,1,6,0
little bit difficult in activating the account,banking,0,1,13,1,4,0
mai ne aapani wife ke naam saving account khola and aapana naam add karane ki sari formality bank ke anusar complete kari parantu mera naam month ke baad bhi add nahi hua,banking,0,1,13,1,4,0
i dont know the duties of bank manager,banking,0,1,13,1,4,0
please follow the banks policy and give them all benefits as per policy dont force about the investment to the account holders give the quick solution of the account holders problem,banking,1,1,11,0,4,0
mare aa saving account ma mari baby ne joint kari sakay,banking,1,5,13,1,4,0
mera account block kiu kar diya gaya he,banking,0,1,13,1,4,0
minimum spend was not told initially deceiving for finance company is unacceptable,banking,0,1,13,1,0,2
yes entire account opening process was smooth af but after few days i get a call from someone asking me to upgrade from normal cc to maurya cc,banking,1,3,13,1,4,0
follow up and queries after opening account should be attended properly,banking,1,5,13,1,4,0
more cashback offers on spending,banking,1,0,11,0,4,0
it took more than weeks in getting it all done while it was told that it will take days at max,banking,0,1,13,1,4,0
it could have been online opening but pay later account caused issues while opening account online,banking,1,1,13,0,4,0
i very glad to appreciate your miss puja singh to help me for hassle free ac opening and other things and all ways given me update support given by your bank,banking,2,2,3,2,6,0
nothing to writebut m completely disappointed with the service,banking,0,1,3,1,3,1
proactive support which is missing,banking,0,1,13,1,4,0
phone pey is nothing connected in my mobile ph so please do something,banking,0,1,13,1,4,0
please cancel this account sir i dont need this account please cancel this account,banking,0,1,13,1,4,0
please dont send the message if the transaction amount is below rupees,banking,1,5,13,1,4,0
please listen to customer and dont tell lies,banking,0,1,13,1,4,0
please make available individual current account,banking,1,5,13,1,4,0
please stop spreading lies to the customer,banking,0,1,13,1,4,0
its my first experience i have take some time but i advice my bank minimum balance reducing its support to all class people can open acount in our bank,banking,1,5,8,1,4,0
everything is absolutely fantastic here the problem is i am an idfc credit card user since last to months but theres nothing to me thats a little bit concern about the bank it doesnt give any pre approved credit card offers,banking,1,1,2,0,5,0
provide right information all customer,banking,1,3,13,1,4,0
you should inform the offer in the sms or email,banking,1,5,11,1,4,0
i regret to say that i have choose idfc for my nri account its been more than a month but i still dont have a my account functioning,banking,0,1,13,1,3,1
i asked for a senior person to contact me sp i can give detailed feedback but no one called,banking,0,1,1,0,1,3
solve complaints on time and fast,banking,1,1,6,0,4,1
customer service needs to be improved after multiple follow ups they figure out that my savings is zero balance account,banking,0,1,8,0,1,3
clarity from the agent and necessary follow up on where the welcome kit would have been delivered would have been better,banking,1,3,13,1,4,0
we are unable to contact any customer care representative for our concern,banking,0,1,6,1,4,0
support service is weak unlike other corporate bsnks,banking,0,1,13,1,4,0
you have taken about days to make the existing account as joint,banking,0,1,13,1,4,0
customer care experience very bad over on experience by account opening was good,banking,0,1,6,0,4,0
it is not difficult rather impossible to reach a customer care executive through your customer care number,banking,0,1,6,1,4,0
your credit card verification team seems to be incompetent,banking,0,1,2,0,1,3
along with the process of opening an account being easy and secure the facilities that should be provided should be provided on time,banking,1,3,13,1,4,0
very unfair treatment why should i maintain so much fund,banking,0,1,7,0,1,3
eshtu sarti anta message kalstiro le saak madroooo,banking,0,1,13,1,4,0
some time their application is not working properly,banking,0,1,3,0,4,0
han idfc bank ko chhote mote dukandaron ko business loan jarur provide karna chahie,banking,1,5,2,1,4,0
i am a union bank manager my experience years my gross salary my net salary i applied personal loan but cancel my request why are cancelled my request,banking,0,1,2,0,1,3
i dont want to receive promotional calls for loan insurances and other kind of promotional calls and emails and messages,banking,1,5,2,1,4,0
need explain more about eligibility credit card option at the time of account opening,banking,1,3,2,1,4,0
i had applied for credit card but offer given to me was lower than other competative banks,banking,0,1,2,0,1,3
integrate loan against shares facility in the app would be useful,banking,1,5,2,1,4,0
i need pre approved credit card,banking,1,5,2,1,4,0
yes kindly issue a credit card too i need it most for paying education fees of my children,banking,1,1,2,0,4,0
i will be more happy if i get idfc first bank credit card also,banking,2,2,2,1,5,0
loan account not credited but password incorrect,banking,0,1,2,0,1,3
aadhar verification took time,banking,0,1,13,1,4,0
and already have the credit card you could have used those details to prepoulate,banking,1,3,2,0,4,0
should show credit card options only bank is able to provide it to the customer,banking,1,5,2,1,4,0
can provide credit card to ac holder,banking,1,5,2,1,4,0
preapproved credit card offer should be given whether pincode serviceable or not,banking,1,5,2,1,4,0
reward points x should be given above k spends not k spends,banking,1,5,11,1,4,0
i am a trustworthy coustomer i want a credit card plz give me a pre approved credit card kindly look into this matter do needfull,banking,1,6,2,1,4,0
okay i want rupay credit card,banking,1,5,2,1,4,0
i have taken a credit card from idfc first babkbut the saleswomen misguided me telling me that the credit card will have domestic airport lounge access,banking,0,1,2,0,1,3
need pre approved credit card and loans need to be added based on account savings,banking,1,5,2,1,4,0
address that in my credit card is different and address came in are different but the agent is not even considering this,banking,0,1,2,0,1,3
please inform me about the age limit for the personal loan,banking,1,3,2,1,4,0
please provide loan,banking,1,5,2,1,4,0
pls give personal loan,banking,1,5,2,1,4,0
need credit card facility also,banking,1,5,2,1,4,0
your product credit card against fixed deposit,banking,1,5,2,1,4,0
why did the credit card application get rejected,banking,0,1,2,0,1,3
if you can provide airport lounge access with debit and credit card without spend criteria,banking,1,5,2,1,4,0
worst experience for credit card i want credit card against fb still idfc bank not providing,banking,0,1,2,0,0,3
for now nothing however if a customer wish to apply for housing loan or pl instead of asking documentation again use or consider the docs used for opening account,banking,1,3,2,1,4,0
please dispatch credit card immediately to office address,banking,1,5,2,1,4,0
agr credit card milta tao acha hota,banking,1,5,2,1,4,0
credit card should be issued in patna too,banking,1,1,2,0,4,0
hamen credit card chahie aur hamen do lakh tak loan kya aap ki bank loan de sakti hain,banking,1,3,2,1,4,0
your loan approval process,banking,1,3,2,1,4,0
kindly improve the credit card process whenever i apply for credit card it only refresh me to fd credit card,banking,0,1,2,1,1,2
need credit card,banking,1,5,2,1,4,0
nothing else just process my credit card application and have it delivered by tuesday asap,banking,1,3,2,1,4,0
namaste sir your bank is very reputed and has a prominent position in india for its good service but the loan verification staff behaviour was very bad,banking,0,1,2,0,6,3
i want idfc bank credit card please provide me,banking,1,5,2,1,4,0
compulsory account open for granting loan is not good thing,banking,0,1,2,1,1,2
overall all good experience and time consuming process,banking,1,3,13,1,4,0
ease of video kyc and all the features of instant processing thank you so much for your team efforts,banking,2,2,5,2,6,0
overall good experience and quick process,banking,2,2,13,1,4,0
good experience from the agent prompt and good response,banking,2,2,13,1,4,0
overall good experience staff was courteous and helpful,banking,2,2,13,1,4,0
great experience,banking,2,2,5,2,5,0
just wowwww experience,banking,2,6,13,1,4,0
good experience for first time on bank,banking,2,2,13,1,4,0
keep this experience up,banking,2,6,13,1,4,0
i am all good process was fast and very good experience,banking,2,2,5,2,6,0
overall good experience thanks,banking,2,2,13,1,6,0
having good experience and proper guid from bank executive,banking,2,2,13,1,4,0
very good experience,banking,2,2,5,2,6,0
very good experience,banking,2,2,5,2,6,0
good opening experience,banking,2,2,13,1,4,0
v good experience with idfc easy too open and good saport too open the nre team special thanx for neha thank you for good guidance,banking,2,2,5,2,6,0
just less downtime thanks my opening experience was good,banking,1,5,13,1,6,0
the experience is good so far,banking,2,2,13,1,4,0
nothing to improve as such i had the best banking experience so far delighted with everything,banking,2,6,13,1,4,0
overall it was the best experience i have ever had when it comes to banking especially considering the ease of the process without any cumbersome paperwork,banking,2,3,13,1,4,0
overall very good experience,banking,2,2,5,2,6,0
very good experience and sales executive very sweet,banking,2,2,5,2,6,0
the banking experience with idfc first bank is seamless and customer friendly kudos to the team,banking,2,6,13,1,4,0
till date experience is excellent every details very well explained,banking,2,2,13,1,5,0
all good very good experience so far,banking,2,2,5,2,6,0
very happy with the experience,banking,2,2,3,2,5,0
overall experience is very good and bank staff coordination was fantastic,banking,2,2,5,2,5,0
wonderful experience,banking,2,6,13,1,4,0
awesome experience nice and well maintained server,banking,2,2,13,1,5,0
overall experience is great,banking,2,2,13,1,5,0
best experience i have had till date,banking,2,6,13,1,4,0
very very good experience and growing bank is this,banking,2,2,5,2,6,0
good overall experience easy website process,banking,2,2,13,1,4,0
the loan was transferred but compulsory saving account and balance requirement is strange,banking,0,1,2,0,1,3
minimum balance is too high it is k lesser than that could be great,banking,0,1,8,1,5,0
for a student monthly average balance of rs is very cumbersome,banking,0,1,8,1,4,0
most of the branches doesnt offer opening k monthly avg balance account,banking,0,1,11,1,4,0
i have requested a joint sb ac with zero balance but not received,banking,0,1,8,0,1,3
they saying nothing will charge but after opening showing charges,banking,0,1,1,0,1,3
i opened the account online and want to close the account online,banking,0,1,13,1,4,0
zero balance accounts are the need of the time,banking,1,5,8,1,4,0
tell saving account details ex minimum balance,banking,1,3,8,1,4,0
please bring a zero balance account or low amb account as maintaining kmonth is a bit difficult for me as a student,banking,0,1,8,0,1,3
i was offered zero balance account however account opened is showing minimum bakance,banking,0,1,8,0,1,3
when we asked for new account and locker for my wife they hesitated to open account with k balance and insisted to open k balance one,banking,0,1,13,1,4,0
no balance account,banking,0,1,13,1,4,0
zero balance saving account,banking,1,5,8,1,4,0
keep a less monthly average limit is very high,banking,0,1,13,1,4,0
as you know state bank of india have so many customers due to old bank and good service minimum balance requirement should be low,banking,1,5,8,1,6,0
thank you for offering me to open zero balance account once again thanks,banking,2,2,8,1,6,0
agent said zero balance account but later asked to deposit otherwise penalty will be charged,banking,0,1,1,0,1,3
as conveyed by bank its balance account but its showing minimum k balance required,banking,0,1,13,1,4,0
make my account zero balance or close it as soon as possible,banking,0,1,8,0,1,3
minimum deposit can be reduced from rs to rs,banking,1,5,13,1,4,0
it was supposed to be a zero balance account but idfc opened a k account,banking,0,1,8,0,1,3
if any banking services are chargeable the bank should have to mention clearly,banking,1,5,1,1,4,0
lowering your minimum balance,banking,1,5,8,1,4,0
maintenance charges have to decrease and rest all services is excellent,banking,1,3,1,1,5,0
plz update its balance account or not,banking,1,3,13,1,4,0
nothing more to pen down but let me know the monthly average amb clearly,banking,1,5,13,1,4,0
i am interested in zero balance sb account,banking,1,5,8,1,4,0
balance account,banking,1,5,13,1,4,0
bank employees are misleading about zero balance account,banking,0,1,8,0,1,3
i want to open child bank account but false information given about zero balance,banking,0,1,8,1,4,0
kindly try to reduce the minimum balance amount,banking,1,5,8,1,4,0
minimum balance requirement should be mentioned in the account details,banking,1,3,8,1,4,0
false communication about minimum balance by the bank executive,banking,0,1,8,0,1,3
saving account amount high,banking,0,1,13,1,4,0
cut down minimum balance amount this will attract more customers,banking,1,5,8,1,4,0
minimumbalance should be k,banking,1,5,13,1,4,0
sir kindly do the average monthly balance to so that anybody can open the account,banking,1,5,13,1,4,0
threshold limit to opening sb account should reduce minimum balance limit is too much,banking,0,1,8,0,1,3
if zero balance account should be zero only why change account to minimum balance,banking,0,1,8,0,1,3
stop scamming the customer in name of zero balance account,banking,0,1,12,0,2,3
thank you idfc for zero balance savings account,banking,2,2,8,1,6,0
i opened a zero balance account but no transparency provided,banking,0,1,8,0,1,3
provide less than k monthly average balance account,banking,1,5,8,1,4,0
zero charges on this account is very impressive,banking,2,3,1,1,4,0
clear communication missing about zero balance vs amb account,banking,0,1,8,0,1,3
average monthly balance hota to thik rehta,banking,1,5,13,1,4,0
maintaining k is very difficult minimum balance amount should be reduced,banking,0,1,8,0,1,3
please provide zero opening balance so everyone can easily open the savings account,banking,1,5,13,1,4,0
send all terms and conditions and minimum balance details clearly,banking,1,3,8,1,4,0
mujhe bataya gaya tha zero balance account hoga lekin baad mein minimum nikla,banking,0,1,8,0,1,3
your amb on savings account is too high that is,banking,0,1,13,1,4,0
was given misleading information about minimum balance,banking,0,1,8,1,4,0
open zero balance saving account,banking,1,5,8,1,4,0
how much amount will be required to open the account,banking,1,3,13,1,4,0
balance account must be better,banking,1,5,13,1,4,0
minimum balance of rs for senior citizen is my primary concern,banking,1,5,8,1,4,0
you could have informed me that account requires minimum balance of inr,banking,0,1,8,0,1,3
if you reduce minimum account balance more people will connect with bank,banking,1,5,13,1,4,0
if its branches become available everywhere then it will become easier for everyone to trust idfc bank,banking,1,6,9,1,4,1
please increase your branches in rural areas where people are ready to deposit lumpsum amount,banking,1,3,9,1,4,1
if you people focus on rural areas your growth will increase,banking,1,5,13,1,4,0
worst verification process by idfc branch person at belgaum branch,banking,0,1,9,0,0,2
there should be an option to choose nearby branch,banking,1,5,9,1,4,1
account opening branch should be clearly mentioned,banking,1,5,9,1,4,1
my location branch required khambhalia pincode,banking,1,5,9,1,4,1
more branches near me,banking,1,5,9,1,4,1
branch selection should be an option,banking,1,5,9,1,4,1
bahut easy hai app par bank account open karna branch jane ki zarurat nahi padi,banking,2,6,3,2,6,0
panvel branch staff forced k minimum balance and refused k account,banking,0,1,8,0,1,3
make branch office more airy and lively,banking,1,5,9,1,4,1
i want to know about local branch in my hometown vidisha madhya pradesh,banking,1,5,9,1,4,1
approval of account opening should be faster,banking,1,5,3,2,4,1
please increase idfc branches all india,banking,1,5,9,1,4,1
strongly suggest option to choose desired branch,banking,1,5,9,1,4,1
atm not available at your home branch,banking,0,1,7,0,1,3
worst customer experience at kollam branch,banking,0,1,9,0,0,2
not getting proper answers from bhavnagar branch,banking,0,1,9,1,4,0
jyada se jyada atm aur branch kholna chahiye,banking,1,5,7,1,4,0
rm was unaware that minor account has zero amb,banking,0,1,13,1,4,0
better branch experience and better privileges expected,banking,1,5,9,1,4,1
zero balance account promised but k minimum shown after opening,banking,0,1,8,0,1,3
home branch is far from my residence,banking,0,1,9,1,4,0
online option to change home branch missing,banking,1,5,9,1,4,1
once account is opened home branch should contact the customer,banking,1,5,9,1,4,1
branch infrastructure is poor and seating space is limited,banking,0,1,9,0,4,0
branch select option not available,banking,1,5,9,1,4,1
relationship manager kamlesh was very helpful,banking,2,2,13,1,4,0
no branch nearby need to travel km,banking,0,1,9,1,4,0
wonderful experience with malleswaram bangalore branch rm,banking,2,6,9,2,6,0
very satisfied with bandra west branch service,banking,2,2,9,2,6,0
worst customer care asked to visit branch despite online account opening,banking,0,1,6,0,0,2
atm card not delivered need branch support,banking,0,1,7,0,1,3
digital atm card activation should be provided,banking,1,5,7,1,4,0
joint account facility should be available digitally,banking,1,5,13,1,4,0
atm and cheque book not received yet,banking,0,1,7,0,4,3
mobile app is very smooth,banking,2,2,3,2,6,0
idfc app is best in class compared to other banks,banking,2,6,3,2,6,0
provide single tracking id for service requests,banking,1,5,13,1,4,0
mobile app does not work on lower android devices,banking,0,1,3,1,4,0
addition of nominee failed initially,banking,0,1,13,0,4,0
good experience at hyderabad kothapet branch and app is amazing,banking,2,1,3,0,5,0
daily whatsapp balance updates requested,banking,1,5,3,1,4,1
audio level was poor during interaction,banking,0,1,13,0,4,0
app menu can be simplified,banking,1,5,3,1,4,1
most upgraded system no changes required,banking,2,6,13,1,4,0
zero transparency shown while opening account via app,banking,0,1,3,1,4,0
linked fd auto sweep facility should be available digitally,banking,1,5,13,1,4,0
unable to register on idfc app and upi apps,banking,0,1,3,1,4,0
stop sending unnecessary alerts and whatsapp messages,banking,1,5,3,1,4,1
app registration sms not going through,banking,0,1,3,1,4,0
cashback promised on upi but not received,banking,0,1,11,0,4,0
single login for savings and current account is confusing,banking,1,5,13,1,4,0
joint account option missing during online account creation,banking,0,1,13,1,4,0
idfc app has all features like upi at one place,banking,2,6,3,2,6,0
easy and fast process app is very easy,banking,2,3,3,2,6,0
no option to upgrade savings account online,banking,1,5,13,1,4,0
nearest bank preferred for easy operation,banking,1,5,13,1,4,0
nri account opening experience was wonderful and smooth,banking,2,2,13,1,4,0
improve mobile banking app,banking,1,5,3,1,4,1
no whatsapp updates received after account opening,banking,0,1,3,1,4,0
very excellent services by branch manager and easy mobile app usage,banking,2,2,3,2,5,0
mobile app home screen is cluttered and too busy,banking,1,5,3,1,4,1
online system is excellent and app is user friendly,banking,2,2,3,2,5,0
face id login opens app too quickly without confirmation,banking,1,5,3,2,4,1
login problems faced,banking,0,1,13,0,4,0
relationship manager should be reachable from day one,banking,1,5,13,1,4,0
my idfc app is not intuitive and does not capture information from other banks as claimed,banking,0,1,3,1,4,0
idfc bank ka kaam acha hai fast hai aur online app se transaction acha laga,banking,2,6,3,2,6,0
idfc app is not fetching correct address details from uidai,banking,0,1,3,1,4,0
more transparency required about offers and their compliance status,banking,1,3,11,1,4,0
updated application form for account opening should be available on the website,banking,1,3,3,1,4,1
need to access banking website from anywhere around the world x,banking,1,5,13,1,4,0
it was a great experience and i love the idfc app,banking,2,2,3,2,5,0
zero balance account selected on app but k account opened,banking,0,1,3,1,4,0
customer relation member service was excellent and guided well,banking,2,2,13,1,5,0
do not force customers to deposit initial k for savings account,banking,1,5,13,1,4,0
mobile banking app feels clumsy with too many options,banking,1,5,3,1,4,1
best app and banking experience,banking,2,6,3,2,6,0
zero balance account promised with cc autopay but k account opened,banking,0,1,8,0,1,3
online document verification should remove notary requirement,banking,1,5,13,1,4,0
outstanding app seamless and superfast,banking,2,6,3,2,6,0
service is good but website experience is disappointing,banking,0,1,3,2,3,1
welcome kit couriered to aadhaar address without confirmation and returned,banking,0,1,13,1,4,0
unable to update communication address via app,banking,0,1,3,1,4,0
unable to connect to customer care executive due to ivr,banking,0,1,6,1,4,0
mismatch between branch app and customer care on zero balance account info,banking,0,1,3,1,4,0
pathetic backend objections,banking,0,1,13,0,0,2
account system update should reflect clearly on mobile app,banking,1,3,3,1,4,1
all services and app are absolutely great,banking,2,2,3,2,5,0
allow bharat qr payments or provide visa network card,banking,1,5,13,1,4,0
app shows zero balance account but email confirms different account,banking,0,1,3,1,4,0
provide clear account specifications and benefits in app,banking,1,5,3,1,4,1
mobile app lacks transparency and many features do not work,banking,0,1,3,1,4,0
account opening process was seamless,banking,2,3,13,1,4,0
make account permanently zero balance,banking,1,5,8,1,4,0
no option available to close savings account online,banking,1,5,13,1,4,0
provide lounge access benefits against fd or discounted purchase option,banking,1,5,11,1,4,0
mobile app account opening process was perfect experience,banking,2,3,3,1,4,0
please improve whatsapp banking,banking,1,5,3,1,4,1
speedy assignment of relationship manager required,banking,1,5,13,1,4,0
team lacks knowledge about bank portal and policies,banking,0,1,13,1,4,0
being cc customer account opening was quick and app is smooth,banking,2,2,3,2,6,0
current address cannot be changed as app shows only permanent address,banking,0,1,3,1,4,0
visual design of the app looks amateurish,banking,1,5,3,1,4,1
unable to access mobile app,banking,0,1,3,1,4,0
upgrade the app,banking,1,5,3,1,4,1
upi usage issues,banking,0,1,13,0,4,0
user friendly app,banking,2,6,3,2,6,0
as of now app and transactions are superb,banking,2,6,3,2,6,0
very easy to understand the app,banking,2,6,3,2,6,0
app ui can be improved,banking,1,5,3,1,4,1
upi id exposes mobile number privacy issue,banking,0,1,13,0,4,0
will not operate account,banking,0,1,13,1,4,0
offer shown on app not provided after account opening,banking,0,1,3,1,4,0
customers should be trained to use the app,banking,1,5,3,1,4,1
very nice and fast app,banking,2,2,3,2,6,0
wonderful app and service need more schemes and offers,banking,2,6,3,2,6,0
phone banking officer gives wrong information,banking,0,1,13,1,4,0
app and banking services are seamless but no credit card offers despite high amb,banking,0,1,2,0,1,3
idfc savings account provides good safety and convenience benefits,banking,2,2,11,1,4,0
monthly interest and free atm withdrawals are beneficial features,banking,2,3,7,1,4,0
need proper application form and crossverification before account opening,banking,1,3,3,1,4,1
account opening process caused issues and resolution took long,banking,0,1,13,0,4,0
readytouse joining kit should be provided at account opening,banking,1,5,13,1,4,0
easy account opening using aadhaar allow account type conversion,banking,1,5,13,1,4,0
false claim about online account opening for nris,banking,0,1,13,1,4,0
joint account opening process is taking too long,banking,0,1,13,1,4,0
no clear requirements for huf account opening and sensitive questions asked,banking,0,1,13,1,4,0
repeated outreach calls despite being wealth customer,banking,0,1,13,1,4,0
no comments regarding account opening,banking,2,6,13,1,4,0
slabs of minimum balance and benefits should be explained clearly,banking,1,5,8,1,4,0
account opening took over days with repeated delays,banking,0,0,13,0,4,0
physical form account opening is horrible and errorprone,banking,0,1,13,0,0,2
account still not created and taking too long,banking,0,0,13,1,4,0
forced to open account due to loan despite poor service,banking,0,1,2,0,1,3
loan dd copy not received even after disbursement,banking,0,1,2,0,1,3
time taken to update and open account was very long,banking,0,1,13,1,4,0
online account opening was smooth but took multiple attempts,banking,2,2,13,1,4,0
child account opening required urgently,banking,1,5,13,1,4,0
tat should be defined for new account opening,banking,1,5,13,1,4,0
requests should be initiated same day with acknowledgement,banking,1,5,13,1,4,0
account setup took around two weeks,banking,0,1,13,1,4,0
employer details submission issue on website during account opening,banking,0,1,13,0,4,0
interest rate communicated before opening differs after opening,banking,0,1,10,0,1,3
account closure requested due to fake promises,banking,0,1,13,1,4,0
account frozen within one week of opening,banking,0,1,13,1,4,0
total freeze applied on new account,banking,0,1,3,1,4,0
nrenro account frozen for over days causing financial loss,banking,0,1,13,1,4,0
address mismatch caused account freeze,banking,0,1,13,1,4,0
request to close account,banking,0,1,13,1,4,0
zero balance account promised but k balance message received,banking,0,1,8,0,1,3
want to know account closure process clearly,banking,1,3,13,1,4,0
close account immediately,banking,0,1,13,1,4,0
misleading information given want account closed,banking,0,1,13,1,4,0
fix or close my account immediately,banking,0,1,13,1,4,0
wrong account opened instead of k balance account,banking,0,1,13,1,4,0
poor video kyc support and delays,banking,0,0,13,0,4,0
request to close account immediately,banking,0,1,13,1,4,0
not interested please close my account,banking,0,1,13,1,4,0
account closure requested due to minimum balance charges,banking,0,1,1,0,1,3
permanent account closure requested,banking,0,1,13,1,4,0
will close account due to issues,banking,0,1,13,0,4,0
make account zero balance or provide steps to close account,banking,1,3,8,1,4,0
applied for zero balance but k account opened,banking,0,1,3,1,4,0
missselling by employee want to close account,banking,0,1,13,1,4,0
call me and close my account,banking,0,1,13,1,4,0
zero balance promised but maintenance balance applied,banking,0,1,3,1,4,0
joint account requires k balance which is unaffordable,banking,0,1,13,1,4,0
idfc minimum balance requirement is too high compared to other banks,banking,0,1,8,0,1,3
request to close savings account and open nre account,banking,0,1,13,1,4,0
please close my account,banking,0,1,13,1,4,0
request online account closure facility,banking,1,5,13,1,4,0
unable to connect will close account soon,banking,0,1,13,1,4,0
agent cheating and misleading,banking,0,1,13,1,4,0
very bad experience close account immediately,banking,0,1,13,0,4,0
account close karna hai,banking,0,1,13,1,4,0
zero balance promise broken want to close account,banking,0,1,8,1,4,0
at present iam satisfied of this branch,banking,2,2,9,2,6,0
miss satwinder kaur have really help and resolved issues in very timely and professional manner,banking,2,1,13,0,4,0
i had a disappointing experience with a bank employee last week unfortunately their knowledge seemed limited i want to emphasize that this was an isolated incident and not a reflection on all bank employees,banking,0,1,3,0,3,1
more employees may be posted in sb section and pb printing machine may be kept outside the counter self printing by customers,banking,2,6,13,1,4,0
no reply from branch for statement of account requested,banking,1,5,9,1,4,1
escalator or lift for first and second floor perumbavoor am road branch it will be great help for seniors,banking,0,1,9,2,5,0
once up on a time i had a bad time that doesnt mean i am bad always my credit score is above but you rejected my loan application still my housing loan is with you with out any dew so i will not recommend your bank to anyone i have gold loan,banking,2,1,2,0,4,0
scope of kiosk for money deposit shall be tried,banking,0,1,13,1,4,0
very cordial staff and quite obliging,banking,2,6,13,1,4,0
i am really satisfied with the bank service,banking,2,2,5,2,6,0
usually they are well behaving and very cooperativeok i prefer to give marks for this branch,banking,2,6,9,1,4,0
when cdm is placed in busy banks essential transactions of the customer will also take place,banking,2,3,13,1,4,0
best performance and best employees and in all sectors employees are cooperative,banking,1,6,13,1,4,0
please arrange passbook printing machine,banking,2,6,13,1,4,0
if possible arrange space for customer vehicles parking,banking,1,5,13,1,4,0
all staff behaviour are good exept one staff ladies staff and especially good behaviour,banking,2,2,13,1,4,0
no suggesionsalready excellent,banking,1,5,13,1,5,0
high charges for banking services,banking,1,3,1,1,4,0
aadhar linked,banking,0,1,13,1,4,0
reduce unnecessary charges,banking,2,3,1,1,4,0
excellent and newly renovated more car parking facilities required,banking,2,2,13,1,5,0
being a retired management professional i could not want anything more,banking,2,6,13,1,4,0
need good interaction with customer,banking,2,2,13,1,4,0
customer friendship is very important,banking,2,6,13,1,4,0
nothing my best and happiest banking partner,banking,1,6,3,1,4,1
many times atm empty,banking,2,6,7,1,4,0
just keep up the way the team works to support us,banking,2,6,13,1,4,0
need more parking space and more atm machines around the city,banking,1,5,7,1,4,0
no suggestion nowchengannur my branch is very good in service but decision taking from ho ro is very slow thats all now,banking,2,2,9,2,6,0
overall federal bank service is much better thanks management and staff,banking,1,5,13,1,6,0
want a branch in our naranganam west,banking,1,5,9,1,4,1
no every thig going smooth,banking,1,5,13,1,4,0
management ethics,banking,2,6,13,1,4,0
sell more products,banking,2,6,13,1,4,0
more staff in branches,banking,1,5,9,1,4,1
comfortable transaction,banking,1,5,13,1,4,0
when i needed few fresh notes which were not at all available the sbi branch very next ur building has it i got it from there,banking,2,3,9,2,6,0
not now may be later,banking,2,6,13,0,4,0
in my opinion thrikkakara branch staff with whom i have business have been working up to the mark,banking,2,6,9,2,6,0
present services in the bank is excellentstaff are very cordialim quite satisfied,banking,2,2,5,2,5,0
more vibrant marketing staff should be posted,banking,2,6,13,1,4,0
to give attention to the customers first staff discussion and humour later after office hours,banking,1,5,13,0,4,0
better car parking facility would have been a great help otherwise very happy with the bank especially changanachery branch,banking,2,2,3,2,5,0
now female employees are increasing in every branches i doubt the futuristic dealings,banking,2,6,9,2,6,0
satisfactory any other comments,banking,0,1,13,1,4,0
passbook printing machine provide is good,banking,1,5,13,1,4,0
token system is the best solution for avoiding the hassle of standing in queue most of all banks are nowadays implemented token system,banking,2,6,13,1,4,0
currently the sections are changed so if you label them itll be easy for the customer thank you,banking,2,2,5,2,6,0
no suggestions for the time being as i am fully satisfied with your pappanamcode branch customer service thank you,banking,2,2,3,2,6,0
please reduse rush,banking,2,6,13,1,4,0
federal bank is an experience in itself continue the legacy,banking,1,5,13,1,4,0
no thank you for your service,banking,2,2,5,2,6,0
more friendly services for senior sitizence,banking,1,5,13,1,4,0
staff behaviour and ease of transaction is very good,banking,1,5,5,2,4,0
loan need,banking,2,6,2,1,4,0
yes any lian available facilities,banking,1,5,13,1,4,0
keep smiling face to your clients,banking,1,5,13,1,4,0
fully satisfied with the services,banking,2,2,5,2,6,0
please reduce bank minimum balance,banking,2,6,8,1,4,0
already the staffs are very smart,banking,0,1,13,1,4,0
very good cooperation from all staff members,banking,2,2,5,2,6,0
more cdm machines in aroor to cherthala,banking,2,6,13,1,4,0
still gold loan section so delay,banking,1,0,2,0,4,0
senior citizens and disabled people should get more preferences,banking,0,1,13,1,4,0
due consideration for senior citizen i was locked up more than one hour for gold loan renewalstaff behaviour okaybut speed of service a must,banking,1,5,2,1,4,0
every month still debited cash in my fedaral account i dont know what happening one day debited my account okey take it the same month debited again this reasons i dont save any money in my account please give me your rules,banking,0,1,3,1,4,0
not available atm service st fedral bank because the atm outside the bankwhen bank close not avible service so fix a atm inside the bank overall bank infrastructure was too bad improve the insfracture facility,banking,0,1,7,0,1,3
pls instruct ur staff to lift their face and give a smile to the customers,banking,0,1,13,1,4,0
we are both husband and i account holders before years we are fully satisfied with the service of federal bank thank you,banking,1,5,5,2,6,0
nothing at all your branch staff value us a lot,banking,2,6,9,2,6,0
more friendly,banking,2,6,13,1,4,0
excellent service to seniors,banking,1,5,5,2,5,0
federal bank employees are good in behaviour and transaction are very fast not necessary to stand long time,banking,2,2,13,1,1,1
request to avoid lots of questioning while carrying out transactions,banking,2,6,13,1,4,0
overall a good branch staff quite comfortable with customer awesome,banking,1,5,9,2,5,1
nothingu think and find out,banking,2,6,13,1,4,0
some employees are very bad behaviourso i just move my account to near my native place,banking,1,1,4,0,4,0
very slow,banking,0,1,13,1,4,0
better the present good service,banking,0,1,5,2,6,0
the ludhiana extension counter asstt manager ramandeep kaur has been very courtious and accomodating in solving the concern of customers,banking,2,6,13,1,4,0
better services always compared to other banks limited space at the cash counter is the only limitation i felt so far,banking,2,6,13,1,4,0
treating to be the best in my opinion and im so happy,banking,1,6,3,2,5,1
please consider about customers valuable timeso do it systematically,banking,2,6,13,1,4,0
karali junction need cash deposting atm,banking,1,5,7,1,4,0
introducing a token system like at the time of corona time is suitable to customers senior citizens should be given special consideration,banking,1,5,13,1,4,0
more than years i am with fbl had excellent service and am happy to be with you never felt any problem or disappointment,banking,1,1,3,0,5,1
a fully digital banking experience,banking,2,6,13,1,4,0
propper time atm machine cash deposits is important,banking,2,6,7,1,4,0
employee must teach customer behavior,banking,1,5,13,1,4,0
customer fecilities could be improved to cope up with summer months,banking,0,1,13,1,4,0
good behavior of staff customer friendly branch,banking,2,2,9,2,6,0
augument network strengh necessarily,banking,2,6,13,1,4,0
absence of car parking and lift are a serious drawback,banking,1,5,13,1,4,0
your changing digit display fashion for password is best and safest,banking,0,1,13,1,4,0
i like to speed,banking,1,5,13,1,4,0
consider the senior citizens,banking,1,5,13,1,4,0
fantastic service keep it up,banking,2,2,13,1,5,0
dont ever again block my upicard without my consent before doing anything it is my right to know i was on the verge of closing my account so please kindly let me know before anything,banking,0,1,13,1,4,0
thank you for serving work,banking,2,2,5,2,6,0
understand the customers capacity and educate them with new product and services you introduce eg mutual fund business,banking,1,5,13,1,4,0
bespoke massages does not say that this money is credited or debited from fd it says credited or debited for fdwhen some payment is made interest is credited in ac andagain small amounts are made fdwhy does not calculate the int amount before brake,banking,0,1,2,0,4,3
i and my family account with you long thirty years so i have not faced any problem sofar till date go ahead by the grace of god,banking,2,1,13,0,4,0
fed net banking is not functioning properly,banking,0,1,13,1,4,0
please increase interest rate for savings account people are taking away deposits to other banks for lower interest,banking,0,1,10,0,1,3
ten out of ten for all,banking,2,6,13,1,4,0
i have always been very happy with your bank,banking,2,2,3,2,5,0
please have a staggered lunch break for staff where half have one half hour and the rest have the next half hour its very irritating to have to wait if one is delayed by traffic or other delays,banking,1,0,13,0,4,0
one staff in spects was highly cooperative i dont recall his name,banking,2,6,13,1,4,0
i am of age and my bank is my life line i always depends on my federal bank hats off to my bank,banking,2,6,13,1,4,0
to improve infra structure,banking,1,5,13,1,4,0
just close it,banking,0,1,13,1,4,0
honour the employees and award them compliments based on customer review,banking,1,5,13,1,4,0
almost almost everything is very good one thing i have noticed is that if there is a staff to do floor management it would be helpful for the elderly and those with less education,banking,1,5,5,2,4,0
friendly behave of employees are most liked keep it up,banking,2,6,13,1,4,0
plz stop the service and go to daily wages job,banking,0,1,13,1,4,0
bank stuff is very competitive and helpful,banking,2,2,13,1,4,0
i was using fed account for a long time and recently was using fed mobile app for transactions i was ashamed infront of a party that i could not transfer fund to him the ap said my kyc was expired and could not use the ap,banking,0,1,3,1,1,2
agriculture officer ones in a week so agriculture lone paperwork difficult,banking,0,1,13,1,4,0
understand that the customer is valuable,banking,2,6,13,1,4,0
federal bank cdm machine maintains not doing well ex machine paper roll not filling everyday,banking,0,1,13,1,4,0
coperate with public and give customer to small resent to yearly good customer award,banking,1,5,13,1,4,0
collection time,banking,1,5,13,1,4,0
you can provide more facilities like personal loans and credit cards with a reasonable interest rate,banking,1,3,2,1,4,0
i call for help many times the call only ringing but no tsking,banking,0,1,13,1,4,0
please upgrade cardless deposit,banking,1,5,13,1,4,0
more staf in the counter or open counter,banking,1,5,13,1,4,0
there was not much customers hence i was through in short time,banking,2,6,13,1,4,0
yesterday i visit ponkunnam branch for my gold return i just ask the doubts normally they are the rights to clear my doubts but they behaving very rude and telling that if you are doubhts go to manager and clear that iam asking why so they sitti,banking,0,1,9,0,0,2
great effort by each member in the team which is lead by a dynamic down to earth team leader she on her toe to help every individual,banking,2,2,13,1,5,0
bank working time should be little earlier,banking,1,5,13,1,4,0
waiting area not availablejust seat available in new brachold branch almost seat available,banking,0,0,9,1,4,0
no matter how big we are we should always be humble,banking,1,3,13,1,4,0
happy xmas,banking,2,2,3,2,5,0
the cashier too slow in transactions,banking,0,1,13,1,4,0
went to open an fd and got it done pretty fast and document received,banking,2,6,13,1,4,0
allways keep satisfaction of customers very nice i like it,banking,2,2,13,1,4,0
always keep the quality of your service,banking,2,6,13,1,4,0
further improvement in all aspects,banking,1,5,13,1,4,0
i like everything about fb the staff is courteous and helpful,banking,2,2,13,1,4,0
please bring some good investment plan in federal bank,banking,1,5,13,1,4,0
not all employees should go for lunch all together it should be quater strength of half strength,banking,1,5,13,1,4,0
please use wifi to access bank by whatsapp,banking,1,5,3,1,4,1
very sincere service by staff,banking,2,6,13,1,4,0
next generation will come for good bank service,banking,2,2,13,1,4,0
need to train employees how to behave and talk properly and respectively specially that lady staff who is in gold loan department,banking,0,1,2,0,1,3
very very poor service its took hours to complete the gold loan process on th november,banking,0,1,2,0,4,3
having all the facilities be competitive with other banks and grab the business opportunities,banking,1,5,13,1,4,0
all the staff members are courteous and have knowledge of banking issues very professional and prompt response,banking,2,1,13,0,4,0
thank you arun cashier make comfortable,banking,2,2,5,2,6,0
speedy disposal of cash cheque s,banking,2,6,13,1,4,0
please improve your tarachand atm because whenever we go to credit our amount it is out of service,banking,0,1,2,1,1,2
no suggestions but appreciation,banking,2,6,3,2,6,0
poor service hard minded employees un professional dealings,banking,0,1,13,0,4,0
stop the hidden charges give informations to customer frequently on intrest rates saff are not customer friendly,banking,0,1,1,1,4,0
very attractive and nice dealing but there is no fecilities for parking,banking,1,5,13,1,4,0
bank staff behavior so bad and manager also o dont like,banking,0,1,13,0,4,0
support insurence for every poor people,banking,1,5,13,0,4,0
customer are different level staff handling polite and gentle,banking,2,2,13,1,4,0
already sent my comment,banking,1,5,13,1,4,0
deepa always helpful,banking,2,2,13,1,4,0
no i n erode,banking,1,5,13,1,4,0
very mannered and kindly behaviour of the staff,banking,2,6,13,1,4,0
i need personal loan online service,banking,1,5,2,1,4,0
fast and prompt professional service thanks,banking,2,2,13,1,6,0
when your customer is of more than years dealing with your bank try to help them out wen they are in need if your staff helps them they too feel like sharing good views about your bank,banking,1,3,1,1,4,0
not receiving messages of transactions,banking,0,1,13,1,4,0
so far employee v polite n respect each customer n v helpful,banking,2,2,13,1,4,0
the service rendered by federal bank staff is not bad and their friendly approach to the customers is really commendable some times a little more time is taken to complete the transaction which needs to be addressed,banking,1,1,3,0,4,1
interest other bank se athigam kuraithal good progress agum,banking,1,3,13,1,4,0
i visited the jorhat branch of federal bank couple of times and i found this bank is extremely good,banking,2,2,9,2,6,0
it has been a happy and satisfying experience dealing with the westend branch,banking,2,2,3,2,5,0
scan and pay not working properly,banking,0,1,13,0,4,0
opening account in your bank its very much time consuming,banking,0,1,13,1,4,0
maintainence problem,banking,0,1,13,0,4,0
do the needful to train them,banking,1,5,13,1,4,0
branch service is bad,banking,0,1,9,0,4,0
branch manager sejuti chakraborty was very nice she was proactive in making my work done,banking,2,2,9,2,6,0
employees behavior is not satisfied,banking,0,1,5,2,6,0
one of the bestservice l can get,banking,2,6,13,1,4,0
please support customer and early slove problem,banking,1,1,13,0,4,0
cash deposit machine at atm is required,banking,1,5,7,1,4,0
i am coustomer of this bank from very long time i always treat this branch as my branch i retired from the post of vice president hr n admn from dcm group and always keep observing branch activites and give guide manager n staff improvmnt,banking,2,6,9,2,1,2
forex ir management is bad i already have submitted documents against irs received but still many of them are showing active under the iec in spite of writing several times thank you,banking,0,1,5,0,6,0
passbook me entry karne par mana karte haiaur karte bhi to puri entry nhi kartekehte hai ki statement le lophir statement kar charge katega kehte hai,banking,0,1,1,1,4,0
the system updation takes time which result in delay in getting the sms alert,banking,0,0,13,0,4,0
give proper training how to behave the customer,banking,1,3,13,1,4,0
good branch good behavior all assistant managers good,banking,2,2,9,2,6,0
ac information sms must send all thankyou,banking,1,3,13,1,4,0
at our branch an additional teller during peak hours will help in reducing time spent at the counter by customers,banking,1,5,9,1,4,1
try to give a gift to regular customers eg diary ketchain or a pen once in a year,banking,1,5,13,1,4,0
weighing time of branch,banking,1,5,9,1,4,1
wishing the branch all the best for growth and success,banking,2,6,9,2,6,0
check the system to be responsive and keep it ready,banking,1,3,13,1,4,0
please open more branches in orissa,banking,1,5,9,1,4,1
instead of giving a fresh fd certificate for every renewal a printed certificate with endorsements at the backside for renewal will be very useful for easy tracking this was the case in earlier years but in the recent years you had given it up,banking,1,5,13,1,4,0
open your branch in villivakkam chennai,banking,1,5,9,1,4,1
there is nepotism in this branch,banking,0,1,9,1,4,0
all is well very lovely and freindly,banking,2,6,13,1,4,0
i like the fact that you are online with fedmobile,banking,2,6,13,1,4,0
go like this,banking,2,6,13,1,4,0
please dont open your account,banking,0,1,13,1,4,0
need to polish in behaviour of employees,banking,1,5,13,1,4,0
all good well behaved staff really helpful thank you,banking,2,2,5,2,6,0
lunch break time change,banking,1,5,13,1,4,0
i am the ac of vakkom branch plz given correct information better service anddelay to our needs look this matter and take decision thks,banking,0,0,9,0,4,0
excelent servce from mannanchery branch,banking,2,6,9,2,6,0
no parking space near to the thiruvalla main branch,banking,0,1,9,1,4,0
a very very merry xmas and a very very prosperous new year,banking,2,6,13,1,4,0
do your work with smile that can make more changes,banking,2,6,13,1,4,0
customer service follow up every week suggetion message facility feedback give mudra to eligible customers loans wheeler pre eligible give message to customer for pre approval seriously your worst service,banking,0,1,2,0,0,3
more staff should be allocated for more speedy action,banking,1,5,13,1,4,0
my ecom trancection off pleace enable on,banking,0,1,13,1,4,0
please provide a serviceadvise for investments like mutual fund shares etc in even small town or village branches at selected days of a month,banking,1,5,9,1,4,1
no suggestions at the moment the impression is good,banking,2,2,13,1,4,0
proper training may be given to all employees,banking,1,5,13,1,4,0
excellent dealing of staff and the manager in particular as she is ever ready to help the clients congrats and keep it up,banking,2,2,13,1,5,0
bank respecting clients their quick actionsalso,banking,2,6,13,1,4,0
maneger good behave otherstaff behave not good,banking,1,5,13,1,4,0
your policy of retaining few employees posted to the same branch withouttransfer according to me is the best policy keep it up,banking,2,6,9,2,6,0
process request asap,banking,1,3,13,1,4,0
this is a terrible charge last month this month it was rupees this needs to change,banking,0,1,1,0,1,3
compared other banks you are prompt,banking,2,6,13,1,4,0
get some more parking,banking,1,5,13,1,4,0
time to support,banking,1,5,13,1,4,0
thanks branch mylapore chennai,banking,2,2,9,2,6,0
employees of senior categories are very positive and supportive employees from young generation are negative and immature to their customer dealing harmful for federal banks future sustainability,banking,0,1,13,1,4,0
best deal in banking service,banking,2,6,13,1,4,0
i am unable to use cdm for my account please let me know whether it is new terms and conditions or it is a technical issue,banking,0,1,3,0,4,0
co operative employees,banking,2,6,13,1,4,0
increas goldlonamount to delight scheem,banking,1,5,13,1,4,0
ambieno may be enhanced,banking,1,5,13,1,4,0
put a link of statement on home page,banking,1,5,13,1,4,0
the money taken from my account should be avoided,banking,0,1,13,1,4,0
we always need improvement,banking,1,5,13,1,4,0
credit card is not applicable for offers via purchase in online platforms,banking,0,1,2,0,1,3
avail more loans,banking,1,5,2,1,4,0
only one counter is for all duties provide one more to attending public,banking,1,5,13,1,4,0
the interest rate of f d can be revised to attract more investments,banking,1,3,10,1,4,0
with regard to car parking ys indeed it is of a real concern sometimes,banking,1,5,13,1,4,0
give proper training of your system i would prefer to cancel the account with the bank,banking,0,1,13,1,4,0
staff was very experienced and i got my procedures with in minutesthanks federal bank,banking,2,2,13,1,6,0
time more most,banking,1,5,13,1,4,0
minimum balance below rupees best service,banking,2,6,8,1,4,0
prompt service good behaviour of the dealing official,banking,2,2,13,1,4,0
i think branch needs energetic staff,banking,1,5,9,1,4,1
request to provide customers required current notes and senior citizens should be given preference bank timings from am should be maintained as we find staff coming to bank well after am they should be at the counter before am,banking,1,5,13,1,4,0
senior citizens should be given preference and small notes of and should be available for the customers specially senior citizens,banking,1,5,13,1,4,0
nice work with pleasant behaviour and smile,banking,2,2,13,1,4,0
improve i in infrastructure services speed up service should be needed,banking,1,5,13,1,4,0
customer friendly with regards to relatively better interest rates for fds and relationship of the staffmyself and family members are customers and i always recommend my friends to have acct with federal bank,banking,2,3,10,1,4,0
managerial team were professional and c,banking,2,6,13,1,4,0
you can reduce the interest rate of gold and increase per gram rate,banking,1,3,10,1,4,0
my in laws both senior citizens who are long standing customers of federal bank pongummoodu with credible investment in the said branch who were treated very poorly without considering their currenr health conditions,banking,0,1,9,0,4,0
can have soft music played,banking,1,5,13,1,4,0
transparent transparent and communication,banking,2,6,13,1,4,0
guard is very helpful staff are helpful placards in front of desks name designation may be a good idea deposit atm,banking,2,2,7,1,4,0
overall it is fine but need to be quick in certain areas as time is very precious,banking,1,5,13,1,4,0
i love the federal bank,banking,2,6,13,1,4,0
more attention is required for senior citizen try to complete every things in one go,banking,1,5,13,1,4,0
atm counter and cash depositing machine keep usefully,banking,1,5,7,1,4,0
can you start high quality wealth advisory services,banking,1,5,13,1,4,0
rendering fast and courteous service,banking,2,6,13,1,4,0
amt card not working any atm i returnd to brach,banking,0,1,7,0,1,3
atm lobby made better and more machines put like in sbi and icici install coffee machines in bank,banking,1,5,7,1,4,0
the manager mr eldho cherian at arakkunnam branch is excellent and extremely efficient he helped me greatly during the visits to the branch,banking,2,2,9,2,5,0
provide seating facility at branches,banking,1,5,9,1,4,1
services rendered are excellentthat is why i am the customer from request to keep it up,banking,2,2,13,1,5,0
please give me a account balance message in each transaction,banking,1,5,13,1,4,0
cdma machine,banking,1,5,13,1,4,0
federal bank super try to stand alone not merge with any other bank,banking,2,6,13,1,4,0
about credit card when i pay card bill updating time take hr i cant calculate money balance i want to pay,banking,0,1,2,0,1,3
service is good but all prossesing is chargable,banking,1,5,13,1,4,0
maintain the same process and services,banking,1,3,13,1,4,0
excellent service friendly atmosphere easily accessible to all,banking,2,2,7,1,5,0
please respect old appraisers who has been for years in your branch,banking,1,5,3,1,4,1
worst bank ever,banking,0,1,13,0,0,2
vorst bank and very bad service,banking,0,1,13,0,4,0
cashier and guard both have well manners and supportive,banking,2,6,13,1,4,0
all the staff are cooperativeand things get fast,banking,2,6,13,1,4,0
i am an account holder from the beginning of the branch and i have always had pleasant experiences,banking,2,6,9,2,6,0
parking space less in main br nagpur,banking,0,1,13,1,4,0
maintain the status quo,banking,1,3,13,1,4,0
there is no room bigger than room for improvement in our working on daily basis however we found federal banks noida branch very good in all the respect,banking,2,2,9,2,6,0
it was excellent experience since yearsbut in compulsionmujey upna account close karna pada,banking,0,1,13,1,5,0
no sufficient staff available therefore transactions are slightly delaying,banking,0,0,13,0,4,0
mobile application not support customer,banking,0,1,3,1,4,0
change branch employe,banking,1,5,9,1,4,1
upi payment ko thoda sudharne ki jaroorat h,banking,1,5,13,1,4,0
collection of cheque other allied services like cash transactions etc from home for sr citizens may be started which will be very helpful to both bank as well as costomer,banking,1,5,13,1,4,0
service available at present is fine,banking,1,5,13,1,4,0
please my request for your widroand deposit mechine everytime complaint,banking,0,1,6,0,4,0
nice branch all very kind staffsand your the perfect banking partner,banking,2,2,9,2,6,0
i have more than three decades association with federal bank,banking,2,6,13,1,4,0
every month statement can be mailed without any request,banking,1,5,13,1,4,0
very nice services i got from your bank,banking,2,2,5,2,6,0
as branch is ac so my personal request to slow down the wall mounted fans little slow as per season as may be in summer the fan speed is set but change it in winter,banking,1,5,9,1,4,1
pls notify the gold loan prices for per grams,banking,1,5,2,1,4,0
when request for a printed copy of statement charging to customers are not fair pl review and consider as an adise,banking,0,1,13,1,4,0
some employee are excellent but some are not,banking,1,5,13,1,5,0
imps process very slowly improve this process,banking,0,1,13,1,4,0
quick disposal,banking,2,6,13,1,4,0
parking at panjim branch for a four wheeler is very difficult to find,banking,0,1,9,1,4,0
i am tension free and bank people also helps us,banking,2,6,13,1,4,0
hard working with devotation,banking,2,6,13,1,4,0
i would like to tell hassan branch to keep some small denomination notes also as people might request it when they come to draw the cash,banking,1,3,9,1,4,1
third class service,banking,0,1,13,1,4,0
branch team members are calm and helpful,banking,2,2,9,2,6,0
look bottom of problem,banking,1,1,13,0,4,0
for senior citizens special attentionpreference required to avoid waiting,banking,1,0,13,1,4,0
for sure need better service levels,banking,0,1,13,1,4,0
i need personal loan its my point of view to to give your loan rules and norms some of the the relaxation for the regular customer its my kind request with kind regards,banking,1,5,2,1,4,0
about housing loan service,banking,1,5,2,1,4,0
comparing other bank federal bank interest is very high,banking,0,1,13,1,4,0
please install the ac in the waiting area,banking,1,0,13,1,4,0
inspite of my family members bank with other banks i love the service of federal bank customer care fantastic if i approach the branch very quick service and the staffs are very much understanding answers to the point to my queries,banking,2,2,3,2,5,0
a movable trolley in the locker room,banking,1,5,13,1,4,0
some times jupiter cardless deposit not working try to solve this one,banking,0,1,13,0,4,0
long waiting time,banking,0,0,13,1,4,0
in branch there is big parking problem for clients which effects the staff to show their performance no advertising materials like calenders and diaries etc for clients there should be senior citizen gathering to collect fixed deposits funds etc,banking,0,1,9,0,4,0
everything was at a fast pace the equation with customers is great desired work was handled efficiently staff was good special appreciation for ms isha she was very positive and got the work done quickly thank you,banking,2,2,3,2,5,0
good to interact with a courteous competent and efficient team in sector chandigarh branch will definitely propel federal bank to greater heights,banking,2,2,9,2,5,0
senior citizens get no priority in service,banking,0,1,13,1,4,0
engage customers especially loanees with prompt information on the current interest rates and other charges,banking,1,3,2,1,4,0
just a depositing bankno other facilities just house ing loanbusiness loan etc,banking,0,1,2,0,1,3
transaction time may be extended up to pm like other nationalised banks instead of pm,banking,1,5,13,1,4,0
negotiable instruments act should be taught to staff,banking,1,5,13,1,4,0
be more vigilant while dealing with customers,banking,1,5,13,1,4,0
i cant change my transaction password need help,banking,0,1,13,1,4,0
vehicle parking outside the bank,banking,1,5,13,1,4,0
need more cash deposit machines,banking,1,5,13,1,4,0
my request those who do business kindly give then loan to improve businessif indulge sible score low also,banking,1,5,2,1,4,0
if more seating is provided for customers waiting for their turn it would be great,banking,1,0,13,1,5,0
irresponsible cashiers behaviour,banking,0,1,13,1,4,0
waiting to deposit lac for days to get free gifts,banking,0,0,13,1,4,0
excellent service the interior done recently no finishing may be done on priority,banking,1,5,5,2,5,0
respectful touch,banking,2,6,13,1,4,0
earlier cash deposit machine was not functioning regularly but now after making compulsory atm card usage it is now functioning regularly fully satisfied,banking,2,2,7,1,6,0
i need credit card,banking,1,5,2,1,4,0
thank you for the opportunity to say thank you to the staff at home branch bandra west mumbai st john baptist roadwe have already recommended to our friends family and neighbours to bank with your branch prosper,banking,2,2,9,2,6,0
vamshi mam did a wonderful job the process was seamless and quick less hassle,banking,2,3,13,1,4,0
need many more branches and bank across india,banking,1,5,9,1,4,1
charges of fed bank is higher in comprision to other next gen bank,banking,0,1,1,0,1,3
reduce workload to all catogory staffs,banking,1,5,13,1,4,0
employees behavior the first one,banking,1,5,13,1,4,0
put one more atm parking space for customers arenot at all sufficient,banking,1,5,7,1,4,0
recently few days cdm deposit without careless using,banking,1,5,13,1,4,0
cash deposit machine not working,banking,0,1,13,0,4,0
by using fed mobile money transfer etc the charges applicable is little highpl look in to that thank you,banking,0,1,3,2,6,0
home service for senior citizens and sick persons,banking,1,5,13,1,4,0
parking space is not in front of the bank,banking,0,1,13,1,4,0
please keep some deposit slip outside the counter,banking,1,5,13,1,4,0
would like the service of card machines to be more prompt and quick,banking,1,5,13,1,4,0
space for parking is very limited security staff can help old people to enter the branch by opening the door greet the guests with a smileattending phone calls by the executives and helping the customers for their quires or call them backthanks,banking,1,5,9,2,6,1
newatm counters starting in otappalam town areas,banking,1,5,7,1,4,0
excellent service at kallettumkara branch,banking,2,2,9,2,5,0
i have allways had good banking experience with federal bank,banking,2,2,13,1,4,0
have more outlets in uttorayan and bagdogra,banking,1,5,13,1,4,0
experience is very important regarding loan,banking,1,5,2,1,4,0
i find very friendly extending hand with solutions comforting us saying we are here,banking,2,6,13,1,4,0
support to customers based on transaction to giving loans,banking,1,5,2,1,4,0
transaction easy to the people,banking,2,6,13,1,4,0
cash counter delay,banking,0,0,13,0,4,0
service charges high compared to other bank,banking,0,1,1,0,1,3
staff shailesh is very helpful,banking,2,2,13,1,4,0
best in d dun i feel asleep are excellent in work as well as behave,banking,2,2,1,1,5,0
all staff are very helpful and cooperative madam alka in particular is wonderful personalways ready to give service with a smile whatever it may be i hope they will continue to serve with a smileall the best for the growth of the bank andbranch,banking,2,2,9,2,6,0
branch are no,banking,0,1,9,1,4,0
newly used technology apps could be made more user friendly notice too many frequent transfers this could be avoided or suggest longer tenure that allows better relationships to function and smooth transfers,banking,1,5,3,2,4,1
atm server issues,banking,0,1,7,0,1,3
please have separate counters for specific services also please normalise your service charges your service charges are higher compared to many other banks many banks dont have service charges for many services,banking,0,1,1,0,4,3
frontage should be attractive enough,banking,1,5,13,1,4,0
at branch cdm not available,banking,0,1,9,1,4,0
give the branch more authority to handle forex transactions,banking,1,5,9,1,4,1
need debite card urgent,banking,1,5,13,1,4,0
slow branch arrangements not good,banking,0,1,9,2,4,0
preferable to be given response to our calls,banking,1,5,13,1,4,0
gold lone amount interst is little bit high,banking,0,1,13,1,4,0
make the account holder feel that the work is done only with the branch staff not with someone like a relations manager,banking,1,5,1,1,4,0
it is taking taking minimum hours for a procedure,banking,0,1,13,1,4,0
we want credit card,banking,1,5,2,1,4,0
if i ask to transfer to another branch they said to go home branch even they got my documents,banking,0,1,9,1,4,0
green channelcdm is not available for cash deposit,banking,0,1,13,1,4,0
please tell ur employees to smile,banking,1,5,13,1,4,0
lot of papers have to sign to open an account while this is digital paperless age,banking,0,1,13,1,4,0
staff approach us with smiling face commentable experience compared to other private banks,banking,2,6,3,2,6,0
please arrange for passbook update inatm kiosks,banking,1,3,7,1,4,0
its not good to see shoes lying outside the branch door let them wear the sandals,banking,1,5,9,2,4,1
pl give more preference and quick services especially to senior customers,banking,1,5,13,1,4,0
you should speed up the work for kyc process,banking,1,3,13,1,4,0
either keep you oro app up dated or let customer know the right service he is expecting is available or not since we have to take a lot more time and come to your place,banking,1,5,3,1,4,1
if the minimum balance of the savings account could be brought down to rs this would be a great help especially for the unemployed and those without any monthly income,banking,1,5,8,1,5,0
mostly i have had good experience therefore open one more account for my daughter,banking,2,2,13,1,4,0
if any emergency or if any request we give they never response and never never do our favour just they give main branch reason,banking,0,1,9,1,4,0
excellent and prompt service given by aditya officer of the branch,banking,2,2,9,2,5,0
only my suggestion try to give finance even on carat gold also,banking,1,5,13,1,4,0
no knowledge on what the issue customer was facing solution provided is also not working,banking,0,1,13,0,4,0
they are over worked give some relief,banking,1,5,13,1,4,0
email queries and requests may be replied prompt instead of having to physically follow with visits to bank branch,banking,1,5,9,1,4,1
mini banking machines in village areas to grt money like pension,banking,1,5,13,1,4,0
mayur vihar branch very good one branch instead all branches which i used,banking,2,2,9,2,6,0
staff of branch ate very friendly and cooperativr,banking,2,6,9,2,6,0
very friendly and knowledge full officers,banking,2,6,13,1,4,0
tumlog loan karna hi band kardo,banking,0,1,2,0,1,3
offer a cup of tea to the depositors who tansact regularly,banking,1,5,11,1,4,0
space of branch is short try for biggest space,banking,1,5,9,1,4,1
most of my transactions done by fed mobile app so i have rarely visit the branch but whenever i visited the experience is well,banking,2,6,3,2,6,0
services is good but othar facility like credit card farmar loan personal loan im interestedplease provide kindly,banking,1,5,2,1,4,0
please try to shift branch to more big space and keep the branch air conditioned,banking,1,5,9,1,4,1
must enquire with head office and get the remedy immediately,banking,1,5,13,1,4,0
need to improve a lot,banking,0,1,13,1,4,0
plz dont cut money when balance is low,banking,0,1,13,1,4,0
p b updation is always a problemlack of knowledge investment fixed deposits sr ices also very poor,banking,2,1,13,0,4,0
no i have not received a refund but thats ok i tried but couldnt resolve it from any app,banking,0,1,3,0,4,0
behaviour of any officer dealing with service to customers shouldnt unbecoming of hisher profile appropriate training must be provided,banking,0,1,3,1,4,0
improve speed for gold loan,banking,1,5,2,1,4,0
perfect banking with federal infra,banking,2,6,13,1,4,0
we have require information of new schemes coming from governments and your bank,banking,1,3,13,1,4,0
there is no information about agriculture loan getting a pipeline tractor for agriculture boring etc you should get a loan at a low interest rate,banking,0,1,2,1,4,0
efficient humble n effective service,banking,2,6,13,1,4,0
personal loans to be given by the branch to required customer by considering their transaction,banking,1,5,2,1,4,0
i love the park circus branch they are doing great service,banking,2,2,9,2,5,0
all branches should have locker facility,banking,1,5,9,1,4,1
many times when we go to fed bank for money withdrawal there was shortage of money,banking,0,1,13,1,4,0
bad dealing with customer at kumily branch,banking,0,1,9,0,4,0
costumer is the king of the banking field accept the customer and care,banking,1,5,13,1,4,0
increase ur branches,banking,1,5,9,1,4,1
employees behaviour to improve,banking,1,5,13,1,4,0
to keep staff minimum years at branch with current monts shifting them to avoid understanding customer focus need to improve customer focus to keep more staff to avoid delaysfor attending improve in attending phone calls,banking,1,0,9,0,4,1
more kannada speaking peoples very problem in your indiranagar brabch,banking,0,1,13,0,4,0
we have completed our jewel loan but took some time to collect the jewel because of loan period was there but you collect interest for that period also,banking,0,1,2,1,4,0
you should reduce your service charges,banking,0,1,1,0,1,3
seema mane is suberbly efficient and gets all my service requests completed well ahead of time i am impressed with her dedication,banking,2,6,13,1,4,0
please do fast work for maintain crowd in nnk,banking,1,5,13,1,4,0
just do thing less charges on minimum balance,banking,0,1,1,0,1,3
staff are now free and well corporate with us,banking,2,6,13,1,4,0
fedmobail app is very nice,banking,2,2,3,2,6,0
prepare offer for genuine customer,banking,1,5,11,1,4,0
give more priority to customers service,banking,1,5,13,1,4,0
pls mention on which days bank will be closed through federal bank mobile application,banking,1,3,3,1,4,1
make the interior bit more greenery and light up is bit more bright,banking,1,5,13,1,4,0
provide local staff,banking,1,5,13,1,4,0
everyone is just fabulous and always helpfull,banking,2,2,13,1,4,0
great bank great service,banking,2,2,13,1,5,0
federal bank ex yers thankyou heppy new yers moidu lulu ep naduvattam edapal phon,banking,2,6,13,1,4,0
cash remiting que is slow,banking,0,1,2,0,1,3
very super approach and quick action for any queryiam fully satisfied,banking,2,2,3,2,6,0
i get the gold loan very easily,banking,2,6,2,1,4,0
gold loan ltv high,banking,1,5,2,1,4,0
in my years of service federal bank is the best one at nelamangala bangalore rural dist there was no waiting and quick settlement no room had given me for long correspondence the officials fully cooperated good behaviour by the gentle staff,banking,2,0,13,1,4,0
corporate credit card should be introduced we are forced to use hdfc corporate credit card individual card is with federal bank,banking,1,5,2,1,4,0
number ke bare mein pata karna hai dusre number judva aaye the usmein do khata bata rahe hain mera khata hai ki hai main phone per nahin chala sakta wapas call karke mujhe samjhao kaise hoga,banking,1,3,13,1,4,0
changing the staff from time to time is more likely to break the relationship with the customers if the quality of life of the staff is improved the chances of getting a transfer to their own cillage will be reduced,banking,1,5,13,1,4,0
last year lam the sslary account holder in your bank upto now l didnt get any pre approved personal loan all other banks are giving,banking,0,1,2,0,1,3
need customer friendly,banking,1,5,13,1,4,0
the federal banking system is better than any other bank without doubt i can say which is very much easy to do the transaction previously the banking staffs are works hard to cover up customers now days i havent seen as an premium customer,banking,1,5,2,1,4,0
at fedaral bank nemmara brange from manager to all others are very nice to behave to the customer all are not well known about banking the staff are ready to make them understand i am very much satisfied thanks to all staff at nemmara brange,banking,2,2,5,2,6,0
more big space,banking,1,5,13,1,4,0
if u could allow your staff to help customers with denominations or a counting machine also helps,banking,1,5,13,1,4,0
if you possible to more friendly costumers and keep smile always,banking,1,5,13,1,4,0
staff is too lazy and are very slow non cooperative,banking,0,1,13,1,4,0
every service is appreciable in federal bank transactions,banking,2,6,3,2,6,0
the present states quo and strategy can be maintained,banking,1,5,13,1,4,0
bank staff bhevior or best i like it so much tq,banking,2,6,13,1,4,0
kyc documentation and renewal service is very slow,banking,0,1,13,1,4,0
staffs are friendly and knowledgeable,banking,2,6,13,1,4,0
my suggestion is to close the account,banking,0,1,13,1,4,0
expecting working hours upto o clock need cash deposit machine either inside or outside,banking,1,5,13,1,4,0
with great difficulty monthly once we srcituzens r coming by auto so plpoivide us entry facilities and the most importantrest room facility tku,banking,1,5,13,1,5,0
secretly charging excessive fees for certain transactions is unacceptable everything should be transparent what customers deposit in the bank is their own blood it represents their lives dont forget that,banking,0,1,1,0,0,3
staffs lacks friendly relationship with the customerthey are getting their salary and they are happy fedmobile is working good but in the long run these staffs behavior dont attract new customers,banking,0,1,3,2,5,0
give useful updates,banking,1,5,13,1,4,0
very helpful baranch,banking,2,2,13,1,4,0
to follow the loan members,banking,1,5,2,1,4,0
improve your customer service and improve your banking system with love and respect,banking,1,6,13,1,4,0
speed up your procigios so many time wasting method,banking,0,1,13,1,4,0
parkingisverybad,banking,0,1,13,0,4,0
maximum satisfaction by overall matters,banking,2,6,13,1,4,0
average,banking,1,5,13,1,4,0
official formality is done too much,banking,0,1,13,1,4,0
bank should take vehicle parking measures more seriously and effectively,banking,1,5,13,1,4,0
plenty of issues,banking,0,1,13,0,4,0
all transaction service is very high,banking,0,1,13,1,4,0
keep continue with such same staff to strengthen the branches,banking,2,6,9,2,6,0
worst bank ever i experienced i would say,banking,0,1,13,0,0,2
bank allwys frindeliy in castamer sarvice,banking,2,6,13,1,4,0
reduce service charges,banking,0,1,1,0,1,3
please required other stuff insurance fd,banking,1,5,13,1,4,0
please maintenance of atm for withdraw and deposits in proper way,banking,1,5,7,1,4,0
i have accounts with other banks as well but federal bank application which i am using is the most simplest and esiest fedmobile thanks to federal bank for this fantastic application,banking,2,2,3,2,5,0
card less deposit machine is not good its not collecting cash,banking,0,1,13,1,4,0
bankbranch is almost busy may be due to cutomer careand duty staff no tobe increased,banking,1,5,9,1,4,1
friendly and willingness to help the customer are some of best characteristics i have experienced across different branches and regions of the bank which keeps me and my family stick to the bank,banking,2,6,9,2,6,0
need more cdm service,banking,1,5,13,1,4,0
it will be better if the hall is more spacious,banking,1,5,13,1,4,0
can have branch banking timings in shifts to suit customers if theres any request,banking,1,5,9,1,4,1
excellent response i like ir,banking,2,2,13,1,5,0
kiran miriam joe has been very helpful and thank you for everything,banking,2,2,5,2,6,0
excellent service by rahil sir,banking,2,2,5,2,5,0
service is not clear and update with clear info i asked is mobile number update for all account but it didnt happened,banking,0,1,3,1,4,0
staff is very slow,banking,0,1,13,1,4,0
a helping section for writing and suggesting for uneducated ie for village peoples,banking,1,5,13,1,4,0
state of art service,banking,2,6,13,1,4,0
would lik facility for sitting and filling forms,banking,1,5,13,1,4,0
need to improve bank to international level,banking,1,5,13,1,4,0
easy and comfortable thanks for netbanking debit card and offline services,banking,2,2,7,1,6,0
branch time but staff coming am late,banking,0,1,9,0,4,0
process toooo,banking,0,1,13,1,4,0
the bank should focus more on personalized services like other mnc banks to build trust and attract more customers introducing premium services would let customers access banking easily from home or phone minimizing the need for branch visits,banking,1,6,2,1,4,0
please change your staff behavior and ask them to give respect to clients now i completely changed my banker due to lack of respect and service,banking,0,1,13,1,4,0
reception area could ve been better with more chairs,banking,1,5,13,1,4,0
cash deposit machine not available in my branch,banking,0,1,9,1,4,0
branch should follow instruction from head office carefully and meticulously my issue of providing credit of sorry interest given to me on fd is still pending at branch though twice head office directed the branch to resolve the issue,banking,0,0,2,0,1,3
the way the staff talked was not good,banking,0,1,13,1,4,0
federal bank good but atm charges to much deduction,banking,0,1,7,1,1,2
i used to attend to customer meeting now a days no info on that more at least two wheeler parking space could provided,banking,1,5,13,1,4,0
give locker to the needed customers,banking,1,5,13,1,4,0
please provide education loan,banking,1,5,2,1,4,0
respect customerscustomers are main pillars of bankthese are educate to team,banking,1,5,13,1,4,0
my experience with the present fb brach is wonderful and hence i have nothing to suggest for the time being,banking,2,6,13,1,4,0
please avoid unnecessary kyc update messages,banking,1,3,13,1,4,0
u r not giving any time of personal tlloan to genuine customer,banking,0,1,2,0,1,3
good service but federal bank mobile app is not working properly device authentication is failed due to not receiving from your side please resolve this matter,banking,0,1,3,0,6,0
you should train every employees how to respect to customer,banking,1,3,13,1,4,0
for a small process taken long timeso please increase the staffs,banking,1,3,13,1,1,1
few new employees are very arrogant and talk rudely they need to remain calm and help people,banking,0,1,13,0,0,2
nothing specialeverything is excellentcontinue the same,banking,2,2,13,1,5,0
credit card bana chahiya jinka bhi account ho bank ma,banking,1,5,2,1,4,0
atm services maintainan timely,banking,1,5,7,1,4,0
speak less and work fast,banking,1,5,13,1,4,0
allow cash payment at your bank counter,banking,1,5,13,1,4,0
need more atm of federal bank around the city,banking,1,5,7,1,4,0
atm must be working any time,banking,1,5,7,1,4,0
full employees better,banking,1,5,13,1,4,0
fd rate for srcityzen should be increased,banking,2,3,13,1,4,0
instant work and not delay work,banking,1,0,13,0,4,0
please provide deposit matchine at branch,banking,2,6,9,2,6,0
plz respect all customers rich or poor,banking,1,5,13,0,4,0
please say to employ to behave decent,banking,1,5,13,1,4,0
though service was prompt i felt that there is some staff shortage especially in front desk,banking,1,5,13,1,4,0
your teams hospitality along with fast action of work is admirable visited couple of branches for our work in kerala karnataka along with ap and telangana all are a like in treating the customers we are happy in banking with federal bank,banking,1,5,3,2,5,1
awesome experience with this bank,banking,2,2,13,1,5,0
extend atm branches,banking,2,6,7,1,4,0
try to increase branch timings,banking,2,6,9,2,6,0
no body respond over a phone call and in bank also same,banking,2,6,13,1,4,0
keep going same as now thank you,banking,2,2,5,2,6,0
very poor system,banking,0,1,13,0,4,0
rudely behaviour,banking,0,1,13,0,0,2
its at its best but challenging to maintain,banking,1,6,13,1,4,0
i want loan but no response,banking,0,1,2,0,1,3
more professionalism required,banking,1,5,13,1,4,0
place is conjusted,banking,1,5,13,1,4,0
very nice services at bank staff so i am happy,banking,2,2,3,2,5,0
please install cash deposit machine,banking,1,5,13,1,4,0
i want car loan dsa but not given i given lot of good customer i request give me car loan dsa,banking,0,1,2,1,1,2
to learn the proper behavior for employee,banking,1,5,13,1,4,0
put one more atm machine in chungamvely branch,banking,1,5,7,1,4,0
timeless and speedy service unnecessary querries to customers bank not bother about no money in atms custmerz serviz charge,banking,0,1,7,0,1,3
a better and organised car parking facility in front of the bank,banking,1,5,13,1,4,0
verry bad services,banking,0,1,13,0,4,0
hospitality is ok less time to dispurse with client,banking,1,5,13,1,4,0
space for forms filling are is not sufficient,banking,1,5,13,1,4,0
all the staff are efficient and friendly but the premises is shabby and not up to the expectation customer delight directly linked to the overall ambience also,banking,1,5,2,1,4,0
need one more cash counter to operate during busy time,banking,1,5,13,1,4,0
customer friendly services speedy service,banking,2,6,13,1,4,0
bad behaviour from employees,banking,0,1,4,0,4,2
excemplary service i was branch manager in sbi munnar now retired my home branch is nemmara on visiting your kallissery chengannur for some enquiry about mutual fund very much impressed by the front line lady very courteous b opened a rd,banking,2,6,9,2,6,0
no parking space,banking,0,1,13,1,4,0
appoint more staff to finalize client matter,banking,1,5,3,1,4,1
iam not interested,banking,1,5,13,1,4,0
should give equal respect to customer,banking,1,5,13,1,4,0
please provide zero balance savings account,banking,1,5,8,1,4,0
i have got excellent service and follow up,banking,2,2,5,2,5,0
pl add cdm at atm counter,banking,1,5,7,1,4,0
bank provide credit card facility is good,banking,2,2,2,1,4,0
managers approach is good but assistant manager has to improve her communicational behavior,banking,1,5,3,2,4,1
everything got done in a professional manner interaction with the staff was extremely goodthings got done with lots ofeasethank you,banking,2,2,5,2,6,0
rush in the bank is the most worst thing try to intoduce token system,banking,0,1,13,0,0,2
no super support for u r bank,banking,0,1,13,1,4,0
bad customer service,banking,0,1,13,0,4,0
all items which we expect from a bank is there nothing to compare superb iam ready to refer when ever i get an opportunity,banking,2,3,13,1,4,0
we need first come first serve system token system,banking,1,5,13,1,4,0
just change hom,banking,1,5,13,1,4,0
it took one and half hour to get my gold loan she took almost half an hour to access her biometric in the computer,banking,0,1,2,1,4,0
nearestbranch km,banking,1,5,9,1,4,1
very high charges on depositing amount on federal bank accounts compared to others banksits very sad to keep a federal bank account for transfer and deposit money,banking,0,1,1,0,3,3
withdraw the centralised calling,banking,1,5,13,1,4,0
processing time needs to be changed i waited for more than an hour for processing the gold loan,banking,0,1,2,1,1,2
fees should be waived even for inter branch transactions,banking,0,1,1,0,1,3
a bank for all needs,banking,2,6,13,1,4,0
when you deduct tds in full from the interest of fds you should inform the account holder and it should find a place in the pass book,banking,1,3,13,1,4,0
all staff shoukd be aware of the details of various servicesif nitthey should consult others who know or if even they do not know then check with others branch or higher authorities teems and conditions and rate of int for loan etc,banking,1,3,2,1,4,0
very good service and fast service by federal badlapur east branch mrnair cashier is the best bcoz no waiting time for bank coustomerfast service,banking,2,0,9,0,6,0
if waiting time is less better,banking,1,0,13,1,4,0
keep your branch phone number active and same update in yell page,banking,1,3,9,1,4,1
auto message is not receiving promptly this should be brought upto expectation,banking,0,1,13,1,4,0
i am proud to be a part of federal bank i think no other bank compare with federal bank thank you,banking,2,2,5,2,6,0
scope for improvement,banking,1,5,13,1,4,0
exchange of foreign currency should be available in the venmony branch too,banking,1,5,9,1,4,1
very poor customer care,banking,0,1,6,0,4,0
provide extra sitting arrangement,banking,1,5,13,1,4,0
anymore fd bank is good,banking,2,2,13,1,4,0
atm facility have to develop,banking,1,5,7,1,4,0
even we kept money there when the point of taking it for any urgent they dont show the same intrest which was there in keeping fd and all,banking,0,1,13,1,4,0
branch manager of kankanady and officer mr vershit who me i am dealing with are so polite and dedicated keep it up,banking,2,2,9,2,6,0
change location payyoli branch situated at thikkoti,banking,1,5,9,1,4,1
facility to update mobile number may be added in fed mobile application,banking,1,3,3,1,4,1
otp not received at the time of visit received in evening,banking,0,1,3,0,4,0
great job by the entire kothanalloor federal bank staffs,banking,2,2,13,1,5,0
a very fine bank with highly cooperative and friendly staff,banking,2,6,13,1,4,0
happy to acknowledge the fact that this is a very good bank with a bunch of very helpful and supportive staff me and my family are proud to be coustomers of this branch,banking,2,2,3,2,5,0
on fedmobile od on deposit to be start as previous,banking,1,5,13,1,4,0
dont lie to customer dont share fake information,banking,0,1,13,1,4,0
every thing is very nice no necessity for any suggestions i am fully satisfied with the performance of the bank,banking,2,2,5,2,6,0
super palladam br,banking,2,6,13,1,4,0
no ideas but prosenal closebut no next time not issue,banking,1,1,13,0,4,0
four wheeler parking minimum may be provided in front of the branch,banking,1,5,9,1,4,1
please improve your net banking and phone banking facilities,banking,1,5,13,1,4,0
there is no necessity of any suggestions as bank has taken care of all things to the entire satisfaction of customers,banking,2,6,13,1,4,0
improve customer service,banking,1,5,13,1,4,0
it would be better if you send message to account holders about their current account statuslike if the minimum balance is low you should inform the party about this and then you should debit the amount,banking,1,5,8,1,4,0
increase customer relationship,banking,1,5,13,1,4,0
can have more seats in waiting area,banking,1,0,13,1,4,0
personal loan interest rate is excee,banking,0,1,2,0,1,3
very well but your gold loan schme month renewel but no change loan number but cr revalue appraiser charge this is worst plan i am take your my gold loan to another bank bm said this is my bank rule one this is bad circular welcome,banking,0,1,2,0,0,3
please allow customers to escalate the matters to your leadership team your nodal officer is not responding,banking,0,1,6,0,4,0
very bed service,banking,0,1,13,1,4,0
before bank provide the gift for bank customer on feast day so customer get happy now stop be continued thanks,banking,1,5,3,2,5,1
entire staff works sincerely they are focused particularly mrvivek singh madam dipali and mrravi manager have been too good highly cooperative and helpful every time i visited the branch,banking,2,2,9,2,6,0
satisfaction with staff cooperation warm welcome to coustomer speedy response,banking,2,6,13,1,4,0
time update pm closing,banking,1,3,13,1,4,0
best branch in bhujkutch gujarat and best behaviour of current employees,banking,2,6,9,2,6,0
reduce your charges,banking,0,1,1,0,1,3
when a coustomer visit on your branch for any document updation like pan card or aadhar then immediately update and resolve his query if possible,banking,1,3,9,1,4,1
please do the customers problem as soon as possible,banking,1,1,13,0,4,0
well done and thanks for the service,banking,2,2,13,1,6,0
gold loan interest reduce sir,banking,0,1,2,0,1,3
experience was excellent and your service was very good,banking,2,2,5,2,5,0
im quite satisfied with your services,banking,2,2,5,2,6,0
for senior citizens home service is expected,banking,1,5,13,1,4,0
rate of interest for gold loan has to reduce,banking,0,1,2,0,1,3
not responding and value for money,banking,0,1,6,1,4,0
nothing but houseing loan pocas,banking,1,5,2,1,4,0
speed service,banking,2,6,13,1,4,0
pls put the employee knows local language ex in karanataka the staffs should know kannada so that they can sale your product to the coustomer as well as and again the confidence from they i have experience it and they will see sky if i ask anything,banking,1,5,13,1,4,0
we feel free with our branch employees to communicate,banking,2,6,1,1,4,0
gold loans service charges very high compared with indian bank,banking,0,1,2,0,1,3
have send thru personal banking id for the requirement but nothing happened,banking,0,1,3,1,4,0
your reward points and card offers are comparatively very less than others it become attractive you got more customers,banking,1,5,11,1,4,0
my self always appreciate home branch and its hq in my home town i know the every stage of its growth,banking,2,2,3,2,6,0
i think you have wheeler loan but once i had an enquiry with branch head he abruptly refused not even listen to my request,banking,0,1,2,0,1,3
change the branch manager,banking,1,5,9,1,4,1
its quite difficult to make a visit to branch to get a small information or deatils or enquiry etc because all branches in the city doesnt have a phone or number that is properly working or there is no man power to attend a call for years,banking,0,1,9,1,4,0
recently i head a very bed experience on my kamrej branch in surat gujarat unnecessary delays for only a pepar take hr for a recipe of renewal of my gold loan,banking,0,0,2,0,1,3
service imprument required,banking,1,5,13,1,4,0
software updation and user friendly approach,banking,1,5,3,1,4,1
if possible please provide a cash deposit machine so that customer will deposit cash in holiday,banking,1,5,13,1,4,0
dont cooperate the customers long time stand in front of counter,banking,0,1,13,1,1,1
as we know the things are dealt with human there is no much importance for any suggestions because these all quite natural and we have to cooperate with them by all means for a smooth and effecient functioning of banking system nothing more,banking,1,5,13,1,4,0
best service meet me in federal bank,banking,2,6,13,1,4,0
cash counter will one moresometime heavy rush,banking,1,5,13,1,4,0
update details to customer when needed if possible,banking,1,3,13,1,4,0
worst bank in india they are debited maintenance charges in every month and debited if no transaction every month comparing other bank very bad experience poor people are how to maintain the account,banking,0,1,1,0,0,3
mobile and net banking is not user friendly,banking,0,1,13,1,4,0
the bank should have proper ventilation light seating arrangements adequate water for people,banking,1,5,13,1,4,0
location is worst,banking,0,1,13,0,0,2
faderal bank i like gaaod bank,banking,2,6,13,1,4,0
each and every employee is too good in maninagar branch ahmedabad they are always ready to stand for your queries,banking,2,1,9,0,4,0
im among the first account holders in the branch had a business account registered there as well never even offered me a credit card,banking,0,1,2,0,1,3
smile on face,banking,2,6,13,1,4,0
like other employees it could help a lot in customer relations if the bank incharge is not transferred so frequently may be a years gap before the new person comes in with the increasing number of transactions may be more cash count,banking,1,5,1,1,4,0
many times faced the refund issue,banking,0,1,13,0,4,0
need good waiting seats,banking,1,0,13,1,4,0
dinesh sir from guruvayoor branch is your excellent staff others are also good i know him personally by regular visit,banking,2,2,9,2,5,0
cdm sometimes issuing complaints pls reduce it,banking,0,1,6,0,4,0
need more staffs,banking,1,5,13,1,4,0
think,banking,1,5,13,1,4,0
bank manager and staff good working and behaving is very helpful,banking,2,2,13,1,4,0
install a deposit machine at your sulya branch because during bank holiday we have to travel km for deposit machine,banking,1,5,9,1,4,1
pls provide cash deposit machine provision at atm,banking,1,5,7,1,4,0
dont take money when the customer deposit in their account i deposit rs is my emi amount due date is tomorrow what can i do for the emi you debit from my accountyou didnt dispatch atm card till today is my emi due,banking,2,3,2,1,4,0
better i will close my account from your bank this is the best idea,banking,0,1,13,1,4,0
jupiter account not proper response,banking,0,1,13,1,4,0
the way of treating a client isnt good,banking,0,1,13,1,4,0
please give personal loans to federal bank customers,banking,0,1,2,0,1,3
it would have been better if the atm mission had been placed in more places it would have been better if the atm card validity had been extended and it would have been better if the reward points had been extended,banking,1,5,7,1,4,0
all good expect blocking my account hope it will be solved soon,banking,1,5,13,1,4,0
the staffs are extremely good and customer friendly,banking,1,5,13,1,4,0
vallarpadam branch is excellent no more about it,banking,2,2,9,2,5,0
you have to be lenient in lounge facilities,banking,2,6,13,1,4,0
demand a new branch at greater faridabad,banking,1,1,9,0,5,1
very rude behavior by cash teller,banking,1,1,13,0,0,2
customer experience,banking,0,1,13,1,4,0
worst customer service,banking,1,1,13,0,0,2
a m not a qualified person,banking,2,6,13,1,4,0
the officers working at rasipuram branch are kind enough with customers,banking,1,5,9,1,4,1
professionals do not have proper accreditationi have received a two time loan assistance and built correctly,banking,2,6,2,1,4,0
preferencefor senior citizen,banking,1,5,13,1,4,0
yes need more autonomus to the branch manager to have confidence feeling tothe branh ad metropolitical city,banking,1,5,1,1,4,0
withdrawel over counter sbi etc with atm may helpful,banking,1,5,7,1,4,0
overall bank functioning in kerela is outstanding this is because of good communication at all levels but certain training is needed on few bank staffs of other states to keep customer relations in a polite and acceptable manner,banking,1,5,13,1,4,0
make fed mobile app simple to use,banking,1,5,3,1,4,1
very bad servicei am not satisfiedi wish to cancel my account in federal bank,banking,1,1,5,0,6,0
behavior approachof staff specially cash dept is excellent,banking,0,1,3,2,5,0
reduce bank atm charges,banking,2,3,7,1,4,0
jai maa dakhin kaali jai maa kamakhya kindly note stop your draconian debit card charges as federal bank keeps changing for swiping at other bank atm but doesnt have their own atms another maintenance charges are draconian with draw it,banking,2,3,7,1,4,0
st room for manager nd nre rd loan,banking,0,1,2,0,1,3
in my experience the operatng managers in the near by periods mathews koikkara angel liji anjana are most co operative and friendly to the costumers,banking,1,5,13,1,4,0
the staff need to know that they are not doing free service moreover a little courtesy doesnt cost them anythingcordiality would only improve the branch business thanks for offering this slot,banking,2,2,11,1,6,0
always keep adequate cash in atm you are looting customers for your mistake by debiting the account for using other banks a t m,banking,1,5,7,1,4,0
speed of the proceedings must be improved some employees are not at all pleasant while speaking us,banking,0,1,13,1,4,0
friendly atmosphere among all,banking,2,6,7,1,4,0
i have accounts at several banks but the behavior of your staff is exceptional,banking,2,6,13,1,4,0
it is not my cup of tea to improve your business since i have so many options,banking,1,5,13,1,4,0
branch change process not doing properly thorough online even though option is there they will ask for home branch visit thats ridiculous,banking,0,1,9,1,4,0
make sms service faster,banking,1,5,13,1,4,0
my suggestion is customer waiting area space very small so please extern space area otherwise good service and good staffs,banking,1,0,5,2,6,0
iam glad to open my bank account federal nice experience,banking,2,2,13,1,4,0
i hope ur sequrerty more powerful and strong in future and new service,banking,1,5,13,1,4,0
there is ample room for improvement and it could be the best bank in the north east with their pragmatic approach wish you all the best,banking,1,6,3,1,4,1
immediate response from the staff,banking,2,6,13,1,4,0
officials from head office regionl office are to be supportive and communicative,banking,1,5,13,1,4,0
all my transction is in suspense solve it immediately,banking,0,1,13,1,4,0
kind service is much appreciated,banking,2,2,3,2,6,0
field visits and meeting customers directly may uplift developedments,banking,1,5,13,1,4,0
money is deducted a lot sometimes and sometimes,banking,0,1,13,1,4,0
bahut achcha stop tha,banking,2,6,13,1,4,0
excellent innovation bright future,banking,2,2,13,1,5,0
one of the best bank in delhi,banking,2,6,13,1,4,0
not good service,banking,0,1,5,2,6,0
better traing needed for managers,banking,1,5,13,1,4,0
service is quite good employees behaviour good,banking,2,2,13,1,4,0
available staf required available atm,banking,1,5,7,1,4,0
please cancel minimum bal charges,banking,0,1,1,0,1,3
credit card plz given,banking,1,5,2,1,4,0
gold lone knoledge is verry poore compare to last month,banking,0,1,13,0,4,0
the nps survey question scale should never be color coded because it will bias the customers true response,banking,1,5,13,1,4,0
need more atms in krishnagiri,banking,1,5,7,1,4,0
everyone is really nice and help customers and answer their all questions in very polite way i definitely refer this bank to everyone,banking,2,2,13,1,4,0
this branch is very good performance,banking,2,2,9,2,6,0
i will be glad if you can place a atm in vaduthala kudapuram road somewhere nadvath nagar,banking,1,5,7,1,4,0
improve cdm service network,banking,1,5,13,1,4,0
please token service,banking,1,5,13,1,4,0
vrybadmanager,banking,0,1,13,0,4,0
to increase your service interest,banking,1,3,13,1,4,0
statement,banking,1,5,13,1,4,0
thank s for all,banking,2,6,13,1,4,0
thanks federal bank,banking,2,2,13,1,6,0
behaviour and service is outstanding,banking,2,6,13,1,4,0
put more atm even in rural areas of assam,banking,1,5,7,1,4,0
your it department should improve and i have a personal issue that i cant use my fedmobile app because i changed my phone number through atm and also in my branch but i cant login,banking,0,1,7,0,1,3
a water dispenser would be a thoughtful addition to the existing comfort zone,banking,1,5,13,1,4,0
excellent service but there is no separate counter for senior citizensprivileged customers,banking,1,5,5,2,5,0
less intrest rate gold loan,banking,0,1,2,0,1,3
worst staff behaviour,banking,0,1,13,0,0,2
staff thinks that bank was theres father like attitudes for mobile number update i visited times,banking,0,1,13,1,4,0
arrange custmers meet once in a year replace old furnitures honour deposite holders with your compliments in new year as other schedule banks managers of other states often go on leave,banking,1,5,13,1,4,0
kovilpatti branch,banking,1,5,9,1,4,1
service charges and maintenance fees not comfortable,banking,0,1,1,0,1,3
digital application not working i submit two wheeler loan in fed app its not working its still live in fed app page no response i will bought two wheeler in other bank loan,banking,0,1,2,0,1,3
little parking issue to be cleared,banking,1,1,13,0,4,0
cashier is very slow the cashier keeps the customers standing in line for a long time he cannot work quickly a pass book printing machine is required inside the bank,banking,0,1,13,1,1,1
good service from navaneth and other employees,banking,2,2,5,2,6,0
i lost my lak kindly help me,banking,0,1,13,1,4,0
i am writing to express my disappointment and frustration with the poor customer servicemisbehavior i experienced at your federal bank kulathupuzha branch whenever i have visited your bank as a common man i have faced bad attitude from them,banking,0,1,2,0,1,3
time taken to open current ac is too high for myself it take days,banking,0,1,13,1,4,0
not response,banking,0,1,13,1,4,0
angul,banking,1,5,13,1,4,0
not satisfied,banking,0,1,5,2,6,0
gold loan officer very very poor behaviour,banking,0,1,2,0,1,3
all staff and branch manager most co operative minded,banking,2,6,9,2,6,0
loan settlement and closure giving should be open and not should be locked to get other bank loan to customers cibel,banking,1,5,2,1,4,0
stop deducting money from your customers low maintenance charges if its thats still fine thats too cheap,banking,0,1,1,1,4,0
very attractive,banking,2,6,13,1,4,0
the federal bank is filled with managers who are not cooperative at all,banking,0,1,13,1,4,0
manager isnt service motive she behave like supreme,banking,0,1,13,1,4,0
manager and staff are friendly and helpful,banking,2,2,13,1,4,0
home loan procedure interest rates etc,banking,1,3,2,1,4,0
try to fix a coffee and tea dispenser that make a better hospitality,banking,1,5,1,1,4,0
very cooperativei am satisfied,banking,2,2,5,2,6,0
good branch manager and jenral service good customer service and support in the federal bank all service best best employees other,banking,2,2,9,2,6,0
great customer friendly service,banking,2,2,13,1,5,0
please acknowledge loyalty of customers for preferred service,banking,1,5,13,1,4,0
i want personal loan and housing loan but delay,banking,0,0,2,0,1,3
indira nagar branch bangalore customer service concern,banking,1,5,9,1,4,1
update the requirements as applicable,banking,1,3,3,1,4,1
therere good employees in branch,banking,2,2,9,2,6,0
staff are of good behavior well aware of bank regulations takes minimum time of customers and looks very pleasant always sabash and keep it up,banking,2,2,13,1,4,0
bigger branch in gondal,banking,1,5,9,1,4,1
they not talk properly and misbehaviour very bad person,banking,0,1,13,0,4,0
no timing keep,banking,0,1,13,1,4,0
give the personal loan for customers,banking,1,5,2,1,4,0
bank is looting us,banking,0,1,13,1,4,0
make procedures more easy and comfortable avoid hidden charges,banking,1,3,1,1,4,0
iam not satisfied,banking,0,1,5,2,6,0
your interest is over,banking,0,1,13,1,4,0
cdm machine facility branch premises,banking,1,5,2,1,4,0
pls provide proper training to the new employees before assigning in a branch,banking,1,5,9,1,4,1
issue token is not confused electronic number board no counter number or service board,banking,1,1,13,0,4,0
provide more cdm,banking,1,5,13,1,4,0
if a customer executive available to address the illiterate people issues that ll be great,banking,1,1,13,0,5,0
please use the chikajala branch bangalore as an example for employee training,banking,1,5,9,1,4,1
speed can be improved,banking,1,5,13,1,4,0
fast process in all financial needs,banking,2,3,13,1,4,0
good results good response explanation all good costamer support and branch no problem work delay veri good response explanation good,banking,2,0,9,0,4,0
make gold rate high even competitors have a better high rates,banking,0,1,13,1,4,0
gold loan is inrast over,banking,0,1,2,0,1,3
relocate the branch to a spacious infrastructure,banking,1,5,9,1,4,1
said to your cashier people those who are sitting in the countermake immediate credit,banking,1,5,2,1,4,0
when im having more than cibil score then also im not eligible for credit card so im planning not recommend anyone and i have personal loan that too ill close on th jan than ill close my federal bank account permanently,banking,0,1,2,0,1,3
why not give loan,banking,0,1,2,0,1,3
i want federal bank credit card,banking,1,5,2,1,4,0
need to cancel the annual atm charges if we didnt use the atm services,banking,0,1,7,0,1,3
please avoid unnecessary messages to your valuable customers,banking,1,5,13,1,4,0
please no more rent others building please make your own building with sufficient parking lots,banking,1,5,13,1,4,0
best work in federal bank koppal branch,banking,2,6,9,2,6,0
promote moreagricultural loans,banking,1,5,2,1,4,0
pehle sahi time pe service do,banking,0,1,13,1,4,0
increase withdrawal limit for saving account,banking,1,3,13,1,4,0
dear fedbank i am facing upi problem and written mail but not yet solved please do the needful my mobile no,banking,0,1,13,0,4,0
i have account since many years all was good but since few months all your system service staff etc all was turned worst i am planning to close my account,banking,0,1,13,0,0,2
in mobile app on the date of maturity fixed deposit in mobile app closure menu is not available while closing fd on the day of maturity i have to go at local branch office account no two fd closure menu removed kindly do needfull,banking,0,1,3,1,4,0
well managing and performing unit by employees,banking,2,6,13,1,4,0
rupesh ke losh kone dega muje aap ke aadhi kari yone mara kyc nahi kiya,banking,0,1,13,1,4,0
kindly keep the officers like branch in charge kamote will improve businessshe is knowledgeable and customer friendly,banking,2,6,1,1,4,0
i have applied but still i dont get my transaction messages,banking,0,1,3,1,4,0
branch sifting very fine,banking,1,5,9,1,4,1
please help me to get my cheque book through branch,banking,1,5,9,1,4,1
little bit speed while during deposits translation,banking,1,5,13,1,4,0
perambra branch is oldlike siting interiar and etcpls renow and give some amazing experiance,banking,1,5,9,1,5,1
account updation very poor,banking,0,1,13,0,4,0
never attend call after discussing the problem no feed back,banking,0,1,1,0,1,3
if our account is salary based and saving account but after sometime if we are not in working and we have no money to maintain monthly balance as we are housewife so you shouldnt put penalty its our request to you,banking,1,5,1,1,4,0
fd receipt should be on nice paper or presentable just like others,banking,1,5,13,1,4,0
customer respect is bad,banking,0,1,13,0,4,0
staff to train for proper behaviour they should also be guided to give acknowledgement of documents submitted to them,banking,1,5,13,1,4,0
must get messages of all transactions then and there,banking,1,5,13,1,4,0
improve services,banking,1,5,13,1,4,0
chembenahalli branch is very good branch staff was very cooperative and nice persons,banking,2,2,9,2,6,0
improve servare moring time slow some urgent time work slow so improve server,banking,0,1,13,1,4,0
fed mobile has some issues with regard to transaction notesyou never offer loansthinking of ending the casa account,banking,0,1,2,0,1,3
install a passbook updating kiosk or instrument in your branch for the customers to update themselves like in sbi bank of baroda etc,banking,1,3,9,1,4,1
staff members were down to earth very cooperative and as regards service is concerned it was exemplary,banking,2,6,13,1,4,0
not attend the call once given request at branch but not given respond afterthat,banking,0,1,9,1,4,0
kuravankonam branch manager is very helpful and responsive such managers should be encouraged and promoted,banking,2,2,11,1,4,0
soft music classical instrumental if played at times will creaye a great impact,banking,1,5,13,1,5,0
you must reinstate old gold scheme for any amount it will help common citizen,banking,1,5,13,1,4,0
very bad services from your branch,banking,0,1,9,0,4,0
sugesting start ups loan facility and gst holders loan without property guaranty,banking,1,5,2,1,4,0
rbi rules not followed,banking,0,1,13,1,4,0
best for all not only rich,banking,2,6,13,1,4,0
your services is superb but the charges are bit expensive,banking,1,3,1,1,4,0
please work on your cdm machines to make it better,banking,1,5,13,1,4,0
gold interest over,banking,0,1,13,1,4,0
adventure service khoob bhalo,banking,2,6,13,1,4,0
vary bad service,banking,0,1,13,0,4,0
bhukum pune branch manager and lady staff language is very rude also they dont need genuine customer they directly updated you can close your account so i have closed,banking,0,1,9,0,0,2
please introduce cash deposit machines so that we can deposit cash on holidays and after working hours too,banking,1,5,13,1,4,0
third class bank koi bhi iss bank me account open na kraye harrasmemt hi he ek kaam ke liye bar jana padta he,banking,0,1,13,1,4,0
ac in branch and need to have more employees at branch,banking,1,5,9,1,4,1
open tine aftar othar wise all good,banking,1,5,13,1,4,0
using unparlmently language with lady employees and out side personal matters discussing in bank hours and discussing infront of customers and laughing and chilling reclce answers plz bank cc cameras,banking,0,1,13,1,4,0
required locker,banking,1,5,13,1,4,0
dont appoint hindi managers,banking,0,1,3,1,4,0
taken more time to update payment by using fed app this is very bad for the customer,banking,0,1,3,0,4,0
employee is continually best branch in tamilnadu in kpm branch,banking,2,6,9,2,6,0
supppppr,banking,2,6,13,1,4,0
now a days most of the time they dont update passbook just for passbook updation i have to go again this is irritating,banking,0,1,13,1,4,0
i closed my account years back but still my id is active so many times i complaint customer care also contact branch but no use,banking,0,1,6,0,4,0
good attitude towarda customer,banking,2,2,13,1,4,0
gold loan interest rate too much cost,banking,0,1,2,0,1,3
i dont know,banking,1,5,13,1,4,0
update immediately to account as deposited delay in updating is not feasible,banking,0,0,13,0,4,0
i like so much federal bank,banking,2,6,13,1,4,0
need proper disclosure of the fees and cdm,banking,1,5,1,1,4,0
provide coffe mechanism,banking,1,5,13,1,4,0
forcing the customer to avail insurance,banking,0,1,13,1,4,0
mrs lavanya sm and her teams are very good and customer oriented team,banking,2,2,5,2,6,0
no like my gold is sales fraud bank,banking,0,1,12,0,2,3
gold loan and all purpose transaction authorised very good,banking,2,2,2,1,4,0
worst staff and meeting,banking,0,1,13,0,0,2
sir kindly improve to more our branch in chennai city,banking,1,5,9,1,4,1
transfer to manager because of long period working thats why very careless,banking,0,1,13,1,4,0
clear explanation regarding loan interest rate loan disbursion,banking,2,3,2,1,4,0
can reduce documentation fees,banking,1,5,1,1,4,0
moebi,banking,1,5,13,1,4,0
auto pay problem,banking,0,1,13,0,4,0
loan should be given to good people who have good document,banking,1,5,2,1,4,0
bad sarvis,banking,0,1,13,0,4,0
some time debit some amount but reasons did not know our knowledge like that only,banking,0,1,13,1,4,0
need fed net app development like online deposit denomination making and submit the message to branch paper less deposit like icci bank,banking,1,5,3,1,4,1
pls change rules withdrawal on home branch slip charges rs what is that logic no one bank collected this,banking,0,1,1,0,1,3
nothing in happy to banking with you,banking,2,2,3,2,5,0
no,banking,1,5,13,1,4,0
believe,banking,1,5,13,1,4,0
net more important,banking,1,5,13,1,4,0
awesome branch i have ever seen before i m really happy for being a customer in this bank,banking,2,2,3,2,5,0
after paying intrest or clearing part of loan need to provide nd receipt thats better to know to customer to pay,banking,1,5,2,1,4,0
all the staffs in this are very kind and friendly to us,banking,2,6,13,1,4,0
lulu,banking,1,5,13,1,4,0
great customer service,banking,2,2,13,1,5,0
best customer service,banking,2,6,13,1,4,0
super,banking,2,6,13,1,4,0
service with speed required,banking,1,5,13,1,4,0
very nice behaviour with ussachgood care to castamer,banking,2,2,13,1,4,0
nothing,banking,1,5,13,1,4,0
very help manager and staff,banking,2,6,13,1,4,0
please be improving cdm machine service because resently few days not working i try daily to deposit my money but always showing error payment declined try again later and card or careless both cash deposit service not working,banking,0,1,13,0,4,0
put deposit machines for deposit,banking,1,5,13,1,4,0
provide parking space properly space,banking,1,5,13,1,4,0
i think some alerts has to be sent before any deductions as charges to the account holder,banking,1,3,1,1,4,0
avoid the waiting long time other than better to other bank,banking,1,0,13,1,1,1
nice,banking,2,2,13,1,4,0
service is gud keep going,banking,2,6,13,1,4,0
keep it up,banking,2,6,13,1,4,0
i received salary every month in your bank but no loan,banking,0,1,2,0,1,3
every bank taking their profit frist try to improve something do best ever day best wishes for all team happy christmas and new year jaihind,banking,1,6,3,2,5,1
kayi massege aata hai connect to branch kyc,banking,1,5,9,1,4,1
we are very much satisfied with branch manager and staff,banking,2,2,9,2,6,0
very satisfied,banking,2,2,5,2,6,0
hi,banking,1,5,13,1,4,0
increase your atm in mannargudi,banking,1,5,7,1,4,0
there is no suggestion because the way they work was awesome,banking,2,2,13,1,5,0
in atm only available notes and notes will keep in atm is very useful,banking,1,5,7,1,4,0
not bad,banking,1,1,13,0,4,0
very good keep it up,banking,2,2,5,2,6,0
little improve fast service,banking,1,5,13,1,4,0
continue well service,banking,2,6,13,1,4,0
very nice service,banking,2,2,5,2,6,0
staff was very good at palanpur branch,banking,2,2,9,2,6,0
im very happy with the service by federal bank,banking,2,2,3,2,5,0
na very good manager,banking,2,2,5,2,6,0
best wishes to fed employees,banking,2,6,13,1,4,0
no,banking,1,5,13,1,4,0
i like,banking,2,6,13,1,4,0
smile,banking,2,6,13,1,4,0
excellent staff,banking,2,2,13,1,5,0
no comment because i am opened sb rd acct recently in federal bank,banking,1,5,13,1,4,0
excellent service and international standard,banking,2,2,5,2,5,0
agricultural jewal lone will be close in our branch custamer very usefull,banking,2,6,9,2,6,0
nice all the best,banking,2,2,13,1,4,0
need to be more customer centric,banking,1,5,13,1,4,0
bank services super,banking,2,6,13,1,4,0
totally good service,banking,2,2,5,2,6,0
overall excellent customer service,banking,2,2,13,1,5,0
quick and excellent service by manager and all staff at the branch,banking,2,2,9,2,5,0
excellent service and friendly environment,banking,2,2,5,2,5,0
l am happy,banking,2,2,3,2,5,0
yes,banking,1,5,13,1,4,0
atm branch need to increase,banking,1,5,7,1,4,0
minimum zero balance accounts should start to help employees in various small scale management,banking,1,5,8,1,4,0
oru lone kittumo,banking,1,5,13,1,4,0
as a customer i believe that having security guards onsite would greatly enhance my sense of safety and confidence while visiting the bank,banking,1,5,13,1,5,0
please transfer my account to chokli branch immediately,banking,1,5,9,1,4,1
since the tollygunj branch nearer to my house therefore very convenient for me,banking,2,6,9,2,6,0
if a customer came to bank regarding a concern and if the resolution cant be delivered same day bank suppose to contact customer and let them know that resolution instead of making customer visit branch again,banking,1,5,9,1,4,1
nothing best of luck,banking,1,6,13,1,4,0
instal few cash deposit machines for reducing human efforts,banking,1,5,13,1,4,0
best service,banking,2,6,13,1,4,0
at,banking,1,5,13,1,4,0
not now,banking,1,5,13,1,4,0
please provide a cdm in this branch,banking,1,5,9,1,4,1
every thing is out standing,banking,2,6,13,1,4,0
best wishes and full support,banking,2,6,13,1,4,0
your taking more time for documentation and previous years ago your looking verification present how customer is repaying properly or not we have to considercovid time ur tracking the records other bank are giving loans for business purpose,banking,0,1,2,1,4,0
need dustbin facility in customer lobby,banking,1,5,13,1,4,0
no,banking,1,5,13,1,4,0
awesome service and products of the bank,banking,2,2,5,2,5,0
every thing was great,banking,2,2,13,1,5,0
nice,banking,2,2,13,1,4,0
nil,banking,1,5,13,1,4,0
nothing all perfect,banking,2,6,13,1,4,0
need overall improvement and make them service oriented instill service mentality,banking,1,5,13,1,4,0
you must be my partner for ever my regional bank,banking,2,6,13,1,4,0
your team lived up to the promise of instant account opening process this is highly commendable right approach towards customer satisfaction,banking,2,3,3,1,4,0
a change in the behavior of the staff is essential,banking,0,1,13,1,4,0
ekm nort branch very conjunction vechile parking very problum,banking,0,1,9,1,4,0
intimation through mobile text message was not on time thia delay has made me to call up the branch again to get a confirmation on rhr rtgs transaction done there was an extraordinary delay of around to houra to get the confirmation message,banking,0,0,9,0,4,0
i m a customer since years happy with your services employees are good and cooperative thanks,banking,2,2,3,2,5,0
everything and everyone is perfect so nothing to say,banking,2,6,13,1,4,0
i had asked your bank asking them to close my account and i had surrendered my debit card and pass book a month back till today nothing has been done,banking,0,1,7,1,4,0
no comments,banking,1,5,13,1,4,0
keep all branches and atms as cash deposit mechine we invite you to open a branch at thanikudam thrissur for a good service to village people thank you,banking,1,5,7,1,6,0
before implementing new rules wait for other bank to follow through dont implement new rules with out clear cut clarity,banking,1,5,13,1,4,0
bank employees approach to customer any matter with smiling face and consider or mind customers coming to the bank,banking,2,6,3,2,6,0
make sure your team meets the customer expectations with graceful behavior,banking,1,5,13,1,4,0
the employees are approaching to the customer not well,banking,0,1,3,1,4,0
good customer service and friendly co operative,banking,2,2,13,1,4,0
some employees are not good communicattions to us,banking,0,1,13,1,4,0
its ok try to improve your service,banking,1,5,13,1,4,0
appreciate your service and assistance,banking,2,2,3,2,6,0
teller counter is need to speed up little slower compare to teller,banking,1,5,13,1,4,0
be us is now,banking,1,5,13,1,4,0
customer friendly behaviour and action,banking,2,6,13,1,4,0
better give them a training section about how to handle customers,banking,1,3,13,1,4,0
continue,banking,2,6,13,1,4,0
plz sms the final balance after a transaction,banking,1,5,13,1,4,0
interest rate to loans are higher compare with other banks but we prefer federal bank because employees attitude is very high,banking,1,3,2,1,4,0
it may be ideal if employees keep their personal calls brief when there are customers waiting in queue rather than talking on phone while attending to the needs of the people multitasking may be good but pls keep personal interactions too,banking,1,0,13,1,4,0
maximum interest rate for fixed deposit expecting,banking,1,3,10,1,4,0
sir i frequently visited your kozhencherry branch in the last time only three tellers working in teller is closed there is queue in teller bank authorities not take interest in rectify the traffic in that timeplease take more care in this,banking,0,1,9,1,4,0
avoid charge for cash deposit,banking,1,5,1,1,4,0
nothing special to say,banking,1,5,13,1,4,0
bank employees behaviour and document submission and solved problems i give marks,banking,2,1,13,0,4,0
compare to other bank fed bank much better,banking,2,6,13,1,4,0
customer friendly seat arrangements modern interior works will be an added attraction,banking,1,5,13,1,4,0
nothing,banking,1,5,13,1,4,0
am a initial account holder at your kakkanad brand was considered as a valued account holder and was doing good business now i have shifted to kizhakkampalam and applied for a branch change its already more than month now nothing happened,banking,0,1,3,2,4,0
please add few more chairs for senior citizens,banking,1,5,13,1,4,0
no,banking,1,5,13,1,4,0
all are perfect,banking,2,6,13,1,4,0
at present everything is fine,banking,2,6,13,1,4,0
well doing,banking,2,6,13,1,4,0
wants to improve employees working speed and keep a pleasent look tooall are gloomy every time,banking,1,5,13,1,4,0
speed up things instead of making customers come again and again,banking,1,5,13,1,1,1
cdm service,banking,1,5,13,1,4,0
consider each and everybody,banking,1,5,13,1,4,0
parking space for customersand staff,banking,1,5,13,1,4,0
no idea,banking,1,5,13,1,4,0
please install cdm,banking,1,5,13,1,4,0
all are very cooperative and informative interaction found purely trustworth,banking,2,6,13,1,4,0
minimum balance charges penalty is high for common people,banking,0,1,1,0,1,3
google pay facilities to be given my personal account is not given g pay facilities on the ground that i have current accounts in the samme bank,banking,1,5,13,1,4,0
restart cashless deposits in cdm facility ensure cdmatm machines are in working order as many of your machines are frequently out of order,banking,1,5,7,1,4,0
please educate your staff they dont know how to answer the questions our money is deposited in your bank we have to wait days for a response and theres no proper item wise explanation from the bank if we ask about deductions pathetic service,banking,0,1,13,0,0,2
make more easier to get education loans by removing cut of marks in qualifying exams,banking,1,5,2,1,4,0
keep it up,banking,2,6,13,1,4,0
dont sit with a grim face and always angry if u cant smile atleast keep a good face and if customer asks something plz reply to it customer dont know everything employees are kept so that customer can get help for enquiry and they behve trrbly,banking,0,1,13,1,0,2
please keep professional for a poor customer and a high networth customer never misbehaving to a poor customer,banking,1,5,13,0,4,0
n,banking,1,5,13,1,4,0
when add a beneficiary cooling period of hours to be reduced to hour as other banks doing,banking,1,3,13,1,4,0
minimum balance no penalty for everybody,banking,1,5,1,1,4,0
please provide one cdm machine is our chirayinkeezhu branch thankyou,banking,1,5,9,1,4,1
please close your bank,banking,0,1,13,1,4,0
all branches make aircondition,banking,1,5,9,1,4,1
i waited for a long time,banking,0,1,13,1,1,1
ensure senior staff also to be customer friendly thank you,banking,1,5,5,2,6,0
super,banking,2,6,13,1,4,0
employees behaviour and their attitaudes have attracted by the customer so keep it up,banking,2,6,13,1,4,0
i had fb fastag for maruti alto lxi car now i bought maruti new celerio zxi ags the fb cant give me a new fastag till now i am waiting for your crystal clear answer yes or no thank you yours sincerely john britto lopez,banking,0,0,5,2,6,0
junior bank employees not up to the standard,banking,0,1,13,1,4,0
pls maintain the same service,banking,2,6,13,1,4,0
nothing to comment except to say that i get a very prompt service from the bank officers and staff,banking,2,6,13,1,4,0
vehicle parking,banking,1,5,13,1,4,0
little more spacious office space need,banking,1,5,13,1,4,0
i have raised an issue through the bm a couple of weeks ago regarding less receipt of approx rs fd maturity payout on as of dt i didnt get a favourable rply from the bank as a noble cm i get frustrated fr this unfair experience,banking,0,1,3,0,1,2
nathing,banking,1,5,13,1,4,0
be polite to customers,banking,1,5,13,1,4,0
proper employee is insufficient,banking,0,1,13,1,4,0
now im happy for the present services of your bank likely all the best,banking,2,2,3,2,5,0
nil,banking,1,5,13,1,4,0
no thanks and wish you all family happy new year,banking,1,5,3,2,5,1
very worthy bank in coimbatore over charges,banking,0,1,1,0,1,3
cdma misian atm,banking,1,5,7,1,4,0
wonderful banking experience,banking,2,6,13,1,4,0
change the rule to pay fees for getting the printed copy of bank account statement of that particular bank account owner last day visited kms and kms to my branch for getting my bank account statement they collected rs what a shit bank rule,banking,0,1,1,0,1,3
dont show hesitation to print passbookprovide some more space for form filling area,banking,1,5,13,1,4,0
i have a space for atm at vaikom kizhakkenada please advice if you have plan for atm please contact me balachandran thanks,banking,1,5,7,1,6,0
we wish to get a reliable person mobile or phone number,banking,1,5,13,1,4,0
need to maintain premises good looking,banking,1,5,2,1,4,0
hope your this branch is one of best in india,banking,2,6,9,2,6,0
ok,banking,1,5,13,1,4,0
the rest room cleaners need to be professionaly trained their idea of cleaning is throwing a bucket of water over everything in the restroom including the toilet paper,banking,0,1,13,1,4,0
a coffee vending machine would add to the work ethos and client comfort,banking,1,5,1,1,4,0
old documents submitted to your branch when requested for should be obliged,banking,1,3,9,1,4,1
pleasant staff and great working,banking,2,2,13,1,5,0
no,banking,1,5,13,1,4,0
ok,banking,1,5,13,1,4,0
if provide some type of flexible loan for small businesses establishment,banking,1,5,2,1,4,0
i have requested for branch change yesterday still now no update from the branch,banking,0,0,9,1,4,0
cashier on rd of january this year gave additionaly to the other person without counting properly this should avoid in futureits my suggestion,banking,0,1,13,1,4,0
a nice experience with your bank,banking,2,2,13,1,4,0
branch staff not respect of customer time,banking,0,1,9,1,4,0
worst behaviourno response to the customer,banking,0,1,6,0,0,2
need to increase awareness among employee about importance of a single customer,banking,1,5,13,1,4,0
no everything is fine,banking,2,6,13,1,4,0
you have wonderful staff,banking,2,6,13,1,4,0
no comment,banking,1,5,13,1,4,0
vengara branch full staff super,banking,2,6,9,2,6,0
branch service is very bad,banking,0,1,9,0,4,0
not at present once again we say happy with the banking,banking,2,2,3,2,5,0
roi,banking,1,5,10,1,4,0
satisfactory service sofar,banking,2,6,13,1,4,0
the printer has to be improved so that customers read it,banking,1,5,13,1,4,0
nil,banking,1,5,13,1,4,0
very happy with the service,banking,2,2,3,2,5,0
at least cash counters should be running at a time,banking,1,5,13,1,4,0
keep up the good work,banking,2,2,13,1,4,0
there is no space for car parking near branch it is very troublesome,banking,0,1,9,1,4,0
exlilet service,banking,2,6,13,1,4,0
duit the token system please,banking,1,5,13,1,4,0
please the option for cardlessnow there is no cardless in the machine,banking,1,5,13,1,4,0
male more convince for every thing,banking,1,5,13,1,4,0
branch employees need to be taught about the various types of accounts and facilities offered by the bank so that at least they could understand the same when a customer refers to the services especially online services offered by federal bank,banking,1,3,11,1,4,0
excellent staff professional service team work overall valakom branch gives quality service,banking,2,2,9,2,5,0
behaviour of branch staff is very good specially mr vikas san is very nice and good person,banking,2,2,9,2,6,0
most improvements,banking,1,5,13,1,4,0
iandmy family members more than members are having ac with fb in che naiandkerala,banking,2,6,13,1,4,0
branch staff specially satyam sir is cooperative,banking,2,6,9,2,6,0
one of the best employes well behaved giving full time to costumers,banking,2,6,13,1,4,0
pathetic service,banking,0,1,13,0,0,2
need smartwork,banking,1,5,13,1,4,0
have some dedicated car parking for customer in your visakhapatnam branch,banking,1,5,9,1,4,1
more interest rate,banking,1,3,10,1,4,0
nathing,banking,1,5,13,1,4,0
training should be improved,banking,1,5,13,1,4,0
no comment excellent perfomance,banking,2,2,13,1,5,0
excellent banking,banking,2,2,13,1,5,0
otherwise your service is more better than other nationalised banks,banking,2,6,13,1,4,0
self passbook printing machine to be installed in busy branches to facilitate custemers time saving and avoid several bank visits,banking,1,5,9,1,4,1
bad expwriwnce,banking,0,1,13,0,4,0
services,banking,1,5,13,1,4,0
suggest finger print instead of typing password,banking,1,5,13,1,4,0
just staff should be supportive and sped up in their task,banking,1,5,13,1,4,0
agcl facilities need with low interest,banking,1,3,10,1,4,0
new employees in your bank in neendakara branch are behaving so rude to customers customer are not your servants and you should not order to them to do anything i had a bad experience like that i dont tolerate such kind of attitude,banking,0,1,9,0,0,2
very bad experience anu bank nodu minimum balance illenkil accountil paisa idubol palapozhayi mottam paisa um pidikkunnu rupa yolam oro trippayum pidikkunnu athu kond paisa idan thanne madiyanu ithink quit the account is the correct option,banking,0,1,8,0,1,3
a coffee vending machine would add to the work ethos and client comfort,banking,1,5,1,1,4,0
disgusting,banking,0,1,13,1,0,2
every employeas are in my branch are in prompt servics,banking,2,6,9,2,6,0
every thing seemed to be good especially service,banking,2,2,13,1,4,0
no comments,banking,1,5,13,1,4,0
fully satisfied with the functioning of the branch,banking,2,2,9,2,6,0
implement to customer service especially asst manager and manager,banking,1,5,13,1,4,0
no suggection excellend dealing,banking,2,6,13,1,4,0
very comfortable staffs are working friendly thankyou,banking,2,6,13,1,4,0
friendly appearance to customers,banking,2,6,3,2,6,0
keep respect and proper service to customers,banking,1,5,13,1,4,0
extremely proud to be associated with federal bank,banking,2,6,13,1,4,0
great response from bank employees,banking,2,2,13,1,5,0
best experience,banking,2,6,13,1,4,0
worst banking services,banking,0,1,13,0,0,2
when we take the account statement is it possible to group by transactions eg how much time i have paid for a person or organisation,banking,1,3,13,1,4,0
employees should do their work much more faster,banking,1,5,13,1,4,0
patiently,banking,1,5,13,1,4,0
nice dealings,banking,2,2,13,1,4,0
go ahead,banking,2,6,13,1,4,0
nil,banking,1,5,13,1,4,0
kindly help the people coming there for transactions in zero knowledge,banking,1,5,13,1,4,0
agricultureal gold loan to be re thinking for low class people,banking,1,5,2,1,4,0
please reduce the interest rate of loan,banking,1,3,2,1,4,0
byom loan,banking,1,5,2,1,4,0
becom priffational,banking,1,5,13,1,4,0
keep give customer support thats all,banking,2,6,6,2,6,0
staff responsible supet,banking,2,6,13,1,4,0
extremely happy,banking,2,2,3,2,5,0
lunch break is quite a issue,banking,1,1,13,0,4,0
it was a nice experience because my visit was fully satisfied with the staff,banking,2,2,5,2,6,0
staff communication not good keep mange good office communications,banking,0,1,13,1,4,0
admirable and excellent performance of manager and also well behaved staff,banking,2,2,13,1,5,0
no comment against the bank and its staff,banking,1,5,13,1,4,0
please install cash deposit machine in branches,banking,1,5,9,1,4,1
just continue as you are today,banking,2,6,13,1,4,0
passbook entry should b in ground floor senior citizens find it difficult to go to st floor for this work,banking,1,5,13,1,4,0
excellent service quick process,banking,2,2,5,2,5,0
no idea,banking,1,5,13,1,4,0
super,banking,2,6,13,1,4,0
quick response and explain in detail,banking,2,6,13,1,4,0
be competitive with other banks,banking,1,5,13,1,4,0
i have been getting excellent service from all departments of your branch especially from the customer service,banking,2,2,9,2,5,0
i am quite satisfied,banking,2,2,5,2,6,0
thanks,banking,1,5,13,1,6,0
best and fine service,banking,2,6,13,1,4,0
nothing aiready bank will did everything keep the same way that is my request,banking,2,6,13,1,4,0
highly appreciate as an old customer since,banking,2,2,3,2,6,0
very laggy and disrespectful staff im changing all my family accounts from there,banking,0,1,13,1,4,0
arrange cdm,banking,1,5,13,1,4,0
very senior employee is not cooperative of kattanam branch especially the guy who is sitting in cashier for last years,banking,0,1,9,1,4,0
very good,banking,2,2,5,2,6,0
customer is king,banking,2,6,13,1,4,0
satisfied,banking,2,2,5,2,6,0
prefrence shuld be given to customer satiesfaction,banking,1,5,13,1,4,0
ms akshitha from pvs mangalore branch is kid and helping,banking,2,6,9,2,6,0
carry on with the present efficiency,banking,2,6,13,1,4,0
pls discussion make clarity saving deposit slip paper as well saving operation cost working for other branch make bank good reputation many more,banking,1,5,9,2,4,1
my experience male to male communication is excellent but male to female is not up to mark,banking,0,1,13,1,5,0
wonderful and prompt and friendly too,banking,2,6,13,1,4,0
keep it up,banking,2,6,13,1,4,0
your interest rates are higher than other financial institutions service and staff are excellent,banking,1,3,10,1,5,0
suggestion please make some arrangements for coustomers writing table or stand with standard space and height in case the want fill chelan or theay want to write some documents,banking,1,5,13,1,4,0
loan process,banking,1,3,2,1,4,0
nothing all good,banking,2,2,13,1,4,0
just be having little more mind into work,banking,1,5,13,1,4,0
the present employees are so nice and cooperative at azhidathuchira branch that is why i am fully satisfied,banking,2,2,9,2,6,0
no,banking,1,5,13,1,4,0
please help the customer with form completion like a withdrawal slip,banking,1,5,13,1,4,0
best keep it up,banking,2,6,13,1,4,0
nothing more if you put a toucan system when there are too much people those who come first will not loose the priority,banking,1,3,13,1,4,0
token can be issued to customer on arrival,banking,1,1,13,0,4,0
staff behavior excellent for pass book entry suggest to install a machine enabling the clients themself to take entry and the staff can use the time for other valuable business,banking,2,2,13,1,5,0
thank you,banking,1,5,5,2,6,0
do the needful support to all account holders thanks,banking,1,5,13,1,6,0
need more funding for per gram rate,banking,1,3,13,1,4,0
keep it up,banking,2,6,13,1,4,0
my fed corp app not working many times try,banking,0,1,3,0,4,0
waiting time can be reduced for gold loan and renewal,banking,1,0,2,1,4,0
most valuable customers throughout the world,banking,2,6,13,1,4,0
please allow withdrawal for jupiter customer also without atm card thank you,banking,1,5,7,1,6,0
reserve bank of india eliminated from group stage at rat race in space,banking,1,5,13,1,4,0
communication between branch and regionalzonal office is time consuming it needs to be improved,banking,1,5,9,1,4,1
no honestly speaking i love federal bank margoa goa branch mr abhjit is my hero,banking,2,6,9,2,6,0
less space for car parking,banking,0,1,13,1,4,0
no thanks,banking,1,5,13,1,6,0
your nashik branch above premises compound lot of westage tour paper and carbone cline the premises day to day,banking,0,1,2,0,1,3
train the officer for customer service and empathy,banking,1,5,13,1,4,0
super service,banking,2,6,13,1,4,0
staff is very cooperative and cordial willing to listen with patience and resolve the issues expeditiously,banking,2,1,13,0,4,0
vehicle parking area shall be provided,banking,1,5,13,1,4,0
staff at the branch often display a lack of courtesy and professionalism this needs improvement to ensure a better experience for customers,banking,0,1,9,2,4,0
digital communication with customers need to be improved much it is experienced that no receipt of sms after money transactions not informing at all about monthly transactions or balance customers get informed only when accnt passbook is updated,banking,0,1,13,1,4,0
federal bank poonjar branch very poor and unhealthy behavior,banking,0,1,9,0,4,0
fine,banking,1,5,13,1,4,0
keep and notes in the atm,banking,1,5,7,1,4,0
expecting more customers friendly employees,banking,1,5,13,1,4,0
bank should treat old customers how u treat nri customers once we were also nri and having good deposit wih your bankl,banking,1,3,13,1,4,0
i love federalbank,banking,2,6,13,1,4,0
an annual get together or just a combined meeting discussion with ur depositors sr citizens,banking,1,5,13,1,4,0
more help ful things to middle class people,banking,1,5,13,1,4,0
need to keep as it is thankyou,banking,2,6,13,1,4,0
superb,banking,2,6,13,1,4,0
credit card request celeriow,banking,1,5,2,1,4,0
well done,banking,2,2,13,1,4,0
i federal bank bhawanipur branch,banking,1,5,9,1,4,1
very prompt service,banking,2,6,13,1,4,0
minimum staff transfer year,banking,1,5,13,1,4,0
e mail to be attended phone should b picked up promises to return call to b fulfilled small notes if needed say of to b available,banking,1,5,13,1,4,0
muttada federal bank is excellent as far as staff and services very quick and supportive,banking,2,2,13,1,5,0
i am fed bank costumer for the past more than yrs,banking,1,5,13,1,4,0
not allow to use phone,banking,0,1,13,1,4,0
this time iam extremely happy the quick service tendered to me particualary a young mba from chennai ws outstanding of her service,banking,2,2,3,2,5,0
ok,banking,1,5,13,1,4,0
no issues,banking,1,1,13,0,4,0
all well so far,banking,2,6,13,1,4,0
everything perfect andgood,banking,2,2,13,1,4,0
no comment,banking,1,5,13,1,4,0
no problem working is very fast,banking,2,1,13,0,4,0
everything is in order no suggestions,banking,2,6,13,1,4,0
the package of opening of a savings account needs to be more attractive so that customers feel themselves privilegedsome banks are providing insurance of rs lakhs for carcinoma for the lady customers exclusivelyanything like this,banking,1,5,1,1,4,0
expecting diary for,banking,1,5,13,1,4,0
very helping and cooperative,banking,2,6,13,1,4,0
nothing special,banking,1,5,13,1,4,0
keep up the excellent work,banking,2,2,13,1,5,0
customer service staffstaff who is handling acctopening locker operations and attending queries of customers seems to be overloaded at times this causes inconvenience to customers this happens occasionallynoy always,banking,1,5,3,1,4,1
nice,banking,2,2,13,1,4,0
cdm service in tvm city is not good,banking,0,1,13,1,4,0
keep going,banking,2,6,13,1,4,0
happy with service,banking,2,2,3,2,5,0
some time payment is not going with my account and we all ready rejested my phone number but some apps was saying its not rejested your phone number is it my number like googlepay,banking,0,1,3,1,4,0
change newgen employees,banking,1,5,13,1,4,0
abroad study loans,banking,1,5,2,1,4,0
nothing,banking,1,5,13,1,4,0
behaviour can still handle,banking,1,5,13,1,4,0
service charges may be as like other scheduled banks,banking,1,3,1,1,4,0
nil,banking,1,5,13,1,4,0
ondarful srives,banking,2,6,13,1,4,0
i like fedarel bank all staffs aproachment very nice thank you,banking,2,2,5,2,6,0
nothing to comment,banking,1,5,13,1,4,0
yesrate of interest for fd to be increased in competition with other banks,banking,1,3,10,1,4,0
now everything are okno more ideas and suggestions,banking,2,6,13,1,4,0
for gold loan the amount displayed outside the bank per gram is rs and inside the bank they offered only rs per gram but i got rs from another bank,banking,0,1,2,0,1,3
nill,banking,1,5,13,1,4,0
love you to fed bank good verey good,banking,2,2,13,1,4,0
try to serve by reducing the interest rate you are eating because human being has only one life here instead of declaring that our bank growth this much crore in this financial year and think about mankind struggle to,banking,0,1,10,0,1,3
mrs purnima outstanding in customers serviceexcellent ratinh,banking,2,2,13,1,5,0
nathin,banking,1,5,13,1,4,0
keep it up,banking,2,6,13,1,4,0
no,banking,1,5,13,1,4,0
more atm machine to be installed in the city,banking,1,5,7,1,4,0
nothing much,banking,1,5,13,1,4,0
regarding loans i would request you to kindly issue loan closer letter as soon as the loan is closed,banking,1,1,2,0,4,0
procedure needs more simplification in comparison to other private banks,banking,1,3,13,1,4,0
the cashier behavior was very rude,banking,0,1,13,0,0,2
not good service to bank,banking,0,1,5,2,6,0
procedure note left behind card not clear,banking,0,1,13,1,4,0
pray one and every one may be blessed not to visit such a branch,banking,0,1,9,1,4,0
no suggestions all facility are outstanding,banking,2,6,13,1,4,0
sometimes the computers are not in the working condition to update the paasbookkindly see to it,banking,1,3,13,1,4,0
ok,banking,1,5,13,1,4,0
poor service wasting valuable time,banking,0,1,13,0,4,0
neat,banking,2,6,13,1,4,0
best work,banking,2,6,13,1,4,0
best service our branch,banking,2,6,9,2,6,0
cash deposit machine open in hours,banking,1,5,13,1,4,0
pl keep up the good work,banking,2,2,13,1,4,0
federal bank family miss you,banking,2,6,13,1,4,0
please give me call for detail discussion,banking,1,5,13,1,4,0
facility for sinior citizen,banking,1,5,13,1,4,0
thank you,banking,1,5,5,2,6,0
i have no suggestion,banking,1,5,13,1,4,0
i like federal bank,banking,2,6,13,1,4,0
nil,banking,1,5,13,1,4,0
cashier is not good rude behaviour,banking,0,1,13,0,0,2
very nice staff and bank atmosphere,banking,2,2,7,1,4,0
work speed no late super sir any employ receving exlent atm work is fast total our branch good sir,banking,2,2,7,0,4,0
fedral bank is very good sarvice and very humble parsons so thank you very much fedral bank,banking,2,2,5,2,6,0
in ongole br outside of branch premises open drain is very badly maintained it may be put in good condition with municipal help,banking,0,1,2,0,1,3
no comments all well,banking,1,5,13,1,4,0
staff attitudes,banking,1,5,13,1,4,0
branch staff is good especially mr mayank from panaji goa branch is exceptionally good in handling the queries,banking,2,2,9,2,6,0
tq,banking,1,5,13,1,4,0
insufficient lighting looks very sleepy,banking,0,1,13,1,4,0
everything is fine happy to transact in your bank,banking,2,2,3,2,5,0
nothing,banking,1,5,13,1,4,0
sure in the cheque dropping machine frequent service is required very hard pressing is needed pass book printing machine is very much needed,banking,1,5,13,1,4,0
excellent customer care thanks,banking,2,2,6,2,5,0
no plastic envelope provided for fd all branch employees helpless saying control is from head office then why have u opened the branch atm card expires before due date but very prompt to levy charges,banking,0,1,7,0,1,3
very helpful staff and quick service,banking,2,2,13,1,4,0
nothing in particular,banking,1,5,13,1,4,0
excellent service and excellent personals,banking,2,2,5,2,5,0
branch employee are not bother on the customers some of them have no mercy or no care approach on thecustomers,banking,0,1,3,1,4,0
staff behaviour at the gk branch shouldnt be so bad to people and crowd management as well,banking,0,1,9,0,4,0
all employees in the bank are very very friendly and helpful i have been a client since the bank is also very clean,banking,2,2,13,1,4,0
yours is perhaps the best bank branch in south delhi please keep up the good work,banking,2,2,9,2,6,0
atm and cdm can be changed to new cause since we have the same one here,banking,1,5,7,1,4,0
perfectly everything is alright thank you for everything,banking,2,2,5,2,6,0
why did you take time remittanc in my account,banking,0,1,2,0,1,3
manager level costemer relationship is recommended,banking,1,6,13,1,4,0
the address change process was bit late this time hope this too gets resolve in future,banking,1,3,13,0,4,0
only problem i face is the federal bank cdm machines will not work in some occasions if you have updates about the cdm machines and its working in the federal bank app then it will be a great service other one is federal bank has very less ios app,banking,0,1,3,0,5,0
thanks,banking,1,5,13,1,6,0
two three members whom i usually met with are much wellbehaved and extended service promptly,banking,2,6,13,1,4,0
bring more atm counter atleast all over the city,banking,1,5,7,1,4,0
i would like to say that some of the bank staff dont know what to do or say i really dont like it,banking,0,1,13,1,4,0
everything is fine,banking,2,6,13,1,4,0
nil,banking,1,5,13,1,4,0
current gold loan submission is not reliable,banking,0,1,2,0,1,3
my current account is freeze in branch from last more than month due to some cyber complaint and there is nothing happened by bank and cyber cell branch they will always tell that we are helpless and not able to do anything do anything if possibl,banking,0,1,3,0,4,0
i think everybody should take services of such bank no other bank can compromise with federal bank due to its services and behaviour of staff members,banking,2,6,13,1,4,0
stil not received debit card after request,banking,0,1,7,0,1,3
no as such,banking,1,5,13,1,4,0
branch space is very limited should have little more pleasant interior officers seating is very congested and customers cant interact with officers very feely as one does not want other customers to know what kind of transactions are one doing,banking,1,3,1,1,4,0
being a private sector the bank must ready to pay attention to the customers complaintsnot to be take it easy policy,banking,1,1,6,0,4,1
waiting time too high and worst need immediate attention regard this,banking,0,0,13,0,0,2
online transactions not easy to access,banking,0,1,13,1,4,0
always deduct money please change the rule,banking,0,1,13,1,4,0
authorize the branch msnagers to issue life ceryificates to account holders when needed,banking,1,1,9,0,4,1
despite being customer for more than years in this branch the staff does not even listen to small request very rude and unhelpful staff at sumer nagar borivali west branch,banking,0,1,9,0,0,2
mumbaithane district branches are opened in time at am whereas they were not ready to attend the first customer by am i have noticed that now things have improved since months i am writing this because i am an old ac holder since,banking,1,5,9,1,4,1
please open your branches villages area for suggetion please call mob,banking,1,5,9,1,4,1
actually all good system is also very smooth as a senior citizen we get all facilities very cooperative,banking,2,2,13,1,4,0
costomer identification is very very important for a reputed office,banking,1,5,13,1,4,0
mudakayam branch service is extremely good,banking,2,2,9,2,6,0
totally good suggesting to need more parking area,banking,1,5,13,1,4,0
i am an old customer and happy with personal attention paid by your staff,banking,2,2,3,2,5,0
shortage of staff,banking,0,1,13,1,4,0
there are two atm machines in the branch but most of the time one remains unservicable,banking,1,5,7,1,4,0
please take necessary steps for the printing of passbook at the time of cash transactions or correct the defects of the printig mechine,banking,1,3,13,1,4,0
the bank employee was very good and cooperativemade us feel comfortable,banking,2,2,1,1,4,0
cdm bad comment bad service,banking,0,1,13,0,4,0
no idea,banking,1,5,13,1,4,0
please ensure entry in passbook at the time of every transaction,banking,1,5,13,1,4,0
almost staffs in teller are soo arrogant and behave like all the people appreciating them for borrowing money from them,banking,0,1,3,1,4,0
no parking space for customers especially cars,banking,1,5,13,1,4,0
please install one more cdmcdm doesnt usually work on saturday evenings and sundays,banking,1,5,13,1,4,0
most of the branches lack manpower however there is an excellent mindset in customer service i have been banking with gb almost years both residential and business accounts well satisfied with their services,banking,2,2,9,2,5,0
give an option to change the phone number in fed mobile,banking,1,5,13,1,4,0
best,banking,2,6,13,1,4,0
hi sir im happy with you branch service but madiwala atm always server down no cash and dirty atm belong to tavarekera branch st stage btm layout but bank is not responsive properly thank you,banking,0,1,7,1,5,0
nive,banking,2,6,13,1,4,0
na,banking,1,5,13,1,4,0
all ways keep good customer relationship and more updating developments relating to the banking in india,banking,2,2,13,1,4,0
please make sure cdm facilities in front of the bank is properly working,banking,1,5,13,1,4,0
please refer to my mail ito customer care on st jan i pledged my jewels only with oro gold and renewed regularly but your people auctioned the jewelsthey refused to accept payment also i am taking legal action against oro sunitha,banking,0,1,6,1,0,2
keep going,banking,2,6,13,1,4,0
link jupiter to federal bank fecelities avail cash deposits on jupiter in cdm machine other wise change jupiter to federal account,banking,1,5,13,1,4,0
ayushi vishnoi was really helpful and solved my concern this was after receiving substandard support from sadar bazaar gurgaon branch and calling your customer service hats off to her,banking,2,2,9,2,3,1
all is best,banking,2,6,13,1,4,0
you are giving loan but locker inside dant on jewelry not safe,banking,0,1,2,0,1,3
lunch timings has to be mentioned,banking,1,5,13,1,4,0
nothing everything is fine thanks,banking,2,2,13,1,6,0
minimam balens hotyehuye bhi not account mentan ke bahot paisa mating ho jata hai krupaya ispe dhyan de,banking,0,1,13,1,4,0
rajeevkumar lonavisamundu lake,banking,1,5,13,1,4,0
that is the only reason,banking,1,5,13,1,4,0
plrase provide speed support from branch employees,banking,1,5,9,1,4,1
if any changes on guidelines about gold loansthat has to be informed to party in advanceproper time to be give,banking,1,5,2,1,4,0
keep deposit machine in patamata vijayawada branch all other is very good,banking,1,5,9,2,4,1
i am account holder for many years very friendly treatment by all the staff good bank,banking,2,2,7,1,4,0
i went for cash deposit that one lady was sitting over there and i think she doesnt know to smile or how to behave to a customer she speaks very rudely same like they dont need a customer long life this experience i got from kannur caltex branch,banking,0,1,9,0,0,2
no,banking,1,5,13,1,4,0
the current new staff have no sincerity in the work they do and somehow leave when they complete their duty,banking,0,1,13,1,4,0
sonai,banking,1,5,13,1,4,0
atleast try to mingle with customer in a proper way,banking,2,6,13,1,4,0
please less interest for loan,banking,1,3,2,1,4,0
improve parking facilities,banking,2,6,13,1,4,0
nil,banking,1,5,13,1,4,0
gold loan department not good,banking,2,2,2,1,4,0
nothing more,banking,0,1,13,1,4,0
dont entertain like oro money,banking,1,5,13,1,4,0
i have my account with federal bank since from this one can judge about this bank,banking,2,6,13,1,4,0
new panvel branch employees behavior is poor,banking,2,6,9,0,4,0
make sure about the positioning of atmscdms to avoid glare and sunrays,banking,2,6,7,1,4,0
mobile banking stopped by the management sighting the reason that your mobile is not upgraded,banking,1,5,13,1,4,0
satisfactory services start a debit machine in miraj branch,banking,0,1,9,1,4,0
loan emi notification calls and messages start days in advance which is not required,banking,2,6,2,1,4,0
its sufficient accomodation please do large place for fed bank growing and prosperity to customers my all best wishes,banking,1,6,13,1,4,0
so beautiful bank and consumer is nicely ricpyt,banking,2,2,13,1,4,0
the federal bank is so very good and all bank service is very very good,banking,2,2,5,2,6,0
we need to understand agri loans better,banking,1,5,2,1,4,0
no suggestion its excellent experience thank you,banking,2,2,5,2,5,0
deductions of money from in name of minimum balance and average of account balance,banking,2,6,8,1,4,0
loss of full day at your branch,banking,2,6,9,2,6,0
no idea all employees are great help for each and every problem,banking,0,1,13,0,5,0
please make the two tellers or cashiers counters working only main cashier is accepting deposits so it is becoming very busy while the other cashier is sitting free,banking,1,5,13,1,4,0
you have frozen our building account circus housing society inspite of us giving you all necessary documents your branch manager has no idea how to proceed,banking,0,1,9,1,4,0
please make app more friendly,banking,1,5,3,1,4,1
please keep a standard procedure on gold loan section,banking,1,3,2,1,4,0
next year onwards send some diaries for distribution amongst clientscustomers,banking,1,5,13,1,4,0
during lunch time customer may not be waiting for your staffs arrival,banking,1,0,13,1,4,0
not interested,banking,1,5,13,1,4,0
kanjikode federal bank manager ashwathy menon excellent,banking,0,1,13,1,5,0
please kindly keep stock of new currencies starting from and rupees notes in this year for our labourers bonus payments,banking,1,5,13,1,4,0
bank opinion to they continue or not,banking,1,5,13,1,4,0
try to be more customer friendly,banking,1,5,13,1,4,0
nothing,banking,1,5,13,1,4,0
better treat the customers,banking,1,5,13,1,4,0
more atm and cdma,banking,1,5,7,1,4,0
no thanks,banking,1,5,13,1,6,0
no,banking,1,5,13,1,4,0
the service varies from branch to branch what service i got in other branch i didnt get in my home branch,banking,0,1,9,1,4,0
smooth transaction,banking,2,2,13,1,4,0
bad,banking,0,1,13,0,4,0
hire an employee who are willing to work instead of just coming for eating purpose and chatting,banking,0,1,13,1,4,0
please hire professional staffs,banking,1,5,13,1,4,0
should curtail unwanted charges,banking,1,3,1,1,4,0
we are sr citizen any other investment schemes for us,banking,1,5,13,1,4,0
speed up chequecash clearence as much as better,banking,1,5,13,1,4,0
quite natural,banking,1,5,13,1,4,0
misleading and wrong informations are given upto the manager level all the time dispite lodging complaints l even at high levels,banking,0,1,6,0,4,0
i am not able to get cheque leaf when i am in different statemany people dont carry atmchq always in their pocketi request that this issue may kindly be addressed properly rgds,banking,0,1,7,0,1,3
frequent and widespread communication ot banks offerings offers and products extensive branding on collaterals such as forms and applications,banking,1,5,3,0,4,1
very unprofessional behave,banking,0,1,13,1,4,0
the main sugetions is to give training to employees behave nicely with customersespecialy illutarated and old people that it should forcefully your banks speciality whe compered with o banks everything will come back then and thx,banking,1,5,13,1,4,0
over late,banking,0,1,13,0,4,0
lot of new roles and regulations in jewel loan renewal and new jewel loan also out side sign board shows inside your staff say very very bad experience past months before the best bank federal bank now very bad and useless bank,banking,0,1,2,0,1,3
waste,banking,0,1,13,1,4,0
i applied lapbranch staff well donebut loan department hub took dayslot of time to sanction loanday one i submitted all required documentswhile under writing stage one by one asking in delay processit is o be reduced,banking,0,0,2,0,4,3
cash deposit counter is conjusted employees can have a smile on their face with customers,banking,1,5,13,1,4,0
simpler fed mobile app,banking,1,5,3,1,4,1
students fee counter must be separated,banking,1,5,1,1,4,0
advertise more by local meeting and allow housing loan,banking,1,5,2,1,4,0
jhrjdj,banking,1,5,13,1,4,0
staff behaviour rudeness arrogant politeness improve with staff specially chikodi n m road branch cashier person due to which i am closing sb account,banking,0,1,9,0,0,2
everything is perfect superb staff they have good knowledge service and smiling face,banking,2,2,13,1,4,0
your service charges compared to other banks are very high interest rate to car and home loan is high no special concideration to permanent customers,banking,0,1,2,0,1,3
too much late process,banking,0,1,13,0,4,0
please diposit machine need to vanasthali pourum airya,banking,1,5,13,1,4,0
santhosh,banking,1,5,13,1,4,0
gangasagar,banking,1,5,13,1,4,0
khata number se atm mein paisa jama ho jana chahie ab atm ke bina khata number se paisa jama nahin ho paya hai please usko solve karen,banking,1,5,7,1,4,0
they are deposit charge for non home branch do something about it now a days nobody charges like that deposit charge should be free for first or transaction thats it but without it everything was fine employees are very professional thanks,banking,1,3,1,1,6,0
i need personal loan,banking,1,5,2,1,4,0
truly i appreciate your service and your staff v,banking,2,2,3,2,6,0
nothing more to add because federal bank is customer friendly,banking,2,6,13,1,4,0
when you choose a place for branch development consider good customer parking with a strict security person to avoid third party parking,banking,1,3,9,2,4,1
limited parking space,banking,1,5,13,1,4,0
net banking kaise chalaya,banking,1,3,13,1,4,0
hard and sincere working team and very friendly and cooperative to needy,banking,2,6,13,1,4,0
excellent work and behaviour of the employees,banking,2,2,13,1,5,0
yukbycfzggibjgu fdl,banking,1,5,13,1,4,0
please dont put penalty if theres no funds to pay for mutual fund sip,banking,1,5,1,1,4,0
continue the same spirit,banking,2,6,13,1,4,0
your bank is improved a lot and staff are very kindly i like the services are excellent i recommended many of my to join with your bank all the best,banking,2,2,13,1,5,0
cooperative attitude of bank employees gives inspiration and good information i have had such experience from the bank i expect support from the bank in dealing with digital transactions,banking,2,2,13,1,4,0
present system is working perfectly let it go like that only for the time being,banking,2,6,13,1,4,0
please give a option of auto sweep on low balance,banking,1,5,8,1,4,0
very much interesting andenjoyig service,banking,2,6,13,1,4,0
third class service that is why cliosed,banking,0,1,13,1,4,0
pls plant atlist cash deposit machine,banking,1,5,13,1,4,0
compulsory should be follow token based service required,banking,1,5,13,1,4,0
nice kindly include in fedmobile monthly average balance credit score excel format account statements,banking,1,5,2,1,4,0
commendable efforts,banking,2,6,13,1,4,0
federal bank is the best bank in india for my opinion,banking,2,6,13,1,4,0
s,banking,1,5,13,1,4,0
nothingcancelling account after paying the loanand recommending friends not to take account here,banking,0,1,2,0,1,3
maradu federal bank staffs are very friendly and efficient,banking,2,6,13,1,4,0
every thing moving smoothand excellent,banking,2,2,13,1,5,0
if provide passbook printing mechine most helpfull,banking,1,5,13,1,4,0
we feel comfortable with your bank,banking,2,6,1,1,4,0
gold loan area to be set separate more distrubed,banking,1,5,2,1,4,0
scheme changes desappoinment,banking,0,1,3,1,4,0
some of the old branches look like so old infrastructure as a new age genz look the bank as so old not much advance the first looking impression is not good in your old branches some old atms have the issue also not well maintained,banking,0,1,7,0,4,3
cant say everythink ok,banking,1,5,13,1,4,0
most of the staffs are not interested to give service to the customer and not giving any attention in their job i find lack of efficiency,banking,0,1,13,1,4,0
token system may be given for customers for a better que,banking,1,5,13,1,4,0
the most precious time is wasting when i reach my branch to withdraw even a normal withdrawal of cashsome staffs behave like we are the service prvider and they are the customers,banking,0,1,9,1,4,0
when a customer comes to withdraw cash through cheque the bank employees need not ask why you are not withdrawing from the atm it is the customers choice to choose the mode of withdrawal the employee want to evade from the work load,banking,0,1,7,0,1,3
change the manager mrs priyanka zadokar very incompetent according to federal bank service level,banking,0,1,13,1,4,0
need improvement how to deal and talk with customer,banking,0,1,13,1,4,0
change the gun maan baad person,banking,0,1,13,1,4,0
without any informationbank increased rate,banking,0,1,13,1,4,0
need to pick out the rotten egg from basket,banking,0,1,13,1,4,0
kollakadavu branch nice polite staff good behaviour,banking,2,2,9,2,6,0
always printer not work,banking,0,1,13,1,4,0
in thamarassery kozhikkode district only one atm point available now,banking,1,5,7,1,4,0
dusri bankon se adhik charge katate hain federal bank non mentan ke bahane,banking,0,1,1,0,1,3
i am always happy to services,banking,2,2,3,2,5,0
no all set,banking,1,5,13,1,4,0
please allow eligibility for credit card for normal people whoever working under thousand monthly salary basis,banking,1,3,2,1,4,0
nothing special,banking,1,5,13,1,4,0
presently no suggestions bank atmosphere looks very pleasingthank you,banking,2,2,7,1,6,0
better than other bank,banking,2,6,13,1,4,0
cash time manivare akkuka,banking,1,5,13,1,4,0
nothink,banking,1,5,13,1,4,0
some time surver is very slow otherwise all services will be good no problem,banking,1,1,13,0,4,0
nice nothing to shareonly inconvenience due to construction of highwaythat is to allno waythanks a loti prefer fbnd was a customer from with a sb ac nd nre nd respectivelythank u,banking,1,5,13,1,6,0
behaviour of staff is excellant steps may kindly be taken for installing cdm working of the present atm is not satisfactory,banking,1,3,7,1,4,0
really i am very happy with my banking experience all are supportive staffs i am happy,banking,2,2,3,2,5,0
cash deposit machine is needed in pazhayangadi,banking,1,5,13,1,4,0
the space is not sufficient,banking,0,1,13,1,4,0
supre,banking,2,6,13,1,4,0
bank officers friendly approach like it,banking,2,6,3,2,6,0
regarding agriculture loans and benefits for lady farmers and farmers in general you can have an advices there are plenty of pm schemes and nabard schemes we are actually not knowing many this can help develop agriculture,banking,1,5,2,1,4,0
agri laon fecilites in rural branches to be done quickly,banking,1,5,9,2,4,1
fsst service,banking,2,6,13,1,4,0
i like everything about you and everyone is behaving very nicely,banking,2,2,13,1,4,0
you should give pre approved offers to the old customer,banking,1,5,3,1,4,1
nothing else but service is hood,banking,2,6,13,1,4,0
cash depositing machine is required in most of busy branches,banking,1,5,9,1,4,1
one day advance intimation about the intrest due date on account of the gold loan will help the concerned person to avoid the penel intrest,banking,1,5,2,1,4,0
should be more cooperative n humble,banking,1,5,13,1,4,0
the transaction charges are high and the same is required to be reduced,banking,0,1,1,0,1,3
employee trust,banking,2,6,13,1,4,0
suggest to open netbanking in minor account with parents custer id,banking,1,5,13,1,4,0
increase free deposit limit from to bigger size,banking,1,3,13,1,4,0
required more staffs for easy work flow,banking,1,5,13,1,4,0
please educate the branch manager with term and policymain to learn customer services,banking,1,5,9,1,4,1
please give me a new year diary,banking,1,5,13,1,4,0
may l help you counter,banking,1,5,13,1,4,0
please bring some new schemes which are helpful to multiple our money and reachable to poor people also,banking,1,5,13,0,4,0
very much satisfied with this bank,banking,2,2,5,2,6,0
deal with your customers first have meetings with branch managers afterwards after customers leave,banking,1,5,9,1,4,1
minimum atm counter with telore machine thats time you are great bankar,banking,1,5,7,1,5,0
i would like to talk some confidential matter about vallappuzha branch in palakkad district to the higher officials only,banking,1,5,3,1,4,1
satisfactory,banking,2,6,13,1,4,0
debit card not provided on id account sbi does it will be very useful if could included,banking,1,5,7,1,4,0
you are always with us and help uspass book inactive korne se pehele ekbar message sure kore,banking,2,6,13,1,4,0
no service is ok,banking,1,5,13,1,4,0
helpful for me,banking,2,2,13,1,4,0
bh,banking,1,5,13,1,4,0
shakha ke prati koi nakaratmak vichar nahin hai,banking,2,6,7,1,4,0
need to improve a lot to bring in the desired customer delight no one smiles in your premises more pisitivity and enthusiaam to be displayed,banking,0,1,2,0,1,3
not proper speedy movements of posted cash cheques to the passing official is the only problem i faced at the branch counter,banking,0,1,9,0,4,0
i use your bank only for gold loan purpose now thats been struggle with you,banking,0,1,2,0,1,3
personal loan not avalebal thats it,banking,0,1,2,0,1,3
pl talk in kannada in bank,banking,1,5,13,1,4,0
dont be greedy its my honest and valuable suggestion,banking,0,1,13,1,4,0
there is no mobile network at pimpri chinchwad branch care should be taken while selecting a branch location for such basic and essential needs corrective action to improve signal strength should at least be implemented,banking,0,1,9,1,4,0
gy,banking,1,5,13,1,4,0
cdm,banking,1,5,13,1,4,0
im telling more atm open,banking,1,5,7,1,4,0
your gold loan fee should be gone,banking,1,5,2,1,4,0
inform that atleast at the time of account opening that will deduct,banking,1,5,13,1,4,0
no comments simply waste employees in branch,banking,0,1,9,1,4,0
functioning in an effective mannerdefinitely much better than other commercial banksno fresh suggestions,banking,2,6,13,1,4,0
just keep a dustbin near the area where you keep the deposit slipand keep that area a bit organised,banking,1,3,13,1,4,0
much cooperative bank staff always ready to help bank customer thanks federal bank family,banking,2,2,13,1,6,0
so sweet,banking,2,6,13,1,4,0
please provide needy services like credit cards and personal loan for salary account holders within the limit,banking,1,3,2,1,4,0
conditions layed down for benefit iof senior citizens sb account mn may be simplified,banking,1,5,13,1,4,0
one of the staff is wrongly behaviour,banking,0,1,13,1,4,0
you have to inform customer before you can collect the tax for transaction without knowing any kind of details you can taken an amount from customer account and tax amount will be automatically credited to your bank account so its not correct,banking,0,1,2,1,4,0
because of your turnover had reached in sankari salem branch dont say we are not cabale of getting loan in any other bank are any other limited finance should know the value of the customer,banking,0,1,2,0,1,3
improving your services,banking,1,5,13,1,4,0
the bank may consider opening new branches in states where its presence is relatively lesser,banking,1,3,9,1,4,1
nil,banking,1,5,13,1,4,0
increase set up branches in haryana,banking,1,5,9,1,4,1
sir account number open karna h,banking,1,5,13,1,4,0
rupees cut hua hai,banking,0,1,13,1,4,0
i went there to close my bank account the service was quick the bank stuff were very nice and knowledgeable i really appreciate there effort,banking,2,2,3,2,6,0
the branch is not comfortableand small spaces,banking,0,1,9,1,4,0
customer ko waiting nahin karna chahie jo customer aaya hai usko turant free karna chahie posting time bhi bahut delay ho gaye hain customer handling is very very slow customer question fast service for customer ko,banking,0,0,13,0,4,0
kishan,banking,1,5,13,1,4,0
i am professional dr since yr and seniour citizen also i want to pup loan on my property urgently,banking,1,5,2,1,4,0
superb,banking,2,6,13,1,4,0
my account problem payment not transfer upi and scan not active debit account is blocked please merey problem ka salutioan kare,banking,0,1,13,0,4,0
provide otp,banking,1,5,13,1,4,0
hm,banking,1,5,13,1,4,0
deposits and withdrawals has to be paperless suggesting to find a via media to solve this,banking,1,5,13,1,4,0
nothing,banking,1,5,13,1,4,0
achaja dadri gb nagar up branch teem is very bed and behavior is very rud,banking,0,1,9,2,4,0
wonderfuservice and support to the local community keep it up,banking,2,6,13,1,4,0
send me credited amount massages,banking,1,5,2,1,4,0
please condensation personal loan,banking,1,5,2,1,4,0
if you are telling something to someone then do it like the same dont tell any wrong information to customers i dont like your service and i am not even like to take your service i think to begin an nri account in federal bank but now not,banking,0,1,13,1,4,0
please provide ladies staff is comfortable to village people,banking,1,5,13,1,4,0
no comments,banking,1,5,13,1,4,0
forex card option would be good to introduce,banking,1,5,13,1,4,0
replace the atm,banking,1,5,7,1,4,0
not enough the atms,banking,0,1,7,0,1,3
atm is not in use for deposit withdrawal ok pl arrange for deposit also,banking,1,5,7,1,4,0
add mobile number,banking,1,5,13,1,4,0
must have knowledge about services with process,banking,1,3,13,1,4,0
friendly staff fast response and service,banking,2,6,13,1,4,0
super knowledge eamployees,banking,2,6,13,1,4,0
my account cibil pakka but lone not avalaple,banking,0,1,13,1,4,0
please reinstate old policies or yr gold business will collaps,banking,1,5,13,1,4,0
do business easily like dubai for development of bank customers like us,banking,1,5,13,1,4,0
for fixed deposit please give the receipt advice in thick printed sheet so that we can keep it safely in our files,banking,1,5,13,1,4,0
the available options are not present in detail in any online forumthis is blocking us to take informed decision,banking,1,5,13,1,4,0
more branches for tirupr dt,banking,1,5,9,1,4,1
need option for renew gold loan with interest amount and processing fees only in same day,banking,1,3,2,1,4,0
provide the brouchers to loan applicants with the scheme details loan tenure period and rate of interest to applicant before pledging the loan,banking,1,3,2,1,4,0
need your employees are learn some how to give respect to all customers,banking,1,3,13,1,4,0
deposit machine,banking,1,5,13,1,4,0
please explain ur rules and regulations all coustomers,banking,1,5,13,1,4,0
lon,banking,1,5,13,1,4,0
must include automatic passbook printer,banking,1,5,13,1,4,0
need free travel vouchers for my transactions,banking,1,5,13,1,4,0
nothings,banking,1,5,13,1,4,0
branch manager mr santosh is very humble and sinsire man,banking,2,6,9,2,6,0
your bank server issue,banking,0,1,13,0,4,0
keep up this rythamthat is more than enough,banking,2,6,13,1,4,0
interstate transfer of accounts should be smooth and more customer friendly,banking,1,5,13,1,4,0
no,banking,1,5,13,1,4,0
nil,banking,1,5,13,1,4,0
india no bank,banking,1,5,13,1,4,0
i want atm card,banking,1,5,7,1,4,0
k,banking,1,5,13,1,4,0
very convenient approach and very fast completion of any process,banking,2,3,3,2,6,0
there where less people during deposit but it take so many minutes kindly introduce token system,banking,1,3,13,1,4,0
try to provide us free sms alert service,banking,1,5,13,1,4,0
i am extremely pleased with the courteous and prompt service of the bank federal bank is the only bank in the neighborhood that updates the passbook immediately after depositing or withdrawing money and sends updates without delay,banking,2,0,13,0,4,0
nil,banking,1,5,13,1,4,0
please arrange one more extra employe,banking,1,5,13,1,4,0
money deposit time increase at lest o clock,banking,1,5,13,1,4,0
nothing,banking,1,5,13,1,4,0
staff are very coperative,banking,2,6,13,1,4,0
super bank,banking,2,6,13,1,4,0
need to increase manpower,banking,1,5,13,1,4,0
atm machine morning time before am and night af ter pm unable to withdraw cash for emergency,banking,0,1,7,0,1,3
quick and easy process,banking,2,3,13,1,4,0
instant welcome kit should be given,banking,1,5,13,1,4,0
tell truth and convincing,banking,1,5,13,1,4,0
staff strength needs to be increased,banking,1,5,13,1,4,0
jewel loan advertisement required,banking,1,5,2,1,4,0
not sef gold lon kabhi bhi skim badha ho jati he or puraa pement bharna padta he,banking,0,1,13,0,4,0
sahi vyavhar nhi hai,banking,0,1,13,1,4,0
w,banking,1,5,13,1,4,0
its ok,banking,1,5,13,1,4,0
bhot hi acha behaviour hai,banking,2,6,13,1,4,0
service improved,banking,2,6,13,1,4,0
no more comments vegy service,banking,1,5,13,1,4,0
no suggestions friendly and promt services from fedaral bank,banking,2,6,13,1,4,0
im proud of my account fedral bank,banking,2,6,13,1,4,0
wonderful service and hospitality,banking,2,6,13,1,4,0
second line is lacking,banking,0,1,13,1,4,0
we want big building,banking,1,5,13,1,4,0
believe me these two ladies just rocked the manager her assistant,banking,2,6,13,1,4,0
awesome experience,banking,2,2,13,1,5,0
gold loan please dont change rules fix one rule,banking,1,5,2,1,4,0
plz prsonal loan my included okkk,banking,1,5,2,1,4,0
helped me while i am at chennai to withdraw cash from my account at kazhakkoottam,banking,2,6,13,1,4,0
all fine,banking,2,6,13,1,4,0
please reduce the amount of minimum balance from to rs,banking,1,5,8,1,4,0
my connection with federalbank isnow more than years what to say more,banking,2,3,13,1,4,0
looking forward to preapproved personal loan offer from the bank,banking,1,5,2,1,4,0
cash withdrawal withdrawal form is enough why to waste a cheque leaf in case of personal visit,banking,1,3,13,1,4,0
please do the quick response on account opening,banking,1,5,13,1,4,0
dont force account holder,banking,0,1,13,1,4,0
only problem i face is the federal bank cdm machines will not work in some occasions if you have updates about the cdm machines and its working in the federal bank app then it will be a great service other one is federal bank has very less ios app,banking,1,1,3,0,5,1
always our branch is suffering from short of staff required sufficient staff to be get standard quality of services thank you,banking,1,5,9,2,6,1
please have the cash certificates for a fresh one as you used to have earlier and for renewal you can attach hard paper attachment like they have in central bank of india the thin paper without plastic cover gets soiled and mutilated fast,banking,1,5,13,0,4,0
server problem is an issue,banking,1,1,13,0,4,0
they dont help customers when i need help,banking,1,3,13,1,4,0
online banking,banking,1,5,13,1,4,0
account maintainance cost and debit card maintain cost is very high soo keep the charges low,banking,1,3,7,1,4,0
please send some seniors take a survey and change this situation if you can contact personly then we will give you the correct feedback,banking,2,6,1,1,4,0
easily accessible and convey with staff and manager rectification of problems easily with staffs contributions is highly respectable,banking,1,1,13,0,4,0
you should maintain time dead lines to resolve an issue,banking,2,1,13,0,4,0
worst communication worst behaviour,banking,1,1,13,0,0,2
dont want to take annual maintenance because we keep in our account,banking,0,1,13,1,4,0
branch manager not talking with customer several times,banking,1,5,9,1,4,1
que management system can be introduced,banking,0,1,13,1,4,0
provide all information to the customers,banking,1,3,13,1,4,0
what about unnecessary bank charges,banking,1,3,1,1,4,0
increase staff level at your branch,banking,1,5,9,1,4,1
need beat service,banking,1,5,13,1,4,0
nothing to complain about i am very happy to visit the branch,banking,1,5,3,2,5,1
sir palladam br all staffs very nice person and service also super,banking,2,2,13,1,4,0
very cooperative understanding and courteous branch,banking,2,6,9,2,6,0
may i help you counter required,banking,2,6,13,1,4,0
hi,banking,0,1,13,1,4,0
machine not working wasted my time,banking,1,1,13,0,4,0
present mecheri federal bank manager as well as staff very nice response especially manager great,banking,0,1,13,1,5,0
super experience super bank i am full safftifi ed,banking,2,6,13,1,4,0
i went there away from my home branch if you can bring in either otp identification or through appfunctionalityeither to withdraw money or take dd,banking,2,6,3,2,6,0
open more branches and do aggressive marketing for housing and vehicle loans,banking,1,5,2,1,4,0
campaigning for customers could be increased,banking,1,5,13,1,4,0
online support,banking,1,5,13,1,4,0
replace old furmitures for custemers,banking,1,5,13,1,4,0
vapi federal,banking,1,5,13,1,4,0
fast tag should function correctly,banking,1,5,13,1,4,0
parking is difficult so suggest better parking area,banking,1,5,13,1,4,0
atm rs note,banking,2,6,7,1,4,0
amc is main issue for a debit card st clear that issue,banking,0,1,7,0,1,3
provide gift for valuable customer who give business to the bank,banking,1,5,13,1,4,0
debited amount on september not credited yet so no suggestion,banking,0,1,2,0,1,3
using fed corp similar transaction not allowedsir,banking,0,1,13,1,4,0
a friendly and efficient branch,banking,2,6,9,2,6,0
extremely satisfyingno more suggestions,banking,2,6,13,1,4,0
staff support is extremely superb,banking,2,6,13,1,4,0
install passbook updating machine in the branch for the convenient of customers and to reduce work load of bank staff,banking,1,5,9,1,4,1
in my opinion everything nice,banking,2,2,13,1,4,0
your asst branch mangers services responces are worstrectify it immediately when we dine payment and your asst branch mangers throwing the gold aransmesntsrectify it immediately,banking,0,1,9,0,0,2
more seats facilities should be arranged,banking,1,5,13,1,4,0
four wheeler parking problem iam parking at a distance n take a walk to come to bank,banking,1,1,13,0,4,0
only if weold people small denominationsas we cant get it from outside,banking,1,5,13,1,4,0
they are customers freindly,banking,2,6,13,1,4,0
roi and service chance needs some waiver to attract more customer,banking,1,5,10,1,4,0
system is very poor,banking,0,1,13,0,4,0
try to ensure that the branch is answering the calls,banking,1,5,9,1,4,1
if we could get a reminder on payments pending and the balance in account as a caution,banking,1,0,2,0,4,0
branch should be ready to service customers at am,banking,1,5,9,1,4,1
khanna branch has not power to issue credit card pls do the needful,banking,1,1,2,0,4,0
try to open this edavannappara branch very near to town,banking,1,5,3,1,4,1
branch is too small as no of customer is increasing day by day,banking,1,5,9,1,4,1
need to assit customer wuth proprer procedures,banking,1,5,13,1,4,0
well behaved and polite staff in trichy kknagar branch regards yovanpeter,banking,2,2,9,2,6,0
we would be looking forward to such helpfull and attentive staffs,banking,2,2,13,1,4,0
coustomer ko batana chahiye terms and conditions account ka kuch nhi batate hai upar se ladte hai kuch bolne se,banking,0,1,13,1,4,0
loan take over from another bank its useful for personal loan users,banking,2,6,2,1,4,0
my credit card request please help me,banking,1,5,2,1,4,0
pls keep mobile,banking,1,5,13,1,4,0
there is no help from the bank manager about the lien mark of accounts despite giving all the information,banking,0,1,13,1,4,0
only need a phone nr at any working hours customers can contact,banking,1,5,13,1,4,0
branch koi be member ache se bat nhe krta hai or pass me atm hai jo ke month se kharab padaa hai na to jamaa hota hai na he cash melta hai,banking,0,1,7,0,1,3
needs timely updates,banking,1,5,13,1,4,0
very very carefully responsibility thank you,banking,2,2,5,2,6,0
atm machin se dipojit ki suvidha mil jaye to aur achcha ho jay,banking,1,5,7,1,4,0
try to always keep enough cash in atm and avoid the conveniences occur in cdm,banking,1,5,7,1,4,0
already very nice,banking,2,2,13,1,4,0
waiting for mnutes but busy man,banking,0,0,13,1,4,0
reg fd on renewal you give a fresh print out i want a certificate as done earlier making entries at the back sideto know how it has grown today easy for a senior citizen my request on several occasions not considered,banking,1,3,13,1,4,0
too many calls from loan recovery team of instalment is delayed that too for a loan account in which ever installment was done correctly for years you are behaving as if the loan has become npa or something very bad service,banking,0,0,2,0,1,3
very nice employee,banking,2,2,13,1,4,0
just maintain same service from team members for the customers,banking,2,6,13,1,4,0
i had a nice experience in federal bank,banking,2,2,13,1,4,0
credit card facility you must provide to old customer in bank services and personal loan facility in low interest rate or other cc facility to every account holder from federal bank thanks,banking,1,3,2,1,6,0
can you release lock system of min balance,banking,1,5,8,1,4,0
another banks are give credit cards to me but federal bank in years transaction no credit card kindly pls sagest a card offer to me i can very easy to handle to the federel bank mobil banking system,banking,1,5,2,1,4,0
we are eagerly expect personal loans more cdm at kottayam township is appreciated,banking,1,5,2,1,4,0
please reduce your amb its heavy burden for me,banking,0,1,13,1,4,0
i want new card my old card missed,banking,1,5,13,1,4,0
you have to improve a lot in all aspects there is lot of scope for improvement in all aspects of your banking,banking,1,5,13,1,4,0
years with thrikkakkara branchwe are quite pleased with the care and support of the staff members,banking,2,6,9,2,6,0
chai puch liya kro bas,banking,1,5,13,1,4,0
me i criedt cards,banking,1,5,13,1,4,0
worst interest charge on the loan always defers monthly,banking,0,1,2,0,0,3
bank employee,banking,1,5,13,1,4,0
pathetic service and csat is red executive services behaviour is very rouge in nature,banking,0,1,13,0,0,2
more staff required,banking,1,5,13,1,4,0
castumar care pr call karo to bevkoof bnaya jata h,banking,0,1,13,1,4,0
suggest to adopt energy conservation measures like operating alternative airconditioners and not all at a time and providing motion sensor ligjts in less frequently used places,banking,1,5,13,1,4,0
gp with federal bank,banking,1,5,13,1,4,0
online ordering of cheque book from mobile app can be looked into,banking,1,5,3,1,4,1
opening and closing time need to well rigid,banking,1,5,13,1,4,0
more atms in kolkata city,banking,1,5,7,1,4,0
iam satisfied with the bank,banking,2,2,5,2,6,0
i feel so friendly,banking,2,6,1,1,4,0
car parking too much height that tobe reduced,banking,1,5,13,1,4,0
high charge,banking,0,1,1,0,1,3
kindly change the bank location,banking,1,5,13,1,4,0
there is a need of telephone in the branch,banking,1,5,9,1,4,1
increase atm machine,banking,1,5,7,1,4,0
about bank rules by phone to customers,banking,1,5,13,1,4,0
increase a more bank staff,banking,1,5,13,1,4,0
savice is best,banking,2,6,13,1,4,0
nice branch,banking,2,2,9,2,6,0
please you provide two cash count,banking,1,5,13,1,4,0
call me,banking,1,5,13,1,4,0
partial withdrawal option with fd other banks are providing this,banking,1,5,13,1,4,0
very efficient and cooperative staff,banking,2,6,13,1,4,0
all greatkudos to hemavarshini exxxxtremrly helpful and articulate,banking,2,2,13,0,5,0
we dont get any information about loan we have taken official dont bother to retefey the date and we have to pay extra interest charges overall very bad,banking,0,1,2,0,4,3
i encountered rude behavior from a staff member when i asked if deposits were accepted at this counter instead of simply responding with a yes or no he mockingly told me read the board if you want this was a very insulting incident,banking,0,1,13,0,0,2
all things r in order no chance for suggestiom pls,banking,2,6,13,1,4,0
happy with cooperative employees and their satisfactory support,banking,2,2,3,2,5,0
rules and regulations changing day by day and ur processing the loan also very expensive,banking,0,1,2,1,1,2
not specified,banking,1,5,13,1,4,0
provide seperate insurance counter,banking,1,5,13,1,4,0
more space is recommended for future growth,banking,1,6,13,1,4,0
high interest rates,banking,0,1,10,0,1,3
call me on,banking,1,5,13,1,4,0
should improve customer care and relation,banking,1,5,6,1,4,1
its a lovely home atmosphere and frank and friendly behavior of the staff really commendable,banking,2,6,7,1,4,0
fast service requesting,banking,1,5,13,1,4,0
federal bank staff are generally veey friendly and attwnd to the customers issue promptly the only area of negativity is staff coming from other cities especially south they dont understand hindi nor the local language though they are curtious,banking,1,1,13,0,4,0
lovely employees great experience,banking,2,2,5,2,5,0
better if you could wave the mimimam balance if possible,banking,1,5,13,1,4,0
the bank does not have proper infrastructure service comparatively too low,banking,0,1,13,1,4,0
outstanding service,banking,2,6,13,1,4,0
have an office on main stream,banking,1,5,13,1,4,0
your branch do not care for senior citizen required denominations of notes are never available if at all it is there cashier does not want to give,banking,0,1,9,1,4,0
some good employee not too much but knowledgeable,banking,1,5,13,1,4,0
unfriendly behaviour from one of the staff members when i visited the bank last time may be corrected,banking,0,1,13,1,4,0
i find it orderly however a bigger sofa to sit for senior citizens would be a nice addition,banking,1,5,13,1,4,0
stop levying hidden charges there is no difference between thieves and you,banking,0,1,1,0,1,3
employees can improve to mingle with customers they are not mind medium income people,banking,1,5,13,1,4,0
my experience has been very satisfying so far,banking,2,6,13,1,4,0
the services are appreciated need to installcdm to make transactions smootheradditionally opening more branches and increasing the number of atms in satara would greatly enhance accessibility and convenience for customers across the city,banking,1,5,7,1,5,0
payment after immidiatly you csn give my gold item,banking,1,5,13,1,4,0
you have to continue the same type of service in the coming years also tqu,banking,2,6,13,1,4,0
smile costs zero ruppee security interacts way better than some of your staffs at the branch,banking,1,5,9,1,4,1
another one cashcounter to be provided,banking,1,5,13,1,4,0
all is perfect no need to give any suggestion,banking,2,6,13,1,4,0
pls provide experienced staff,banking,1,5,13,1,4,0
no changes for me,banking,1,5,13,1,4,0
friendly and resposible,banking,2,6,13,1,4,0
iam satisfied with the bank,banking,2,2,5,2,6,0
need more employee,banking,1,5,13,1,4,0
nice and peaceful banking experience with federal hope it continues in the same way,banking,2,2,13,1,4,0
no update still,banking,1,0,13,1,4,0
nothing everbody,banking,1,5,13,1,4,0
pl ask cash counters people to be honest in telling new notes availability,banking,1,5,13,1,4,0
employees are more important for any banking experience i had experience also with federal bank while availing loan but had experience also while taking help from branch,banking,1,5,2,1,4,0
the service charges for transactions is expensive,banking,0,1,1,0,1,3
nothing particular,banking,1,5,13,1,4,0
try to connect with the customer,banking,1,5,13,1,4,0
prosnol loan required please approved,banking,1,5,2,1,4,0
dont charge extra amounts for online transactions,banking,0,1,1,0,1,3
our teekli branch employees are nice,banking,2,2,9,2,6,0
service and behaviour,banking,1,5,13,1,4,0
frequent changes of executives,banking,1,5,13,1,4,0
dont change staff,banking,1,5,13,1,4,0
pathetic experience what should u tell u,banking,0,1,13,0,0,2
very worst behavior from the bank staff,banking,0,1,13,0,0,2
i appreciate your services wishes,banking,2,2,3,2,6,0
no cmt,banking,1,5,13,1,4,0
have some more camps in public interest like senior citizen card issuance and other govt shemes,banking,1,3,13,1,4,0
i am very much impressed and satisfied your service and friendly staff trouble free transaction thanks,banking,2,2,5,2,6,0
two days back hours latee staff given cash,banking,0,1,13,0,4,0
ui am torslly c satisfige,banking,2,6,13,1,4,0
allready its in advance,banking,1,5,13,1,4,0
every thing perfect,banking,2,6,13,1,4,0
its awesome,banking,2,2,13,1,5,0
a bit about personal loan,banking,1,5,2,1,4,0
service is but your loan documenton charge is very high comparing to some other commercial banks,banking,0,1,2,0,1,3
i want to filled a complaint against dwarka sec branch,banking,0,1,6,0,4,0
please dont waste customers time,banking,1,5,13,1,4,0
please say to employees do not use mobile phone for personal talks while handling customers,banking,1,5,13,1,4,0
i love the experience,banking,2,6,13,1,4,0
plz avoid imps charges,banking,1,3,1,1,4,0
federal bank did not give personal loans to common person like me i wish you change your attitude thank you,banking,0,1,2,1,6,0
everything is fine in our branch,banking,2,6,9,1,4,0
your staff miss guided me on wrong way to get the money from one account using check,banking,0,1,13,1,4,0
superrrrrrrrrrr,banking,2,6,13,1,4,0
pls appoint morr employees,banking,1,5,3,1,4,1
my complements,banking,2,6,13,1,4,0
nice experience with branch,banking,2,2,9,2,6,0
no suggestions it is ok no problem,banking,1,1,13,0,4,0
please change ast managet from palluruthy brach,banking,1,5,13,1,4,0
not working on my complaint after hour,banking,0,1,6,0,4,0
continue the same,banking,2,6,13,1,4,0
by sms try to give balance amount after any transaction,banking,1,5,13,1,4,0
plz avoid frequent transfer of staffs,banking,1,5,13,1,4,0
pls make it customer friendly support customer to understand the best options for a request submitted ex loans and credits all customers reaching bank dont know the bank policies and terms,banking,1,6,2,1,4,0
the time taken by the bank employees to complete the work is very slowly and we need to spend for any jewel loan renewal or release we need to spend the whole day with the banksome employees find priorities to the pawn brokers,banking,0,1,2,1,4,0
staffs are well trained and cooperative but no calendar or dairy handover to us but other banks even finance company supplying the same,banking,1,5,13,1,4,0
branch employee are very active and always they satisfied customer services,banking,2,2,9,2,6,0
nothing feeling grateful,banking,2,6,1,1,4,0
present team of staff are expertise,banking,2,6,13,1,4,0
astablish atm s,banking,1,5,7,1,4,0
worst,banking,0,1,13,0,0,2
no respect eploiment worst branch indoddaballpra branch,banking,0,1,9,0,0,2
some branch do not give proper service and answer also,banking,0,1,9,1,4,0
please increase the interest rate on savings account,banking,1,3,10,1,4,0
my ac last two yers i feel very bad service also lost five thousands rs,banking,0,1,1,0,1,3
treat all customers in same manner,banking,1,5,13,1,4,0
nothing about the staff and branch but need improvements in net banking portal,banking,1,5,9,1,4,1
always there are ways for improvement,banking,1,5,13,1,4,0
i never ever this kind poor banking service fed bank taliparamba branch,banking,0,1,9,0,4,0
rudly,banking,0,1,13,1,4,0
new officials need irientation training,banking,1,5,13,1,4,0
keep it maintain,banking,1,5,13,1,4,0
hire more staffs open more counters that will reduce time consumption,banking,1,5,13,1,4,0
dont fool customers,banking,0,1,13,1,4,0
remove my lien urgently,banking,0,1,13,1,4,0
increase the depositing cash machine,banking,1,5,13,1,4,0
staff shortage,banking,1,5,13,1,4,0
branch staff is not respecting the customers,banking,0,1,9,1,4,0
can accept client request,banking,1,5,13,1,4,0
not modern services,banking,1,5,13,1,4,0
increase in manpower to attend customers efficiently,banking,1,5,13,1,4,0
nice behave,banking,2,2,13,1,4,0
branch employee should be behave equally with who open an account online from federal bank website and who open account in branch because employees directly said that we are not doing any kind of work who open account online,banking,0,1,9,1,4,0
improve service,banking,1,5,13,1,4,0
plz install ceiling fans in shivane branch,banking,1,5,9,1,4,1
for better public service take training for staff how we give service with minimum time,banking,1,3,13,1,4,0
when we paid the due amount of credit card not updating immediately,banking,0,1,2,0,1,3
employee in counter was supportive at time,banking,2,6,13,1,4,0
need cash deposit machine for hasslefree experience,banking,1,5,13,1,4,0
some employees are not available on their desk at working hours,banking,0,1,13,1,4,0
it is difficult for senior citizens to physically access the bank it would be nice if there is some form of online communication with the branch,banking,1,5,9,2,4,1
attract coustomer,banking,1,5,13,1,4,0
bhagar work,banking,1,5,13,1,4,0
the branch manager mr vaibhav jain is super talented,banking,2,6,9,2,6,0
they must accept that the money is belong to public and should respect the people with less knowledge and lack of banking procedure not blaming all but i saw their behavior i know you are working with money and tension its a requestthanks,banking,1,3,13,1,6,0
personal loans if it can be as quick as byom,banking,1,5,2,1,4,0
everything was customer oriented,banking,2,6,13,1,4,0
loan not to pay for valuable person our branch,banking,0,1,2,0,1,3
please provide a personal loans for genuine customers,banking,1,5,2,1,4,0
doing speed,banking,1,5,13,1,4,0
validate the customer,banking,1,5,13,1,4,0
customer care friendly staff team soooperrrr,banking,2,6,6,2,6,0
services are very and customer friendly,banking,2,6,13,1,4,0
please provide actual staffs for speed up service,banking,1,5,13,1,4,0
i could get my fd without any hassle at home,banking,2,6,13,1,4,0
add more staffs,banking,1,5,13,1,4,0
butter again,banking,1,5,13,1,4,0
the teller of mala branch was rude and arrogant,banking,0,1,9,0,0,2
less wating time bank staffs behaviour,banking,2,6,13,1,4,0
my mpin is what,banking,1,3,13,1,4,0
increase staffs,banking,1,5,13,1,4,0
the bank and branch is perfectly goog,banking,2,6,9,2,6,0
i am a account holder since years,banking,2,6,13,1,4,0
the fast way they did when i had an issue made me impressed of the service of their work and it was done in quick time,banking,2,1,13,0,4,0
inshad ali,banking,1,5,13,1,4,0
may i know the reason for not intimation on kcc gold sub vention scheme closed as on mar why did u do the loan on kcc scheme,banking,1,3,2,1,4,0
foe closing gold loan waiting more than minutes same also to get a gold loan,banking,0,0,2,0,1,3
train the cashier of manjalpur branch,banking,1,5,9,1,4,1
please process the gold loan a bit faster,banking,1,3,2,1,4,0
cool drinkssummer season,banking,1,5,13,1,4,0
leave unethical operations and listen and understand customer new gen banks are coming with ai and new ideas be ready to face the date like jio over idea,banking,1,5,13,1,4,0
hello,banking,1,5,13,1,4,0
since i have download the fed app i hardly visit to the branch i do most of my transaction online app,banking,2,6,3,2,6,0
everything very nice my request i starting business looking for some loan any possibility please,banking,1,5,2,1,4,0
approach of counter staff is highly appreciated,banking,2,2,3,2,6,0
santhosh kumar,banking,1,5,13,1,4,0
be punctual to the customer,banking,1,5,13,1,4,0
i have more than accounts in many banks but this one is the best,banking,2,6,13,1,4,0
nothing more but few atm with cdm is required,banking,1,5,7,1,4,0
want to do more deposits in your bank,banking,2,6,13,1,4,0
spe,banking,1,5,13,1,4,0
bank robbery is possible automatic alarm should be installed in case of any suspicious stranger coming near the staff with weapons,banking,1,5,13,1,4,0
clearly say customer to how much he need to pay interest when renew a gold loan because as per interest rate charges amount us different than i go to renew,banking,1,3,2,1,4,0
nahibaya he,banking,1,5,13,1,4,0
charges continue taking for me,banking,0,1,1,0,1,3
the ambience of branch is very cool,banking,2,6,9,2,6,0
increase branchs in varanasi,banking,1,5,9,1,4,1
already expressed in the earlier box if the employees are customer friendly i will be extremely happy and would like to do business with such branch,banking,1,5,3,2,5,1
parking for vehicle is not sufficient,banking,1,5,13,1,4,0
appoint new polite employees,banking,1,5,3,2,4,1
not any offers credit card,banking,1,5,2,1,4,0
please provide k salary employees for a personal loan,banking,1,5,2,1,4,0
we are the customer so respect and treat like a customer who are entering your bank if we are asking loans means dont think we are not having anything,banking,1,5,2,1,4,0
still improve to the best quality,banking,1,6,13,1,4,0
redused waiting as small as possible,banking,1,0,13,1,4,0
improve your knowledge and dont miss guidemiscommunicated,banking,0,1,2,0,1,3
charges must be decrease for welfare of customer,banking,1,3,1,1,4,0
this bank coordinate andhelped and service im likely employed supported is very well thanks,banking,2,2,13,1,6,0
single window concept should be implemented very effectively,banking,1,5,13,1,4,0
super contacts and well behaviours to customers,banking,2,6,13,1,4,0
aurwad,banking,1,5,13,1,4,0
improve app facilities,banking,1,5,3,1,4,1
federal bank is fabulous,banking,2,6,13,1,4,0
shall follow in due course,banking,1,5,13,1,4,0
friendly approach of staff and their guidance,banking,2,6,3,2,6,0
make the employees to be update with all products that bank dealsand convince the customers about the products,banking,1,3,13,1,4,0
one of the best in terms of professionalism and customer carekeep up the spirit,banking,2,6,6,2,6,0
satendra singh,banking,1,5,13,1,4,0
perumattamaanu,banking,1,5,13,1,4,0
employees are very co operative with me and lm very satisfied with their behaviour,banking,2,2,5,2,6,0
keep up wonderful service given by branch staff,banking,2,6,9,2,6,0
when contacted bank off time they should to respond as to know regarding some transaction as time matters,banking,1,3,13,1,4,0
would be nice if your could reach out to customers when a new and positive investment opportunities arise,banking,1,3,13,1,4,0
i hv no ideas or suggestions at present,banking,1,5,13,1,4,0
a pas book printing machine is a must in yourbranch instead of keeping a person with oneprinter it is better choice and one staff can be saved,banking,1,5,9,1,4,1
improvement of facilties and infrastructure increase of manpower,banking,1,5,13,1,4,0
always coustmer need fast service do needful,banking,1,5,13,1,4,0
continue the services more better,banking,2,6,13,1,4,0
fd for a month could have been useful for customers,banking,1,5,13,1,4,0
nice banking,banking,2,2,13,1,4,0
plse reporting gold lons due date and call,banking,1,5,13,1,4,0
i am very satisfied with feder bank from in patns my service in ztimes of zinfia patna,banking,2,2,5,2,6,0
should have a passbook printing machine in branch and cash deposit machine also,banking,1,5,9,1,4,1
very fine behavior,banking,2,6,13,1,4,0
give attention to all customers in a decent way and handle properly to utmost satisfaction,banking,1,5,13,1,4,0
change your mobile appsome people doesnt know how it is workingeverybody dont have apple iphone,banking,1,3,3,1,4,1
kindly extend the time for afternoon session pm pm,banking,1,5,13,1,4,0
if possible let ac holders update kyc through app,banking,1,3,3,1,4,1
kindly give some more care to customers,banking,1,5,13,1,4,0
for the moment no,banking,1,5,13,1,4,0
once in months arrange customers meeting and new account opening melamoreover minimum balance tariff now is very highit will fix only rs,banking,1,5,8,1,4,0
to improve speed of work,banking,1,5,13,1,4,0
employees recognize customers that counts a lot retaining few employees without regular transfer rotation helps a lot a familiar face always helps please keep it up,banking,2,6,13,1,4,0
kindly provide correct information the service charges for money transfer sms etc are very high emi and kcc gold loan subsidy is not provided but it was promised i doubt if the bank is holding the money for themselves,banking,0,1,2,1,4,0
should have cash deposit machine at bank or outside the bank,banking,1,5,13,1,4,0
online dd issue through fedmobile app,banking,1,1,3,0,4,1
split work by adding new counters and also add token system,banking,1,5,13,1,4,0
be kind and more informative,banking,1,5,13,1,4,0
gold loan per gram rate is very low your bank,banking,0,1,2,0,1,3
i will closing my account soonsuggesting people not to visit that branch for further work and withdraw their account,banking,0,1,9,1,4,0
shifting of branch to thirur not liked by many in kolazhy at its making very much difficult better to leave a small office here in kolazhy,banking,0,1,9,1,4,0
better to have a security to control the parking,banking,1,5,13,1,4,0
very nice valakal surat branch,banking,2,2,9,2,6,0
every time new staff takes over and the response they give really sorry to say but feel like i am some unknown person in the bank very very cold response even after having multiple accounts for number of years,banking,0,1,1,0,1,3
pls use ac or fans in the summer,banking,1,5,13,1,4,0
customer usable furniture needs some maintenance,banking,1,5,13,1,4,0
two cash counter is,banking,1,5,13,1,4,0
behave of ambernath west branch officeres behaviour,banking,0,1,9,1,4,0
if your officials are not able to do any service then they should intimate the customer the and there evenafter so many requests and follow up no feed back given reg the transfer of my account from bangalore to aluva my home town,banking,0,1,1,0,1,3
best branch gobichettipalayam,banking,2,6,9,2,6,0
after all i fill just like a family atmosphere every time whenever i was in the bank,banking,2,6,7,1,4,0
waste,banking,0,1,13,1,4,0
as will as home service,banking,1,5,13,1,4,0
in my view non locals are goodin managerial posts day by day federal bank staff are converting like sbi with out politeness no hospitality in each act their selfish motives are oozing out the staff has to change traditional customs vanished,banking,0,1,13,1,4,0
improv for personal loan,banking,1,5,2,1,4,0
maintain your high standards of service as you have already set your benchmark,banking,2,6,13,1,4,0
is bank ka sab tarah se service suparb hai,banking,2,6,13,1,4,0
now nil,banking,1,5,13,1,4,0
in mobile account details cleared shown problem to see the account details,banking,0,1,13,0,4,0
normal banking time for all nationalised banks are upto pm whereas in fed bank upto pm only for public transactions as per rbi guidelines the public transactions are till pm,banking,1,5,13,1,4,0
credit card process is little bit difficult offline it should be little easy,banking,1,3,2,1,4,0
no suggestions at present,banking,1,5,13,1,4,0
all r gud especially miss manager kripi mittal,banking,2,6,13,1,4,0
branch officers have zero knowledge they are useless and mobile application has error occurred always please improve staff and digital banking technology like federal bank m app need new life,banking,0,1,3,0,4,0
nothing to add pleasant cheerful staff always ready to help,banking,2,6,13,1,4,0
i am satisfaction this bank,banking,2,6,13,1,4,0
employee behaviour average,banking,1,5,13,1,4,0
i m suggest to many my friends my bank federal bank too,banking,2,6,13,1,4,0
be more competitive wrt customer getting lower amount while doing a lot of paperwork and obedience,banking,1,5,13,1,4,0
worst service,banking,0,1,13,0,0,2
use mud pot instead of heater to water and solar cells for electricity darlings,banking,1,5,13,1,4,0
one of my worst experiences was at a bank where the manager made us feel like we were begging for their services they seemed to think that they were doing us a favor for free,banking,0,1,1,0,0,3
token system,banking,1,5,13,1,4,0
i closed my account due to misbehave by ms shivani,banking,0,1,4,0,4,2
lingaswami,banking,1,5,13,1,4,0
worst service ever,banking,0,1,13,0,0,2
please make the staff friendly,banking,1,5,13,1,4,0
disgusting staffs and behavior to the customers,banking,0,1,13,1,0,2
immediate action and fast service,banking,2,6,13,1,4,0
poor service,banking,0,1,13,0,4,0
no diff no complaint,banking,1,1,6,0,4,1
should continue the same service,banking,2,6,13,1,4,0
grret customer with smiledont send customer some other counter by saying that i am busy or i am want abreak etcand dont down your eyes when they are approaching to staff,banking,1,3,3,1,4,1
very slow services customers wait lots of time and staff very slow working,banking,0,1,13,1,4,0
everything except gold loan interest,banking,1,3,2,1,4,0
well done and keep it up juhi,banking,2,2,13,1,4,0
very efficient staff,banking,2,6,13,1,4,0
fedmobile service to improve atleast two accounts to be linked to one mobile number for providing services such as fund transfer cheque requisition online fd opening etc,banking,1,5,13,1,4,0
branch staff especially the teller should change his attitude and be mindful of the customer request,banking,1,5,9,1,4,1
smiles are missing,banking,0,1,13,1,4,0
some value added services could be made available in the branch just like coins educational and housing loan melas etc to attract new walkin customers and atm hits,banking,1,5,2,1,4,0
service may be made bit faster,banking,1,5,13,1,4,0
regloanamtinterestdedctn and n higher balancemintenwncefsrcitizebs loke me,banking,1,5,2,1,4,0
show more friendly attitude to your depositors and bank users priority should be given to senior citizens,banking,1,5,13,1,4,0
many features are in the online banking services but would desire better customer support through telephonic conversations,banking,1,5,6,1,4,1
ur bank ur choice,banking,1,5,13,1,4,0
improve customer experience bank staff needs to be helpful and understanding,banking,1,5,13,1,4,0
ur are useless and horrible because u r not giving any personal loan to me as my transition is around,banking,0,1,2,0,0,3
business,banking,1,5,13,1,4,0
cdm facility is not available,banking,0,1,13,1,4,0
improve customer relationships,banking,1,5,13,1,4,0
reduce printouts given while gold loan is taken take picture of gold jewels pledged and upload it in our loan account this will be a reference in future,banking,1,5,2,1,4,0
i have spent more than hour to pledge the gold customers time is valuable,banking,0,1,13,1,4,0
no polite service to customers,banking,0,1,13,1,4,0
it could be a little more spacious if possible,banking,1,5,13,1,4,0
old staff is polite but new comers are coming with rude attitude,banking,0,1,13,0,0,2
provide parking facilities,banking,1,5,13,1,4,0
small loan just like two wheeler loan not sanction even deposit on this branch but not getting loan,banking,0,1,2,0,1,3
make the most minimum balance upto or,banking,1,5,8,1,4,0
customer friendly comfortable environmentthank you,banking,2,2,5,2,6,0
compared to other banks federal bank charges many charges in a way that exploits the people for example if there is no balance in the account that should have a minimum balance of it charges rupees a month,banking,0,1,1,0,1,3
receive sms next day usually,banking,1,5,13,1,4,0
absolutely happy with your vadavalli branch,banking,2,2,3,2,5,0
open to constructive feedback and encourages customers,banking,2,6,1,1,4,0
very sincere and team work,banking,2,6,13,1,4,0
rohit saini can give you better tips bcoz of his behaviour and personal attention by him to almost every customer your client base increased perhaps at that time staff was also instructed that way so they were always on the toes,banking,2,6,13,1,4,0
very cordial and helpful behaviour of the bank manager and staff,banking,2,2,13,1,4,0
when i am in any branch fed bank they friendly cooperating my ac is at mattathur i am frequently visiting mehsana and kalyan branches now i am in mehsana as i have house here,banking,2,3,9,2,6,0
attention and service of the employees are extremely cordial,banking,2,6,13,1,4,0
i am customer since inception of bhavnagar br very happy with delighted service throughout theae years i would like to suggeat over the period of time customers are increased but staff strength almost remain same so bank must post local staff,banking,1,5,3,2,5,1
bring new variant of savings accounts,banking,1,5,13,1,4,0
not a friendly atmosphere,banking,0,1,7,0,1,3
nothig what i want thats everithing is there,banking,2,3,13,1,4,0
have agri od for years interes was givenlast year the od was renewed i have not been told that the interest rate has changed now when the interest is to be paid for one year interest better than this you will go out to extort it openly,banking,0,1,10,0,1,3
dont explain,banking,0,1,13,1,4,0
all off deling satisfied,banking,2,2,5,2,6,0
continue to serve the way you do,banking,2,6,13,1,4,0
jewel per gram rate should be little high as other bank providing gram,banking,1,3,13,1,4,0
credit card give me,banking,1,5,2,1,4,0
very attendive staff,banking,2,6,13,1,4,0
always they are busy and not interested in customer service,banking,0,1,13,1,4,0
number of atms should be increased so that customer services facilitated,banking,1,5,7,1,4,0
melur branch poor true late on function,banking,0,1,9,0,4,0
pls reduce the charges,banking,1,3,1,1,4,0
please provide multiple supporting employees in a branch to service more customers,banking,1,5,9,1,4,1
customer service super,banking,2,6,13,1,4,0
i think this is the best bank responsible in vellore,banking,2,6,13,1,4,0
lack of bank security,banking,0,1,13,1,4,0
can utr no issue be made mandatory,banking,1,1,13,0,4,0
told them to gave correct gaidline about gold loan,banking,1,5,2,1,4,0
interest charging procedures and speed of work too,banking,1,3,13,1,4,0
train your employees how to use federal bank mobile application one more thing any problem regarding mobile app they dont know what to do so customer cannot ise the mobile app,banking,1,1,3,0,4,1
give passbook soon not yet received,banking,0,1,13,1,4,0
polite,banking,2,2,13,1,4,0
start a help center for every branch especially for elder person,banking,1,5,9,1,4,1
door delivery of certificates and other documents by the bank staff may improve the customer contacts,banking,1,5,13,1,4,0
till date i am satisfied,banking,2,2,5,2,6,0
gratitude towards the support and proper action taken towards the complaint,banking,2,1,6,0,4,0
sharvish is most slow staf coordination is most bogas,banking,0,1,13,1,4,0
i cant update kyc through online,banking,0,1,13,1,4,0
serve is slow,banking,0,1,13,1,4,0
service to senior citizens those who find it difficult to come to bank,banking,1,5,13,1,4,0
all team are fine to perform,banking,2,6,13,1,4,0
ink properly in the printer,banking,1,5,13,1,4,0
ofcourse staff behaviour matters,banking,1,5,13,1,4,0
replace physical deposit slips along with cash and cheque with digital technology as the icici banks do,banking,1,5,13,1,4,0
customer first process second for employee,banking,1,3,13,1,4,0
please try to reduce the interest rate on credit card s,banking,1,3,2,1,4,0
south indian employees are polite and respectful north indian employees are not up to the standard,banking,0,1,13,1,4,0
please teach your employees how to behave the customers,banking,1,3,13,1,4,0
there is mobile network problem in branch plz resolve it thank you,banking,1,1,9,0,6,1
cash deposit other branches ka jama karane per others xtra change le rahe hain without informing,banking,0,1,9,1,4,0
professionalism,banking,2,6,13,1,4,0
employee should be more customer friendly,banking,1,5,13,1,4,0
please deactivate my account with you,banking,0,1,13,1,4,0
supy,banking,1,5,13,1,4,0
little premium experience may be welcome,banking,2,6,2,1,4,0
jewel loan prossing fees is not acceptable very high also,banking,0,1,2,0,1,3
staff is doing multitasking need to take more staff,banking,1,5,13,1,4,0
manager dismisse,banking,0,1,13,1,4,0
totally satisfied with the current facilities,banking,2,2,5,2,6,0
br manager and the teams guidance and cooperation are appreciated,banking,2,2,3,2,6,0
customer waiting space is very small only two to five person waiting space is possible,banking,1,0,13,1,4,0
federal bank branches should be in every dist,banking,1,5,9,1,4,1
i need fed mobile to recharge my mobile its not at all working since few monthsi used to recharge my mobile through fed mobileplease clear the block,banking,0,1,1,0,1,3
commitment,banking,2,6,13,1,4,0
taking information of the client from the older bank officers if new to the branch bank,banking,1,3,9,1,4,1
now it is ok,banking,2,6,13,1,4,0
please make renewal for gold loan accounts,banking,1,5,2,1,4,0
pls keep drinking water inside the lobby,banking,1,5,13,1,4,0
am use your bank last year but your bank not offering me credit card nd hdfc bank offer me credit card without account in hdfc bank nd am use hdfc biz credit card since month but your bank not offering this offer for me,banking,0,1,2,0,1,3
always satisfied with banking,banking,2,2,5,2,6,0
baskar,banking,1,5,13,1,4,0
should bahave well to every customers irrespective to their occupation deposited money etc currency needed s s and sand that is not available in most of federal bank branches,banking,1,5,9,1,4,1
require one more staff in that branch,banking,1,5,9,1,4,1
your federal bank kuttiady branch to far from kuttiady town to much difficult from customer,banking,1,5,9,1,4,1
enquired about the door step service and the front office madam explained it very convincingly i being a senior citizen aged and polio affected was given personal attention by the staff,banking,2,6,13,1,4,0
really liked the services,banking,2,6,13,1,4,0
increse cdm,banking,1,5,13,1,4,0
training for provide management,banking,1,5,13,1,4,0
noce,banking,2,6,13,1,4,0
when i want to renew gold loan they told me cant renew instead to close account we been not informed in advance hence we where in trouble to find huge amount,banking,0,1,2,0,1,3
provide cdm machine and atm machine services improvement,banking,1,5,7,1,4,0
pls change branch manager,banking,1,5,9,1,4,1
worst customer servicesand unnecessary maintenance charges are accountminimum balance maintenance insurance is monthly two times all three times a debit,banking,0,1,1,0,0,3
i dont think there is even a single staff in our branch who knows me on sight since i have often felt that sbi staff are better than this i have saving account and current account in your branch,banking,0,1,9,1,4,0
no toilet for customers,banking,1,5,13,1,4,0
there is always room for improvement,banking,1,5,13,1,4,0
your bank manager made me wait for one month and they rejected my home loan and i took from another branch,banking,0,1,2,1,4,0
ellai,banking,1,5,13,1,4,0
open new branch at kadakpada kalyan west so more customers will be added,banking,1,5,9,1,4,1
immidiatly atm card activation,banking,1,5,7,1,4,0
sabhi customer ki ek saman seva chhota ho ya bada,banking,1,1,13,0,4,0
i wanted to close a gold loan i am fluent on netbanking pls show exact dues as of that date i transfer the funds to gold loan account like web checkin then your branch needs to just verify the same and release the jewels,banking,1,5,2,1,4,0
service satisfactory no specific suggestion,banking,1,5,13,1,4,0
parking place is necessary,banking,1,5,13,1,4,0
abm behaves like govt offices,banking,0,1,13,1,4,0
reduce the other charges,banking,1,3,1,1,4,0
increase cdms to every small towns,banking,1,5,13,1,4,0
contacting on phone the bank is difficult proper display working of these nos should be available particularly with senior citizens,banking,1,5,13,1,4,0
responsible staff in absence of manager very promt and courteous,banking,2,6,13,1,4,0
please guide and educate your employees very very worst service please change your behaviour in customer please loan opening energy in same energy in loan closing time,banking,0,1,2,0,0,3
proper communication to be improved by employer with customer and clear instruction to be share with customer,banking,1,5,13,1,4,0
the branch should share the information correctly with the back office team that activates a customer account once customer interacts with back office team the information like the signature us not uploaded online is sad state,banking,0,1,9,1,3,1
oldage people cant do reading and other activities thats why bank can put smart person for help us,banking,1,3,13,1,4,0
manger of fed ulikkal branch awesome,banking,2,2,9,2,5,0
regarding deductions while cash depositing of high amount the limit per day to deposit should be inform to the account holdersif so they may avoid penal charges,banking,1,3,1,1,4,0
please impliment two and more thanvcash counters,banking,1,5,13,1,4,0
i was called your customer care for a loan calling for four days cell to your side no respons,banking,0,1,2,0,1,3
give awareness about self employment loans through federal bank,banking,1,5,2,1,4,0
you should fire or transfer tht kind of employees like assistant manager kamlesh bht ghatiya rude behaviour n mere federal me account close krne ka reason v assistant manager kamlesh hi haise employee business nhi badha saktesirf account kholenge,banking,0,1,13,0,0,2
veryvery uncompromising serving wonderful,banking,2,6,13,1,4,0
issue resolved within minutes,banking,2,1,13,0,6,0
yes your ench charges r high so please look at,banking,0,1,1,1,4,0
the banking at the branch was very work friendly the staffs are so specific in customer care nice,banking,2,2,6,2,6,0
cooperative staff and quick at services,banking,2,6,13,1,4,0
services are so slow,banking,0,1,13,1,4,0
open more counters for reducing time of the customers,banking,1,5,13,1,4,0
my sb account in nedumpuram branch staff is always doing great job i appreciate to all staff,banking,2,2,3,2,5,0
branch all employees enjoying lunchtime from to instated of that half employee should enjoy there lunchtime on to and other to so waiting times can be reduced,banking,1,0,9,1,4,1
fedmobaile,banking,1,5,13,1,4,0
customer freindly,banking,2,6,13,1,4,0
unnecessary deductions,banking,0,1,13,1,4,0
please improve parking which is absolutely nil,banking,1,5,13,1,4,0
customers time is also valuable such useless sitting in countr,banking,0,1,13,1,4,0
foreign exchange rates are not competitive,banking,0,1,13,1,4,0
better keeping pass book entry machine separately,banking,1,5,13,1,4,0
i am fully satisfied with your services thats why i am still with you keep it up,banking,2,2,5,2,6,0
transaction priority wise please approve credit card,banking,1,5,2,1,4,0
please transfer mrs shweta dongre from sadar branchher behaviour is quite rude even bm is better than her in giving solutionsbut not mrs shweta dongre,banking,0,1,9,0,0,2
i went there to open a new account but there behaviour was not likely then i came out and tried in other bank not federal they were so helpful pathetic service of your employees,banking,0,1,13,0,0,2
branch employees dont inform about any rbi rules which get change any employees are rude and dont help for things,banking,0,1,9,0,0,2
payment and pass book entry take too much time it is to be be rearranged a self printing kiosk will do better,banking,1,5,13,1,4,0
continue the best practices,banking,2,6,13,1,4,0
over service friendly staffs,banking,2,6,13,1,4,0
smile with service tq,banking,2,6,13,1,4,0
almost,banking,2,6,13,1,4,0
keep working,banking,2,6,13,1,4,0
staff realy very honest i realy liked the service being working in private ltd bsnk still having this much kindness is very nature not only but also i also had not faced any hurdle in my eork thnk you so much,banking,2,6,13,1,4,0
please provide some loan options,banking,1,5,2,1,4,0
cdm machine need to upgraded at north paravur branch it becomes out of service for all the holidays,banking,1,5,9,1,4,1
be,banking,1,5,13,1,4,0
no comment as i am account holder for years staff helpful and active,banking,2,2,13,1,4,0
teller counter is very slow only one working need more counters customer should not keep waiting in queue for more than minutes,banking,0,0,13,1,4,0
the manager and staff members are remarkably,banking,2,6,13,1,4,0
clearly explain the details of the doubts in connection with the account and transactionthanks for the services,banking,1,3,13,1,6,0
customer service experience emergency case fasted facility not available,banking,0,1,13,1,4,0
smiley,banking,2,6,13,1,4,0
your all ideas is very very,banking,2,6,13,1,4,0
unique service,banking,2,6,13,1,4,0
the only suggestion is the atm and cdm are in a small space it will a little bit congested,banking,1,5,7,1,4,0
you charge for cash deposit at branch is not fair,banking,0,1,1,0,1,3
cdm machine not all branch please apply all branch cdm machine because all customer hate your branch,banking,1,3,3,1,4,1
morning opening timeing am is better timing,banking,1,5,13,1,4,0
lower your charge,banking,1,5,1,1,4,0
mobile app issue,banking,0,1,3,0,4,0
passbook printing machie tobe insalled,banking,1,5,13,1,4,0
avoid unnecessary charges from my account,banking,0,1,1,0,1,3
speed neft transaction,banking,1,5,13,1,4,0
some staffs are arrogant,banking,0,1,13,1,4,0
atm premises to be neately maintained,banking,1,5,2,1,4,0
so far the branch is functioning very wrll by all means keep it up,banking,2,6,9,2,6,0
best wishes and thanks,banking,2,2,13,1,6,0
processing time will be high,banking,0,1,13,1,4,0
the loan section staff does not speak well to the customer,banking,0,1,2,0,1,3
within hour complete the work,banking,2,6,13,1,4,0
federal bank account sabse acha h,banking,2,6,13,1,4,0
vpolite staff you have yet if people dont keep shouting unnecessarily while talking on phone or otherwise will be great too,banking,2,2,13,1,5,0
your bank at dombivli east branch services are not fully by your valued customers please improve your services with the level of other reputed bankers,banking,1,5,9,1,4,1
let it be same like this all the best,banking,2,6,13,1,4,0
navu trangestion madru ondu personal loan kotila keldru adike account close madona ankidivi,banking,0,1,2,0,1,3
employees are very co operative and customer requirements are fulfilling as early as possible,banking,2,6,13,1,4,0
nothingall perfect,banking,2,6,13,1,4,0
see previous column,banking,1,5,13,1,4,0
every thing going on very well,banking,2,6,13,1,4,0
please make a service free for the cash deposit upto lakhs know,banking,1,5,13,1,4,0
please save the customer,banking,1,5,13,1,4,0
dont putting presure common man,banking,0,1,13,1,4,0
cash counter staff valanchery branch,banking,1,5,9,1,4,1
sittings space need,banking,1,5,13,1,4,0
effect and efficient,banking,2,6,13,1,4,0
i am fully satisfied all the nearest branches in my area,banking,2,2,9,2,6,0
ccoordial relationship with fed bank and the entire staff of fed bank muttom idukki,banking,2,6,13,1,4,0
thanks for the helps in need at critical time,banking,2,2,13,1,6,0
didnt called renival renival of gold loan,banking,0,1,2,0,1,3
lon clear agede pls nama documents na return madi,banking,1,5,13,1,4,0
last several years we have a very relationship with federal bank dimapur the senior manager and bank head and other staff are very helpful,banking,2,2,13,1,4,0
cash counter somedays delay coz toomuch customers so arange another counter also,banking,1,0,13,0,4,0
public holidays can be mentioned in the bankwill be useful for the account holders,banking,1,5,13,1,4,0
opening time am can u change it to am,banking,1,5,13,1,4,0
provide sufficient parking facility for customer and improve customer service,banking,1,5,13,1,4,0
your management should discuss to reduce too much additional charges to maintain the minimum balance money transaction and then what for we kept out account minimum rs,banking,0,1,1,0,1,3
give training on how to treat customers at branch deliver soft skill and people relationship skill,banking,1,3,9,1,4,1
dear customer rs debited from your ac xx on feb towards cash remittance at nonhome branch balrsfederal bank this will aviod please i had no money that time duing do mistake by you side,banking,0,1,2,0,1,3
your all new staff having no sense how to deal with customers i stop my self to entering in your bank hope very soon will close the account thanks regards,banking,0,1,13,1,6,0
take care of regular customers atleast,banking,1,5,13,1,4,0
lack of cdm machine in our locality,banking,1,5,13,1,4,0
no response,banking,0,1,6,1,4,0
please send my cheque book,banking,1,5,13,1,4,0
please allow the employees to do branch operations always the canvass the third party products,banking,1,5,9,1,4,1
speedy action to customers,banking,2,6,13,1,4,0
i have recieved immense support from branch manager varun,banking,2,6,9,2,6,0
no satisfactory services,banking,0,1,13,1,4,0
please take care of your service,banking,1,5,13,1,4,0
net banking can be improved gold loan processing fee its very high,banking,1,5,2,1,4,0
for privileged customers and senior citizens bank services should be made available at home employees should go to customers homes even sbi is providing such service for privileged customers,banking,1,5,13,1,4,0
i like fedaral bank my father like fedaral bank because they give personal loan when i need money that time get loan,banking,2,3,2,1,4,0
no its always awesome experience thanks to mrs shetty,banking,2,2,13,1,5,0
signed platinum card update urgentlymunrmmad p,banking,1,3,13,1,4,0
finding parking near the branch is an issue,banking,1,1,9,0,4,1
your outward remittance fee is very very high please reinstate the previous one,banking,0,1,2,0,1,3
i like this bank too much,banking,2,6,13,1,4,0
need preaproved loan,banking,1,5,2,1,4,0
i am fully satisfied with the services offered and the helping nature of the staff,banking,2,2,11,1,6,0
guntur arundelpet branch worst service please rectify them and they are all always phones and chit chat with attender also i never expected these type of employees,banking,0,1,9,0,0,2
happy with all the services rendered by your staffs,banking,2,2,3,2,5,0
please decrease intrest rate for jwellery loans,banking,1,3,2,1,4,0
worst ever,banking,0,1,13,0,0,2
i have transferred rs to the director sctimst on th february by but it was not credited in their account till pm then we deposit the amount through debit card again but that credited in my account thank you,banking,1,5,2,1,6,0
i like federal bank and employees,banking,2,6,13,1,4,0
speedy service to customers recommended,banking,2,6,13,1,4,0
old staff who know us are very friendly and cooperative not the case with new staff,banking,1,5,13,1,4,0
let all staff remember gandhijis advice regarding customer care,banking,1,5,6,1,4,1
they wont work more for minutes alsothey have send me back by telling that you should come by pmas i have gone by very poor service,banking,0,1,13,0,4,0
keep enough cash i atm for lack of cash customers are forced to go to other banks atm and penalty is imposed for using other banks atm,banking,1,5,7,1,4,0
no car parking facilities for customers can have a spacious office premise,banking,1,5,2,1,4,0
super work n response,banking,2,6,13,1,4,0
lack of communication eg i didnt get my new debit card against my existing card which expired in dec which supposed to do by the back usually,banking,0,1,7,0,1,3
your software is old version update it customer have to wait so long when deposit or withdraw money through cash counter,banking,0,1,13,1,4,0
be helpfull to coustomer dont waste their time and be pleasant to them,banking,1,5,13,1,4,0
enable cdm for cardless deposits,banking,1,5,13,1,4,0
to improve upto the mark to maintain a class with other banks,banking,1,5,13,1,4,0
very slow ppl thereespecially cash counter which you have only one,banking,0,1,13,1,4,0
already given improve your shabby service,banking,0,1,13,1,4,0
mainly language problum,banking,1,5,13,1,4,0
loan,banking,1,5,2,1,4,0
educate customers about banking services and financial literacy organize seminars and workshops and provide clear information on online security etc,banking,1,3,2,1,4,0
the behaviour as well as functioning was also very smooth venjaramoodu branch staffs,banking,2,2,9,2,6,0
when i went to branch on to deposit in my savings account i was the only customer in the bank still i was made to wait for to mts for completing the transaction the staff in the bank were unmindful of unreasonably slow service,banking,0,1,9,1,4,0
all are brothers and sisters,banking,2,6,13,1,4,0
coordination improvement isrequired,banking,1,5,13,1,4,0
awareness amongst bank employee and quick disposal of request,banking,1,5,13,1,4,0
please provide cdm mechine in city centre,banking,1,5,13,1,4,0
we are very pleased with the service provided thank you so much,banking,2,2,5,2,6,0
ssss,banking,1,5,13,1,4,0
best communication and behavior,banking,2,6,13,1,4,0
last year i am unable contact wiith the bank using yr land line phone number it is not working,banking,0,1,13,0,4,0
need more parking,banking,1,5,13,1,4,0
senior manager of pullad bank and other staffs are very supportive towards my requirements with the bank,banking,2,6,13,1,4,0
pls reduce current account minimum balacce amout to zero,banking,1,5,13,1,4,0
i requested times for my lost debit card from year they cant resolve my problem,banking,0,1,7,0,1,3
mind blowing service,banking,2,6,13,1,4,0
why are money transactions getting blocked and delayingtwo of transactions of still not clearedwaiting,banking,0,0,13,0,4,0
in brief i am very happy with the conduct of all the staff and their readiness to help the customers,banking,2,2,3,2,5,0
explain customer abt what he neededur employee not explain correct information before closing fd accountits loss for me they dont bother abt it and i closed my fd and savings account totally,banking,0,1,13,1,4,0
whenever i visit branch for gold loan the staff treats me as if ive stolen the gold from somewhere,banking,0,1,2,0,1,3
post more employees,banking,1,5,13,1,4,0
frequent customers meet atleast once in six months may be arranged,banking,1,5,13,1,4,0
gud work and gradual guidance,banking,2,6,13,1,4,0
i am do account in a long time in this branchbut branch not offer me a loan till nowwhy your bank is give loan only govt employeeswhy you are not believe like a normal man like me,banking,0,1,2,0,1,3
came to release gold definitely i will not come to your bank in future and i tell the same to all known people,banking,0,1,13,1,4,0
please install cdm in every branch,banking,1,5,9,1,4,1
please explain the time to oclock cash time,banking,1,5,13,1,4,0
nice customer service and employees are well behaved and helped me patiently and educated me well,banking,2,2,13,1,4,0
they should know their customers and should know that we are in the branch they are busy in their phone personal chit chats and one does know if any task has been given to her or not,banking,0,1,9,1,4,0
best bank n private sector,banking,2,6,13,1,4,0
hand to hand debit card facility it should be good for upi generation,banking,1,5,7,1,4,0
i have loan,banking,1,5,2,1,4,0
please add cash deposit machines so that we can deposit cash during holidays too,banking,1,5,13,1,4,0
help full all staff,banking,2,6,13,1,4,0
no stratification,banking,0,1,13,1,4,0
customers standing please arranged more chairs,banking,1,5,13,1,4,0
what is available is sufficient,banking,1,3,13,1,4,0
staff cooperative and helpful,banking,2,2,13,1,4,0
i would like to suggest offering special benefits such as exclusive offers and additional loan options with more flexible rules especially for government employees,banking,1,5,2,1,4,0
please help the all customer as when it would be required,banking,1,3,13,1,4,0
the service can be much faster witing time can be reduced,banking,1,5,13,1,4,0
the employees must take calls st least after rings and if otherwise engaged that time must call back,banking,1,5,13,1,4,0
keep manners,banking,1,5,13,1,4,0
few lady staffs are very attitude aproach,banking,0,1,13,1,4,0
all support and services greater than others,banking,2,2,13,1,5,0
most of the atms dispense only denominations and rarely gets changes do something to resolve it,banking,1,5,7,1,4,0
satvees ok,banking,1,5,13,1,4,0
i really got an bad experience from the thamarassery branch of kozhikode i recently cancelled my account due to the bad behaviour of the staff i leave in uk i have a gold loan in the bank i want to take my pledge loan from there a lady in the offive,banking,0,1,2,0,1,3
in federal bank kottakkal branch i facing an issue regarding i standing about minutes there there is no sitting area and a sofa with broken leather,banking,0,1,9,0,4,0
branch employee more helpful,banking,2,2,9,2,6,0
branch manager has to transfer he is not doing is job,banking,0,1,9,1,4,0
branch staff very nice,banking,2,2,9,2,6,0
we kept gold in ur branch they want to top the amount they said if u need to top up the amount u have to paid the full amount another thing we already kept gold after one year we renew the same gold they are rubbing the gold again its too much,banking,0,1,9,1,4,0
be more competitive in market in providing preapproved offers not for me but generally,banking,1,5,3,1,4,1
keep sufficient employee to serve fast and better also keep on banking lunch timewe have to stay half an hour during to at branch,banking,1,5,9,2,4,1
no suggestions because its a no branch,banking,1,5,9,1,4,1
please dont give wrong information about investments like areas federal because years ago i have invested lakh rupees and now it is around,banking,0,1,13,1,4,0
may be chair and table for senior citizens to sit and fill up formschellans etc,banking,1,5,13,1,4,0
thanks for your help,banking,2,2,13,1,6,0
cibil was ruined bcoz someone else guaranteed for a loan someone else now its regularised plz pay some attention to giving loans to like that customers otherwise we will have to take loans from other bank even if we have an account with you,banking,0,1,2,0,1,3
net banking and other things should automatically be a part of account opening,banking,1,5,13,1,4,0
services are almost up to the mark,banking,1,5,13,1,4,0
issue credit card for more customers,banking,1,1,2,0,4,0
time to time provide training upgrade staff and sistem,banking,1,5,13,1,4,0
my acound blocked please unblock,banking,0,1,13,1,4,0
some visiting customer talk loudly may be requested to keep low in communication as all types of customers visit branch eg senior citizen ladies regards,banking,1,5,9,1,4,1
please provide personal loan in bank itself,banking,1,5,2,1,4,0
everything ok,banking,2,6,13,1,4,0
this time im very satisfied but previous two times i was very disappointed the employees behavior they were not provide satisfactory services if you need more details pls call me,banking,1,3,3,2,3,1
nil,banking,1,5,13,1,4,0
atleast attention to customer,banking,1,5,13,1,4,0
i do not have much business with the bank hence nohing to suggest,banking,1,5,13,1,4,0
traveling a lot must want a credit card other banks are ready to givewhy dont you,banking,1,5,2,1,4,0
pls come out with better credit card options for the customers,banking,1,5,2,1,4,0
please keep always on inside bank,banking,1,5,13,1,4,0
pleasing service,banking,2,6,13,1,4,0
unavailability of parking space which is practically nonexistent parking my vehicle at the shopping mall mts away,banking,0,1,13,1,4,0
staffs should know more detailsspecialy young sters,banking,1,5,13,1,4,0
employers is not responsible for that i rated federal bank rate for my experience about federal bank,banking,1,3,13,1,4,0
please arrange cheque drop box out side in g k new delhi branch,banking,1,5,9,1,4,1
although my original request for opening new td was not executed properly this was salvaged by a different staff suitably,banking,1,5,13,1,4,0
more space in each branch most of the branches i visited is bit congested,banking,1,5,9,1,4,1
quick action and staffs are friendly please keep it up,banking,2,6,13,1,4,0
nice and polite reply from staffs for all our quaries good team,banking,2,2,13,1,4,0
i have forgotten my fed mobile application mpin and i am unable to set a new mpin even after using my atm card and net banking password i have been visiting your branch twice i have not been able to fix it yet,banking,0,1,7,0,1,3
may you all blessed by narayan for such friendly atmosphere,banking,2,6,7,1,4,0
preapproved offers,banking,1,5,3,1,4,1
training must be given to staff,banking,1,5,13,1,4,0
have office size big and spacious,banking,1,5,13,1,4,0
find an exclusive parking area for customers at least for cars,banking,1,5,13,1,4,0
your kalathippady branch is now on renovation and will comment later your system is absolutely a user friendly even though i have account with other banks but i like the most feferal bank,banking,2,6,9,0,4,0
i am extremely happy about the services provided by all the staff especially the manager anju caranal thomas,banking,2,2,3,2,5,0
provide vehicle parking space now not available at all,banking,1,5,13,1,4,0
there is no enough chair to sit,banking,0,1,13,1,4,0
service is very promt and efficient,banking,2,6,13,1,4,0
all the employees are very gentle and their behaviour and support towards customers is very satisfied,banking,2,2,5,2,6,0
why are you placing passbook printer in cash counter we too know that banks wants to eradicate passbook systems dont take indirect measures bit irritating,banking,0,1,13,1,4,0
very fast solution specially our branch assistant manager,banking,2,6,9,2,6,0
anu time contac chayyan oru stafinte nomber venam njan videshthan ade konde contact chayyan nomber kittiyal nalladayirunnu,banking,1,5,13,1,4,0
ill joined old costumers in chennai branch pls know abul to feel inconvenience know ill open new account in new branch chinna puthupattu nearly puducherry so please cancel my old account as be transferred new branch federal bank thank you dear,banking,1,5,1,1,6,0
the branch there in rewa was awesome clean atmosphere manager and other employee were excellent federal didnt take closer charges on gold loan was awesome as of now i have closed the account due to my requirement but in future i would like to,banking,2,2,2,1,5,0
the employee was nice and he has given sufficient informationthank you,banking,2,2,5,2,6,0
you have to upgrade and update the internet computer system in your organisation,banking,1,3,13,1,4,0
no sufficient car parking facility,banking,0,1,13,1,4,0
bank displayed rs per gram for gold loan but the staff told that the above amount given only for the gold loan above rs i cannot understand the reason for the above decision,banking,1,5,2,1,4,0
nothing to criticise,banking,2,6,13,1,4,0
the work was done within a shirt time there was no rush,banking,2,6,13,1,4,0
helping to customers especially senior citizens n who need help in filling forms etc,banking,2,6,13,1,4,0
charges should be reduced,banking,1,3,1,1,4,0
vehicle parking should provide,banking,1,5,13,1,4,0
lunch time waiting is at times too long,banking,0,0,13,1,4,0
like sbi bank minimum balance chargevshould not detect,banking,1,5,1,1,4,0
kunnamkulam atm was not the main road,banking,1,5,7,1,4,0
branch space to to small,banking,0,1,9,1,4,0
this very convincing for me,banking,2,6,13,1,4,0
passbook print shud be in bold letters,banking,1,5,13,1,4,0
i had registration of land in that federl bank was not there so i went to kormangala br i went and told the to make net banking imitately they helped me and tran sferred the money to canara bank,banking,2,6,13,1,4,0
banks needs better security and cyber security some hackers managed to steal some money from my accountm my fednet was not locked,banking,0,1,13,1,4,0
need to improve your fed mob aap password privcy,banking,1,5,13,1,4,0
infrastructure is not satisfactory looks like an office no bank feel,banking,0,1,1,1,4,0
i am a coustomer in the branch for more than yrs so all the employees are well known to me,banking,2,6,9,2,6,0
feel like friendly atmosphere and quick response,banking,2,6,7,1,4,0
atm machine near bank should be repaired soon,banking,1,5,7,1,4,0
reversal of sms charges fuel charges debit card charges use of debit card was free before as federal bank has scarce atms now being charged employees are gross for anything they demand pan and aadhar card keep gossiping and typical southie type,banking,0,1,7,0,1,3
please reduce the interest rate of the gold loan thats the only suggestion for you the all employees are very close to behave others include me,banking,1,3,2,1,4,0
nothing to mention,banking,1,5,13,1,4,0
in section help plz select other employe,banking,1,5,13,1,4,0
improve employee working efficiency,banking,1,5,13,1,4,0
just maintain the present tempo that will do,banking,2,6,13,1,4,0
dont leave such employees naveen and vinod,banking,1,5,13,1,4,0
updating norms should be known by every employees jewel loan appraisers have to inform the best schemes to the customers,banking,1,6,2,1,4,0
in a laymans perceptive the staffs approach to its customers and their attitude understanding are the key elements for them to like a particular bank i rate your bank in that category,banking,2,3,3,2,6,0
house loan car loan and different type of gold loan interest rates display in a board inside the bank will help customer and it also help the customer for asking unnecessary question to the bank employes,banking,1,3,2,1,4,0
i am very much comfort with my branchi have no suggestions,banking,2,6,9,2,6,0
nothing to be highlighted keep going and keep growing,banking,2,6,13,1,4,0
i get alerts by email about special offers promotional ads promptly enabling me to buy useful articles at concessional rates using federal bank debit card this is a useful feature and i wish the bank continues this trend,banking,2,6,7,1,4,0
i am very much satisfied in every way with our branch,banking,2,2,9,2,6,0
i bank of boroda did not realise fees for their credit and debit cards on the other hand federal bank propose backing of fd deposits for credit card and fees for debit cards this aspect may be examined in detail,banking,1,5,2,1,4,0
iam very satisfied,banking,2,2,5,2,6,0
dont waste the time of subsribers,banking,0,1,13,1,4,0
me acount deposit balance her monthly theme why,banking,1,3,13,1,4,0
want new branch in our village,banking,1,5,9,1,4,1
takes much time at cash counter since it is only one cash counter,banking,0,1,13,1,4,0
federal bank update free display every time,banking,1,3,13,1,4,0
the bank should bring in contemporary modernisation measures within a reasonable time frame,banking,1,5,13,1,4,0
like the friendly atmosphere and the staff s behavior,banking,2,6,7,1,4,0
change the oldest staff keep counters younger one at least computer knowledge one keep,banking,1,5,13,1,4,0
more spacious lobby for the customers is advised,banking,1,5,13,1,4,0
i visit branch and deposit cash cashier recive cash and told that counterfile submit to next desk and next desk maam told me sir why r u standing here u can leave now authorised ho jayga i dont like her reply in thet way,banking,0,1,9,1,4,0
very nhappy that my issue not yet resolved,banking,0,1,3,0,5,0
better behaviour and trasaction time is very less,banking,2,6,13,1,4,0
have a nice days for everyone bank staff,banking,2,2,13,1,4,0
automath,banking,1,5,13,1,4,0
i would request you to very kindly arrange for a cheque drop box inside the atm counter,banking,1,5,7,1,4,0
tnx,banking,2,6,13,1,4,0
i think when the number of customers are high normally during morning hours month end and beginning of the month i notice that none of the staff that are free kicks in to support the waiting customers its all handled single handedly,banking,0,0,13,1,4,0
please give priority to seniors while waiting in queues,banking,1,0,13,1,4,0
immediately remove present branch manager then all are improve,banking,0,1,9,1,4,0
keep the present standards up,banking,2,6,13,1,4,0
please ask bank staff to be humble,banking,1,5,13,1,4,0
most of the employees are trainees or probation except manager and one cashier remaining are doing mistakes lacks knowledge one senior must be employed on front desk it is discouraging we are customers for yrsnow facing problems,banking,0,1,13,0,4,0
slow process rude staff,banking,0,0,4,0,0,2
pls accept our request and feedback then it reflects our accounts,banking,1,5,1,1,4,0
i need credit card,banking,1,5,2,1,4,0
no comments,banking,1,5,13,1,4,0
as ive dealt with other banks like sbi sib ive witnessed their arrogance and incompetence i cant think of other banks that can match with fb keep the goodwork updated and show us schemes to increase our income,banking,2,2,13,1,4,0
roi is very high,banking,0,1,10,0,1,3
waiting period time should be reduced staff should cooperate with customers and listen their grievance and solve their problems amicably,banking,1,0,13,0,4,0
how come my number is recoreded in this account without verification please contact account t owner and get it corrected,banking,0,1,13,1,4,0
fx transaction needs improvement,banking,1,5,13,1,4,0
please continue the same service and customer friendly attitude,banking,2,6,13,1,4,0
open another branch at ambadi road vasai west as the area is banking hub where there are large number of banks located you bank likely to get business,banking,1,1,9,0,4,1
someone behaviour have to improved,banking,1,5,13,1,4,0
the service is satisfactory,banking,2,6,13,1,4,0
please supply credit for the account holders,banking,1,5,2,1,4,0
when ever i am calling to any branch landline number from online i am not able to connect,banking,0,1,9,1,4,0
show at least courtesy to customer atleast with smile not grim face,banking,1,5,13,1,4,0
bank opening little bit early like am that should better us to visit branch to complete our requirements,banking,1,5,9,1,4,1
staff is too careless they are not supporting with staff and customer personal work and calling in working hours,banking,0,1,13,1,4,0
branch staff behaviour very nice and sweet,banking,2,2,9,2,6,0
hard work any time,banking,2,6,13,1,4,0
small space other counter,banking,1,5,13,1,4,0
you have to strengthen staff presence to avoid backlogs ana queues,banking,1,5,13,1,4,0
the staff should work with proper application of mind by not sending cheque book and atm card at some other address for an sb ac in othera kerala branch when a kerala address is given,banking,0,1,7,1,4,0
treat all your customers equalbig or small,banking,1,5,13,1,4,0
nothing to share increase the speed of documents and cheques request process,banking,1,3,13,1,4,0
branch members are attentive and quick to respond and kind,banking,2,6,9,2,6,0
i have switched my gl from muthoot to fedbankbut unable to pay months interest post your recovery employee comes to my home which is totally inconvenience for me because i have taken so many loans in past nobody was came to my home for rec,banking,0,1,2,0,1,3
nice response,banking,2,2,13,1,4,0
having conversation with friendly manner and easy maintenance,banking,2,6,13,1,4,0
the fi tems gets changed continuously you need to keep a hold on them,banking,1,5,13,1,4,0
i visited before it one timeat that time the staff member asked me for watching for half an hour because its lunch time so request you to do the needful process for the same,banking,0,1,13,1,4,0
feel nice to be a customer,banking,2,2,1,1,4,0
happy no issues,banking,2,1,3,0,5,0
loan facilities without additional documentation,banking,1,5,2,1,4,0
there is no special suggestion only fear about scammer,banking,1,1,12,0,2,3
comfortable banking always,banking,2,6,13,1,4,0
please help me to recover my account,banking,0,1,13,1,4,0
atm machine operation in the afternoonevening difficult due to excess sunlight,banking,1,5,7,1,4,0
i am not knowledgeable enough to recommend any suggest with regard to banking operations,banking,1,5,13,1,4,0
manish singh rajput is office boy i have ever seen,banking,2,6,13,1,4,0
discipline now,banking,2,6,13,1,4,0
treat those over with respect,banking,1,5,13,1,4,0
i need to transfer my account from bagalkot karnataka to my hometown kalavoor alappuzhakerala which is not possible to do online,banking,1,5,3,1,4,1
no suggestion,banking,1,5,13,1,4,0
please pick up the phone while a customer cal u people,banking,1,5,13,1,4,0
frequent transfers of branch manager is not good for branch health branch managers tenure should be minimum three years,banking,1,5,9,2,4,1
for loan related queries please have quick turnaround time,banking,1,5,2,0,4,0
i am with federal bank for last years and infact the kollenchery branch was operating from my building till recently and i am happy continue working with the bank,banking,2,2,3,2,5,0
waiting time for cash payment please try to reduce now more than one hour,banking,0,0,13,1,4,0
continue the same process,banking,2,3,13,1,4,0
prior information to be passed to customers regarding change in rules of gold loan,banking,1,3,2,1,4,0
friendly and fast service amazing,banking,2,2,13,1,5,0
depositing time its too much,banking,0,1,13,1,4,0
quick service is expected as a customer,banking,1,5,13,1,4,0
i am happy with the functionality of the system,banking,2,2,3,2,5,0
bank not saction my loan application,banking,0,1,2,0,1,3
satisfactory,banking,2,6,13,1,4,0
no request,banking,1,5,13,1,4,0
provide at least two wheeler parking for customers some security not allowing to use atm after pm,banking,1,5,7,1,4,0
all staff absolutely helpful and costomer friendly,banking,2,2,13,1,4,0
everything is fine with the present staff keep up the relationship with the customers,banking,2,6,13,1,4,0
now its ok,banking,2,6,13,1,4,0
please do service of an alternative staff while the one staff go for break,banking,1,5,13,1,4,0
we are customers not,banking,0,1,13,1,4,0
please be frank with customers,banking,1,5,13,1,4,0
awaiting more branches in dombivli,banking,1,0,9,1,4,1
dont change please continue to be as helpful and polite as you are,banking,2,2,13,1,4,0
no ideas tell about because we r running same path,banking,1,5,13,1,4,0
nice service nice people,banking,2,2,5,2,6,0
coleman atmosphere,banking,2,6,7,1,4,0
cdma not working,banking,0,1,13,0,4,0
infome to all employees seen all customer properly and lession customer proper way,banking,1,5,13,1,4,0
i tried to close my account they told me activation takes days time days passed still account not activated then how can i close my account,banking,0,1,13,1,4,0
please introduce new saving scheme to people,banking,1,5,13,1,4,0
nothing specifically,banking,1,5,13,1,4,0
send the details of intrest changes of loan fd etc by the messages,banking,1,3,2,1,4,0
mention the phone number and mobile number of the branch in side of the bank,banking,1,5,9,1,4,1
please implement common peoples request,banking,1,5,13,1,4,0
bank employees saying they are not providing loan against security on stocks which is opposite from what the website says,banking,0,1,2,0,1,3
cnu fbh vb,banking,1,5,13,1,4,0
keep them touch with customers,banking,1,5,13,1,4,0
install cheque deposit machine,banking,1,5,13,1,4,0
employee behavior is nice in the branch,banking,2,2,9,2,6,0
time save quick service support to all the team,banking,2,6,13,1,4,0
kindly tell the branch employee rbi already told that there is no lunch time if branch working time anyone of staff should attend the customer but in your branch no rule should be followed by rbi guidelines,banking,0,1,9,1,4,0
please keep one person to form filling or challan filling all are not educated people this is my request,banking,1,5,13,1,4,0
plz speed up your process,banking,1,3,13,1,4,0
kindly inform intrest rate,banking,1,3,13,1,4,0
atm counter needed,banking,1,5,7,1,4,0
they dont how to speak with customers properly employees improve speak to customers politely,banking,0,1,13,1,4,0
deposit money,banking,1,5,13,1,4,0
nil,banking,1,5,13,1,4,0
vadakara branch very pure services,banking,2,6,9,2,6,0
no idea very bad behaviour of all staffs especially cash counter,banking,0,1,4,0,4,2
very peaceful and calm atmosphere in the bank is really appreciable,banking,2,6,7,1,4,0
cash counter staf very bad bahavior,banking,0,1,13,0,4,0
when you debit any amount from sb account it would be great why the amount is debited and to whom ir is credited,banking,1,3,2,1,5,0
i am a customer of your branch at odanavattom since its opening and still then i am getting an healthy dealing and service from your staff,banking,2,6,9,2,6,0
cdm always out of orderplease take necessary action about itit works only days in a week,banking,0,1,13,1,4,0
comparatively interest rate is to high,banking,0,1,10,0,1,3
no other idea to offer,banking,1,5,11,1,4,0
dont change please continue to be as helpful and polite as you are,banking,2,2,13,1,4,0
no ideas tell about because we r running same path,banking,1,5,13,1,4,0
infome to all employees seen all customer properly and lession customer proper way,banking,1,5,13,1,4,0
i tried to close my account they told me activation takes days time days passed still account not activated then how can i close my account,banking,0,1,13,1,4,0
please introduce new saving scheme to people,banking,1,5,13,1,4,0
send the details of intrest changes of loan fd etc by the messages,banking,1,3,2,1,4,0
ya super,banking,2,6,13,1,4,0
mention the phone number and mobile number of the branch in side of the bank,banking,1,5,9,1,4,1
please implement common peoples request,banking,1,5,13,1,4,0
bank employees saying they are not providing loan against security on stocks which is opposite from what the website says,banking,0,1,2,0,1,3
cnu fbh vb,banking,1,5,13,1,4,0
keep them touch with customers,banking,1,5,13,1,4,0
install cheque deposit machine,banking,1,5,13,1,4,0
d,banking,1,5,13,1,4,0
time save quick service support to all the team,banking,2,6,13,1,4,0
kindly tell the branch employee rbi already told that there is no lunch time if branch working time anyone of staff should attend the customer but in your branch no rule should be followed by rbi guidelines,banking,0,1,9,1,4,0
please keep one person to form filling or challan filling all are not educated people this is my request,banking,1,5,13,1,4,0
plz speed up your process,banking,1,3,13,1,4,0
they dont how to speak with customers properly employees improve speak to customers politely,banking,0,1,13,1,4,0
deposit money,banking,1,5,13,1,4,0
nil,banking,1,5,13,1,4,0
vadakara branch very pure services,banking,2,6,9,2,6,0
no idea very bad behaviour of all staffs especially cash counter,banking,0,1,4,0,4,2
more branches and atms,banking,1,5,7,1,4,0
very peaceful and calm atmosphere in the bank is really appreciable,banking,2,6,7,1,4,0
cash counter staf very bad bahavior,banking,0,1,13,0,4,0
when you debit any amount from sb account it would be great why the amount is debited and to whom ir is credited,banking,1,3,2,1,5,0
i am a customer of your branch at odanavattom since its opening and still then i am getting an healthy dealing and service from your staff,banking,2,6,9,2,6,0
cdm always out of orderplease take necessary action about itit works only days in a week,banking,0,1,13,1,4,0
comparatively interest rate is to high,banking,0,1,10,0,1,3
no other idea to offer,banking,1,5,11,1,4,0
branch response in many cases are very tragic and not at all feasible in their dealings thinking to change the accounts including all fds to a different bank thanks,banking,0,1,9,2,6,0
more cdms to be installed,banking,1,5,13,1,4,0
should offer loan and credit card to your customers as other banks do,banking,1,5,2,1,4,0
please consider who come with babies and children please give priority to mothers have child under years old,banking,1,5,13,1,4,0
please update the office setup furniturecabins display boards etc,banking,1,3,13,1,4,0
i dont know,banking,1,5,13,1,4,0
most important msg to display on the wall,banking,1,5,13,1,4,0
iam well transaction for your account so i needed credit card or any personal loan cl me,banking,1,5,2,1,4,0
maintain the same service,banking,2,6,13,1,4,0
based on transactions please give credit cards,banking,1,5,2,1,4,0
being senior citizen i would prefer to get cash withdrawn from home through branch person delivering me at home,banking,1,5,9,1,4,1
everything is correct debit card charges are little bit high alaso debit card transaction after four times is higher and at once not debited but monthsonce,banking,1,3,7,1,4,0
too many advertisements and offers that are not very useful or beneficial are being sent,banking,0,1,11,1,4,0
staffs must liberal to existing customers,banking,1,5,13,1,4,0
keep a experienced employee at gold loan section,banking,1,5,2,1,4,0
fine bahut kat te hai,banking,0,1,13,1,4,0
not even wish to give me suggestions for such as useless persons both female employees in bank,banking,0,1,13,1,4,0
plz do to client for sufficient information about bank services so for them,banking,1,3,13,1,4,0
well experienced and atmosphere,banking,2,6,7,1,4,0
car parking facility can be improved,banking,1,5,13,1,4,0
asylum for those some asistance,banking,1,5,13,1,4,0
no idea,banking,1,5,13,1,4,0
nothing to be share,banking,1,5,13,1,4,0
ur addressing complaints in a proper manner,banking,2,1,6,0,4,0
account holder need personal loan pls consider that,banking,1,5,2,1,4,0
improve interior and seating arrangements,banking,1,5,13,1,4,0
minimum amount balance amount is reduced to favour customer,banking,1,5,13,1,4,0
sirplease help me to pay the interest month once tha you,banking,1,3,13,1,4,0
your staff give respect for the customer,banking,2,6,13,1,4,0
request to unfreez my freezed savings accont,banking,0,1,13,1,4,0
you should open a branch at shahabadmarkanda,banking,1,1,9,0,4,1
train employees to be more customer friendly and advice them to atleast smile,banking,1,5,13,1,4,0
at present nil,banking,1,5,13,1,4,0
only things i do not likedo not transfer the employees time to time atleast they have to work minimum years thanks,banking,1,6,13,1,6,0
customer relationship is very important to teach them politely behave,banking,1,5,13,1,4,0
it would help to have cash counters when there are a lot of customers or even separate deposit and payment counters when there are a lot of customers,banking,1,3,13,1,4,0
if any merits and facilities about federal bank to provide customer please explain or share,banking,1,5,13,1,4,0
kidangannur branch is,banking,1,5,9,1,4,1
fine amount can reduce,banking,1,5,13,1,4,0
no ideas just answer the phone for few seconds,banking,1,5,13,1,4,0
debit keep debit plz,banking,1,5,13,1,4,0
simple friendly banking federal bnk,banking,2,6,13,1,4,0
keep supporting the customer banking requirements as usual,banking,2,6,13,1,4,0
not satisfied,banking,0,1,5,2,6,0
am not satisfied because i already paid interest but they didnot accept that they put due payment so i will never contact your bank,banking,0,1,5,2,6,0
if you can provide locker facility it would be of great help for the customers,banking,1,5,13,1,5,0
please extend cash transaction timings to beyond pm,banking,1,5,13,1,4,0
give packages to non salaried persons such as daily wagers,banking,1,5,13,1,4,0
avoid maximum hidden charges in gold lone,banking,1,3,1,1,4,0
fully satisfied your service and also reasonable rate of interest for deposits up to days thank you very much,banking,2,2,10,1,6,0
gold loan documents heavy for customerreduce to minimum pagessignature,banking,1,5,2,1,4,0
drinking water toilet facility may be provided,banking,1,5,13,1,4,0
kindly easier the update no procedure of fi bank account,banking,1,3,13,1,4,0
i fedmob app we r unable to see full debit card number please do needful to update the app,banking,0,1,7,1,1,2
please give my credit card as soon as possible,banking,1,5,2,1,4,0
have to improve agri loans agri term loans,banking,1,5,2,1,4,0
more cdm machines in atm counters,banking,1,5,7,1,4,0
there is branch in badlapur east but not in badlapur west i think just like other banks like hdfc you should open a branch in badlapur west also,banking,1,1,9,0,4,1
please solve the server down issue,banking,0,1,3,0,4,0
it would be much helpful to us having a pass book printing kiosk so that work of staff will not be disturbed,banking,1,5,13,1,4,0
customers get attracted by attractive credit cards and fixed deposit interest rates,banking,1,3,2,1,4,0
provide minimum services to customers,banking,1,5,13,1,4,0
credit card facility not available,banking,0,1,2,0,1,3
valu able customer mortgage loan consider,banking,1,5,2,1,4,0
parking space is not available in peace hours,banking,0,1,13,1,4,0
e collection service not available,banking,0,1,13,1,4,0
holiday time cash deposit machine atm center and passbook entery macine,banking,1,5,7,1,4,0
very nice dancing team,banking,2,2,13,1,4,0
continue keep staff behaviour,banking,2,6,13,1,4,0
great banking,banking,2,2,13,1,5,0
in customer areas some led strip light betterbrightness is better it will make positive energy,banking,1,5,13,1,4,0
service are very pure staff was irresponsible,banking,0,1,13,1,4,0
i am fully satisfied with the services of fbl,banking,2,2,5,2,6,0
try to connect more and more with customers,banking,1,5,13,1,4,0
keep on like this,banking,2,6,13,1,4,0
deposit failed,banking,0,1,13,0,4,0
try to satisfy your customers by giving themsome gifts on special days like onan xmas ramzan newyear etcetc,banking,1,5,13,1,4,0
me kal bank branch gya pura staff ek saath lunch kar reha tha coustomer line me wait kar rahe the esa nahi hona chahiye fast service hona chahiye,banking,0,1,9,2,4,0
do not accept monthly debit card defuctions,banking,0,1,7,0,1,3
nice branch service,banking,2,2,9,2,6,0
i am not getting any help,banking,0,1,13,1,4,0
just improve gold loan release process which i feel very slow,banking,1,3,2,1,4,0
i am very sad hear you that online loan have no top up facility,banking,0,1,2,0,3,3
its a pleasing atmosphere in the bank though staff gets changed frequently so personal relationships are broken at least for some time,banking,1,5,7,1,4,0
nice dealing and behavior of staff,banking,2,2,13,1,4,0
third class service,banking,0,1,13,1,4,0
with onset of summer few water bottles would be welcome for the visiting customers,banking,1,5,13,1,4,0
my experience with federal bank is always satisfactory,banking,2,6,13,1,4,0
based on the eligibility provide personal loan at branch level,banking,1,3,2,1,4,0
i want loan on salary accont,banking,1,5,2,1,4,0
employees were very cordial to the task and completed very fas,banking,2,6,13,1,4,0
most of the employees doesnt know to communicate in the local language and few of them are looks like freshers and they are not able to handle the work load which is resulting as services are not in time,banking,0,1,13,1,4,0
document submission speed increases,banking,1,5,13,1,4,0
improve to politely talk with customers,banking,1,5,13,1,4,0
request to keep pro for helping in mobile banking of your products,banking,1,5,13,1,4,0
jewel loan renewal time is to early better to give time months avoid to collect every six months once,banking,1,5,2,1,4,0
i have account sincei am very happy in all the waythank you,banking,2,2,3,2,5,0
i think bank need an atm or deposit machine in nearst city because this branch is in nearest village and no branch or atm in nearest city you should think about it thanks,banking,1,5,7,1,6,0
employees are very professional and cordial great service,banking,2,2,13,1,5,0
you can reduce the number of atms even though it is less in no and make working comfortable,banking,1,5,7,1,4,0
over all federal bank keeps a professional approach i am fully satisfied with its services,banking,2,2,3,2,6,0
loan document service poor,banking,0,1,2,0,1,3
keep up the customer friendly work culture,banking,2,6,13,1,4,0
proper customer attention and care is essential,banking,1,5,13,1,4,0
number of employees at the front desk should be increased,banking,1,5,13,1,4,0
i will comment after regular dealing with the bank,banking,1,5,13,1,4,0
more attention to senior citizens,banking,1,5,13,1,4,0
please improve your service,banking,1,5,13,1,4,0
very kind responses with staff,banking,2,6,13,1,4,0
great service from kavundampalayam branch,banking,2,2,9,2,5,0
i appreciate the entire team so dedicated and efficient,banking,2,2,3,2,6,0
repeated calls and messages for availing credit card could be limited or avoided,banking,1,5,2,1,4,0
i m happy nd comfortable with the branch services,banking,2,2,3,2,5,0
if more information about bank product and banking rules to explain bank coustomers politely by bank staff may helpful otherwise staff performance excellent,banking,1,3,13,1,5,0
my daughter dr javeria anam radiologisthad applied for credit card she has bank account in this branch for more than years fd account for lakh but federal bank refused her to issue credit card while other bank gave her on opening account,banking,0,1,2,0,1,3
pleace close thise branch no use any staff or manager very bad,banking,0,1,9,0,4,0
need a ctm in kulathur branch,banking,1,5,9,1,4,1
i like federal bank all services,banking,2,6,13,1,4,0
we want cdm on our branch,banking,1,5,9,1,4,1
try to improveto provide good service not months to resolve issue,banking,1,1,5,0,6,0
good atmosphere facilities and services thank you,banking,2,2,7,1,6,0
not satisfied with the service,banking,0,1,5,2,6,0
please reduce the amount that charge in account,banking,1,5,1,1,4,0
arrengment of drinking water for costmers physical feedback form avalibity,banking,1,5,1,1,4,0
no need there are actually good,banking,2,2,13,1,4,0
existing service provided by the bank employees are always prompt and supportive with all of my queries,banking,2,6,13,1,4,0
nothing specific,banking,1,5,13,1,4,0
display health insurance regarding schemes in every branches,banking,1,5,9,1,4,1
federal bank is customer friendly and always like to visit our branch but some incidental charges are exorbitant when compared to public sector banks,banking,1,3,1,1,4,0
fast services in gold loan process,banking,2,3,2,1,4,0
dr jeeueuwwuehdhuehewjiiheheeiehedjdjjiuuehehejiiuujejehrbddjeju,banking,1,5,13,1,4,0
good approach,banking,2,2,3,2,6,0
nice communication,banking,2,2,13,1,4,0
mobile banking apps update,banking,1,3,3,1,4,1
interest rate deduction,banking,1,3,10,1,4,0
need more staff for gold loan authorisation,banking,1,5,2,1,4,0
ilikeyou,banking,2,6,13,1,4,0
best for transaction,banking,2,6,13,1,4,0
parking for cars is very difficult to get even in this new branch building bank should mark at least car parking lots as for bank customers only appoint a security guard to ensure parking is available for bank customers,banking,1,5,3,1,4,1
cleaning atm room,banking,1,5,7,1,4,0
good behaviour account opening staff,banking,2,2,13,1,4,0
there is nothing as such will let you in future if required,banking,1,5,13,1,4,0
very slow services,banking,0,1,13,1,4,0
go ahead,banking,2,6,13,1,4,0
is scanerof the fed mobile app is not workingso please activate the scanner,banking,1,1,3,0,4,1
the staff is having very rough attitude,banking,0,1,13,1,4,0
no here is perfect,banking,2,6,13,1,4,0
sorry all employe are all and helpful,banking,2,2,13,1,4,0
increase staff to improve higher services,banking,1,5,13,1,4,0
u should deliver the goldback the way youpickup,banking,1,5,13,1,4,0
keep it up,banking,2,6,13,1,4,0
personal loan not provided,banking,0,1,2,0,1,3
branch should be big,banking,1,5,9,1,4,1
love this aap,banking,2,6,13,1,4,0
comfortable environment,banking,2,6,13,1,4,0
let the present system continue i saw egoless staff only in federal bank great training,banking,2,2,13,1,5,0
we are happy with the bank services,banking,2,2,3,2,5,0
brach manager are behaving very bed and not polayed i am dision this behaviour to next time close my account,banking,0,1,13,1,4,0
not informed in any information,banking,0,1,13,1,4,0
please keep a pen to fill voucher or slip for cash deposit remain is good,banking,1,5,13,1,4,0
my family has above years relation with your bank but my brother need some money as loan for education abroad your reaction was not positiveplease improve your,banking,0,1,2,0,1,3
agricultural loan is for farmers so dont buy high processing fee for these type of loans its very bad worst,banking,0,1,2,0,0,3
be flexible and keep the point that with out customer no one can survive,banking,1,5,13,1,4,0
i expect banks growing,banking,1,5,13,1,4,0
branch to be add more space for customers waiting and other necessery facilites,banking,1,0,9,1,4,1
suggest no interval for lunch time normally we see the gate closed nd locked during lunchtimeinstead of all staff go for lunch togetherthey can keep atleast one staff ready to serve public,banking,1,5,13,1,4,0
efficient staff required,banking,1,5,13,1,4,0
in live account already given k y c,banking,1,5,13,1,4,0
instructions the staff to be impartial,banking,1,5,13,1,4,0
if somebody intractable customer directly in the first desk would have been much better,banking,1,5,13,1,4,0
first politeness should be taught to the staff we customers put our savings into the bank and have to be harassed while withdrawing for our needs,banking,0,1,13,1,0,2
i think provide more options for loans so no client will see here and there,banking,1,5,2,1,4,0
bank space is less,banking,1,5,13,1,4,0
establish a rapport with potential customers provide customized account management and investment advice,banking,1,5,3,1,4,1
higher transaction limit on netbanking,banking,1,3,13,1,4,0
appreciate that that the branch and staff functions as now,banking,2,2,3,2,6,0
fedral bank is the best in service for all catagory people,banking,2,6,13,1,4,0
no bank can give such services,banking,2,6,13,1,4,0
very co operative and helpful staff,banking,2,2,13,1,4,0
apni language sudharo or costumers se tameez se bat karo,banking,0,1,13,1,4,0
my gold loan repayment,banking,1,5,2,1,4,0
services are too slow and cashier is reckless even when there are less customers,banking,0,1,13,1,4,0
make more speed on your atm,banking,1,5,7,1,4,0
well trained and friendly staff,banking,2,6,13,1,4,0
if possible can you kindly make a provision for a washroomtoilet for emergency need of customer in general senior citizen in particular thanks,banking,1,5,13,1,6,0
there is only one person to handle the gold loan section he tries his best to satisfy all customers but if you can add one more counter for gold loan section it will be very much satisfying,banking,1,6,2,1,4,0
bank me abhi ka vyavahar or baat krne ka tarika or kisi bhi samasya ka samadhan sb kuch bahut achhi trh se milta hai thank you,banking,2,2,5,2,6,0
your support team at head office are arrogant and dont understand our grievances,banking,0,1,6,1,4,0
go through maximum,banking,1,5,13,1,4,0
cardless remittances should be resumed,banking,1,5,2,1,4,0
nothing special please keep up the same quality of service,banking,1,5,13,1,4,0
cdm machine ac is not working,banking,0,1,13,0,4,0
giving respect to customers,banking,2,6,13,1,4,0
bank has to reduce interest rates when compare to other banks loansgold loans etc,banking,1,3,2,1,4,0
existing culture is super fine,banking,2,6,13,1,4,0
staff staff hai vo vizi,banking,1,5,13,1,4,0
no suggestions every thing is satisfied,banking,2,2,5,2,6,0
keep up the client centric approach,banking,2,6,3,2,6,0
improve your service to customers servicemy personal service is worst my home emi are bounced due to freezed ac now they r charging late payment fees plz reverse back fremy ac no is,banking,0,1,2,0,0,3
no comments yet,banking,1,5,13,1,4,0
kindly improve your funds transfer service and charging high amount for transactions and taking money from customer account and saying bull shit,banking,0,1,13,1,4,0
provide smart talented sincere staff to main counters,banking,1,5,13,1,4,0
fedralbankisourfavritallso,banking,2,6,13,1,4,0
personal loan request,banking,1,5,2,1,4,0
helpful in case of urgency,banking,2,2,13,1,4,0
keep rocking,banking,2,6,13,1,4,0
after some more months,banking,1,5,13,1,4,0
personal relationship of the relationship manager or branch manager is must,banking,1,5,9,1,4,1
have separate cash counters for deposit and payments,banking,1,5,13,1,4,0
time extension,banking,1,5,13,1,4,0
teken time long,banking,0,1,13,1,4,0
no comments,banking,1,5,13,1,4,0
i want a cdm in my branch,banking,1,5,9,1,4,1
no recommendation i am satisfied,banking,2,2,5,2,6,0
speed and quick work finished,banking,2,6,13,1,4,0
jhvgh,banking,1,5,13,1,4,0
all time active atm meacin,banking,1,5,7,1,4,0
make your services more customer friendly,banking,1,5,13,1,4,0
main mobile banking on nahin kar pa raha hun,banking,0,1,13,1,4,0
just allow me to change my branch,banking,1,5,9,1,4,1
understand the requirement of a long tenure customer like me no attention or response,banking,0,1,13,1,4,0
seens yr account handle but service charges is so much call me if u can,banking,0,1,1,0,1,3
the existing one is appreciable,banking,2,6,3,2,6,0
start small franchise in villages,banking,1,5,13,1,4,0
please cash deposit machine in kombidinjammakkal branch as soon as possible,banking,1,5,9,1,4,1
give proper training to your managerial personals or else who are attending our calls when you ignore one customer bank will loose hundred of new customers,banking,1,3,13,1,4,0
most of the staffs are supportive and willing to help,banking,2,6,13,1,4,0
no very happy with the present services,banking,2,2,3,2,5,0
i want be with you future,banking,2,6,13,1,4,0
at my chirayinkeezhu br the main cashier only one cashier is also printing passbooks either it may be separated or a pass book printer is provided,banking,1,5,13,1,4,0
speeding up services,banking,1,5,13,1,4,0
improve your internetsome time this is very slowthis metter are waist my time,banking,0,1,13,1,4,0
skip awb charge while using same bank please i never again use this bank,banking,0,1,1,0,0,3
kyc updation is not effective in most of the digital services,banking,0,1,13,1,4,0
nice service and approach,banking,2,2,3,2,6,0
very nice experience with the staff,banking,2,2,13,1,4,0
as the fi account have no branch there will be no need of awb charge when remitting the cash,banking,1,3,2,1,4,0
i suggest my friends and relatives to bank with federal bankthe service received from the bank is admirable,banking,2,6,13,1,4,0
by time sms for renewl of fd and other information,banking,1,3,13,1,4,0
certificate of ced card services is very low,banking,0,1,13,1,4,0
provide loan,banking,1,5,2,1,4,0
customer friendly,banking,2,6,13,1,4,0
kindly recruit staffs who has enough experience in the field gold loan section always have freshers and they are working dead slow with zero knowledge,banking,1,5,2,1,4,0
hoapless service nandani branch,banking,0,1,9,1,4,0
employee good in knowledge and serving but waiting time is more,banking,1,0,13,1,4,0
i am very happy of bank service,banking,2,2,3,2,5,0
no because according to me everything was fine,banking,2,6,13,1,4,0
deposit machine and atm machine should increased gold loan interest rate should be decreased,banking,1,3,2,1,4,0
no ideas do some fixed small amount of penalty for those who not keeping those who cant keeping the minimum balance its very high charge rupees for minimum balance account or do something for the customers not only for your wellbeings,banking,1,5,1,1,4,0
continue the tempo in the years also,banking,2,6,13,1,4,0
need your branch at rayappanpatty the night dist,banking,1,5,3,1,4,1
branch staff behaviour and service should improve lot,banking,1,5,9,1,4,1
we ask any information to manager please they want to give the proper information,banking,1,3,13,1,4,0
what is the bank deposit time not accepting deposit banking time,banking,1,3,13,1,4,0
locker room to be upliftedsafeguarded to avoid flooding,banking,1,5,13,1,4,0
great great great,banking,2,2,13,1,5,0
quality and quick customer service,banking,2,6,13,1,4,0
staff must behave properly specially the customer service team,banking,1,5,13,1,4,0
requested to prefer ground floor branches or with lift facilities,banking,1,5,9,1,4,1
current account holders enjoys more benifts compared to federal so i think you can work on it,banking,1,6,13,1,4,0
provide more services related to fund schemes,banking,1,5,13,0,4,0
atm operations to be improved,banking,1,5,7,1,4,0
please take away the idea of minimum balance and stop taking money from account of students who have money in their account for daily food,banking,0,1,8,0,1,3
i was asked to wait to update the passbook after depositing cash it is frustrating,banking,0,1,13,1,4,0
in the urban areas employees are busy while rural branches are less utilized,banking,1,5,9,1,4,1
provide more seats for customers,banking,1,5,13,1,4,0
communication to customers over phone can be improved,banking,1,5,13,1,4,0
keep more coordination with customers,banking,1,5,13,1,4,0
one more counter for transactions above certain amount is necessary,banking,1,5,13,1,4,0
discipline is not maintained in banks atmosphere service provided by staff is poor,banking,0,1,7,0,1,3
transaction amount limit should be increased per day,banking,1,3,13,1,4,0
there is no waiting area in branch for customers,banking,1,0,9,1,4,1
give more awareness to the employees,banking,1,5,13,1,4,0
increase back office performance which is not satisfactory,banking,1,5,13,1,4,0
thanks for the quick service friendly staff,banking,2,2,13,1,6,0
change building site,banking,1,5,13,1,4,0
self passbook printing machine may be installed,banking,1,5,13,1,4,0
better dont change rules and regulations frequently,banking,1,5,13,1,4,0
account is blocked need update,banking,0,1,13,1,4,0
only few are helpful in need others are just doing their job,banking,1,5,13,1,4,0
app needs improvement,banking,1,5,3,1,4,1
annual fees deducted even after credit card closure request,banking,0,1,2,0,1,3
update employees training,banking,1,3,13,1,4,0
occasionally there is shortage of sitting space,banking,1,5,13,1,4,0
poor service and poor communication worst attitude by staff,banking,0,1,13,0,0,2
staff responsibility is appreciable,banking,2,6,3,2,6,0
your valuable customer provide small gift,banking,1,5,13,1,4,0
an annual gathering of branch customers may be arranged,banking,1,5,9,1,4,1
when rupees gave me the time for release gold the branch lady refused to release gold at that time,banking,0,1,9,1,4,0
kindly change the staff,banking,1,5,13,1,4,0
improve service by enabling online renewal of loan accounts for customers living outside the town,banking,1,5,2,1,4,0
pathiyoor federal bank service is very poor,banking,0,1,13,0,4,0
should have aesthetic appeal in your branch,banking,1,5,3,1,4,1
please give auto sweep facility on minimum balance,banking,1,5,8,1,4,0
need to improve staff behaviours at ambadi branch,banking,1,1,9,0,4,1
sometimes fedmobile app feels slow during upi payments but transactions never fail,banking,1,5,3,1,4,1
slow net banking,banking,0,1,13,1,4,0
i was completely impressed with their professionalism and customer service,banking,2,6,13,1,4,0
please assign deposit machine for naduvai branch,banking,1,5,9,1,4,1
number of employees may be increased to serve all counters,banking,1,5,13,1,4,0
suggest to install a passbook updating machine in our branch,banking,1,5,9,1,4,1
ensure employees focus on fast customer services,banking,1,5,13,1,4,0
cordial banking relationship needed,banking,1,5,13,1,4,0
she was very rude not interested in entering clients from a different branch very sad,banking,0,1,9,0,0,2
i wanted to reach out regarding a concern and hope it will be resolved soon,banking,1,5,13,1,4,0
comfort transactions fast and easy,banking,2,6,13,1,4,0
too much service charges i am closing my account,banking,0,1,1,0,1,3
branch gets closed before official time and employees leave early,banking,0,1,9,1,4,0
fd documents are paper only kindly improve like other banks,banking,1,5,13,1,4,0
gold loan service charge very high,banking,0,1,2,0,1,3
fbl is a highly cooperative bank,banking,2,6,13,1,4,0
lovely behaviour,banking,2,6,13,1,4,0
option to search suitable products based on customer age networth and needs while interacting with staff,banking,1,5,13,1,4,0
branch manager not receiving calls for banking queries,banking,0,1,9,1,4,0
ac is not working,banking,0,1,13,0,4,0
required landline phone,banking,1,5,13,1,4,0
a strong bond of years with the bank,banking,2,6,13,1,4,0
fire the branch manager in federal branch udaipur,banking,0,1,9,1,4,0
seating to be improved,banking,1,5,13,1,4,0
a well committed bank,banking,2,6,13,1,4,0
try to give home services to senior citizens on request without any extra cost,banking,1,5,13,1,4,0
shopping offers,banking,1,5,11,1,4,0
well experience with bank and branch,banking,2,6,9,2,6,0
wonderful team and very helpful,banking,2,2,13,1,4,0
federal bank is the smartest bank in agartala city with brilliant customer care,banking,2,6,6,2,6,0
increase number of atms at jamnagar city,banking,1,5,7,1,4,0
please arrange entry for car in front of bank parking issue,banking,1,1,13,0,4,0
dear customer rs debited from account towards cash remittance message is confusing,banking,0,1,2,0,1,3
experience was very satisfying,banking,2,6,13,1,4,0
staff and branch manager dealing is very professional,banking,2,6,9,2,6,0
educate the executive how to respond to the customer,banking,1,3,13,1,4,0
please open a branch at nellimukal adoor,banking,1,5,9,1,4,1
one of the employee was sarcastic which embarrassed me in front of others,banking,0,1,13,1,4,0
kindly upgrade kumplampoika branch with cash deposit machine,banking,1,5,9,1,4,1
transaction declined by bank,banking,0,1,13,0,4,0
parking area is very congested,banking,0,1,13,1,4,0
give us cyber security and empower branch heads to resolve losses,banking,1,5,9,1,4,1
keep customer satisfaction alive,banking,2,6,13,1,4,0
open another branch at thanjavur for town expansion,banking,1,5,9,1,4,1
add more services to the online portal,banking,1,5,13,1,4,0
staff shortage even though counters are available only one is functioning,banking,0,1,13,1,4,0
customer friendly and easy issue resolution,banking,2,1,13,0,4,0
very bad and pathetic experience,banking,0,1,13,0,0,2
well response from branch staff,banking,2,6,9,2,6,0
insufficient support for high value customers except one employee,banking,0,1,13,1,4,0
give tirupur branch more staff as it is a busy branch,banking,1,5,9,1,4,1
upgrade old machines and adopt better ways to showcase bank growth prioritize efficiency beyond credit cards like industry peers ensure seamless oneonone interactions whether with new or existing customers effective banking experience,banking,1,5,2,1,4,0
plse down charges,banking,0,1,1,0,1,3
loan facilities are poor,banking,0,1,2,0,1,3
employee bahavior is not good,banking,0,1,13,1,4,0
parking problem,banking,0,1,13,0,4,0
helpdesk,banking,1,5,13,1,4,0
cashier transfer please cashier very irresponsible very slow local language no speaking,banking,0,1,13,1,4,0
please introduce more complimentary airport related services for celestial card holders from family,banking,1,5,13,0,4,0
maintain proper staff is good for coustmer,banking,1,5,13,1,4,0
it is a need to make two cash counter,banking,1,5,13,1,4,0
gold loan tennor provide months and rate off intrest high compere to other bank high,banking,0,1,2,0,1,3
sequrity,banking,1,5,13,1,4,0
locker charges are comparetively higher needs revision,banking,0,1,1,0,1,3
tds deduction may kindly be furnished to income tax department timely,banking,1,5,13,1,4,0
head office should give them more discretion and authority,banking,1,5,13,1,4,0
no atm service our branh,banking,0,1,7,0,1,3
vey frustrating service,banking,0,1,13,1,4,0
i am not getting my weekly balance on my phone,banking,0,1,13,1,4,0
they should give focus to online account user kyc update and passbook update,banking,1,3,13,1,4,0
separate counter of payment and receipt for better and easy banking for current ac holders otherwise all are good and convenient,banking,1,5,13,1,4,0
kindly help the customer otherwise elucidate the details,banking,1,3,13,1,4,0
lone waiting,banking,0,0,13,1,4,0
please allow airport launch card and free locker for nre ac holders,banking,1,5,13,1,4,0
disappointed with the staffs behavior my father waited to deposit cash as the cdm wasnt working but the staff stayed on the phone ignoring him even after being asked to assist this is unacceptable immediate improvement is expected,banking,0,1,3,1,0,2
pl maintain timelines as accepted in the market,banking,1,5,13,1,4,0
need online service updation,banking,1,5,13,1,4,0
jewel loan section need a privacy space loans are not as satisfied as expected,banking,0,1,2,1,6,0
change the staff,banking,0,1,13,1,4,0
you take of customer satisfaction,banking,2,6,13,1,4,0
please install cdm machine,banking,1,5,13,1,4,0
pls try to develop infrastructure,banking,1,5,13,1,4,0
deposit machine needed,banking,1,5,13,1,4,0
reduce charges,banking,0,1,1,0,1,3
a passbook printing machines,banking,1,5,13,1,4,0
i wouldnt recommend to anyone first you decrease my credit limit and then you remove my credit limit enhancement offer,banking,0,1,2,0,1,3
i have submitted application for updating mail id but not open link after password,banking,0,1,3,1,4,0
mobile bank system should be available for especially for senior citizens,banking,1,5,13,1,4,0
avoid unnecessary changed,banking,0,1,13,1,4,0
i visited the bank and the service was very slow the staff is quite busy in chatting one of the employee just went out with his colleague to a store nearby as we was required to pass the cheque after requesting another staff came and helpled,banking,0,1,13,1,4,0
only withdrawal in my account one month,banking,1,5,13,1,4,0
since all the staff would be stressed as they deal with public and money occasionally they can be exposed to stress management programmes or games like in other corporate sectors as it would greatelyenhance their performance,banking,1,5,13,1,5,0
i had submitted re kyc doc for my moms joint account which is not been processed till date i came to know when i had visited to resolve for a query reg net banking for the same account i was not informed the net banking is not active,banking,0,1,13,1,4,0
branch atm sam time brekdown,banking,0,1,7,0,1,3
should be more business loan oriented for comman citizens when they approach the bank for loan,banking,1,3,2,1,4,0
i never satisfied,banking,0,1,5,2,6,0
the girl who was sitting in the cash counter was not good in her behaviourwhen customers find it a bit difficult to understand certain things in filling formsthey should not make fun of themshe insulted me badlyvery poor customer dealing,banking,0,1,13,0,4,0
why i try to open an account in vengoor branch they were not supportive there behaviour was very unlikely then i try to move to another bank,banking,0,1,9,1,4,0
the must not be used as enquiry he should be allowed the hidingly to keep an eye upon rogues,banking,1,5,13,1,4,0
no bank charges ama charges you should discontinue it make app and net banking more user friendly,banking,1,3,3,1,4,1
gold loan high rate,banking,0,1,2,0,1,3
hi hello your online banking service is very best and easy but last week have visited branch and the services level is not upto the mark,banking,0,1,9,1,4,0
processing loans at hub takes more time for sanction previous delegation to branch is good,banking,0,1,2,1,1,2
not well,banking,0,1,13,1,4,0
may have valey service also,banking,1,5,13,1,4,0
federal bank should be transparent about the charges deduct at any point of time,banking,1,3,1,1,4,0
rtgs restriction on holidays should go,banking,1,5,13,1,4,0
and also there yearly maintaining fee to rupees other thing excellent,banking,0,1,1,1,5,0
cdm machine facility to our coustomer,banking,1,5,13,1,4,0
speed up,banking,1,5,13,1,4,0
brilliant leadership and staffshould try to b more involved encourage local goans interact in local languagehelp audit them,banking,1,5,13,1,4,0
have to keep more small denomination currency like rs s and s,banking,1,5,13,1,4,0
mobile number link in bank account,banking,1,5,13,1,4,0
need a few more seats for customers,banking,1,5,13,1,4,0
develop the fed app,banking,1,5,3,1,4,1
they didnt answer me properly i am asking for somethingi think it would work better if everyone in that office changed worste service,banking,0,1,13,0,0,2
a suggestion federal bank should have more number of branches in big cities like indore,banking,1,5,9,1,4,1
employees should treat all customers equally and with courtesy they should acknowledge a customers presence and offer a seat atleast there should be individual email addresses for each employee based on their designation,banking,1,5,11,1,4,0
let them know the employer first give the priority to costumers they not get the phone calls,banking,0,1,13,1,4,0
please starting immediately personal flexi loan,banking,1,5,2,1,4,0
more counters and tellers to attend customers,banking,1,5,13,1,4,0
bandra branch cashier need much knowledge my shop account dts detected from the account,banking,0,1,9,1,4,0
knowledge of staff is not sufficient,banking,0,1,13,1,4,0
need more responsibilities old banking services not customer friendly,banking,0,1,13,1,4,0
better turn around time in home loan process,banking,1,3,2,1,4,0
i strongly suggest auto magic ticketing machine,banking,1,5,13,1,4,0
reduce amc,banking,0,1,13,1,4,0
now branch comfortable to handicapped persons,banking,2,6,3,2,6,0
please provide printer in branch,banking,1,5,9,1,4,1
respecte for coustmer,banking,1,5,13,1,4,0
parking area is not sufficient please do something for that in future it will be problem,banking,0,1,13,0,4,0
very bad experience,banking,0,1,13,0,4,0
decree the intreat,banking,0,1,13,1,4,0
another gold loan sanctioned chair is require when counter is rush,banking,1,3,2,1,4,0
loss through cheque not accepted,banking,0,1,13,1,4,0
also staff is not aware wheather it cash handling is applicable or not,banking,0,1,3,1,4,0
i couldnt login my app tried many times with till free to solve the issues but nothing happened,banking,0,1,3,0,4,0
cdm machine need in thadangam dharmapuri branch,banking,1,5,9,1,4,1
pls give me good service,banking,1,5,5,2,6,0
respect and give nice service nobody is bothering the custer earlier federal bank services were good now service is not good,banking,0,1,5,2,4,0
i am living in gurgaon very limited needs trying to shrink my connections,banking,1,5,13,1,4,0
keep friendly behavior with customers,banking,2,6,13,1,4,0
kindly have one more branch at rayappanpatty theny dist tamilnad,banking,1,5,3,1,4,1
number was linked properly how can he forget to complete the form and just enter the number why do i have to make multiple visits the work should be done at the first place on the second visit he is saying that he didnt fill the form completely,banking,0,1,13,1,4,0
the atm services shall be made more convenient and customer friendly sometimes the atm is not at all reliable and trustworthy your online banking is great,banking,1,6,7,1,5,0
gold loan section needs to chssnge from busy counters,banking,1,5,2,1,4,0
speed up service,banking,1,5,13,1,4,0
during peak period ie between st to th of each month a second cash counter would be convenient,banking,1,5,13,1,4,0
response time is slow and better customer interaction is required by nd level branch staff i think token system will improve banking experience,banking,0,1,9,1,4,0
please provide good support to nri customers,banking,1,5,13,1,4,0
pls keep one or more mobile numbers for customer care,banking,1,5,6,1,4,1
dont take blind decision as per ruletry to know the customer,banking,1,5,13,1,4,0
need more clarification when providing housing loans,banking,1,3,2,1,4,0
software upgrade and customer friendly statement covering foreign currency symbol also,banking,1,5,13,1,4,0
update application not working some tyme,banking,0,1,3,0,4,0
please do customers service properly thats all thankyou,banking,1,5,13,1,4,0
worst bank i have ever came across,banking,0,1,13,0,0,2
just care and consider customer whn standing in front of countertirur branch is below zero to care customers in all maner,banking,0,1,9,1,4,0
manager should be knowledgeable helping and understanding person,banking,1,5,13,1,4,0
no communication,banking,0,1,13,1,4,0
i want my money back as soon as possible,banking,0,1,13,1,4,0
book passbook not entry monthly monthly deduction of amount in my account,banking,0,1,13,1,4,0
avoid to collect lot of charges like minbalance sms charges mobile alert charges debit card chargesetc,banking,0,1,7,0,1,3
i request to appoint more staff we see the number of customer has increased after the present branch head took over charge,banking,1,5,3,1,4,1
it will be appreciated if the branch manager is sensitive to the genuine customer requests,banking,1,5,3,2,4,1
starecase no cleaned gives a dirty look,banking,0,1,13,1,4,0
tgere is no information about servjce imanager also so rude in service iff ask anyting about bank service only a readynade answer plz chack fedmobile app iff app is importent than why emplys are siting there unneseey services added by,banking,0,1,3,0,0,2
while the lunch time all the staff leaves and all functions stop for half an hour its goods the staff take two shifts for lunch while half the staff eat other in the counter,banking,1,5,13,1,4,0
i dont do any free consultancy,banking,1,5,13,1,4,0
become friendly budgets to the customers like low interest scc,banking,1,3,10,1,4,0
kindly send notification on any bank holidays and strike so intimate to customer mobile this is my suggestion thanking you,banking,1,5,13,1,4,0
its good but information to costumer is laging no help desk no ac at the costumer launge,banking,0,1,13,1,4,0
give more atm andcdm service,banking,1,5,7,1,4,0
please change old tear rupee note they suggest me arakonam branch white celopine tape paste after surrounded where we that time we search,banking,1,3,9,1,4,1
last years they have no signature issues my emergency time they have signature issues something like that why that women do this to me,banking,0,1,13,0,4,0
banking time for customer cash deposition should be upto pm,banking,1,5,13,1,4,0
please make your cash deposit form less complicated never have i ever seen such a complicated form in any other bank,banking,1,5,13,1,4,0
paperless for cash transactions no challans no quess app submission,banking,1,5,3,1,4,1
teach your staff to improve the language,banking,1,5,13,1,4,0
service charges are higher than other banks,banking,0,1,1,0,1,3
my gold loan renewal date is next month th but the staff mislead me let me know that it has already ended since months and i applied for a leave on my probation period specifically for the renewal asap turns out it was a mistake on her part,banking,0,1,2,0,1,3
give preference customers valuable time,banking,1,5,13,1,4,0
this branch staff is very unresponsibale and manager is too rude behaviour,banking,0,1,9,0,0,2
improve hospitality,banking,1,5,13,1,4,0
as suggestion it would be appreciated if bank to keep the service charges bit lower,banking,1,3,3,2,4,1
internet not working properly,banking,0,1,13,0,4,0
some office stafs are doing misbehavior managers are very supportive and helpfull,banking,0,1,13,1,4,0
more service to public,banking,1,5,13,1,4,0
wish federal bank enters into securities trading dmat etc entirely on its own,banking,1,5,13,1,4,0
maintain good manners with customers,banking,1,5,13,1,4,0
spacious parking space is required,banking,1,5,13,1,4,0
arrange drinking water fecilitymake theatm service without hindranceseparate conterfor seniors,banking,1,5,7,1,4,0
loan processing charges is very high,banking,0,1,2,1,1,2
customer service is poor,banking,0,1,13,0,4,0
please have a hassle free loan processing for poor people,banking,1,5,2,0,4,0
appointed bengali speaking employee maximum and experience employee not fresher,banking,1,5,3,1,4,1
very bed service,banking,0,1,13,1,4,0
some employees are not gd behaviourtgey didnt talk and guidance properly,banking,0,1,13,1,4,0
the glass partitions in front of officers staff etc is an irritantinter action with staff becomes difficultmay be it was needed during covid days but can be removed now let me have response on this,banking,1,5,13,1,4,0
message not come,banking,0,1,13,1,4,0
phone not using in duty time,banking,1,5,13,1,4,0
i want to remove my nivabuta policy but the back employee dont remove that policy,banking,0,1,13,1,4,0
train the employee of borsad branch about selfie accounts and related digital products of federal bank theyre unaware of selfie accounts and keep insisting customers to convert to saving to keep continuing i love the federal bank digi svc,banking,1,6,9,0,3,1
they do things at moderate speed but doesnt respond quickly kair village branch,banking,0,1,9,2,4,0
very baad behavior,banking,0,1,13,1,4,0
change the attitude to the customer,banking,1,5,13,1,4,0
we feel safe locker deposit amount is very high need to be reduced as like other banks within years increased times in safe locker deposit amount customer will deposit fd amount depends on your interest rate and service,banking,1,3,1,1,4,0
infrastructure is need to be improved,banking,1,5,13,1,4,0
in heavy rainy seasons branch operations mostly affected due to water logging only drawback,banking,1,5,9,1,4,1
arrange for new notes,banking,1,5,13,1,4,0
it would be great if you could increase teller counter,banking,1,5,13,1,5,0
after shifting one of thrissur branch from kolazhy to thiroor majority of account holders being residents of kolazhy there is urgent requirement of atm back at kolazhy since kolazhy customers are forced to reach thiroor for cash withdrawals,banking,1,5,7,1,4,0
s please update overdraft account through mobile banking without visiting branchesto fulfil urgent financial needs,banking,1,3,9,1,4,1
am very disappointed with the behaviour of the whole staffthinking of close the accounts very soon,banking,0,1,3,1,3,1
atm card pin fedbook open please help,banking,1,5,7,1,4,0
self passbook printer is essential,banking,1,5,13,1,4,0
please instruct staff to pick up branch phone,banking,1,5,9,1,4,1
my house in thiruvanyoor near to your puthencruz branch when i want open an account in your pthencurez branch but when i visited the manager and staff are totally ignored me even not respond properly thats why opened in kolenchery branch great,banking,0,1,9,2,5,0
bank timings could be extended upto pm like canara bank nearby,banking,1,5,13,1,4,0
deposit mechines have to install and maintain in other branches also,banking,1,5,9,1,4,1
no response in mail sent to imperio email idmy spouses account was opened as zero balance account but in the app its showing as minimum balance of rs requiredthere was a call from the branch also for the minimum balance,banking,0,1,3,1,4,0
to avoid high penal interest,banking,1,3,13,1,4,0
waiting time for a loan action slow movement unnecessary should be reduced,banking,1,0,2,1,4,0
provide aym at mannar town present atm is attached to branch at parumala another one is also within mtrs near parumala hospital,banking,1,5,7,1,4,0
no atm centre in pollachi andcdm,banking,1,5,7,1,4,0
frequently nline banking application lacks smooth operations,banking,0,1,3,2,4,0
very disorganized branch security mn shouting madam who was in counter is very bad behavior,banking,0,1,9,0,4,0
first of all offer a seat for customer before start a conversation,banking,1,5,11,1,4,0
they currently dont have much information about mutual funds and setting everything up will require considerable time and effort,banking,1,3,13,1,4,0
increase fixed deposit interest,banking,1,3,13,1,4,0
employees need to be trained and should be better at communication,banking,1,5,13,1,4,0
mrbhaskar is very good in his work and appreciate his prompt response in handling queries,banking,2,2,3,2,6,0
mrs purnima provided excellent customer service,banking,2,2,13,1,5,0
all are helpful especially branch manager they responsible and respecting others time,banking,2,2,9,2,6,0
i am one of the oldest customer of your bank all our family members have account in federal bank,banking,2,6,13,1,4,0
mr tom is an excellent officer,banking,2,2,13,1,5,0
just dont charge for cash deposit,banking,1,5,1,1,4,0
rtgs late transfer,banking,0,1,13,0,4,0
fully satisfied with the bank n its staff demonstrating professionalism n friendliness,banking,2,2,5,2,6,0
atm down many times,banking,0,1,7,0,1,3
infrastructure tobe improves,banking,1,5,13,1,4,0
it will be good when staff behaviour improve,banking,1,3,13,1,4,0
excellent ambience cordial behaviour of the manager and the entire staff team i enjoy banking in federal bank and i have told to many of my friends about this bank,banking,2,2,13,1,5,0
reduced interest rate will be appreciated,banking,1,3,3,2,4,1
bank customers to give your bank feedback and bank and govt scheme should go to public,banking,1,5,1,1,4,0
car loan must reduce the formalities salary slip it but cab own cum driver did not have all this so pls considered thats all thank you,banking,1,5,2,1,6,0
for every transaction the customer is informed except gold loan due i felt sad as i didnt receive a message in advance which will be a help for me in future,banking,0,1,2,0,3,3
branch should have more free area for the customers,banking,1,5,9,1,4,1
there is no railing for supersenoior person at the enterence,banking,1,5,13,1,4,0
parking area narrow,banking,1,5,13,1,4,0
need a more experienced employees,banking,1,5,13,1,4,0
atleast more branch should be open in jalandhar near my village mannan or nearby thanks,banking,1,5,9,2,6,1
there should be some improvement in the working time like if someone is minutes late then he is sent back saying that the transaction time will not be after pm whereas in other banks no one refuses to do the transaction till pm,banking,0,1,13,0,4,0
staff behavior not good,banking,0,1,13,1,4,0
have been maintaining an account with federal bank since and it is always a pleasure to deal with the bank,banking,2,6,13,1,4,0
kindly install cash deposit machine because several times in a year i need this my opinion it will also help you to grow your business,banking,1,5,13,1,4,0
stop charging commission on nre inward remittance whatever be the amount ref nre on l and above amount lying in casa with you except for emi of k monthly look into it,banking,1,5,2,1,4,0
sr citizen deposit must be revived and increased,banking,1,5,13,1,4,0
cdma and atm was not working in holidays,banking,0,1,7,0,1,3
please move some of your staff to different branches especially the cashier at mookkannur branch i dont know his name but he is behaving badly with customers and senior citizens,banking,0,1,9,0,4,0
very nice and well behaved employees,banking,2,2,13,1,4,0
pls set a pass book printing machine,banking,1,5,13,1,4,0
please attend the phone when called its not always possible to come physically phone is for communication to clear doubts etc when unable to come no complaints,banking,1,1,6,0,4,1
very happy with prompt services rendered by all staff members and quick services,banking,2,2,3,2,5,0
very good and customer friendly service by your employee mrs rajvi shah commendable she even gives advises on phone also to sr citizens like me very nice service,banking,2,2,5,2,6,0
i am long time customer of federal of gb before bank employees is vary good very fast response to customer now need improve good service i like vivek he is best employee in bank he is very helpful in gb for all customers,banking,2,2,5,2,1,1
if you started a application then you need to look how that application and there services are going why always coustomer can facing problem no tprovided reply on mail timely take a week or more than week to answercustomer try to call no,banking,0,1,3,0,4,0
keep good relations with customer,banking,1,5,13,1,4,0
space is not well,banking,0,1,13,1,4,0
the office attender and cashier behaviour is very worst and officer attender working as a money transmitter remitting fuds and handover to concern people home they are treating based on money,banking,0,1,2,0,0,3
lovely and friendly staff,banking,2,6,13,1,4,0
improve service,banking,1,5,13,1,4,0
each department have one more employee to speed up gold loan like work,banking,1,5,2,1,4,0
say what you can done dont give wrong information to customer i really lost hope on your bank,banking,0,1,13,1,4,0
i would request you to attend your landline calls,banking,1,5,13,1,4,0
best bank ever seen,banking,2,6,13,1,4,0
imploye bhut hi badhiya h help lete h hr parkar se,banking,2,1,13,0,4,0
i have experienced extremely good in every dealing under the dynamic leadership of the senior manager mrs thushara my sincere thanks to all,banking,2,2,13,1,6,0
pollachi solapalayam branch service really amazing,banking,2,2,9,2,5,0
personal day itself from morning or before am itself almost is debited from the account please check for that,banking,0,1,13,1,4,0
more services should be enabled through online mode like request for joint account,banking,1,5,13,1,4,0
in your bank all service are good but atm card if we applied also not giving,banking,0,1,7,1,1,2
my suggestion is please provide fresh note currency bundle we dont get the same when ever we require the same,banking,1,3,13,1,4,0
increase your atms and cdm machines in north chennai,banking,1,5,7,1,4,0
they will take too much time for one customer,banking,0,1,13,1,4,0
customer oriented and friendly staff,banking,2,6,13,1,4,0
subsidy scheme nomes u r implementing and i have kept jewel loan u r applying this scheme for that sudden changes in interest rate customers cant manageif u could inform before i wont join this scheme and interest also high,banking,0,1,2,0,1,3
ensure the fastest service to all customers,banking,1,5,13,1,4,0
lady staffs are not much cooperating,banking,0,1,13,1,4,0
my wife atm card expired more than year federal bank not issued new atm card then we using other bank atm my cheque deposit in federal bank more than one months till not answer what happened that cheque,banking,0,1,7,0,1,3
cash counter queue,banking,0,1,13,1,4,0
vehicle parking is very little place,banking,1,5,13,1,4,0
atm please consider second atm inside,banking,1,5,7,1,4,0
the staff not customer friendly adament and not at all co operative,banking,0,1,13,1,4,0
add more atm machine at branch,banking,1,5,7,1,4,0
special mention of ms hemavarshini very very helpful and cheerful and earlier ms neetu mohan now transferred so also mr sushiel and before him vipin unnithan an extraordinarily kind helpful man who tried to see what could be done commend all,banking,2,2,13,1,4,0
service render by staff is an excellent,banking,2,2,13,1,5,0
branch staff is so much cooperative service is too good,banking,2,2,9,2,6,0
pathetic,banking,0,1,13,0,0,2
long time ago iam with federal bank iam feeling better service from fbank employes are cooperative,banking,2,6,1,1,1,2
sarvice is not good,banking,0,1,13,1,4,0
only disadvantage is its location though it is commercially an ideal location it is too congested and difficult to find a parking since bank visits are now minimal we do manage with it,banking,0,1,13,1,3,1
excellent staff when compared with other nationalised banks,banking,2,2,13,1,5,0
please start of credit card and personal loans fesilitivities at branch level,banking,1,5,2,1,4,0
efficient n effective bak n service,banking,2,6,13,1,4,0
smaller denomination currency not available in tambaram branch atleast once in a month if made available with fresh notes it will be helpful,banking,1,5,9,2,4,1
staff are well knowledged and clarifying the doubt instantly without any delay,banking,2,0,13,0,4,0
federal bank is a good bank and giving excellant service to customers,banking,2,2,13,1,4,0
more time waste full day branch visit,banking,0,1,9,1,4,0
staff is very helpful n copporativ,banking,2,2,13,1,4,0
very nice service,banking,2,2,5,2,6,0
try to fix fed e remit,banking,1,5,2,1,4,0
helping prompt and personalised services happy to rate excellent services,banking,2,2,3,2,5,0
suggests to avoid debiting cash handling charges it would be considered at management level,banking,1,3,1,1,4,0
very friendly professionals,banking,2,6,13,1,4,0
stupendous and admirable service keep it up,banking,2,6,13,1,4,0
not good,banking,0,1,13,1,4,0
excellent experience,banking,2,2,13,1,5,0
reduce the time taken to resolve customer problems,banking,1,1,13,0,4,0
more atms required,banking,1,5,7,1,4,0
hmm the locker could be lil bit bigger have taken lovjers spending more,banking,1,0,13,0,4,0
service is most beautiful,banking,2,6,13,1,4,0
good staff and quick real time work to bank transaction,banking,2,2,13,1,4,0
staff ki kami only person in my city this bank branch,banking,1,5,9,1,4,1
fee levied on other branch deposit must be waved off as its a core banking and computerised,banking,1,5,1,1,4,0
provide a bigger size locker in rns road hubli we are ready to deposit the fd very poor performance in this regard below zero in vasavi nagar asking atm facility and provide space more than years asking no feedback,banking,0,1,7,0,1,3
enquiry through phone good response,banking,2,2,13,1,4,0
rude behaviour,banking,0,1,13,0,0,2
the interaction with csr was horrible but the branch manager was extremely helpful,banking,1,5,9,2,0,2
very cooperative staffs keep it up,banking,2,6,13,1,4,0
service is amazingno more words to say,banking,2,2,13,1,5,0
revise interest rate dont deduct any ammount for cash transaction,banking,1,3,10,1,4,0
employees need to be more friendly,banking,1,5,13,1,4,0
fd receipt printed format always required whenever it opensalso penalty for premature closure of fd below lakhs expected to be nil after months of opening it is helpful please consider this,banking,1,5,1,1,4,0
every body is using bank tel nmbr thats not working any time,banking,0,1,13,0,4,0
very good services,banking,2,2,5,2,6,0
in modern world if any doubt we want correct answer quickly,banking,1,5,13,1,4,0
the behaviour of staff is very unwelcoming their attitude is making customers not come back to the bank again,banking,0,1,13,1,4,0
best and fast service,banking,2,6,13,1,4,0
door of the bank is troublesome,banking,0,1,13,1,4,0
friendly nature of the staff unlike other banks,banking,2,6,13,1,4,0
kiosks can be placed in branches,banking,1,5,9,1,4,1
make your fed mobile app less intrusive it should work without permission to access my phone book etc,banking,1,5,3,1,4,1
pls ask the cleaning staff to clean corners and windows,banking,1,5,13,1,4,0
if it is a joint locker both the parties should have the right to fill the basic issues that arise,banking,1,1,13,0,4,0
your service to customers is excellent you should try to open some more branches at some more prominent location,banking,1,5,9,2,5,1
i opened fds on i told to make all these fds to auto close concerned employee made all as auto renewal he also misspelled the nominee name and didnt change it,banking,0,1,13,1,4,0
seniors please do not use loud voice to the staff infront of the customers its my request for all vp and branch managers,banking,1,5,9,1,4,1
fd statement of account should show a running total,banking,1,5,13,1,4,0
basic knowledge of products like fixed deposit very essential as half baked info is giving a bad name to a good performing bank,banking,1,1,13,0,4,0
should enable online change of email,banking,1,5,13,1,4,0
pls see the customer can do part release the gold pledged item,banking,1,5,13,1,4,0
communication with customer is very poor and behaviour of your staff is very bad,banking,0,1,13,0,4,0
federal bank customer care call back not received,banking,0,1,6,0,4,0
u cant solve small problem i want change my phone,banking,0,1,13,0,4,0
give proper knowledge to your staff,banking,1,5,13,1,4,0
no good response,banking,0,1,13,1,4,0
give reply as soon as possible,banking,1,5,13,1,4,0
should not ask for password change frequently in mobile app,banking,1,5,3,1,4,1
you should be easily available on whatsapp our registered cellphone number and at the most pan number should be asked for verification asking too much information is irritating,banking,1,3,3,1,4,1
have to treat all customers with respect and care the bank function with customers if there is no customer there wont be any branch,banking,1,5,9,1,4,1
speedy documentation required,banking,1,5,13,1,4,0
make the service as speed as possible,banking,1,5,13,1,4,0
location should be accessible even to old age persons present location though ample space provides for parking customers could not use it because of nearby shops parking should be adequate,banking,1,5,13,1,4,0
response to email or our queries is poor i had to wait almost hours to deposit cash,banking,0,1,13,0,4,0
imps charges is very high,banking,0,1,1,0,1,3
need to open new branches,banking,1,5,9,1,4,1
locker system should be revised bigger size locker with more charges should be available,banking,1,3,1,1,4,0
atm facility required,banking,1,5,7,1,4,0
waited for hour without any reason,banking,0,1,13,1,4,0
parking space not enough,banking,0,1,13,1,4,0
last year bank charges were deducted,banking,0,1,1,0,1,3
pls focus to minimise server issues,banking,1,1,13,0,4,0
waiting time little bit ok,banking,1,0,13,1,4,0
bad service,banking,0,1,13,0,4,0
request to open still more branches,banking,1,5,9,1,4,1
worst bank no proper employees and no knowledge to them and my money is not refunded,banking,0,1,13,0,0,2
i was required to visit branch about four times to update my phone number i would recommend to give a token number from branch to check the status of each updates online,banking,1,3,9,1,4,1
charges on below account level should be avoided,banking,1,3,1,1,4,0
appointment nominated executive for sr citizen accounts,banking,1,5,3,1,4,1
kindly release my all amount and support to me for my account close one,banking,1,5,13,1,4,0
request for closure was not honoured in timely manner we have called many times for closure and account details were not provided calls were disconnected pathetic way to treat customers,banking,0,1,13,0,0,2
could you please fix the minimum balance,banking,1,5,8,1,4,0
visited branch saturday to deposit cash counter was unattended staff said cashier was on lunch assistant manager was rude faced delay poor customer service experience,banking,0,0,9,0,0,2
improve the staff count,banking,1,5,13,1,4,0
account minimum balance amount is not good,banking,0,1,8,1,1,2
you should communicate clearly to customers during transactions and deposit receiving,banking,1,5,13,1,4,0
the sitting arrangements must be improved like an air conditioned room larger locker system attractive interior etc,banking,1,5,13,1,4,0
change the rule for gold loan you can only get you cant take more amount,banking,1,5,2,1,4,0
services a little slow,banking,0,1,13,1,4,0
please open atleast cash counters at busy hours,banking,1,5,13,1,4,0
my account freeze,banking,0,1,13,1,4,0
handle our ornaments with care and feel the responsibility as you are handling our gold ornaments not iron metals,banking,1,5,1,1,4,0
please change your ac,banking,1,5,13,1,4,0
appoint local staff have good behaviour or manner to talk,banking,1,5,3,2,4,1
if any customer needed emergency fund loan with low interest rate through mobile app,banking,1,3,2,1,4,0
more seating space for customers,banking,1,5,13,1,4,0
dont keep customers waiting for a long time,banking,1,0,13,1,1,1
need to improve transaction limit enhancements,banking,1,3,13,1,4,0
keep helping,banking,2,6,13,1,4,0
improve the publicity,banking,1,5,13,1,4,0
for waiting people one tv can be installed with news channels,banking,1,0,13,1,4,0
open branches near medavakkam madambakkam etc,banking,1,5,9,1,4,1
keep filter water for drinking during summer thanks,banking,1,5,13,1,6,0
the best bank thanks to the team,banking,2,2,13,1,6,0
opend od ac before days still not started net banking also didnt get welcome kit qhile open this ac they promise to get this all done in to days,banking,0,0,13,1,4,0
more staff wanted,banking,1,5,13,1,4,0
very good and soft persons in thirupathisarsm branch,banking,2,2,9,2,6,0
loan advisor or councillor required in branch,banking,1,5,2,1,4,0
staff helped to collect cash and also to remit cheque,banking,2,6,2,1,4,0
please reverse debit card charges debited to my account,banking,1,3,7,1,4,0
there is no proper behaviour with usdonot get proper information about gold loan interest rate is very high,banking,0,1,2,1,4,0
overall good crm,banking,2,2,13,1,4,0
always good experience especially branch manager very polite and kind and well behaved,banking,2,2,9,2,6,0
sone branch they behavior very bad,banking,0,1,9,0,4,0
branch employees dont bother about the customers a word may i help you is all that every customers expect but a behavior that the customers are unwanted in the bank premises will definitely effect the bank,banking,0,1,2,0,1,3
sure teach them how to behave to customers in polite way,banking,1,3,13,1,4,0
atm sevice may be improved,banking,1,5,7,1,4,0
senior citizen not getting preference on counders,banking,0,1,13,1,4,0
please grant personal loans to customers having good cibil score,banking,1,5,2,1,4,0
give a proper information to the customers because not a all people are educated,banking,1,3,13,1,4,0
improving parking facilities would be an added advantage like the icing on the cake,banking,1,5,13,1,4,0
to provide necessary help to the customer of senior citizen,banking,1,5,13,1,4,0
staff are very cooperative and helping nature,banking,2,6,13,1,4,0
please make sure availability of cash in atm,banking,1,5,7,1,4,0
horrible response money blocking normal phenomena keeps in continuation in spite of depositing all the required documents as said by the bank amount blocked for last days no feedback when the problem is going to be resolved,banking,0,1,1,0,0,3
i need personal loan another bank also provided but my transactions more here so kindly provide personal loan,banking,1,5,2,1,4,0
not received help on local address update on my account,banking,0,1,13,0,4,0
mr jacob along with other staff members were very cooperative the highlights are their speedy work and efficiency,banking,2,6,13,1,4,0
very few branches at least there should be branch in after km,banking,1,5,9,1,4,1
required demate account opening,banking,1,5,13,1,4,0
please arrange frequent coins for emergency purposes,banking,1,5,13,1,4,0
last time they are taken nearly hours,banking,0,1,13,1,4,0
service is good but new recruits filling in this branch this branch sakinaka is a healthy branch having more customers and have maximum transactions thats what i believe some times finding more rush and waiting time is more,banking,1,0,9,2,4,1
the atm near saradha krishna homoeopathic medical college is not working often,banking,0,1,7,0,1,3
move to a better premise with some parking space for constituents,banking,1,5,2,1,4,0
environment looks like government bank slow processing and atm me hine max time doesnt work,banking,0,0,7,1,4,0
my federal bank app is not working due to some error i have changed my mobile number in my bank account but in app its not working with my new mobile number,banking,0,1,3,0,4,0
very poor service,banking,0,1,13,0,4,0
service charge on cash deposit at non home branches to be removed,banking,1,5,1,1,4,0
all good services and trust trustable bank,banking,2,2,5,2,6,0
please do take good care of the staff they are such nice people,banking,2,2,13,1,4,0
many notches better than other banks,banking,2,6,13,1,4,0
fully satisfied with the service,banking,2,2,5,2,6,0
staff is having great behaviour towards customer always happy to help,banking,2,2,3,2,5,0
staff are good and supportive,banking,2,2,13,1,4,0
they really dont know how to handle with customer specially ruppek team,banking,0,1,13,1,4,0
soro branch manager is not comming proporly he is coming on at pm the other officer support the bm first service given to senior citizens,banking,0,1,9,1,4,0
customers is the foundation of any banking system stop behaving like private money lenders it will harm your bank,banking,0,1,13,1,4,0
please reduce study loan interest,banking,1,3,2,1,4,0
federal bank app is very slow when compared with other banks also with regard to business and other car loans interest rates are bit higher,banking,0,1,2,0,1,3
very courteous and cooperative staff quick to respond,banking,2,6,13,1,4,0
excellent behaviour and dignified dealings fast and fine tuned service,banking,2,2,13,1,5,0
meine bohat request kiya but meri ik nhi sunni,banking,0,1,13,1,4,0
pass book print machine,banking,1,5,13,1,4,0
good employees service is excellent,banking,2,2,13,1,5,0
they should give responses on phone,banking,1,5,13,1,4,0
bank employees are very kind and supportive,banking,2,6,13,1,4,0
very friendly and communicative,banking,2,6,13,1,4,0
every thing is quite ok very good bank again i request you to keep some new currency at your branck rathin banerjee,banking,1,5,5,2,4,0
fast service good,banking,2,2,13,1,4,0
well support,banking,2,6,13,1,4,0
just need to improve the attitude towards your valuable customers,banking,1,5,13,1,4,0
prompt service in the branch as well as doorstep service and running the bank branch with utmost discipline,banking,2,6,9,2,6,0
branch sales person not support,banking,0,1,9,1,4,0
discouraging loansinterest rate too high fds should be more flexi online account opening branch level no support,banking,0,1,2,0,1,3
experience working employee your bank,banking,2,6,13,1,4,0
bad service,banking,0,1,13,0,4,0
interest for gold loan is high,banking,0,1,2,0,1,3
overall i am happy with federal bank chengannur branch,banking,2,2,3,2,5,0
parking facilities to be improved and the atm should be attached to the bank building,banking,1,5,7,1,4,0
excellent service in villiappally branch,banking,2,2,3,2,5,0
best banking services fast,banking,2,6,13,1,4,0
please inform about the shortcomings in the documents at an earlier stage while processing loan,banking,1,5,2,1,4,0
mins went amount not came to account,banking,0,1,13,1,4,0
keep it up special thanks to mr srijith asstmanager very friendly knowledgeable and sincere i heard that he is getting transferred to kottayam hope some one coming in his place will keep up his standards,banking,2,2,13,1,6,0
not helping in the branch for any valuable costomers,banking,0,1,9,1,4,0
overall extraordinary performance to fbl staffs our branch nedumpuram,banking,2,6,9,2,6,0
improve speed,banking,1,5,13,1,4,0
about the gold lone,banking,1,5,13,1,4,0
feel that the personal connection is not upto the past level,banking,0,1,1,0,1,3
improve branch cleaning,banking,1,5,9,1,4,1
the problem which they told me will be solved in a day and half days ago is still not solved and no one is picking the number in the helpline which is given on google,banking,0,0,6,0,4,0
credit card,banking,1,5,2,1,4,0
staff were very helpful and my transition was completed in less than minutes,banking,2,2,13,1,4,0
at the moment whenever we make transaction we get a confirmation by mail as well as text msg automatically a monthly statement by mail is more appropriate than individual transaction by mail,banking,1,5,3,1,4,1
updating and posting is taking too much time,banking,0,1,13,1,4,0
continue and grow with this kind of service,banking,2,6,13,1,4,0
its better than other banks servicewise,banking,2,6,13,1,4,0
please kindly do not add my number in any account,banking,0,1,13,1,4,0
best service in jodhpur federal bank,banking,2,6,13,1,4,0
pur cdm machine in your atm cabin,banking,1,5,7,1,4,0
bad service,banking,0,1,13,0,4,0
debit card should be provided without any annual charges,banking,1,3,7,1,4,0
wish u all the best,banking,2,6,13,1,4,0
not satisfied,banking,0,1,5,2,6,0
install a small digital feedback system at each branch so customers can quickly rate their experience this will provide realtime insights into service quality,banking,1,3,1,1,4,0
better make the staffs more friendly to the customers,banking,1,5,13,1,4,0
reduce interest rate and processing fee for gold rate,banking,1,3,1,1,4,0
friendly staff with good manner,banking,2,2,13,1,4,0
always best and my branch manager is very very good,banking,2,2,9,2,6,0
arrange a reading corner and provide two newspapers are english and one malayalam preferential treatment for senior citizens desirabie,banking,1,5,7,1,4,0
the branch manager arun jude dominic was fantastic in supporting my requirements he was extremely cordial and highly responsive i enjoyed banking at this branch,banking,2,2,9,2,5,0
all the staff members were very helpful they understand the person problem and give proper solution and support,banking,2,1,13,0,4,0
product knowledge totally filled staff polite,banking,2,2,13,1,4,0
recently i had good experience from the branch staff named shobal andathode branch during my account convert process and email changed process he supported me well and followed up until the process completed really appreciated his valuable support,banking,2,2,3,2,6,0
ruppek bakwas hey,banking,0,1,13,1,4,0
documents update slowly processing,banking,0,1,13,1,4,0
there is no any suggestion because all bank staff behavior is very good,banking,2,2,5,2,6,0
bahut achha bank he federal bank yaha ka karmachari bahut achha he,banking,2,6,13,1,4,0
i use federal bank thirumalashettyhalli branchthere devipriya medam help the unejucateds and she works like a sharp magnetbank ll run by him,banking,2,6,9,2,6,0
excellent customer service excellent staff behaviour,banking,2,2,13,1,5,0
pen should provide for customer and tv for customer entertainment,banking,1,5,13,1,4,0
frequent training to office staff for coustomer satisfaction they should work with customer needs,banking,1,5,13,1,4,0
a bank which gives homely feeling keeps the customer in comfort zone and of all federal bank is a trust worthy ban,banking,2,6,1,1,4,0
parking facility to be improved,banking,1,5,13,1,4,0
very good staff nice behaviour good infrastructure,banking,2,2,5,2,6,0
establish more branches where ever possible,banking,1,3,9,1,4,1
it would be nice if customers are given a glass of water or some complementary items in order to attract more infrastructure needs to be developed manager and staff are very good at their service in irikkur branch,banking,1,5,9,2,4,1
looting our money in the name of minimum balance,banking,0,1,8,0,1,3
long time customer and happy customer,banking,2,2,3,2,1,2
recently i visited the parrashala branch they well behaved clarified my doubts about the banking and helped me to change the type of account thank you in the fed mobile app before the transaction please mention the charges for transaction,banking,2,2,3,2,6,0
one of the best service in banking sector now,banking,2,6,13,1,4,0
appoint a wathman to look after the parking,banking,1,5,3,1,4,1
all the staffs are behaving with a welcome smile and helping all the customers that they dont feel any difficulties for their needs and are leaving this office very very happy,banking,2,2,3,2,5,0
written or display other banking business in an attractive way,banking,1,5,13,1,4,0
some staff maintain good customer relationship while others are very poor the bank should reward those who are worthy of it,banking,1,5,11,0,4,0
normally the services are good,banking,2,2,13,1,4,0
all employees very good behaviour and fast working no waiting,banking,2,0,5,2,6,0
a few employees are not consumer friendly,banking,0,1,13,1,4,0
please increase the interest percentage to satisfy common people,banking,1,3,13,1,4,0
i really like the federal bank all staff are very friendly and professional love u federal bank,banking,2,6,13,1,4,0
improve speed and behaviour customer caring or support,banking,1,5,13,1,4,0
a perfect bank congratulation,banking,2,6,13,1,4,0
tds certificate can improve,banking,1,5,13,1,4,0
complete satisfaction only demanding maximum cash deposit at the time of new saving bank account openings,banking,1,5,13,1,4,0
please offer juice to customers during summer,banking,1,5,11,1,4,0
branch requires more sitting space for customers waiting for their turn,banking,1,0,9,1,4,1
proper training,banking,1,5,13,1,4,0
cdm ki zarurat hai,banking,1,5,13,1,4,0
try to make it easier the things like mobile number updation the old ways were easy and convenient through atm or net banking while paying importance to safety and security measures also consider the efforts and time required to carry out this,banking,1,5,7,1,4,0
i like banking services and network staff support and guide,banking,2,6,13,1,4,0
excellent service and i experienced meaningful behaviour from the employees and managers i interacted with them the branch doing very good job,banking,2,2,9,2,5,0
staff very very good excellent service i am very happy thank you federal bank,banking,2,2,3,2,5,0
why you change my credit card limit i pay emi money every time before your date,banking,0,1,2,0,1,3
no comment for bank staff behave of staff is good so no comments,banking,2,2,13,1,4,0
poor service,banking,0,1,13,0,4,0
services are good,banking,2,2,13,1,4,0
added beneficiary cooling time should be reduced,banking,1,5,13,1,4,0
provide more employees,banking,1,5,13,1,4,0
rotation transfer will reduce their bad behaviour,banking,1,1,4,0,4,0
branch opening time should be extended it is very useful for us,banking,1,5,9,1,4,1
government bank gives more service than federal bank the present staffs are not at all customer oriented they have attitude,banking,0,1,13,1,4,0
improve your services,banking,1,5,13,1,4,0
plz feed notes besides notes in your atm machine the bank,banking,1,5,7,1,4,0
bank staff is very nice and services are excellent,banking,2,2,13,1,5,0
federal bank system is very outstanding very nice worker and very helpful in federal bank,banking,2,2,13,1,4,0
increase branch network and cdm machine network in haryana federal bank lags in this,banking,1,5,9,1,4,1
federal bank one of the best bank our site,banking,2,6,13,1,4,0
very friendly atmosphere and cooperative staff very polite and helpful,banking,2,2,7,1,4,0
the efficiency of the branch manager smt nisha is excellent,banking,2,2,9,2,5,0
keep up good spirit and concern for those require special attention,banking,2,2,13,1,4,0
as the rush is less in banks so request staff to process as quick as possible,banking,1,3,13,1,4,0
always maintained two cash counter,banking,1,5,13,1,4,0
im happy with the federal bank service since kindly avoid maximum physical documentation and printing,banking,2,2,3,2,5,0
to be improved in their behaviour and knowledge in customer relations,banking,1,5,13,1,4,0
i am very comfortable with the bank procedures which gave me a hassle free banking experience thank you,banking,2,2,5,2,6,0
not delivered credit card but service charges apply on my account not any transaction last year,banking,0,1,2,0,1,3
i strongly recommend that the minimum balance change has to be avoided someny other government banks dont have the minimum balance change,banking,1,5,8,1,4,0
hope all services should be excellent,banking,2,2,13,1,5,0
services provided fed bank to the customer is appreciable,banking,2,6,3,2,6,0
please accept soft copies of pan aadhar documents,banking,1,5,13,1,4,0
bank man service is very fast,banking,2,6,13,1,4,0
all details pls tell on clear explanation,banking,1,3,13,1,4,0
no customer parking allowed staff unprofessional seen chatting eating at work desk most importantly i visited for a mobile no update staff said it was done but the update failed was not processed this lack of service and false assurance,banking,0,0,13,0,4,0
it is also sad that there is not a single federal bank atm in vadakara,banking,0,1,7,0,3,3
must provide atleast a credit who had gl portfolio of more than one crore and give other unsecured and secured business loans which your bank was least bothered,banking,1,5,2,1,4,0
employee must use tablet or digital platform to open accounts,banking,1,5,13,1,4,0
not proper response and getting from oro federal bank is gud,banking,0,1,13,1,4,0
time taken reduce,banking,1,5,13,1,4,0
the customer dealings and service quality should be maintained like now,banking,2,6,13,1,4,0
should open more branches at jaipur,banking,1,5,9,1,4,1
higher rate of interest on fdrs,banking,1,3,10,1,4,0
still not received any confirmation regarding change of address kindly process my request of address change and provide my confirmation or request reference number if you require my documents again then i can send them by email,banking,0,0,13,0,4,0
you could get rid off the minimum balance provision like other national banks did taking fines for not keeping up minimum balance feels like a loot on the poor,banking,0,1,1,0,4,3
i have had an account with canara bank for years your bank doesnt even come close to that i was very distracted,banking,0,1,13,1,4,0
federal bank good and corporation and account opening are very quickly responding then very good service,banking,2,2,5,2,6,0
removing foot wears outside the bank is not recommended especially for elderly customers,banking,1,6,13,1,4,0
tell everyone who are working in your branch happy smiles,banking,2,2,3,2,5,0
lunch break time should be specified and report back on time,banking,1,5,13,1,4,0
when a customer is asking for passbook updation the concerned staff initially refused to do only after the customer approached the officer concerned the staff updated the passbook,banking,0,1,3,1,4,0
all employees are not much familer with transfer of funds to a foreign country,banking,1,5,13,1,4,0
need a good service mode from staffs,banking,1,5,5,2,6,0
if remove the minimum balance system better,banking,1,5,8,1,4,0
i like this branch and all staffs very much,banking,2,6,9,2,6,0
gold loan rates are high,banking,0,1,2,0,1,3
atm in village near branch,banking,1,5,7,1,4,0
please reduce amb,banking,1,5,13,1,4,0
atm not working cdm not available kunnamangalam branch,banking,0,1,7,0,1,3
please ensure that there is minimal churn of the branch staff please dont shuffle just to fulfill an archaic rule process,banking,1,3,9,1,4,1
keep up the work culture,banking,2,6,13,1,4,0
thanks to meenakshi mam for the prompt service and always customer first attitude,banking,2,2,13,1,6,0
credit card enquiry already not response from your side i am years account holder in mysore branch,banking,0,1,2,0,1,3
why not in ground floor parking is problem atm refiling takes time and cash is not sufficient if banks are closed for more than two days newly opening accounts minimum balance is too much and fine for the same is very high,banking,0,1,7,0,4,3
hire employees who is confident and can share exact information to their customers,banking,1,3,13,1,4,0
customer is king,banking,2,6,13,1,4,0
be committed and do not give false assurance,banking,1,5,13,1,4,0
my branch is rm nagar branch chennai there is no parking facility for cars i suffered a lot this time to park my car in next compound with their security driving me away,banking,0,1,9,1,4,0
unnecessary debit may be avoided,banking,1,5,13,1,4,0
if you are not in a situation to provide immediate cdm then token vending machine and token system required but cdm is definitely needed for the trikaripur branch kasaragod district kerala,banking,1,5,9,1,4,1
your employee should behave same when we start any loan and also when we clear the loan,banking,1,3,2,1,4,0
har ek city mein branch open karo aur har jaga ads ke board lagao jese ke chote dukandar ko federal bank ads ke sath flex board banakar do aur govt schools mein bachon ko federal bank printed copies donate karo,banking,1,5,9,1,4,1
introduce relationship manager,banking,1,5,13,1,4,0
branch ambience to be improved a bit more to look elegant,banking,1,5,9,1,4,1
must reduce the minimum balance the count of customers will increase,banking,1,5,8,1,4,0
please reduce the minimum balance amount for maintaining so more happy your customer,banking,1,5,3,2,5,1
minimum balance should be made rs,banking,1,5,8,1,4,0
very much satisfied waiting time is very low very appreciable services,banking,2,0,3,2,6,0
i like the service of our moodbidri branch their work and humanity for explaining customer support is liked thank federal bank,banking,2,6,6,2,6,0
took week for kyc updation and after my second visit and request kyc updated in my account,banking,0,1,13,1,4,0
not customer friendly need improvisation in that matter,banking,0,1,13,1,4,0
issue of fresh notes at least twice a year,banking,1,1,13,0,4,0
add few other options which can be done online via application,banking,1,3,3,1,4,1
expecting to start ppf account through federal,banking,1,5,13,1,4,0
kindly improve customer service as service is below as compared to psbs,banking,0,1,13,1,4,0
sometimes there is shortage of staff otherwise everything is okay,banking,1,5,13,1,4,0
please improve the parking facility,banking,1,5,13,1,4,0
erode fed bank cash takes more time,banking,0,1,13,1,4,0
loan required,banking,1,5,2,1,4,0
rule book should be made available and displayed if not done yet branch manager should always be available regarding rbi circulars information,banking,1,3,9,1,4,1
low interest better again loan thankyou,banking,1,3,2,1,4,0
opening time little more earlier like am if possible not getting any fd certificates like before copy is not enough,banking,1,5,13,1,4,0
processing fee is heavy other bank atm charge pls avoid this amount,banking,0,1,7,1,1,2
sir mujhe loan chahiye,banking,1,5,2,1,4,0
happy with the bank and staff passbook printing machine be kept outside say with atm cabin,banking,1,5,7,1,5,0
while visiting your branch at secunderabad i could hear the staff talking bit loudly from one cabin to another this could be avoided if intercom connections are there,banking,1,1,9,0,4,1
exemplary service from the staff and personalized attention by the branch manager with a ever helping mind and solution to every requests,banking,2,6,9,2,6,0
first be human because you are a bank employee we are not your slaves,banking,0,1,13,1,4,0
keep up the good work,banking,2,2,13,1,4,0
very fast transaction very good,banking,2,2,5,2,6,0
good service our bank,banking,2,2,5,2,6,0
very fine service super,banking,2,6,13,1,4,0
everything is good nothing default keep it up,banking,2,2,13,1,4,0
very good experience,banking,2,2,5,2,6,0
excellent service with concern and human touch,banking,2,2,5,2,5,0
kindly arrange passbook entry machine,banking,1,5,13,1,4,0
fund transfer to other banks unnecessary delay,banking,0,0,13,0,4,0
i always had pleasant and beautiful experiences in every visit to federal bank branches congratulations and good wishes,banking,2,2,9,2,6,0
make customer care contact easy,banking,1,5,6,1,4,1
good going and continue the journey with same spirit and success,banking,2,2,13,1,4,0
my grand daughter studying in chelyabinsk russia medical unable to send money please coordinate with finance minister and help us,banking,1,5,13,1,4,0
train your employees,banking,1,5,13,1,4,0
your bank charges a lot small amount but overall its too much,banking,0,1,1,0,1,3
federal bank should hire well trained employee i have visited times to update my email id but email id not added employees dont have knowledge,banking,0,1,13,1,4,0
special mention about ms gopika federal bank koramangala wonderful service very empathetic and helpful,banking,2,1,13,0,0,2
please make simple and fast service for public,banking,1,5,13,1,4,0
i am your customer and i need personal loan its urgent please help,banking,1,5,2,1,4,0
staff are very helpful,banking,2,2,13,1,4,0
please train gold loan officer,banking,1,5,2,1,4,0
branch should have latest gold loan interest rates displayed on board for transparency,banking,1,3,2,0,4,0
i truly appreciate how they handle customers very smooth process friendly approach with detailed information,banking,2,2,3,2,4,0
transaction charges increased,banking,0,1,1,0,1,3
fed mobile app sim change limit and compatibility issues in old versions please fix,banking,1,1,3,0,4,1
disposable water glasses should be arranged,banking,1,5,13,1,4,0
the request and documentation was quick and ekyc was done very quickly and efficiently,banking,2,6,13,1,4,0
very good assistance from employees,banking,2,2,5,2,6,0
should value customer,banking,1,5,13,1,4,0
please provide good infrastructure for staff,banking,1,5,13,1,4,0
bank hides facts makes false quotes to lure customers trust issues shifting accounts soon,banking,0,1,13,0,4,0
i am satisfied with the performance of the bank especially interaction of sr manager vaishali upadhyaya,banking,2,2,5,2,6,0
have not faced any problem in my dealing with the bank,banking,2,1,13,0,4,0
very good behaviour of employees especially assistant manager kollanchi branch,banking,2,2,9,2,6,0
documentation and approval process should be quicker,banking,1,3,3,2,4,1
not happy with branch manager support,banking,0,1,3,2,5,0
good service and advice with knowledge and support for customers,banking,2,2,5,2,6,0
unable to handle multiple accounts with single app please improve software,banking,1,5,3,1,4,1
employees very pleasing attitude feels like home i recommended family members to open accounts,banking,2,6,1,1,4,0
extreme cooperation and satisfactory service by officers and staff,banking,2,6,13,1,4,0
investment ideas can be promoted actively mobile alerts should be free,banking,1,5,11,1,4,0
processing fee can be reduced,banking,1,5,1,1,4,0
employees behavior not good lazy work,banking,0,1,13,1,4,0
staff should take xerox of kyc documents instead of asking customers to bring copies,banking,1,5,13,1,4,0
worst service,banking,0,1,13,0,0,2
time should be am to pm,banking,1,5,13,1,4,0
customer relation maintain,banking,1,5,13,1,4,0
i dont remember the person who helped me yesterday but got my cash ready in a few minutes such a nice man and the lady who informed me was also very nice,banking,2,2,13,1,4,0
the staff at bank are very cooperative and polite,banking,2,2,13,1,4,0
need cdm in bhatkal branch,banking,1,5,9,1,4,1
effective and efficient service,banking,2,6,13,1,4,0
customer relationship and faster service staff behavior is good,banking,2,2,13,1,4,0
awesome staff and very helpful,banking,2,2,13,1,5,0
please allocate more office space as the branch has more customer walking,banking,1,5,9,1,4,1
branch town shifted,banking,1,5,9,1,4,1
waiting time very less employees behaviour polite everything fine,banking,2,0,13,1,4,0
vehicle parking is a problem,banking,1,1,13,0,4,0
i am quite satisfied with the excellent service rendered by the bank,banking,2,2,5,2,5,0
grow up with more good service to customers,banking,1,5,5,2,6,0
have more supportive people like pankaj branch manager chembur branch very supportive knowledgeable,banking,2,6,9,2,6,0
upi lite added without my consent please remove it wasting my time,banking,0,1,13,1,4,0
top class service is provided in nabha branch,banking,2,6,9,2,6,0
nice banking experience,banking,2,2,13,1,4,0
continuity of relationship managers in the position for at least two years,banking,1,5,13,1,4,0
excellent customer service,banking,2,2,13,1,5,0
sitting arrangement for customers needs improvement ashiana digha road branch,banking,1,5,9,1,4,1
app improvements required,banking,1,5,3,1,4,1
cdms are not working,banking,0,1,13,0,4,0
add more staff,banking,1,5,13,1,4,0
remove oro tie up your name is getting spoiled,banking,1,5,13,1,4,0
air conditioning needs improvement and staff approach should be more professional,banking,1,5,3,2,4,1
i am satisfied with the staff and their helpful approach,banking,2,2,3,2,6,0
i am a customer since long still not got any appreciation words from bank,banking,1,0,3,1,4,1
rtgs clamp after pm and imps charges bad service lagging behind others,banking,0,1,1,0,1,3
service is satisfactory,banking,2,6,13,1,4,0
employees are helpful and courteous,banking,2,2,13,1,4,0
branch manager is understanding and supportive,banking,2,6,9,2,6,0
assistant manager not focusing on customer,banking,0,1,13,1,4,0
shortage of staff affects service,banking,1,5,13,1,4,0
i am sad with federal bank service,banking,0,1,13,1,3,1
apps stopped without intimation,banking,0,1,3,1,4,0
please speed up transactions,banking,1,5,13,1,4,0
worst service employees knowledge poor and response needed,banking,0,1,13,0,0,2
best service ever,banking,2,6,13,1,4,0
system issues troubling customers needs improvement,banking,1,1,13,0,4,0
separate cdm and atm needed,banking,1,5,7,1,4,0
employees should provide better service not satisfied,banking,0,1,5,2,6,0
provide digital document for gold loan to account holders,banking,1,5,2,1,4,0
staff behaviour at kozhencherry branch was not good,banking,0,1,9,2,4,0
all service are good including service and time,banking,2,2,13,1,4,0
pampady branch is good,banking,2,2,9,2,6,0
service of the bank and its employees are exceptionally remarkable,banking,2,6,13,1,4,0
cdm machine need to all branch near,banking,1,5,9,1,4,1
seniority customers no loan and credit card offers,banking,0,1,2,0,1,3
smiling and communicative mentality with customers approach positively,banking,2,6,3,2,6,0
best service in our branch keep it up federal bank,banking,2,6,9,2,6,0
automatic passbook entry systems should be provided to avoid waiting time,banking,1,0,13,1,4,0
let there be feasibility as far as the transfer is concerned,banking,1,5,13,1,4,0
to charge less service charges from customers,banking,1,3,1,1,4,0
branches telephone number is must,banking,1,5,9,1,4,1
term deposit receipts need to be issued in regular bond type card format for senior citizens,banking,1,1,13,0,4,0
branch manager is very poor,banking,0,1,9,0,4,0
superb response,banking,2,6,13,1,4,0
banking app is sometimes not working,banking,0,1,3,0,4,0
need more secrecy maintaining in individual accounts and trust in workers,banking,1,6,13,1,4,0
keep sufficient change rupees for customers,banking,1,5,13,1,4,0
please attend calls,banking,1,5,13,1,4,0
decrease loan interest rate and remove sms alert charges,banking,1,3,2,1,4,0
all staff are polite well mannered and very helpful experience extraordinary,banking,2,2,13,1,4,0
agri od and development loan with low interest would fetch good business,banking,1,3,2,1,4,0
email id not updated even after three days poor service,banking,0,1,13,0,4,0
improve communications and response time,banking,1,5,13,1,4,0
this branch has no cdm the atm should dispense more notes,banking,1,5,7,1,4,0
give option of fd credit cards,banking,1,5,2,1,4,0
passbook entry machine should be installed to help customers and staff,banking,1,5,13,1,4,0
staff attitude needs improvement,banking,0,1,13,1,4,0
service in branch nowadays not good compared to earlier,banking,0,1,9,2,4,0
withdrawal limit and sb interest facilities not satisfactory,banking,0,1,13,1,4,0
staff treated customers rudely,banking,0,1,13,0,0,2
senior citizens calls often not attended though service is good otherwise,banking,1,5,13,1,4,0
increase manpower in park circus branch kolkata,banking,1,5,9,1,4,1
should have a branch at chapar dist dhubri assam,banking,1,5,9,1,4,1
very helpful and cooperative management,banking,2,2,13,1,4,0
provide cdm adjacent to atm for afterhours deposit,banking,1,5,7,1,4,0
avoid minimum balance requirement for students,banking,1,5,8,1,4,0
guard with armed security required,banking,1,5,13,1,4,0
wonderful service we are most convenient in federal bank,banking,2,6,13,1,4,0
upgrade system is not possible,banking,0,1,13,1,4,0
balance not maintain then cut the excess amount in account per daywise amount,banking,0,1,13,1,4,0
better to give a warning letter to the manager for poor work force,banking,0,1,13,0,4,0
services are good but there are no loan offers whether personal vehicle or property despite daily banking usage,banking,1,5,2,1,4,0
always good atmosphere and smooth transactions,banking,2,2,7,1,4,0
employees behave as if customers owe them money had bad experiences in irikkur branch thinking of closing account,banking,0,1,9,0,4,0
improve customer importance and help everyone,banking,1,5,13,1,4,0
keep new currency supply available for customers,banking,1,5,13,1,4,0
please display service charges at the counter area,banking,1,3,1,1,4,0
atm at the branch should be kept clean,banking,1,5,7,1,4,0
please decrease the rate of interest for gold loans,banking,1,3,2,1,4,0
staff very cordial helpful and easy to follow,banking,2,2,13,1,4,0
cdm service should be available in all branches,banking,1,5,9,1,4,1
increase time limit and avoid full lunch hour closure,banking,1,3,13,1,4,0
expand network in villages for better services,banking,1,5,13,1,4,0
attitude and eye contact of employees need improvement,banking,0,1,13,1,4,0
recommendation to open account because staff works very well,banking,2,6,13,1,4,0
loan arrangements should be quick and easier,banking,1,5,2,1,4,0
kindly add cdm machine,banking,1,5,13,1,4,0
branch employees behaving rudely with customers,banking,0,1,9,0,0,2
minimum balance requirement for senior citizens should be reduced,banking,1,5,8,1,4,0
very pleasant experience,banking,2,6,13,1,4,0
customer response excellent,banking,2,2,13,1,5,0
personal loan and loan against deposit should be easier,banking,1,5,2,1,4,0
fast and easy service provided,banking,2,6,13,1,4,0
employees courteous and supportive service,banking,2,6,13,1,4,0
atm performance slow compared to other banks,banking,0,1,7,0,1,3
provide more interest for fd,banking,1,3,13,1,4,0
install self passbook entry machine,banking,1,5,13,1,4,0
query not resolved,banking,0,1,13,1,4,0
customer should know about relationship manager,banking,1,5,13,1,4,0
chikodi branch employees are worst,banking,0,1,9,0,0,2
branch work very slow takes too much time,banking,0,1,9,1,4,0
customer service should treat all customers equally,banking,1,5,13,1,4,0
need whatsapp communication channel for bank schemes,banking,1,5,3,1,4,1
no standard service to customers,banking,0,1,13,1,4,0
customers should be treated equally big or small,banking,1,5,13,1,4,0
immediate response clean branch and positive staff approach,banking,2,6,3,2,6,0
prompt and humble staff,banking,2,6,13,1,4,0
make sure sms right time for debit and credit transaction,banking,1,5,2,1,4,0
staff behaviour and knowledge is very good,banking,2,2,5,2,6,0
put customer friendly behaviour persons the person i met behaved poorly,banking,0,1,13,0,4,0
i faced worst experience from federal bank,banking,0,1,13,0,0,2
our branch provides excellent timely response and friendly atmosphere making customers happy,banking,2,2,7,1,5,0
bank automation and switching systems should be improved,banking,1,5,13,1,4,0
employees in tinsukia branch are friendly and quick in action,banking,2,6,9,2,6,0
bank manager too rough,banking,0,1,13,1,4,0
text message and email notification not working properly,banking,0,1,13,0,4,0
staff approach at the cash counter very good,banking,2,2,3,2,6,0
branch work culture not welcoming or helpful,banking,0,1,9,2,4,0
improve infrastructure,banking,1,5,13,1,4,0
provide credit cards to employees with good credit score even without salary account,banking,1,5,2,1,4,0
waive off debit card charges and imps neft charges,banking,1,3,7,1,4,0
be more customer friendly and build personal relationships with customers,banking,1,5,13,1,4,0
allow token system in branch,banking,1,5,9,1,4,1
eligible loan amount should allow further loan option,banking,1,5,2,1,4,0
sms messages should include cheque number details,banking,1,3,13,1,4,0
manager rude and irresponsible behaviour causing customer issues,banking,0,1,4,0,0,2
minimum balance charges deducted unnecessarily from scholarship amount,banking,0,1,1,0,1,3
staff helped in opening account and was supportive,banking,2,6,13,1,4,0
employees show less interest in updating passbooks causing inconvenience,banking,0,1,13,1,4,0
new mobile app versions difficult to use causing shift to another bank,banking,0,1,3,1,4,0
parking facility insufficient,banking,1,5,13,1,4,0
employees show sincere attitude and prompt action,banking,2,6,13,1,4,0
staff behaviour rude causing customer dissatisfaction,banking,0,1,13,0,0,2
prompt and friendly service,banking,2,6,13,1,4,0
very bad service experience,banking,0,1,13,0,4,0
best banking experience compared to other banks in irinjalakuda area,banking,2,6,13,1,4,0
staff behaviour supportive at my branch,banking,2,6,9,2,6,0
customers must be respected,banking,1,5,13,1,4,0
floor manager should open additional counters during overload and prioritize senior citizens,banking,1,5,13,1,4,0
vehicle parking facility should be improved,banking,1,5,13,1,4,0
provide drinking water facilities during summer,banking,1,5,13,1,4,0
receptionist needed to help customers fill forms and open accounts,banking,1,5,13,1,4,0
bank employee service and response very good,banking,2,2,5,2,6,0
customer friendly fast service,banking,2,6,13,1,4,0
recommend branch for quality work and excellent service,banking,2,2,9,2,5,0
provide larger locker size facility,banking,1,5,13,1,4,0
very nice behaviour very nice experience,banking,2,2,13,1,4,0
bank charged high processing fee for gold loan payment,banking,0,1,2,0,1,3
excellent service compared to previous visits,banking,2,2,5,2,5,0
prompt support from the executive,banking,2,6,13,1,4,0
lady staff irresponsible and irritating but male employees satisfying,banking,0,1,13,1,4,0
very good service provided with expertise support,banking,2,2,5,2,6,0
very fast service,banking,2,6,13,1,4,0
worst bank in the universe,banking,0,1,13,0,0,2
service enthusiastic no special suggestion,banking,2,6,13,1,4,0
please increase interest amount for fd at least for senior citizens,banking,1,3,13,1,4,0
bank never provided loan or credit card so opened account in another bank,banking,0,1,2,0,1,3
excellent cooperation from bank manager and staff,banking,2,2,13,1,5,0
employee busy on social media instead of customer engagement,banking,0,1,13,1,4,0
pleasant banking experience without stress,banking,2,6,13,1,4,0
staff interaction outstanding especially communication of staff member,banking,2,6,13,1,4,0
please take care of atm services and server issues,banking,1,1,7,0,4,0
od renewal completed online without hassle in few days,banking,2,6,13,1,4,0
educate employees on how to behave with customers,banking,1,3,13,1,4,0
please complete processes within two days,banking,1,5,13,1,4,0
very poor service,banking,0,1,13,0,4,0
staff behaviour polite and supportive,banking,2,2,13,1,4,0
bank functioning like government bank with poor customer service,banking,0,1,13,0,4,0
staff should be more polite,banking,1,5,13,1,4,0
service feels like family atmosphere,banking,2,6,7,1,4,0
valuable information and services provided,banking,2,3,13,1,4,0
provide housing or project loan updates regularly,banking,1,5,2,1,4,0
increase credit card limit for longterm users,banking,1,3,2,1,4,0
good teamwork among staff,banking,2,2,13,1,4,0
service should be faster,banking,1,5,13,1,4,0
expect better service,banking,1,5,13,1,4,0
excellent ambience,banking,2,2,13,1,5,0
totally satisfactory experience,banking,2,6,13,1,4,0
branch crowded but staff helpful,banking,2,2,9,2,6,0
provide cash deposit machine service,banking,1,5,13,1,4,0
more chairs needed in lounge area,banking,1,5,13,1,4,0
comfortable banking experience with the service,banking,2,6,13,1,4,0
sending complaint mail about humiliation faced,banking,0,1,6,0,4,0
state bank of india is located nearby in our area so i open my saving account from that bank customer service was good i got my bank statement on time the bank agent informed me every details required it is very easy and convenience for money deposits,banking,2,2,13,1,4,0
i have my salary account in sbi when i applied for the card i got my statement on time i am very much satisfied with the the account net banking is also functioning smooth and convenient for me there are some offer in the cards which was good,banking,2,2,3,2,6,0
i am using axis bank saving account for the past years each transaction will be safe and always secure i am using net banking as well mobile banking service it is used for money transfer and recharge onlythere was no difficulties faced so far on using this saving account,banking,2,6,1,1,4,0
i have my salary bank account in hdfc bank for many years i got my bank statement on timethis bank is available in most of the areas so its very convenience for deposits and update of passbook i have no issues with the customer support and its been good experience,banking,2,1,6,0,4,0
close to around years i am holding this corporation bank savings account the most interesting part about this account i can easily transact and i can withdraw money from anywhere without any charges atm and their branches are near to my residence,banking,2,3,7,1,4,0
i am not getting an alert message from idbi bank whenever i do a transaction from their end to check the account balance details i use to visit branch and get good response from their end i am holding a saving account for the past years and its a zero balance account,banking,0,1,8,1,4,0
i am using savings account from sbi more than years if i dont keep any balance they are deducting some amount so i am keep on maintaining the amount i am doing all transactions and emi transfer i am using this account only customer service was okay,banking,1,5,2,1,4,0
its been years i am using kotak bank savings account and its really super service thats why still i have not contacted with the customer service i went through online and i have mentioned my details to open this account and its a zero balance account they havent charged a debit card fees onces i lost my debit card just days i received,banking,2,1,7,0,4,0
since i am maintain my savings account from hdfc bank this is salary comes saving account no need to maintain minimum balance i am getting offer messages for loan offer and i never spoke to customer care for cash withdrawal shopping and all i use to get instant message,banking,2,6,2,1,4,0
an executive has made to open an account with axis so i have been using this account last months before only there is no atm but it will not be charge for other atm transaction there is no much branches are avail in my city so far i didnt faced any fraudulent issue,banking,1,1,12,0,2,3
i came to know that there is trial of charge to open a saving account with kotak which is app saving account in which all the process was done through online i maintain this account more than years no need to maintain a minimum balance i have not done much transaction in this account,banking,1,3,3,1,4,1
my mother has suggested sbi to open a saving account with them since she is govt employee know all benefits and details hence i am having an account with them past years need to maintain a minimum balance of k atm and branches are near i use to get all details and update from bank,banking,2,3,7,1,4,0
i am using hdfc saving account for more than years when i joined my previous company they made me to open a salary account with this bank later i resigned that job so now converted to saving account need to maintain a minimum balance of k its kind high if not maintain an amount charges are final i get calls from banker if they provide any offers for other products,banking,1,3,1,0,4,0
indian bank cash deposit machine is not convenient to use and i am using this saving account more than years the customer service is need to improve and i am keeping minimum balance of rs their net banking facility is okay i went to the branch for the cash deposit and the response is okay,banking,0,1,8,1,4,0
sbi has best internet banking and its very fast and easy to access any one i am using this savings account more than years if i withdrawal cash more than time no charges mostly i am not taking cash at atm i am doing more transcation so no need to maintain minimum balance and getting immediate response from customer service bank employees attitude must be change,banking,1,3,7,1,4,0
yes bank service is good i have been holding saving account for more than years but past two years i am not using this account because i forget net banking details if i contact the customer care there is no response so stop using this account itself atm and branches services are good i use to get alert message on time,banking,1,3,7,1,4,0
i am holding a salary account with axis bank past years i got an immediate alert message on time i am using mobile app and net banking both are user friendly to access i need to pay rupees around for sms charge and account service on yearly basis,banking,1,5,3,1,4,1
i am using saving account from sbi almost years minimum amount need to maintain of k on monthly basis i get only otp number on time but once the amount debited or credited i wont get any message from their end i am using net banking and it is good to access there is some charge of rupees on yearly need to pay,banking,0,1,0,1,1,2
since years i am using oriental bank savings account and this branch is located very far atm service is near and i am keeping minimum balance of rs customer service and this bank app is really good instantly i am getting messages from bank,banking,2,2,7,1,4,0
i have hdfc bank salary account for the past to years i am using mobile banking service is used for all transactions and money transfer if contact customer service for any query then wil be getting good response i am satisfied with the overall banking service,banking,2,2,5,2,6,0
i maintain salary cum saving account with sbi on my company has suggested to opened an account need to maintain a minimum balance of k there is no hidden charge on quarter basis sms charge is applicable of rupees atm charges are applicable if i cross more than times in a month of rupees,banking,1,3,7,1,4,0
standard chartered bank has a very good app and i am using this account more than years this is a salary comes savings account so need to maintain minimum balance and the customer service is very very good i am continuously getting offer messages from bank,banking,2,2,3,2,6,0
i maintain a saving account with indusind for the past year i no need to maintain a minimum balance account since my friend is working as a executive and he has recommend to open an account with them hence i chosen it i use this account for the transaction i use to get offers message from their end,banking,2,6,8,1,4,0
axis has given an option to maintain a account with them and i am holding for past years on yearly basis charge is applicable of to rupees and it will be reflecting in statement as well atm and branch services are good whenever they provide offers i use to get by message,banking,2,2,7,1,4,0
since years i am using this sbi account which am very convenient i received an offer for a zero balance account and the atm facilities are near the customer service was good even the responses are proper at the branch and am okay with the interest rate too,banking,2,2,7,1,4,0
i am holding salary account with hdfc bank for the past months since its this a salary account no need to maintain a minimum balance amount i am not using atm since i have paytm service and mobile app which are quite easy to access when ever i log into it am getting a blank screen that need to be changed the customer service is good and responding properly,banking,1,3,7,1,4,0
i have opened my savings account from kotak mahindra bank more than years and am making all transaction through this bank account they have provided me a zero balance account i can find their branchs in all the places they are not taking any kind of hidden charges,banking,2,3,1,1,4,0
my salary account is maintained with hdfc bank for nearly years and till now there was no issues its a friendly bank according to my experience i am using the online service which is very good their customer service was good but fixed deposit interest rates was less,banking,1,1,10,0,4,0
i have been using saving account with sbi for the past years i have visited the branch to open an account but their service is not much satisfied i need to maintain a minimum balance of k on monthly basis if not charges are applicable which is high there is some hidden charge they use to detect some amount on quarterly,banking,0,1,3,2,6,0
i am doing all my transactions with indian bank and this branch is near to my residence i am keeping minimum balance of rs and i have not faced any issues till now indian bank has a very good customer service and this savings account has a normal rate of interest,banking,2,1,8,0,4,0
i am maintaining my savings account with sbi i have been using more than years this is only savings account so i need to maintain minimum balance of rs for cash withdrawal shopping i am receiving alert message and this bank has a very good app i didnt interact with the customer service till date rest all good with this bank,banking,2,2,3,2,6,0
i use to get my salary from hdfc bank because my company has given an option only from this bank i am using this account past years so far i havent faced any additional or hidden charge no need to maintain a minimum balance account atm charges are applicable if i done a transactions more than times in a month i would suggest to provide more product offer,banking,1,3,7,1,4,0
i maintain my savings account with kotak bank for more than years there is no hidden charges in this bank when i visit online at that time i came to know this bank has offered a zero balance account so i chosen it i am not getting any offers message from bank end,banking,1,3,1,1,4,0
i am holding a saving account with indian bank for more than years for my personal need i had opened an account with this bank but the branch is not near to reach them i need to maintain a minimum balance of rupees i use to get an alert messages from bank whenever i do a transactions but not getting any offer message,banking,1,5,8,1,4,0
my company has given an option to open a salary account with standard chartered bank and i maintain this account just months it is a zero balance account i am using mobile app and it is user friendly to access branches are bit far away from my place to reach them i am not getting any offers message,banking,1,5,3,1,4,1
past years i maintain my saving account with sbi the branch and atm services are fine whenever contact the customer service is good and responsive i use to get offer message from their end so far there is no any hidden charge in this account though its saving account i no need to maintain a minimum balance amount,banking,2,2,7,1,4,0
i am holding a salary account from bank of baroda more than years there is no hidden charges in this bank they have not provide an option to maintain a minimum balance i am using mobile app and net banking both are user friendly to access atm and branch services are good also near to reach them directly,banking,2,2,7,1,4,0
i am not getting an alert message from canara bank whenever i do a transaction from their end so they need to provide better option to the customer to check the account balance details i use to visit branch and get good response from their end i am holding a saving account for the past years,banking,0,1,9,2,4,0
i maintain my salary cum saving account with hdfc bank for more than a year no need to maintain a minimum balance account so far there is no any hidden charges i can do transaction upto k i use mobile app and net banking service both are good on time i get alert message from bank for each transaction,banking,2,2,3,2,6,0
i am using karur vysya bank saving account for the past years onlyi will receive email as well as message alert and customer service is also good on this bank if i contact them for any query giving good response and banking service is much comfortable i am happy with the service as well,banking,2,2,3,2,5,0
canara bank has a very good app and also internet banking is very user friendly this is a salary cums savings no need to maintain a minimum balance if i withdrawal cash or done shopping i am getting alert messages from bank end and they given me a domestic debit card,banking,2,2,7,1,4,0
i am maintaining minimum balance of rs gst for axis bank savings account and debit card since years i am holding this account apart from this there is no hidden charges this bank has a good customer service and the rate of interest was nominal,banking,2,2,7,1,4,0
i am keeping minimum balance of rs for united bank of india since years i am using this savings account and they given a domestic debit card this bank has a good application and their service was fine atm facilities is not good which is not nearby my place,banking,1,3,7,1,4,0
last years i have been using the salary account from yes bank and its a hassle free account to use they are not taking any hidden charges once i called the customer care for the debit card purpose and the response was good there is no extra charges for fund transfer like imps and neft their mobile banking service need to be improved,banking,1,1,7,1,4,0
for cash withdrawal i am getting instantly alert messages from indian bank some times due to software problem i am unable to get messages since years i am using this account so no need to maintain minimum balance atm facilities are near and debit card charges are applicable,banking,1,1,7,0,4,0
sbi has a very good application since i am using this savings account more than years no need to maintain minimum balance because this is a salary comes savings account for cash withdrawal and all i am getting instantly alert text i am not getting any offer message from bank and their service was good,banking,2,2,3,2,6,0
i have opened the savings account from tnsc bank because its undertaken by state government i need to maintain a minimum balance of rs i have never applied the facility of mobile app and net banking bank response is good they have taken almost days to sent the debit card and cheque book to my residential address,banking,1,5,7,1,4,0
years before i have chosen my standard chartered bank savings account earlier it was my salary account after that i have converted in savings account i dont need to maintain any minimum balance its best bank but branches are not available like other banks anyway i dont feel its big issue because all the facilities are available on their app and net banking,banking,2,1,3,0,4,0
more than years i have been using the salary account from hdfc bank i went to their branch for cash deposit or withdrawal and the response is good its a zero balance maintenance account their internet banking facility and mobile app is user friendly they dont charge me any hidden charges there is charge of rs for imps transactions,banking,2,2,3,2,6,0
before years i have opened the salary account with state bank of india bank account is convenient to use they have given me a zero balance account i went to their branch for getting a passbook and to get a atm card as well and the response is okay we have a branch which is a cashless one so branch was not crowded,banking,2,6,7,1,4,0
its going to be years since im using the savings account from kotak mahindra bank because i like their service and my salary also getting credited to this account im fine with the net banking and mobile app facility i just visited the branch once for changing my mobile number and their service is very good in their branch also,banking,2,2,2,1,4,0
when compared to earlier now sbi is providing good service i have been holding this account for more than years and which have opened for my personal use no need to maintain a minimum balance account the branch service is fine and near from my home to reach,banking,2,2,8,1,6,0
using my savings account with hdfc bank for almost years i am maintaining a minimum balance of rs which is mandatory even though its a salary account sometimes im facing a issue like they are charging me a high amount if im not maintaining the balance i can find the branches in all the places,banking,1,1,8,0,4,0
canara bank before i was using as salary account but after shifting my company cannot use this account for further and i am yet to convert into saving account i am holding account for past years there is sms charge applicable of rupees which is nominal atm charge is rupees i am using both mobile app and net banking are user friendly to access,banking,1,0,7,1,4,0
i am holding salary account with hdfc past year since its salary account no need to maintain a minimum balance amount i can do transaction of times if exceed atm charges of rupees mobile app is not user friendly and i am facing server issue the customer service is not good in response,banking,0,1,7,0,1,3
i have been using an account as saving in dena bank for past years need to maintain a minimum amount of k if not some charges are applicable many times i visit branches their service is good i am not using mobile app and net banking service yet i get offers message often,banking,1,3,3,2,4,1
i am holding a savings account for my personal need in hdfc bank for more than years there is no hidden charges in this bank need to maintain a minimum balance amount of k in account if not charges are applicable of rupees plus gst i am using net banking and it is user friendly to access,banking,1,3,3,1,4,1
i am holding saving account from corporation bank past years need to maintain a minimum balance of rupees if not some charge would be applicable atm and branches service are good i do get alert message on time for each transaction but there are not sending any offers message,banking,1,5,7,1,4,0
recently i opened a saving account from kotak bank on last december and i need to maintain a minimum amount of k it is online saving account with nominal charges of atm and branchs are near from my home so far i got times offer messages from their end,banking,2,3,7,1,4,0
my savings account was chosen in axis bank and i have opened the account in the year of it was my previous company salary account after that i have converted into savings account its a zero balance account to use branch response was good and the staffs are very helpful i find the branches and atms in almost all the places,banking,2,2,7,1,4,0
years ago i have opened the salary account from hdfc and it was offered by my company i dont need to maintain any minimum balance its very good use the net banking facility i have visited their branch and the response is good the branch is not that much crowded only drawback is i can do only limited transaction from other bank atm,banking,1,5,7,1,4,0
i have opened the salary account about years ago i have never faced any issues till now if i have any questions its a long way of connecting with them and sometimes they used to hung up the call while customer is talking its fine to use the net banking facility and they dont charge me any hidden charges the transactions are smooth,banking,1,1,1,0,4,0
my savings account was opened in sbi last years ago because prime minister modi asked every citizen from india needs to open an account in state bank of india when i was opened the account there is no minimum balance is to be maintained but after years they asked me to hold a minimum balance of rs but they dont deduct any hidden charges,banking,1,3,1,1,4,0
i maintain my salary account from hdfc past months i got an option to open account from my company the branch is km distance from my home atm service is good really good at their own place i am getting good loans and card offers from their end,banking,2,2,2,1,4,0
i am having my saving account for past years since most of my family members opened an account here and service is good so i preferred this bank i need to maintain minimum amount of k if not minimum charge applicable of rupees for months once the branch is quite far from my place i am not getting any offers so far,banking,1,5,3,2,4,1
idbi bank account benefits are not good hence i rarely use this account now my savings account was opened in the year of its a zero balance account to use they dont have any mobile app facility branch response was not that much good when i visit the branch to open the account and lot of hassle was there,banking,0,1,3,2,4,0
dbs is awesome bank and i never had any complaints from this bank they have done a paperless account opening based on the benefits i have selected this account because the rd interest rates are good in fact i can make the payment directly to the shops and their app is very friendly to use every month i used to get rs if i do maintain a balance of rs and they have their terms and conditions to get a cashbacks,banking,2,1,3,0,5,0
when i was doing my studies i have opened the savings account from state bank of india from my college itself they have opened this account because branch is available on my campus i need to maintain a minimum balance of rs the branch response was good when i was visited years before,banking,2,2,8,1,4,0
when i was working in previous company they had opened a salary account from hdfc bank and i maintain it for the past year but suddenly i changed to other company so opened other account for salary i am yet to convert hdfc account into savings as of now this is in active and i didnt come across any hidden charge from this bank,banking,1,0,1,1,4,0
axis has provided a chance to open a salary account and i maintain for past months there is no hidden charges in this bank it is a zero balance account i use to get an alert message on time from bank whenever i do a transactions there is no proper follow up because few months before i was applied a loan but no update from their end for further,banking,1,0,2,1,4,0
iob mobile app is not much user friendly to access and its not up to the mark i am holding this account for more than years before it was salary account since changed to other company so converted this account in to saving atm charges applicable of rupees on months once and transaction charge is applicable,banking,0,1,7,0,1,3
i have a salary account with axis bank for more than years there is no hidden charges in this bank it is a zero balance account it is easy to access mobile app and net banking i use to get an alert message and mail from bank whenever i do a transactions i use to get card offers only not for any loans,banking,2,3,2,1,4,0
on my personal need i opened a saving account from indian bank which am holding it for past years banker has suggested to open an account and also branch was near to my home need to maintain minimum of rupees if not charges are applicable of to rupees i am using only net banking service,banking,1,3,3,1,4,1
i am holding a salary account in sbi for more than years there is no hidden charges in this bank it is a zero balance account i am using net banking and it is user friendly to access i use to get an alert messages from bank whenever i do a transactions i am not getting much offers from this bank,banking,2,3,1,1,4,0
i have been using the savings account from syndicate bank and i opened this account years ago based on my friends recommendation i dont use their net banking facility and mobile app i never visited their branch till now nor contacting the customer care i need to hold a minimum balance of rs bank transactions are smooth,banking,1,5,3,2,4,1
axis bank sales executive came to my company and opened a salary account for me its been years and am using as zero balance account their net banking facility is best and its easy to access the mobile app too i get a notification immediately whenever im doing the transaction i never visited their branch till now but their call centre response is good,banking,2,2,3,2,6,0
years ago i have opened the salary account from standard chartered bank because from my company side they have provided this account its a zero balance account to use they have provided me a app which is briefly mentioned everything in the branch the response is good atm facility is not available in all the places but they have given me a facility of unlimited withdrawals in all the bank atm without any additional charges,banking,2,2,7,1,4,0
when i was working in previous company they told to open a salary account with andhra bank and i maintain an account for the past years since i changed to other company this account as converted now as saving account its zero balance account atm charges are applicable but there is no much atm is avail in my city,banking,1,3,7,1,4,0
i am holding a salary account in hdfc for more than one year there is no hidden charges in this bank it is a zero balance account i am using mobile app and it is user friendly to access on quarterly basis charges are applicable of rupees for sms charges and atm charge is applicable of if i use more than times in a month,banking,2,3,7,1,4,0
almost years i have been using the salary account from indian overseas bank and i have chosen this bank because it will not be much crowded as other banks they dont deduct any kind of hidden charges i need to maintain a minimum balance of rs net banking facility is not that much advanced which can be improved,banking,1,3,1,1,4,0
my company has given option to maintain my salary account in hdfc bank i have been holding this account for years there is no hidden charges i can do minimum transaction amount of k which is low and need to maintain minimum of rupees atm and branches are near mobile app and net banking are user friendly to access i get alert message from bank whenever i do a transaction,banking,2,3,7,1,4,0
i have been using savings account with karnataka bank since this is only savings account so no need to maintain minimum balance whenever i do cash withdrawal shopping have been receiving alert message customer service and responsiveness was good,banking,2,2,8,1,4,0
from indian overseas bank i am using savings account more than years there is card charges i am maintaining rs in this bank i am using mobile app and net banking they are good in alert messages whenever i do a transactions atms and branches are near to my residence,banking,2,2,7,1,4,0
recently i have taken pnb savings account they told me to maintain a balance of rs even though im maintaining minimum balance they are deducting lots of hidden charges atm and branch is near to my home their customer service is giving proper response,banking,0,1,7,0,1,3
i am using standard chartered bank salary account for years this account is used much frequently and also using net banking service as well as mobile banking service and credit card bill payment and money transfer customer service is also good and banking service was comfortable,banking,2,2,2,1,4,0
i am using sbi salary account which i am having more than years the transactions are done frequently and using net banking and mobile banking service it is very much user friendlyi am using both the service for credit card bill paymenteach transaction is safe and secure and i am satisfied with the service,banking,2,2,2,1,6,0
my company gave me a salary account from hdfc and i have opened the account in the year of may its a zero balance account to use its good to use the internet banking and mobile app facility i have visited their branch once because of changing my net banking pin and the response is superb they do not take any extra charges from customers account without customers knowledge,banking,2,1,3,2,6,0
i am holding my salary account with bank of baroda on years though its salary account i need to maintain a amount of k as minimum there is no hidden charges and service is good mobile app is user friendly to access i get alert message on time for the transaction i use to get offers for loans and credit card,banking,2,2,2,1,4,0
i am using hdfc savings account almost years before i need to maintain a minimum balance of rs the branch is nearby my office hence i chosen this bank staff response is really good they dont deduct any hidden charges but they will charge for non balance maintenance like if less than from the required balance they charge rs,banking,1,3,1,1,4,0
i have opened dbs bank salary account on years ago its a zero balance account to use its good to use a internet banking and mobile app facility i will do most of the transactions through app since its very comfortable to use there is no call support in this bank there is no charges for the fund transfer,banking,2,2,3,2,6,0
i opened my savings account from kotak mahindra bank its because of the maintenance of zero balance for my savings purpose i have chosen this account but im not doing much transaction from this account i am not using their online banking facility and mobile app i availed the account on last months back,banking,1,5,3,1,4,1
i am using my salary account from hdfc bank for almost years its a zero balance account to use i have experienced of their net banking facility which is good to use but i have not tried mobile app im receiving an otp immediately whenever im doing an online transaction they dont deduct any kind of additional charges,banking,2,2,3,2,6,0
opened my salary account with hdfc in the year of because my company has provided this account to me its a zero balance account to have its excellent to use the net banking and mobile app facility some time i went to the hdfc branch for converting my old cash to new one and for a transaction issue but response was not that good,banking,1,1,3,0,5,1
i am using the salary account from axis bank for more than years because my company has provided me this account i dont need to hold any minimum balance im not using an internet banking and mobile app facility because of the safe and security they have not taken any additional charges from my account,banking,2,3,3,2,6,0
i have hdfc bank salary account which i am using for the past years from onward net banking mostly use for money transfer and credit card bill payment as well the transaction is very safe and banking service is much comfortable pretty good,banking,2,2,2,1,4,0
i am using the salary account with state bank of india more than year but there is no proper response from the call centre people and not good response from branch also regarding some transaction detail i called the banker but they asking the customer to wait for a long time they dont deduct any hidden charges,banking,0,1,1,1,1,2
sbi gives attractive interest rate to the customer so that i have chosen the savings account from sbi im using this account for last years its very convenient to use the net banking facility and ive downloaded the yono app in my phone im not maintaining any minimum balance on this account but they are not charging any amount for that they will deduct only rs for the atm debit card on a yearly basis,banking,2,3,7,1,4,0
i am holding a saving account with development credit bank for more than years since my friend has suggested so i opened an account with them there is no hidden charges in this bank it is a zero balance account i am using mobile app and net banking both are user friendly to access if i do transaction from other atm there will be no charge i can transact up to l,banking,2,3,2,1,4,0
i am using citi bank salary account for the past years and their net banking is used for neft transfer and mobile banking for upi payments if have any query i will contact customer service they are giving good response and rectifying the issues banking service was much satisfied there was no fraudulent transaction happened so far,banking,2,1,12,0,2,3
from state bank of india i am having a savings account here i am maintaining a minimum balance of rs every month atm service is good whenever i withdraw cash am getting alert messages customer service and responsiveness was good,banking,2,2,7,1,4,0
to apply for a car loan i have opened saving account in sbi on years back i use this account only to do emi payment for the loan need to maintain a minimum balance of k if not some charge is applicable since its national bank this account can be used all over india and useful too,banking,2,3,2,1,4,0
i have sbi salary account which is very user friendly each transaction is very safe and secured on banking service need to maintain minimum balance of rs or customer service and responsiveness was good mostly i will go to the branch directly for any issues,banking,2,1,8,0,4,0
i am holding a salary account with citi bank for past years there is no hidden charges in this bank i use to get an alert messages from bank whenever i do a transactions mostly i use for online transactions i opted whatsapp also and getting messages,banking,2,3,3,2,6,0
i have axis bank salary account for the past years i am using net banking service as well as mobile banking service it is very user friendly i am mostly using both the service for online payment and money transfer and for credit card bill payment each transaction is safe and secured also service is good and getting good response,banking,2,2,2,1,4,0
digi bank savings account is really good to use since im not able to maintain many account i close this account its because of the friends referral i have opened this account and they have provided me a zero balance account its totally non branch account and they do have a less number of branchs in my city,banking,1,5,8,1,4,0
there is a lots of consultation of charges so i have closed the axis bank savings account they are charging for non balance maintenance if am not maintaining k from my savings account banking service has been good staffs were very helpful when i went to the branch for closing my savings account,banking,0,1,1,1,1,2
my salary account is with state bank of india they dont take any hidden charges earlier it was a salary account and after that i have converted into savings account hence now i dont need to maintain any minimum balance i use their internet banking which is fair to use there is no additional charges for other atm withdrawal because of salary account i can do unlimited withdrawal,banking,2,3,7,1,4,0
i am using punjab national bank salary account for the past years only i will be getting message alert as well as email alert for all transactions banking service is very good and customer service is much satisfied as well each and every transaction is done frequently and there was no fraudulent transactions happened so far,banking,2,1,12,0,2,3
i am holding savings account from kotak bank this is a salary comes savings so no need to maintain minimum balance kotak bank has very good application and there is a no debit card charges customer service and response they are giving proper reply,banking,2,2,7,1,4,0
from sbi i am using savings account more than years there is no requirement for minimum balance when i was in college my father opened this account for me and i am still using this account every shopping cash withdrawal i am getting messages instantly and atm service is near to my residence,banking,2,3,7,1,4,0
i am using axis bank saving account for the past years this net banking service as well as mobile app is used for money transfer upto lakhs during emergency purpose and also can track all the transaction it is very safe and secure and fraudulent transactions are not happened the customer service is also good and getting good response,banking,2,1,12,0,2,3
my salary account was opened years before and i have selected the axis bank because they are treating the customer in a satisfactory way their net banking was good and the website is easy to understand and customer friendly they dont deduct any kind of hidden charges usually i am visiting the bank and the staffs are very responsive and well mannered,banking,2,2,1,1,4,0
i have been holding my savings account with state bank of india for almost years its not required to maintain any minimum balance their mobile app facility is really good i have visited their branch sometimes to give a request for changing of my address and the response is good branch is not that much crowded,banking,2,2,3,2,6,0
i have chosen the savings account from kotak mahindra bank and i am using this account from last years there is a no requirement for minimum balance atm services are near to my residence whenever i do shopping i will be getting alert messages,banking,2,6,7,1,4,0
i want to opne sieving account,banking,1,5,13,1,4,0
i use the saving account from karur vysya bank past years need to maintain a minimum amount of k if not some charges are applicable i have faced any hidden charges i get alert message and mail whenever i do a transaction but i wont get any offer message suggested to provide some offer as well,banking,1,3,3,1,4,1
i maintain my saving account with indian bank for more than years it is a minimum balance need to maintain either or rupees i am not happy with their online service because if i forget password am unable to reset through online which i need to visit their branch then only it can be done,banking,0,1,3,2,5,0
i am having saving account with indian overseas bank more than years need to maintain a minimum balance amount of k so far i havent faced any hidden charges from their end i use to get message whenever i do a transaction i get offer message for other products as well,banking,2,3,1,1,4,0
i get my salary in hdfc account hence holding this account more than years there is no hidden charges in this bank it is a zero balance account i am using mobile app and it is user friendly to access i use to get an alert messages from bank whenever i do a transactions atms and branchs are near to reach them directly,banking,2,3,7,1,4,0
interest rates are low in punjab national just because of this reason i have opened the savings account from this bank its a zero balance account i used their net banking facility but it was a out dated version i went to their branch for applying the loan and the staff given me a cold response which im satisfied and the branch manager was so helpful,banking,1,3,2,1,6,0
my company gave me a salary account from axis bank i can use it as a zero balance its good to use their mobile app and net banking facility i have contacted the branch twice for complaining about the unknown charges and the problem is not rectified they itself dont know the reason why they have charged,banking,0,1,3,0,4,0
when i joined to the customer they have given me a salary account with default bank account with axis bank its a zero balance account but im maintaining a minimum balance of rs its quite convenient to use the internet banking and everything is available in online about upi payment fund transfer fd investment scheme forex,banking,2,3,8,1,4,0
i have opted the savings account from bank of india their bank executive will respond well and helpful towards the customer since the branch is located nearby my home i have selected this bank i dont need to maintain any kind of minimum balance i have not used their net banking facility and i have closed this account because of non transactions,banking,1,5,8,1,4,0
in my hdfc salary account they are charging rs for not maintaining a minimum balance even though its a zero balance maintenance account when i raised a complaint they havent rectify it i opened the account years ago when i went to the branch they are giving good response to the customer,banking,0,1,8,0,1,3
i have sbi salary account for the past years i am using net banking service as well as mobile banking service this service is mostly used for money transfer and to take transaction statement because no need to travel too long to branch banking service is also much satisfied,banking,2,2,9,2,6,0
in the year of i have opened the salary account from axis bank since the branch is located near to residence its a zero balance account to use i am not using the internet banking and mobile app facility they are deducting some charges from my account which i should check with the customer care,banking,1,3,3,1,4,1
sbi is a very good bank and its a back bone of india my account is with sbi for more than years and till now im running this account and this is my first bank account i need to hold a minimum balance of rs sometimes i faced some issue when i do the deposit of outside cheque but it taken too much high time to credit the money to my account,banking,1,1,2,0,4,0
im using this axis bank for last years but till date i have not faced any problems its not a zero balance account hence im maintaining some money its okay to use the net banking facility they are charging some hidden amount for neft transactions,banking,1,1,8,0,4,0
i maintain my saving account with axis bank for past years directly visited this bank to open an account need to maintain a minimum balance of k if not charges are nominal there is consolidation charge once in a year for rupees but its fine for me atm and branchs are near of kms mobile banking and net banking both are user friendly to access,banking,2,3,7,1,4,0
when i was salaried person holding a salary account with axis bank which was given by my company it was near about years no need to maintain a minimum balance amount once i left the job and started doing business then went to bank directly and asked suggestion about the account whether to hold or not they told since i am doing business can close the account hence i done the same,banking,1,3,8,1,4,0
i have chosen the savings account from kotak mahindra bank and i am using this account from last years this account has a minimum balance maintenance of rs i dont have any problem to use the internet banking and mobile app facility they dont deduct any kind of hidden charges,banking,2,1,3,0,4,0
i have opened the savings account from hdfc and i have been using this for more than years because the bank management policies stability and reliable banking i need to hold a minimum balance of rs and as far as i know if i come across any conditions at that time there are some charges,banking,1,3,1,1,4,0
i never interacted with the sbi call centre people till now for any kind of enquiry in my savings account last years before i have opened this account because its a zero balance maintenance account branch service is good bank always has a rush and there is a long queue to wait some staffs are very rude to the customer which can be improved,banking,1,1,8,0,0,3
last years i have been using the salary account with axis bank and i have not faced any issues till now its a zero balance account even though i used to hold a minimum balance of rs i wont do the other atm for withdrawing the money or else they will deduct the money of rs if i cross the limit,banking,2,1,7,0,4,0
from state bank of india i am having a salary account because my company has maintain all their record with sbi only i need to maintain a minimum balance of rs even though its salary account they dont cut any hidden charges from my account i can withdraw upto rs from the atm per day,banking,2,3,7,1,4,0
i am having saving account with saraswat cooperative bank for more than years during my college days they have organized to open an account for student so i chosen this bank it is a minimum balance of k if not not maintain charges are nominal atm and branches services are good i am using mobile app and net banking both are user friendly to access,banking,2,2,7,1,4,0
i am holding salary account with axis bank more than one year since its salary account no need to maintain a minimum balance i use to get offer message from banker they send alert message on time whenever i do a transaction mostly i prefer to use online transaction rather atm,banking,2,6,7,1,4,0
i am using this sbi savings account since five years its a zero balance account to use i am using an internet banking and mobile app facility thats really good they are deducting some hidden charges from my account and they charging for debit card on yearly but i am not sure about the amount,banking,1,3,7,1,4,0
i open my savings account from state bank of india for almost of at that time my father was using sbi account hence he recommended me to take this account i maintain a balance amount because its mandatory to have its good to use a net banking facility for sending sms regarding my transaction they are charging rs per year,banking,1,6,13,1,4,0
using my salary account from hdfc for almost years there is no need to maintain any kind of minimum balance its good to use a internet banking facility and mobile app they are sending otps on time whenever im doing my online transaction i found the atms and branches in all the locations,banking,2,2,7,1,4,0
sbi is a good brand and sense of security being a public sector bank i am holding the savings account from sbi for around years i need to maintain some minimum balance but nowadays im not doing much transaction from this account its not easy to get the things get resolved and i sent a mail to their team regarding the card replacement and the issue is not sorted out till i visited the branch hence i found its not customer friendly,banking,1,1,8,0,4,0
i opened the savings account from sbi on years back because its a good bank which as the branch in every village of india i need to hold a minimum balance of rs its good to use the internet banking and mobile app facility every time they are deducting some money without any customers knowledge which is a very bad thing,banking,0,1,3,0,4,0
i opened a saving account with them a long time ago and then they started to charging me for every small small thing that looked totally unnecessary i would recommend people not to go with them and dont waste money i even dont have words for them,banking,0,1,13,1,1,1
i am holding kotak bank saving account of i maintain this account for more than years atm charges are not using much rather i prefer for online transaction atm and branches are near mobile app and net banking both are user friendly to access each and every transaction is safe and secured i use to get some offer message from bank end,banking,2,3,7,1,4,0
i am holding my salary account from hdfc bank for more than years there is no any option so chosen this bank it is a zero balance account and so far no hidden charge i faced from this bank i get alert message on time whenever i do a transaction there is nominal charge from wallet to account in payzap app i am getting good offers for zomato and swiggy,banking,2,2,3,2,6,0
i am using city union bank since years and this is a savings account i am keeping balance of rs atm service is near by residence and they given a domestic debit card when ever i do cash withdrawal and doing shopping i am getting alert messages,banking,2,3,7,1,4,0
i have opened my savings account with sbi before eight years ago my experience is very very good and i like the customer support and i need to maintain a minimum balance of rs i took an international debit card and annual fee is rs,banking,2,2,7,1,4,0
hdfc is a very good bank their executive is understanding the customer concern well and ready to help at any cast i have been using the savings account and this is salary cums savings so no need to maintain minimum balance even though i maintain rs,banking,2,2,8,1,4,0
andhra bank saving account i am using more than years i need to maintain a minimum balance of rs their internet banking facility is good and they do provided me a proper response i m using google pay and more for easy paymentevery day i can withdraw cash from atm upto rs and i will receive alert msg from the bank,banking,2,2,7,1,4,0
i have opened my savings account in sbi before four years ago customer support is average in sbi and also they given a international debit card every thing is good and also i need to maintain a minimum balance of rs since it is a rural area,banking,1,5,7,1,4,0
i am doing all my transactions through axis bank its been years using savings account there is requirement for minimum balance so i am maintaining rs the branch is near by to my residence i went to the bank directly to link my aadhar card and other things are done through online itself,banking,2,6,8,1,4,0
i am holding salary account with axis some time they are deducting amount for consolidation charges is applicable on monthly wise up to rupees which is high no need to maintain a minimum balance account i maintain this account for past yeas atm charge also applicable of rupees if i do a transaction more than times in a month,banking,0,1,7,0,1,3
from hdfc bank i have an account and i am using this savings account more than years customer service was good and i wont use internet banking in hdfc atm service is near by residence and also i am getting alert messages for cash withdrawal,banking,2,2,7,1,4,0
my salary account is maintained with indusind bank for nearly years and till now there was no issues the rate of interest is very less for the loans and there is no hidden charges moreover its a friendly bank according to my experience i am using the online service which is very good i no need to maintain minimum balance,banking,2,1,2,0,4,0
i have an account with axis bank and i am using this savings account more than years internet banking is very easy to access and no need to maintain minimum balance because this is salary cums savings initially either or transactions got failed but with in hrs the problem was resolved,banking,2,1,8,0,4,0
sbi has best internet banking very fast and easy to access any one i am using this savings account more than years if i withdrawal cash more than time they are charging rupees maintaining minimum balance of rs and maintenance charges are very high,banking,1,3,1,1,4,0
dbs bank has a very good and fast internet banking and they gives zero balance account i am using this savings account quite for a long time i can withdraw cash from other bank also i can do n number of time transaction with no charges per day i can withdraw the cash of rs k compare to other bank interest rate,banking,2,2,1,1,1,2
i have chosen my savings account from canara bank almost years ago because it was offered by my company hence i took it its a zero balance maintenance bank their internet banking and mobile app facility are good many times i have visited their branch and the response was prompt,banking,2,2,3,2,4,0
the bank servers are down most of the time rendering upi transactions and even opening their app impossible i was supposed to receive a refund of rupees and they never sent messages alerting me about it and it doesnt reflect in the statement either or the bank balance for that matter spoke to the customer service who claimed it had been credited on the same day it was deducted which is laughable because i was informed that the refund had been initiated a day after the transaction still dont know where that money went only sign up to their banking services if you want to lose money and not be able to hse it for transactions half the time,banking,0,1,2,1,4,0
i am holding saving come salary account with sbi for the past years there is no any hidden charges in this account but i need to maintain a minimum balance of k nowadays i am not getting alert message only for some time receiving from their end i use to get card offer messages but once i had applied its not applicable to process further,banking,1,3,3,1,4,1
i have been using axis bank saving account for more than years they need to improve their service which is not good because if i raise any query and regarding for cheque i wont get proper solution from bank end i am using mobile app and net banking both are user friendly to access only atms are near from my place,banking,0,1,7,1,4,0
i am holding indian overseas bank for the past years since its government bank there is no proper response whenever contact their service either bank service or customer support i use mobile app and net banking both are user friendly to access atm and branches are far away to reach them there is minimum charges of atm of less than rupees,banking,0,1,7,0,1,3
i am holding saving account with kotak bank more than years mobile application is user friendly and is it very useful to view the statement and fund transactions there is no charges for debit card atms are not sufficient very less and i need not to maintain minimum balance bank executive response is good,banking,2,2,7,1,4,0
i am having a saving account with andhra bank for more than years for this account no need to maintain a minimum balance i wont do much transaction rather i use only for cylinder bill on monthly basis hence i use to keep some minimum amount in this account i get alert message on time for every transaction,banking,2,6,8,1,4,0
i have been using axis bank saving account for more than years no need to maintain a minimum balance on this account i am using both net banking and mobile app both are user friendly to access i use to get offers message from their end there are many atms and branches are avail in my city,banking,2,6,7,1,4,0
i have been using savings account with kotak for quite long time i am maintaining minimum balance of k and their service was good if i withdrawn cash getting alert messages and they provided a debit card which can be used only in india overall service was good,banking,2,2,7,1,1,2
i am holding saving account with idbi for more than years mobile application is user friendly and is it very useful to view the statement and fund transactions there is no charges for debit card atms are very sufficient bank executive response is good,banking,2,2,7,1,4,0
i have taken a savings account with sbi and this is salary cums savings no need to maintain minimum balance internet banking is good and customer service is average no charges for debit card and also getting alert message for cash withdrawn,banking,2,2,7,1,4,0
when i was a student i had opened the savings account from state bank of india i never contacted the customer care for any kind of issues i have been holding this account for almost years but nowadays im not doing any transaction from this account i need to maintain a minimum balance of rs i have not activated online banking facility till now,banking,1,1,8,0,4,0
once i lost my debit card i called the call centre people and they really helped me out in the year of my company has provided me a salary account with hdfc its a zero balance account i never visited their branch till now net banking facility was great because its easy and convenient to use,banking,2,2,7,1,5,0
i have taken my savings account from idbi bank around years back because the branch was near from my place like a walk able distance the service is very good i need to hold the minimum balance of rs im using the net banking facility they are not deducting any kind of hidden charges i can withdraw up to rs from my atm,banking,2,2,7,1,4,0
i have opened my savings account from hdfc and the branch is in nearby my home hence its easy to access so that i have selected this bank even though its a savings account but my salary is getting credited to this account its good to use the net banking facility and i didnt face any problem in the mobile app,banking,2,1,2,0,4,0
i am using sbi saving account which i am holding from the year of it is with me for the past years i am using net banking as well as mobile banking service both are used for money transfer the credit card bill payment and also for recharge banking service is very comfortable and much satisfied,banking,2,2,2,1,6,0
im holding the salary account from karnataka bank for more than a year the account was opened by the company and its a zero balance account hence i dont have to maintain any minimum balance its convenient to use the net banking facility and mobile app is working fast i use to get immediate notification whenever i do the transaction,banking,2,6,3,2,6,0
i have selected union bank to open my savings account on years back because its government bank which located near to my house its a zero balance account i went to their branch to open this account and the response was superb its easy to access their net banking facility,banking,2,6,8,1,4,0
i have opened the salary account from axis bank in the year of from my company they have provided this account its a zero balance account its good to use the internet banking and mobile app facility there will be a charges for other atm withdrawals as per rbi rules through sms i get the notification immediately whenever i do the transaction,banking,2,2,7,1,4,0
i have sbi saving account for the past years i will be getting message alert as well as email alertscustomer service is also good and getting good response if contact for any assistance according to my experience with this bank banking service is much comfortable and satisfied,banking,2,2,5,2,6,0
years before my company has provided me a salary account from indian overseas bank i need to hold a minimum balance of rs since im a existing customer if im a new customer i need to maintain a minimum balance of rs i have not activated the net banking and mobile app facility i could see the branches in all the locations,banking,1,5,3,1,4,1
i have opened the savings account from axis bank before years ago and i have went to the branch directly to open this account no need to maintain a minimum balance its easy to access the internet banking and mobile app branch experience is also good,banking,2,2,3,2,6,0
i am using hdfc bank savings account for more than years i never withdrawn cash generally i use upi net banking google pay and more for an easy payment i spoke to bank executive directly it was good this overall service and responsiveness was good,banking,2,2,13,1,4,0
i am holding savings account with indian bank for more than years i need to maintain minimum balance of rs there is no hidden charges in this bank i am using mobile app and it is very user friendly to access atm and branches are near and convenient,banking,2,3,7,1,4,0
i have been having saving account with kotak bank for more than years it is a zero balance account atm charges are avail but usually i use to do transaction less than that and mostly i use online transaction atms and branches services are good,banking,1,3,7,1,4,0
i have been maintain a salary account with cosmos cooperative bank for the past years no need to maintain a minimum balance account i am using mobile app and net banking both are good to access i use to get alert message on time whenever i do a transaction,banking,2,2,3,2,6,0
opened my salary account from axis bank because my friend recommended me to chose this account its a zero balance account its good to use the net banking facility and mobile app i went to the angamally branch and they are responding well to the customer but in call centre they are not giving proper response which they need to improve,banking,1,6,3,2,4,1
i hold salary account with andhra bank from i use mostly net banking and other app for transaction i will not go for atm withdrawal transaction are free in same bank atm in other bank if we exceed transaction they charge rs mobile application user friendly the minimum balance need to maintain is rs,banking,1,3,7,1,4,0
i will get good response from bank of baroda always when i reach out to branch i am holding savings account for more than years minimum balance need to maintain is rs if not i will get notification message all same bank atm transactions are free it is chargeable in other bank after transactions,banking,2,2,7,1,4,0
i have opened my savings account in sbi before years back my experience is very very good and i like the customer service is also good i need to maintain a minimum balance of k i took an international debit card and annual fee is there not sure,banking,2,2,7,1,4,0
i have opened the savings account from kotak mahindra bank i have applied the savings account through online but i have never made any transaction till now i dont need to visit the branch directly and i can do everything through online so i have selected this bank i have logged on to their net banking its easy to access collection executive came to my place to get all my documents,banking,2,6,3,2,6,0
i have been started using the salary account from hdfc account years ago its a zero balance account i can withdraw up to rs per day once i have visited the branch to give the change of address request and the response was okay and the staff was helpful people doesnt have any current address proof they must provide the option to update the address in online,banking,1,3,8,1,4,0
i have a savings account with corporation bank for past years i am using debit card there is no transaction fee in same bank atm withdrawal only transaction are free further they will be charging rs for each minimum balance need to maintain is rs notifications are send on time,banking,1,5,7,1,4,0
my salary account is maintained in hdfc bank for nearly years it is a zero balance account no need to maintain minimum balance till now there was no issues the rate of interest is very less for the loans and there is no hidden charges moreover its a friendly bank according to my experience i am using the online service which is very good,banking,2,1,2,0,4,0
i am using hdfc bank saving account which was recently opened by myselfi am using net banking as well as mobile banking service both are used for money transfer credit card bill payment and also for rechargecustomer service is also good and i am satisfied with the service so far,banking,2,2,2,1,6,0
my salary account is maintained with axis bank i am doing all my transactions through this bank and its been years there is no requirement for minimum balance the branch is near to my residence customer service and responsiveness was not good need to improve in their service,banking,1,5,8,1,4,0
hdfc is a very good bank their executive is understanding the customer concern and ready to help at any cost i have been using the savings account for last months i have to maintain minimum balance of rupees the customer service and responsiveness are good,banking,2,2,8,1,4,0
i have opened the salary account from axis bank from many years ago and i have went to the branch to open this account need to maintain a minimum balance of rs its easy to access the internet banking and mobile app branch experience is not good because the employees are not proper service,banking,1,5,3,2,4,1
i have sbi saving account for the past to years i will be getting message alert as well as email alertscustomer service is also good and getting good response if contact for any assistsance according to my experience banking service is much comfortable and satisfied,banking,2,2,5,2,6,0
when my father taken the housing loan they have asked me to opened the savings account from sbi months before i opened this account i need to maintain a minimum balance of rs i dont activate the net banking facility and mobile app when i went to the branch the service was good,banking,2,2,2,1,4,0
andhra bank is near to my house hence its better for me to walk in the branch for cash deposit purpose i have opened the savings account from this bank i need to maintain a mandatory balance amount of rs im using the mobile banking of this bank and its easy to the fund transfer also,banking,2,6,9,2,6,0
i have been using hdfc salary account for almost years they have provided me a internet banking mobile banking which is good its a hassle free account to use because i never faced any problems till now customer service and responsiveness was good,banking,2,1,13,0,4,0
hdfc customer care service is not good because i had a deal with the branch for more than times for a single issue this was my salary account at earlier and it was converted into savings account later i need to maintain a minimum balance of rs i can withdraw up to rs in a day i get the notification immediately whenever i do the transaction,banking,0,1,8,0,1,3
sbi is providing a hopeless services to the customer because the people are not so knowledgeable when i compared to other bank if i ask for any clarification i need to roam around people to different authorities and the waiting time is very high i have been using this account for beyond years if we need to get any loan this account is necessary and the availability of atm and branches are nearby in all the place so that i chose this account they need to improve a lot online banking,banking,0,0,2,0,1,3
kotak mahindra bank account was holding by my father for few years since i was a nominee so i have transferred the account into my name i need to hold the minimum balance of rs the banking service is very good atm services are very low which is not that much convenient and they need to work on it,banking,1,5,7,1,4,0
i have taken my savings account from corporation bank on years ago and this is my secondary account since the branch is located near to my place so i have selected this bank i need to maintain a minimum balance of rs staffs are very helpful in the branch i never faced any issues on the transaction i have not used the net banking facility,banking,2,1,8,0,4,0
i have opened the savings account from indian bank when i was studying in school because from school side they have provided this account in the year of hence im continuing with the same account net banking facility is okay and mobile app is easy to access response in the branch was okay but i need to hold the minimum balance of rs,banking,1,3,3,1,4,1
i am using hdfc bank salary account for the past years i am using net banking service as well as mobile banking service both are very user friendly i am using both the service for money transfer and credit card bill payment i am satisfied with the service so far,banking,2,2,2,1,6,0
i have union bank of india saving account which is very good to use i am using net banking service which is very user friendly it is used for money transfer customer service is also good if contact for any query and transaction is safe and secure i am convenient with the overall service,banking,2,2,5,2,4,0
months ago took the savings account from kotak mahindra bank based on my friends reference i am maintaining a minimum balance of rs its good to use the net banking facility and mobile app through online i have opened this account they have sent the debit card and cheque book through courier,banking,2,2,7,1,4,0
on years back i have chosen the savings account from state bank of india because its a government based bank im maintaining a minimum balance of rs im using mobile app and its comfortable to use net banking facility is easy to access when i visited the branch the staffs are very supportive,banking,2,3,3,2,6,0
the standard chartered bank account was created by my previous company even though i left the job im maintaining this account with a zero balance they are not taking any charges for non balance maintenance there is no much atm for standard chartered bank but as usual like other bank they will charge for atm withdrawal charges if its exceed more than transaction,banking,1,3,7,1,4,0
hdfc service is a good when i taken my personal loan for the transferring money they have provided this account to open but i am not sure about the minimum balance its very good to use the internet banking facility because i can do fund transfer easily when i call the customer care the response was quick,banking,2,2,2,1,4,0
i am having a salary account from indian bank and i use it for last years back the service is not that much good because i cannot able to change the money from one account to another account due to server issue when i withdraw the money from my account they havent updated in the system so they put me in a trouble and they hold my salary for months they said simply its network issue,banking,0,1,13,0,4,0
i am having allahabad bank salary account for the past years i will be getting message alert for all my transactions and also new banking updatescustomer service is giving good response other than that everything was good every transaction is very safe and secure banking service is also good,banking,2,1,13,0,4,0
i am having my salary account with sbi they are not charging minimum balance maintenance cash deposit and withdrawal getting message alert i am using this account for almost years its good to use an internet banking and mobile app facility i have visited their branch and the employee response is really nice,banking,2,2,3,2,6,0
i have opened my savings account from kotak bank on years back and the main reason was using the account is i dont need to visit the branch for even opening the account executive came to my place to collect the documents its a zero balance account mobile app is very good when i compared with other banks,banking,2,2,3,2,6,0
i have been using hdfc salary account for almost year they have provided me a internet banking mobile banking its a hassle free service branch service and responsiveness was not good need to improve in service and also they are charging high interest,banking,1,3,10,1,4,0
i am using axis bank savings account more than years no need to maintain minimum balance because this is a salary account the customer service and responsiveness are good and also i am getting regular alert message if i withdrawn cash from atm,banking,2,2,7,1,4,0
i am having my salary account from hdfc bank because as default the account was provided by the company im getting the notification immediately after i do a transaction i have been using this account for almost year its a zero balance since its a salary account the customer service is good,banking,2,2,8,1,4,0
i am having a salary account from state bank of india i need to hold the minimum balance of rs their internet banking and mobile app facility is really good i went to the branch and it was not that much crowded because the staffs are handling the customer very well totally im happy about the services,banking,2,2,3,2,5,0
i am using sbi savings account more than years this is salary cum savings account they are providing interest rate which is good its a zero balance account they have provided me a debit card with no charges the customer service and response are good,banking,2,2,7,1,4,0
i have thane janata sahakari bank salary account which i am using for the past years i will be receiving message alert only for all transactions and banking updates if contact customer service will be getting good response i am really satisfied with their service,banking,2,2,5,2,6,0
i am using federal bank savings account more than year this is previous company salary account still i am maintaining it but no need to maintain minimum balance their service and response are good the rate of interest is less for the loans,banking,2,2,2,1,4,0
i have yes bank savings account since i am using this account more than years this is salary cums savings so i no need to maintain minimum balance mobile application is user friendly to access rs charging for multiple transaction i am using internet banking that was good,banking,1,3,3,2,4,1
i am having my salary account with sbi they are taking lots of charges like minimum balance maintenance cash deposit and withdrawal i am using this account for almost year its good to use an internet banking and mobile app facility i have visited their branch and the employee response is really nice,banking,1,3,3,2,4,1
dbs bank service is very good and i have been maintaining savings account no need to maintain minimum balance and using this account for cash withdrawal and online transaction and net banking they are very helpful and the customer service was good,banking,2,2,8,1,4,0
i have been using salary account with oriental bank of commerce or more than months and its been very good experience they interest rate for savings account really dont know im using mobile banking for checking balance and to do transactions their app is easy to access no need to maintain minimum balance,banking,2,2,3,2,6,0
i have opened the savings account with central bank of india almost years they took days to activate the account i am using online banking and mobile app transactions are quite normal whenever im depositing the money im getting the notifications on time overall im satisfied with their services and i have to maintain a minimum balance of rs,banking,2,2,3,2,6,0
i have been using hdfc salary account for almost years they have provided me a internet banking mobile banking and cheque book its a hassle free account to use because i never faced any problems till now frequently i have visited the branch for a loan concern and the response was really good staffs are very cooperative,banking,2,1,2,0,4,0
my savings account is in vijaya bank and i am using this account quite for a long time need to maintain minimum balance of rs and also debit card charges is there annually customer service was good in this bank if i swipe card from atm i am not getting cash so i use to swipe from other bank hence they putting some charges the customer service interest rate are good,banking,1,3,7,1,1,2
i have taken the savings account from dbs bank i am using the internet banking and mobile app both are really good its a zero balance account and when i went to an event one executive has approached me about this card offer i have not visited the branch till now they have given me a welcome kit instantly so i open the account,banking,2,2,3,2,6,0
i have opened the savings account from kotak mahindra bank on years back and it was my previous company salary account once i left the company i have stopped using this account i didnt convert into savings account also i have never used the internet banking facility but mobile app is really good recently they have sent me a message to change the account into savings account which is a zero balance account,banking,1,5,3,2,4,1
i have been using hdfc savings account it is salary comes savings and i am using this account more than years its been very good experience they are giving some interest rate for savings account and its okay im using mobile banking for checking balance and to do transactions their app is easy to access,banking,2,2,3,2,4,0
im using a salary account from corporation bank account for last years i need to maintain a minimum balance of rs their internet banking facility is easy to access last month i have visited their branch for the cheque deposit and the response was really great,banking,2,2,8,1,5,0
i have taken my salary account from hdfc bank because as default the account was provided by the company im getting the notification immediately after i do a transaction i have been using this account for almost years its a zero minimum balance account since its a salary account i never stepped into their branch till now,banking,2,6,8,1,4,0
allahabad bank service is really good when i was in a private job they were offered me a salary account from allahabad bank when i leave that job i have converted into savings account i need to maintain a minimum balance of rs im not using the internet banking facility with this bank they havent taken me any kind of hidden charges,banking,2,1,1,0,4,0
using my salary account from state bank of india since im using this account banking service is good in some branches the service will get differ depends on the branch people there is no need to maintain a minimum balance customer care has to be improved in sbi because any of the queries they wont respond properly they take much time in the branch,banking,1,5,8,1,4,0
i have opened the salary account from state bank of india on without any particular reason its a zero minimum balance account since its a salary account i can withdraw up to rs from the atm they are not taking any kind of extra charges the branch is little bit crowd but the staff response is good,banking,2,1,7,1,4,0
i am having a savings account from canara bank they have a huge queue in the branch even if i want to do a single transaction and the employees are not polite and profession in the word to speak with the customer i use this account for more than years my parents created this account on my name when i was young,banking,0,1,9,2,4,0
i dont have any issue with hdfc bank regarding their service they have assigned me a customer relationship officer so my problem will get resolved easily i have been holding the salary account with this bank for more than a year its great to have the net banking facility i have visited the nearby branch on a occasion basis and the staffs are very genuine,banking,2,1,9,0,5,0
i have opened the savings account in united bank of india on the year of they took days to activate the account i never used online banking and mobile app transactions are quite normal whenever im depositing the money im getting the notifications on time overall im satisfied with their services,banking,2,2,3,2,6,0
no hidden charges are deducted in my sbi took my savings account more than years ago my family recommended me about this bank i need to maintain a balance of rs its good to use the net banking facility and mobile app the branch is not much crowded and the response is really good,banking,2,2,3,2,4,0
the best about hdfc account is that they are providing me a good services i am holding this account for more than years i need to hold the minimum balance of rs whenever im in a need i used to visit the branch for the cash withdrawal and the response was really good staff response is quite good,banking,2,2,8,1,6,0
i am having my salary account with hdfc bank its a very good bank to use i am using this account for more than years and the account is provided from my office so its a zero balance account they are providing offers for even debit card but im not interested on that their banking service is fine in the branch,banking,2,2,7,1,4,0
taken my savings account from uco bank because i opened the account in my home town since the branch is located nearby my home its a zero balance account i have not experienced of their net banking facility and mobile app if i do a transaction on non working days it will not be successful and the amount get stuck on the bank itself,banking,1,5,3,0,4,1
i opened my axis bank account years before and its a salary account its easy to do the fund transfer through their app and net banking recently i visited their branch to change my savings account to defense account its a zero maintenance account whenever i visit their branch staffs are very helpful,banking,2,2,3,2,6,0
i hold salary account from last years and its with kotak mahindra bank their executive came to my office to open this account im a frequent user of net banking and there is no issue on that if they are working on customers request it would be fine i dont need to maintain any minimum balance on this account,banking,1,1,8,0,4,0
opened my salary account with axis bank and i am using this account from im using the net banking facility which is really good axis bank branch service is very good because they are providing a prompt response to the customer they are not deducting any hidden charges,banking,2,2,1,1,4,0
i am using hdfc bank savings account more than years i have an account with this bank so i need to maintain a minimum some balance some time i will deposit either rs k or k like that the customer service was good and this is domestic debit card,banking,1,5,7,1,4,0
i had opened my savings account from andhra bank and i have been using this account year ago the staff response was average and they took days to provide the debit card i am using for internet banking but i have not received any user id and password still now i need to hold a minimum amount of rs annual charges for this debit card of rupees,banking,0,1,7,0,4,3
i have syndicate bank salary account for the past years i will be receiving the transaction details through message customer service is also good and getting good responseeverything is good to me on this bank account if have any query and contact customer service will get good response safe and secure banking service so far,banking,2,2,13,1,4,0
i am using union bank of india saving account more than years it is salary comes savings account no need to maintain minimum balance i am using this bank for mobile banking and internet banking both are good actually and also i am getting alert messages for cash withdrawal atm service are good and the customer service was fine,banking,2,2,7,1,4,0
i am using axis bank salary account for more than years mobile application is user friendly and easy for fund transfer i have rewards debit card there is no annual charges the joining fee is rs atm are very sufficient and i have not checked for the charges,banking,2,3,7,1,4,0
in iob they are providing good service to the customer on my salary account its a zero balance account and i am using this account more than years customer service and responsiveness was good atm and branches are near from my residence,banking,2,2,7,1,6,0
i am using the sbi savings account more than years no need to maintain minimum balance their net banking facility is good and they are not taking any hidden charges for cash withdrawal and deposits customer service and response was good in sbi,banking,2,2,1,1,4,0
i have sbi saving account for the past years i am using net banking service as well as mobile banking service both of this service is used for money transfer utility bill payment and recharge customer service is also good and transaction is safe and secure i am satisfied with banking service,banking,2,2,1,1,6,0
i am having a savings account from oriental bank of commerce opened this account almost years before if i go to their branch they are giving prompt response i need to hold a minimum balance of rs im not using their net banking facility and mobile app they are charging rs for other atm withdrawal for each transaction,banking,1,5,7,1,4,0
in idbi they are providing very good service to the customer for my salary account its a zero balance account branch staffs are helping the customer im getting a good connectivity in the mobile app they are not taking any additional charges without my knowledge i can withdraw upto rs from the atm per day,banking,2,2,7,1,6,0
from last year i have been using the salary account from hdfc their sales executive came to my office to open this account i used to visit the branch frequently and the response was fine internet banking facility is fast since its a salary account i dont need to maintain any minimum balance i have downloaded the app also,banking,2,6,3,2,4,0
i am using axis savings account from since frequently i use net banking service as well as mobile banking service for money transfer to pay emi i will check the account transaction details the banking service and customer service are good,banking,2,2,2,1,4,0
years back i opened the savings account from state bank of india my main usage will be there in this account the branch is located near to my home due to that i have chosen this bank branch is crowded most of the times but the staff response is good they dont take any hidden charges,banking,2,2,1,1,4,0
my salary account was opened in hdfc bank around years before its a zero balance account based on my usage i will maintain the balance sometimes internet banking facility is good i used to get some offers for the debit card because of this im not using this account much,banking,1,5,7,1,4,0
i have been using savings account with bank of baroda for more than years and its been very good experience they are giving interest rate for savings account and its okay im not using mobile banking for checking balance and to do transactions their service was good and no need to maintain minimum balance,banking,2,2,8,1,4,0
i have yes bank salary account which i am using for the past to years i am using net banking service as well as mobile banking service i am using both the service for personal use each and every transaction is safe and there will be a secure banking service i havent undergone any fraudulent transactions so far,banking,2,1,12,0,2,3
i have a savings account from state bank of india but im not utilizing the account for last years they did not respond properly when i lost my atm card years back and i applied the card in branch by filling the form manually and gave it to their staff but still i didnt receive the same even though i have visited their branch so many times but my work is not completed,banking,0,1,7,0,1,3
i have sbi salary account for the past years service is very good and not faced any issues i am using net banking service which is very good and if contact customer service will get good responseif need to check any transaction details can check online as well as using formoney transfer,banking,2,1,5,0,4,0
i am using the salary account from sbi more than years i need to maintain a minimum balance of rs their net banking facility is outstanding i can add the recipients details easily but it takes days for the approval they are not taking any hidden charges for cash withdrawal and deposits they have to provide a zero balance account since its a nationalized bank,banking,1,3,3,1,4,1
i have a savings account with federal bank and this is salary comes savings account so no need to maintain minimum balance i am getting alert messages whenever i do transaction and the debit card which i am using it is a international card no charges for this card customer service was good,banking,2,2,7,1,4,0
i opened the salary account nearly years ago from hdfc without any particular reason its salary account hence its a zero balance account its easy to use the internet banking and mobile app is awesome when i visited their branch they are asking my address proof to change the address since im staying in pg im unable to provide any proof if they have a option to change the address in the net banking it would be fine,banking,1,3,3,1,5,1
i have a savings account with sbi but they are providing unhappy service to the customer both in call centre as well as in the branch its not a zero balance account because i need to maintain a minimum balance of rs hence i have stopped doing the transaction from this account even though the account is years old,banking,0,1,3,2,3,1
in the year of opened my savings account i have selected sbi its because of the good bank and i can find the atm anywhere i need to hold a minimum balance of rs its convenient to use their internet banking facility they are not taking any kind of additional charges some times the branch experience is fine,banking,2,2,7,1,4,0
my salary account is from andhra bank and im using this account for more than years im using the internet banking facility and its fine to use andhra bank is located in the same building where my office got located and the response is too good my salary is getting credited on time and the service also fine,banking,2,2,2,1,4,0
i am using sbi salary account for almost years but whenever i visit their branch they will torture the customer by saying the sign mismatch their internet banking facility is good if they are improving the service in the branch it would be fine its a hassle free account to use,banking,1,5,9,2,4,1
i am having a savings account from citi bank but im not doing much transaction from this account citi bank customer care service is superb because i dont need to visit the branch because they will rectify through the call they tried to resolve the problem then and there i basically recommended this account to everyone actually this was my previous company salary account once i visit the branch they have converted into zero balance savings account they never say no for most of the things,banking,2,1,8,0,4,0
i am using hdfc bank salary account for the past years net banking service as well as mobile banking service both are very user friendly both service is used for money transfer credit card bill payment as well as recharge and also can check transaction historycustomer service is also good if i have any doubts personal relationship manager will speak and assist,banking,2,2,2,1,4,0
i am having sbi saving account for the past years i am using net banking service as well as mobile banking service both the service are used for money transfer and can check all the transaction details they are very convenient for the usage as well,banking,2,3,13,1,4,0
i have opened a saving account with idbi bank for the past years ago need to maintain a minimum balance of rupees the charges are nominal atm and branches are near from my place i am using only net banking and it is good to use it i would prefer online transaction rather in atm within a second i use to get alert message from their end,banking,2,2,7,1,4,0
i have been holding a salary account with hdfc bank for more than months it is a zero balance account no hidden charges so far i am using only mobile app and it is user friendly to access their service is good some time i get offers message from their end,banking,2,2,3,2,6,0
my saving account in sbi and i am using this account more than years this is a zero balance account my friend recommended so i got zero balance account till now there was no issues i am not using net banking and if i withdrawn cash im getting alert message on time,banking,2,1,8,0,4,0
i have opened the salary account with hdfc bank in the year of and because of my company has provided the salary account from this bank once i left the company i have changed into savings account its a zero balance account net banking facility is very good and i am not using mobile app i dont find any issue while doing the transactions,banking,2,1,3,0,4,0
i have axis bank salary account which i am holding for past years i am using net baning service as well as mobile banking service it is used for money transfer recharge and for credit card bill payment the customer service is average and banking service is good to me,banking,1,5,2,1,4,0
i am holding a salary come saving account from sbi for more than years there is no hidden charges in this bank but need to maintain a minimum balance of rupees i am using mobile app and it is user friendly to access i use to get an alert messages from bank whenever i do a transactions atm charges are avail of rupees if i use more than times with same bank and other banks more than times in a month,banking,1,3,7,1,4,0
i have kotak mahindra salary account which i am using for the past years i am using net banking service as well as mobile banking service both are used for money transfer if have any queries need to contact customer service secure transaction with safe banking service,banking,2,6,13,1,4,0
i have been holding savings account with hdfc bank for the past years i have to maintain minimum balance of rsk the rate of interest was nominal and also no charges for debit card customer service and responsiveness are good and the interest rate for savings is little high,banking,2,2,7,1,4,0
i am holding a saving account from sbi for more than years there is no hidden charges in this bank it is a zero balance account i am using mobile app and net banking both are user friendly to access i use to get an alert messages from bank whenever i do a transactions,banking,2,3,3,2,6,0
sbi is a very good bank their executive is understanding the customer concern well and ready to help at any cost i have been using the savings account for last years and i no need to maintain any minimum balance because this is salary comes savings account,banking,2,2,8,1,4,0
i have a saving account with indusind bank since i am using this account more than years this is salary cums savings so i no need to maintain minimum balance mobile application is user friendly to access no charges for other banks withdrawn i am using internet banking that was good,banking,2,2,3,2,6,0
i am using axis bank salary account for the past years frequently i use net banking service as well as mobile banking service for money transfer to pay emi and to check the account transaction details the banking service and customer service are quite average,banking,1,3,2,1,4,0
my salary account is maintained with citi bank for nearly and till now there was no issues the rate of interest is very less for the loans and there is no hidden charges but i have not tried moreover its a friendly bank according to my experience i am using their online service which is very excellent no need to maintain minimum amount,banking,2,1,2,0,5,0
when i was working in my previous company they have offered me a salary account with indusind bank i have used this account for last years most of the time their servers are down and atm is not good even if i visit the branch for any request they asked me to provide a written letter as well if i do cash deposit from other bank atm to this bank account they are taking a extra charges of rs,banking,0,1,7,1,1,2
i am maintaining indian bank savings account for more than years their service is little bit slow because i found less of atm in bangalore when i was doing my studies i opened this account for the scholarship purpose i need to travel for kms to visit the branch and also i need to maintain a minimum balance of rs or else they will give months time to hold some balance after i lost mobile i didnt use their mobile app and for transferring the money is easy from the app,banking,1,3,7,1,4,0
i am using kotak mahindra bank mobile app for past years since i opened the account their response is okay no need to maintain any minimum balance in this account since its a salary account i have not find any issue by using their debit card and yearly once they are giving offers for debit card,banking,2,1,7,0,4,0
i am doing all my transactions through sbi its been years i am holding this saving account there is requirement for minimum balance so i am keeping some balance on a monthly basis the branch is near by to my residence and also the customer service need to improve,banking,1,5,8,1,4,0
i have been holding salary account with hdfc bank for the past months the customer service and response are good if i call the customer care also they responding properly this is a zero balance account so no need to maintain minimum balance,banking,2,2,8,1,4,0
i am holding the salary account for last years from axis bank their executive came to my office to given this account and they have provided me a cheque book and debit card after days its a zero balance account to use bank experience was good and the branch is not that much crowded i am getting the notification immediately when i do a transaction,banking,2,2,7,1,4,0
i have saraswat cooperative bank salary account for the past yearsi am using net banking service as well as mobile banking service both are very user friendly each transaction is done very frequently if have any queries need to contact customer service as well as branch,banking,2,6,9,2,6,0
i am holding kotak bank salary account for more than years no need to maintain a minimum balance amount there is no sms charges for this account the best in this bank is mobile app and net banking both are user friendly to access atm and branches are near within a kilometers from my place if i use other bank atms for n number of transaction there will be no charge i use to get offers message from their end,banking,2,3,7,1,4,0
its been years i am using hdfc bank account its a zero balance account for a salary account holderum balance they have provided me a debit card and also i got the cheque book customer service was good and also they given a domestic credit card,banking,2,2,2,1,4,0
i didnt get any issue with syndicate bank account so i never contacted the customer care service even if i face any issue i will visit the branch because its located nearby my place from years i am holding this account i am not using the internet banking even though its a salary account i need to maintain a minimum balance of rs in my branch atm will be in out of order or cash will not be there which needs to be improved,banking,1,1,7,0,4,0
i have been using kotak mahindra bank saving account for more than years the branch services are good but if i contact there will be no proper response no hidden charges for this account but charges only for cheque book i use to get offers message from their end,banking,1,3,1,1,4,0
i have opened a saving account with kotak bank for my personal need before years ago i use to get offer message from their end each and every transaction is safe and secured their service is good the main benefit is no need to maintain amount in this account on monthly basis,banking,2,2,11,1,4,0
i have been using salary account from hdfc bank for the past years no need to maintain a minimum balance account since its salary account so far i have not felt any hidden charges from their end atm and branches services are good i use to get alert message on time,banking,2,2,7,1,4,0
i have a saving account with sbi for past years the yearly maintenance charges for debit card is around rs minimum balance want to maintain is rs customer support cannot be connected easily i am not getting any offers like personal loan which is drawback,banking,1,3,2,1,4,0
i am holding saving account with corporation bank for the past years it is a zero balance account and no hidden charges are applicable atm and branches are far from my place it is very rare to point out in my city there is limit usage of this account i have not received any offers message,banking,1,1,7,0,4,0
i have been holding sbi saving account for more than years need to maintain a minimum balance of rupees if not sustain on monthly charges are applicable of high i use to get remainder message to maintain an amount sms charges are applicable on annual basis of rupees their service is good,banking,1,3,3,2,4,1
i am holding salary account with hdfc bank for more than a year no need to maintain a minimum amount since its salary account i had not faced any hidden charges i use to get alert message on time from their end atm and branches service are good,banking,2,2,7,1,4,0
south bank service is really good and i dont find any issue on this account i am using this account since last years and i need to maintain a minimum balance of rs its good to use the internet banking facility and mobile app they will respond properly to the customer they wont take any hidden charges,banking,2,1,3,0,4,0
i have been holding salary account from hdfc bank for the past years sometimes they have done cheque bounces for that they have charged high from my account hence im planning to change my salary account because they are taking so much amount from my account without any prior intimation if i call the customer care also they wont respond properly hence im fed up of this account,banking,0,1,1,0,1,3
i have opened the salary account from state bank of india on years ago its a zero balance account since its a salary account their net banking facility is really good and i dont find any issue on that banking service is really good they are not taking any kind of extra charges they gave me a withdrawal limit of rs per day from the atm,banking,2,1,7,0,4,0
sbi branch is nearby my office thats the reason i am operating this account for depositing the money it was hectic they should have enough cdms they dont have proper atm and the banking service is not good but their net banking facility is really good whenever i go for deposit through cdm they are opening the center by am customer support doesnt help me any time in the branch so would suggest them to improve the service,banking,0,1,7,1,1,2
i have started using yes bank salary account on one month before their app is not working properly because when i do my first payment it took almost hours hence they need to improve their app they are sending the statements on time i havent tried the internet banking facility i spoke with the customer care person to know about the customer id number and they were very helpful,banking,1,1,3,0,4,1
i am doing all my transactions through sbi its been years i am using salary cum saving account there is no requirement for minimum balance but am keeping some balance on a monthly basis the branch is near by to my residence and also the customer service was good,banking,2,2,8,1,4,0
i have opened a salary account from hdfc bank for more than years ago no need to maintain a minimum balance account and no hidden charges as well atm charges are avail for each transaction mobile app and net banking both are user friendly to access,banking,2,3,7,1,4,0
my salary account is maintained in yes bank nearly years and till now there was no issues the rate of interest is very less for the loans and there is no hidden charges more over its a good bank according to my experience i am using online service which is very good,banking,2,1,2,0,4,0
my salary account is maintained in state bank of india nearly years and till now there was no issues the rate of interest is very less for the loans and there is no hidden charges moreover i am using the online service which is very good customer service was not good need to improve,banking,1,1,2,0,4,0
i had opened my salary account from kotak bank and using for the past years the sales executive has came to my office to open this account net banking facility is easy to understand its a zero balance account i never visited their branch for any kind of complaints,banking,2,1,8,0,4,0
its been years with kotak mahindra this is my salary comes savings account which was provided by my company the process was simple and bank person came to my office for documentation and the interest rate is good customer service and responsiveness was also good,banking,2,2,10,1,4,0
standard chartered bank is providing good services because they are providing unlimited withdrawal from other atms its a zero balance account i have visited their branch and the response was prompt i dont find much atms and more branches in my area because only one branch is available in my location,banking,2,2,7,1,6,0
i am having a savings account from hdfc and whenever im going to their branch for any kind of query they are delaying the process they have changed my salary account to savings account without any information but they have charged me some amount also by saying its because of the non balance maintenance when i complaint with the bank staff they are not ready to help me out and they said its a rbi rule,banking,0,0,1,0,4,3
i have to go to their sbi branch for any kind of update in my profile and need to give a physical letter to be submitted in the branch if i do it through online i just a reference number alone but nothing will change unless or until giving the physical letter in the branch more than years i am using this account they have given lot of option in online but still human intervention is there,banking,1,3,9,1,4,1
there is no challenges in citi bank wherever i go like other countries there is no change in their service from citi bank im holding the salary account for years its a zero balance account if im traveling to other countries hence they will allow the customer to access the over draft balance based on the salary they dont charge anything for using of other bank atm they will allow us to the use any of the atm across the globe,banking,2,6,7,1,4,0
sbi is a very good bank and their executive is not understanding the customer concern and not ready to help at any cast which they need to improve on i have been using the savings account from past years it is a zero balance account so no need to maintain minimum balance,banking,1,5,8,1,4,0
in sbi they are not taking any kind of hidden charges i use my salary account from sbi from the year of i need to maintain a minimum balance of rs its convenient to use the net banking facility for withdrawing the money i visit the branch and they are giving good response,banking,2,2,1,1,4,0
in kotak mahindra bank i hold my salary account and i am using this account for last years its good to use the internet banking and mobile app facility i have visited their branch and the response is really good i found the atm is nearby my residence sometimes im getting offers on debit card also,banking,2,2,7,1,4,0
i have been using my savings account with hdfc for more than years and its been very good experiencethis is a zero balance account because this is salary comes savings accountthis is a domestic card and the customer service and responsiveness was good,banking,2,2,8,1,4,0
i have been using savings account with kotak for more than years and its been very good experience they are giving interest rate for savings account and its okay im using mobile banking good for checking balance and to do transactions their application is easy to access no need to maintain minimum balance because this is salary comes saving account,banking,2,2,3,2,4,0
in the year of i have opened the salary account with hdfc its a zero balance account i have visited bachupally branch in hyderabad and the response was really good the branch is located near to my office i can find all the branches and atms in all the places and i am receiving the otp immediately whenever im doing the transaction,banking,2,1,7,0,4,0
i have union bank of india salary account for the past to yearsi am doing the transaction frequently there will be message alert for each transaction i am using this account regularly if have any query and contact customer service will get good responsethere was no fraudulent transaction happend so far,banking,2,1,12,0,2,3
i am holding a salary account with citi bank for more than years it is a zero balance account and no hidden charges are avail offers message i use to get on time based on my eligibility atm and branches services are good each and every transaction is safe and secured,banking,2,2,7,1,4,0
sbi service is good and i am glad to have an account here i have opened an account on years before no need to maintain a minimum amount there is no any hidden charges atm and branches are bit far away from my place so far i had not faced any charges for sms alert and atm withdrawals,banking,2,2,7,1,4,0
i am holding saving account with kotak bank for more than years need to maintain a minimum balance of k the charges are high of rupees for non maintenance sms charge is also available of rupees once in or months i use to get offers message on time,banking,1,3,1,1,4,0
i have opened a salary account from hdfc bank i have been holding this account for more than years their service is prompt to the customer i do get alert message on time whenever i do a transaction atm charges are avail if i use more than times in a month i use to get offer message from bank end,banking,2,3,7,1,4,0
my savings account was taken from state bank of india and i opted this account for years back for the scholarship purpose i opened this account i have converted my student account into normal savings account so now i need to hold the balance amount of rs i dont use this account for last years hence the account has been blocked,banking,1,1,13,1,4,0
hdfc is giving many offers for the salary account holder its been years since i am holding the salary account with them its a zero maintenance account they are giving offers like based on my purchase they are providing some reward pointseven i receive offer for personal loan and vehicle loan based on my transactions,banking,2,6,2,1,4,0
i had opened a saving account with axis bank on years back for my personal need mobile app is user friendly to access but they have tied with courier service is not good no proper update from their end in this account need to maintain an amount of k if not charges are high,banking,1,3,3,2,4,1
in sbi they are taking some unwanted charges from the year of onwards i am having this salary account i am maintaining a minimum balance of rs in branch i opened this account and the response was good even though the branch was crowded but the staffs are very helpful,banking,1,3,1,1,4,0
i went to the andhra bank to open my salary account from the year of i am using this account there is no need of maintaining any balance on this account i do use their net banking and mobile app facility which is quite comfortable to use once i opened the account they took day to provide the debit card and net banking password but it took week for cheque book,banking,2,6,7,1,4,0
i have been holding a salary account with hdfc bank for more than years no need to maintain a minimum balance account and i have not faced any hidden charges with them i use to get alert message or mail on time whenever i do a transaction overall their service is good,banking,2,2,1,1,4,0
opened my standard chartered bank savings account years back since the branch was near to my home i have chosen this bank the bank is looking very posh but there is no proper customer care service and i need to wait for a long time i havent used the mobile app and internet banking is quite okay to access,banking,1,5,3,1,1,2
its been around years i am holding this salary account from axis bank and i have not faced any trouble on this account they do provide offers for axis bank debit card its a zero balance account i used to visit the branch on a rarely basis and the response was good because the staff support was helpful,banking,2,2,7,1,4,0
my salary account opened year before and it was with bank of baroda bank sales executive came to my place to open this account there is no minimum balance required and they have provided me a cheque book and debit card immediately they are not taking any kind of hidden charges,banking,2,3,7,1,4,0
i have been holding a saving account from sbi for more than years need to maintain a minimum balance of k if not maintain an amount charges are applicable of rupees till now i have not faced any hidden charges i am using mobile app and it is user friendly to access whenever i do a transactions i use to get an alert messages from bank sms charges are avail on months once the amount of rupees,banking,1,3,3,1,4,1
i have opened a salary account from hdfc bank i have been holding this account for more than years their service is prompt to the customer and resolved the query on time atm charges are available if i use the debit card more than times in a month i use to get offer message from bank end,banking,2,3,7,1,4,0
sbi service is good and i am happy to have an account with them for my personal need i have opened an account on years before need to maintain a minimum amount of k if not charges are applicable there is no hidden charges but atm and sms charges are avail on quarterly basis,banking,1,3,7,1,5,0
i have been holding salary account with axis bank for more than months after banking hour if i deposit money in atm they are making some charges on monthly basis mobile app is good to use atm charges are avail on monthly basis their service is good,banking,1,3,7,1,4,0
i have opened an account for a salary with hdfc bank on years ago since it is a salary account no need to maintain a minimum balance i use to get alert message on time whenever i do a transaction it is user friendly to use mobile app and net banking service so far i havent faced any atm charges,banking,2,3,7,1,4,0
i am holding a salary account in sbi for more than years there is no hidden charges in this bank it is a zero balance account i am using mobile app and net banking both are user friendly to access i use to get an alert messages from bank whenever i do a transactions atms and branches services are good i use to get some offer messages from their end,banking,2,2,7,1,4,0
i have been holding an account for a saving with rbl for more than years this is a zero balance account and this is fully personal account there is no hidden charges in this bank i am using mobile app and net banking both are user friendly to access i am getting an alert messages from bank whenever i do a transactions service was good,banking,2,2,3,2,6,0
in the year of i have started this savings account from corporation no need to maintain minimum balance on this account i have selected their internet banking facility is very user friendly they are not taking any kind of additional charges and the service was good,banking,2,2,1,1,4,0
this is a salary comes savings so no need to maintain minimum balance i have been using this account with yes bank for more than years and its been very good experience they are giving interest rate for savings account and its okay im using mobile banking for checking balance and to do transactions their app is easy to access,banking,2,2,3,2,4,0
its been one year with axis bank and their interest rate is really good they are providing for savings its easy to contact the customer service anytime its a zero balance account their net banking and mobile app is quite comfortable to access i got a domestic debit card,banking,2,2,7,1,4,0
its very excellent with axis bank and am using the salary account for more than years there was no extra charges for atm withdrawal and i can send the money immediately through online banking rtgs service is fine the interest rate is negotiable only gst is higher around for emi conversion on credit card,banking,2,1,2,1,5,0
i have completed years with hdfc bank my salary account is a zero balance the charges are applicable for withdraw there was no difficulties with net banking i have called the customer service and the response was happy i got a domestic debit card,banking,1,3,7,1,5,0
i am holding saving account with hdfc bank for more than years it is saving comes salary account no need to maintain a minimum balance account and no charges are avail atm and branches are avail i am using both mobile app and net banking both are user friendly to access,banking,2,3,7,1,4,0
i have been holding salary account with karnataka bank for more than years need to maintain a minimum balance of rupees there is no hidden charges in this account atm and branches services are good mobile app is good and i have opened net banking but yet to use it atm charges are avail of rupees on yearly basis,banking,1,0,7,1,4,0
oriental bank of commerce is a very good bank their executive is understanding the customer concern well and ready to help at any cost i have been using the savings account for last years i am maintaining minimum balance of rupees i do get privilege till today,banking,2,2,8,1,4,0
my salary account is maintained in pnb bank for nearly years and till now there was no issues the rate of interest not sure moreover its a friendly bank according to my experience i am using the online service which is very good recently year getting issue not getting message when i withdrawn cash over all it is good service,banking,1,1,10,0,6,0
in the year of may opened my savings account i have selected kotak because it is a salary account their atm service is very less it is very convenient to use their internet banking facility google pay phone pay they are taking additional charges so much need to improve in customer service i spoke to different member in a week and also for net banking spoke to people nicely,banking,1,3,7,1,4,0
i have opened a savings account with kotak mahindra before years i have selected kotak because of the good service this is a salary comes savings account no need to maintain minimum balance i am using usa transaction with this account i can do transaction within a minute in this website this bank has very less atm center i got an international card i can use in both india and abroad and its very convenient to use their internet banking facility mostly i use application only they are not taking any kind of additional charges,banking,2,2,7,1,6,0
i have state bank of india salary account almost years i am using net banking service as well as mobile banking service both are very user friendly i am using this servie for money trasfer and to check transaction details each and every transacton is safe and secure there was no fraudulent transaction happend so far,banking,2,1,12,0,2,3
i have been holding a saving come salary account with sbi for more than years it is a zero balance account and so far i have not felt any hidden charges for this account atm and branches are everywhere i am not using mobile app yet each and every transaction is safe and secured,banking,2,3,7,1,4,0
i have opened a salary account with kotak bank for more than years no need to maintain a minimum balance and some hidden charges are avail on every months regarding for cheque maintenance and ecs they use to detect the amount of rupees since i have been holding this account for many years but still now i havent received any offer message,banking,1,3,1,1,4,0
i am holding a saving account with canara bank for more than years so far i havent received any offer message no need to maintain a minimum balance and some hidden charges are avail on every months regarding for cheque maintenance and ecs they use to detect the amount of rupees,banking,1,3,1,1,4,0
my salary account is associated with sbi for past years which belongs to defence civilian and there is no specific advantage on this account only i get an offer for pre approved loan there is no need to maintain for minimum balance i went to the branch and done kyc updation by today am satisfied with the response the drawback is they dont have sufficient cdm and need to avoid extra charges,banking,1,1,2,1,6,0
my salary account is in hdfc bank i am holding this policy since years once in months there are charging rs for card charges so no need to maintain minimum balance the customer service was good interest rate is little bit high need to work on interest,banking,1,3,1,1,4,0
i have been holding an account for a saving with hdfc bank for more than years there is no hidden charges in this bank being a salary account no need to maintain minimum balance i am using mobile app and net banking both are user friendly to access i am getting an alert messages from bank whenever i do a transactions,banking,2,3,3,2,6,0
my company has provided a salary account from hdfc bank i am using this account for the last years its a zero balance maintenance account their mobile banking facility is good and easy to activate i called the customer care service and their response is very good i have done lots of transaction from this account whenever i called them they guide me in a proper way,banking,2,2,8,1,4,0
i am holding a saving account with syndicate bank for the past years need to maintain a minimum balance amount previous it was my salary account since i left the job now i am not using much this account net banking is user friendly their service is good,banking,1,5,8,1,4,0
i am holding saving account with sbi for more than years need to maintain a minimum balance account some time hidden charges are avail and deduct some amount atm and branches are near net banking is user friendly to access atm charges are avail in this bank,banking,1,3,7,1,4,0
i am holding a salary account with hdfc bank for more than years there is no hidden charges in this bank it is a zero balance account i am using net banking and it is user friendly to access i use to get an alert messages from bank whenever i do a transactions atm and branches are near to reach them directly,banking,2,3,7,1,4,0
i will not recommend sbi account to anyone because im not satisfied with their banking services first of all the employers are providing late services to the customer i have opened this account since years i have to maintain minimum balance i dont mind to maintain but i am maintaining some balance need to improve in service,banking,0,1,8,0,6,3
i have taken kotak mahindra bank savings account months ago hence i dont have much experience with this account i opened this account through an online its a account i have activated all the digital bank facility and i applied the cheque facility through an online already my documents have taken from the collection executive when he came to my home,banking,1,3,3,1,4,1
i have opened the salary account from yes bank on months ago and its a zero balance account even though im maintaining some amount still now i have not faced any issues recently i called the customer care to inquire about interest rate on quarter basis,banking,2,1,8,0,4,0
i have opened my account with hdfc bank on years before and it was my salary account since im employee of this bank so they have provided me a zero balance maintenance account im not using net banking facility before years some amount got deducted in my account regarding this i called the customer care and i went to the branch but the response was very bad because they were not helpful at all they have used unwanted words to the customer,banking,0,1,8,0,1,3
i have taken savings account from punjab national bank almost years before and it was my earlier company salary account later i left from the company so im doing only transaction from this account it was a zero balance and it was a hassle free account to use i have not used an online banking and mobile application,banking,1,3,3,0,4,1
sbi is a good account to use because my transactions are smoothly going on any issues im not facing from the bank side sbi net banking service is very good i have visited the main branch in my city and the response was prompt charges are there for a neft and imps transactions,banking,2,1,1,0,4,0
i have taken the salary account from idbi bank on one year before because my company is depositing the money in this bank its a zero balance account they are not taking any extra charges they are not providing any offers for debit card the card transactions are smooth because i dont find any error in the pos machine,banking,2,1,7,0,4,0
indian bank savings account was opened almost years before because the branch is located nearby my home but nowadays im not doing much transaction from this account when i do a transactions it shows server error sometimes they do not have any proper customer care number to contact,banking,0,1,6,0,4,0
i have opened my salary account with yes bank almost years before i dont need to maintain any minimum balance from this account i never tried the net banking facility if any kind of issue i call the customer care service and they will do rectify it immediately only once i have gone to their branch to change the mobile number and block the atm and the response was good,banking,2,1,7,0,4,0
i have been using sbi saving come salary account for more than years need to maintain a minimum balance of k the customer service is not good and no proper response from their end there is lot of hidden charges are applicable on quarterly basis they use to deduct the amount of up to rupees atm and branches are avail at every where,banking,0,1,7,1,1,2
i have been holding an account for a saving with hdfc bank for more than months there is no hidden charges in this bank being a salary account no need to maintain minimum balance i am using mobile app and net banking both are user friendly to access i am getting an alert messages from bank whenever i do a transactions atms and branches are near to reach them directly need to improve in service,banking,1,3,7,1,4,0
i am holding savings account from uco bank and its a good nationalized bank its a zero balance maintenance account i have not experienced of their net banking and mobile app facility i used to visit their branch on a regular basis and the response was very nice,banking,2,2,3,2,6,0
i have opened savings account from kotak mahindra bank and my salary is getting credited into this account through neft transfer almost years before i took this account i have not activated an internet banking and mobile app too response was really good in the branch its a zero balance account,banking,2,2,2,1,4,0
indian overseas bank service is not that much good and they are charging for high of un necessary things whenever i visit the branch there was no response in the branch and they asked me to come after days i have been using this account for almost years i need to hold the minimum balance of rs,banking,0,1,8,1,1,2
i have opened the savings account from vijaya bank and i took the account for almost years back the branch is located in the nearest place so i have selected this bank there is no proper service because by using the app i couldnt avail anything till now branch is always having a heavy crowded they are deducting some money on a monthly basis for sms deduction and they have deducted rs in this last quarter,banking,0,1,3,1,4,0
dbs is very nice bank to have a account with them i can use any atm to withdraw the money in the earlier days there was no charges for that but now they are deducting rs rs after transactions from the other atm there is no atm at all for this bank i am using the mobile app facility and its very easy to access when i forgot the login id it was asking my mail id when i enter the correct id it says please enter the correct details regarding this issue i could not contact their customer care service too,banking,1,1,7,0,4,0
kotak mahindra bank service is good and they need to address the customer in the online banking i went to their branch to open the savings account but my salary is getting credited into this account its a zero balance account they have provided the cheque book in days and debit card in working days,banking,2,2,2,1,4,0
i have opened my savings account with sbi in the year of i have selected this bank because of the good service and i can find the atm at anywhere i have to maintain minimum balance of rs its convenient to use their internet banking facility but i am using yono application the branch experience is fine they helped me a lot in many thing,banking,2,2,7,1,6,0
opened my salary account in axis bank and using for almost months and its a zero balance maintenance account their internet banking facility and mobile app is nice to use i have not visited their branch till now since i dont faced any issue till now they are not taking any kind of unnecessary charges,banking,2,1,3,0,4,0
previously i was using the savings account from state bank of india im not satisfied with their services because i have given closure request twice but they havent processed and they have sent me a debit card to my address which i have not received im not maintaining any minimum balance since i have given the closure request,banking,0,1,7,0,6,3
whenever i visited corporation bank branch they will rectify my queries immediately bank staffs are guiding the customers very well earlier in my office they have provided me a cheque from corporation bank it got cleared immediately so that i have opened the savings account from corporation bank i am not using their net banking facility and mobile app,banking,2,6,3,2,6,0
i have a savings account from state bank of india and the staffs are very helpful and the manager is very friendly to the customer i have been holding this account for a long time and i have not faced any issue i need to maintain a minimum balance of rs they are not taking any unnecessary charges till now i wont do much transaction from this account,banking,2,1,1,0,1,2
opened my savings account with rbl bank i am having this for more than years and i am maintaining minimum balance as rs i have visited their branch service was good and they helping to solve queries in any branch overall it is good and also recommendable,banking,2,2,8,1,4,0
my salary account was opened from kotak mahindra bank i went to the branch directly to open this account and the response was great from the employee side im not using the internet banking facility mobile app is convenient to use they are not taking any kind of hidden charges,banking,2,2,3,2,5,0
bank of india account is good and im using it for the past months i have to maintain minimum balance of rs their online banking facility is fast to access when i visited their branch the response is excellent they are not deducting any kind of hidden charges,banking,2,2,1,1,5,0
i have been utilizing sbi savings account since years i need to maintain a minimum balance of rs i have activated the net banking and mobile app there is no additional charges for the atm withdrawals long back i visited the branch and the service was good,banking,2,2,7,1,4,0
i am using indusind bank salary account for the past years i am using net banking service it is only used for money transfer even i can track transaction details through this service there was no fraudulent transaction happened so far if i contact customer service for any assistance they are taking the responsibility and giving good response,banking,2,1,12,0,2,3
even if i withdraw from other atm on a multiple times rbl doesnt charge any amount my friend told me that rbl savings account is good last month i have maintained the minimum balance of rs then they told me to keep only rs i can withdraw upto rs in a day from the atm the process was delayed for verification to provide the debit card,banking,1,0,7,0,1,2
earlier it was my salary account from sbi after that i have converted into savings account they are deducting money unnecessarily from my account for not maintaining the minimum balance there is no proper customer care service and many times im receiving a fake calls by asking the account number and otp so im not using this account much,banking,0,1,8,0,1,3
from my company they have provided me a salary account in last august with hdfc bank its a zero balance maintenance account their mobile banking facility is good and easy to activate i called the customer care service and their response is very good i have done lots of transaction from this account whenever i called them they guide me in a proper way,banking,2,2,8,1,4,0
months ago i have taken the savings account from dbs bank my friend has recommended me about this bank since its an international bank and i can access the account everywhere there is no charges for other atm withdrawals im maintaining a minimum balance of rs i do use their internet banking facility and its good to deal,banking,2,2,7,1,4,0
my friend has recommended me to open the salary account with karur vysya bank im maintaining a minimum balance of rs i have not experienced net banking but their net banking facility is easy to use on a rarely basis i used to visit their branch and the response is nice,banking,2,2,8,1,4,0
years before i have opened the salary account from hdfc it is a zero balance account i didnt called the customer care service but they do have a separate mail service hence i have used it if i use the net banking facility there is a option called to mail box through that i used to communicate with them regarding my queries whatever they are promised time like hours before that i get a genuine response and if i need any further assistance they will call me if i mentioned in the mail,banking,2,6,8,1,4,0
i have federal bank account for the last years i have both salary and saving account i am satisfied with the customer service and responsivenesstheir online service like internet banking is easy to use and it is very fast also overall doing good,banking,2,2,5,2,6,0
i use my salary account with hdfc for almost years there is no need to maintain any minimum balance their net banking facility is very good and mobile app is better i visited their branch and the response was prompt they are not deducing any hidden charges i can withdraw upto rs in a day,banking,2,2,3,2,6,0
i have been holding a saving account with sbi i need to maintain a minimum balance of k if not charges are applicable there is some hidden charges are available on monthly basis of rupees net banking service is good i am not aware about atm charges,banking,1,3,7,1,4,0
i will not recommend sbi account to anyone because im not satisfied with their banking services first of all the employers are providing late services to the customer i have opened the account years before with the help of my father since im not aware of the banking system im maintaining a minimum balance of rs i dont get the sufficient money from the atm and the behavior of the employee needs to be changed,banking,0,1,7,0,6,3
i am holding a salary account with hdfc bank for more than years there is no hidden charges in this bank it is a zero balance account i am using net banking and it is user friendly to access i use to get an alert messages from bank whenever i do a transactions atms and branches are near to reach them directly,banking,2,3,7,1,4,0
i use my salary account with hdfc for more than year their net banking facility is good to use i have visited my home branch and the response was really good its a salary account so no minimum balance required but im maintaining a minimum balance of rs their mobile app is convenient to access in all the places,banking,2,2,3,2,6,0
i have opened a saving account with city union bank on years before there is no need to maintain a minimum balance but service charges are applicable of up to rupees on monthly basis atm and branches services are good each and every transaction is safe and secured,banking,1,3,7,1,4,0
i am holding salary account with canara bank for more than years there is some hidden charges are avail no need to maintain a minimum balance on this account i use to get alert message on time from bank for each transaction there are service charge are applicable on monthly basis of rupees which is high,banking,1,3,3,1,4,1
i am holding a salary account with hdfc bank for more than year there is no hidden charges in this bank it is a minimum balance account i am not using mobile app yet i use to get an alert messages from bank whenever i do a transactions atms and branches are near to reach them directly,banking,2,3,7,1,4,0
i am holding saving account with bank of india for past years previous it was salary account now changed to savings need to maintain a minimum of rupees sms charges are applicable of up to rupees on quarterly basis atm charges are applicable if i use the debit card for more than times in a month,banking,1,3,7,1,4,0
i am using hdfc bank saving account for almost years i have not faced any issues till now since i have a salary account so no need to maintain its a zero balance account there wont be any hidden charges customer service and responsiveness are good,banking,2,1,1,0,4,0
i have been holding a saving account with sbi for more than years it is a zero balance account there is some hidden charges are applicable i am not using mobile app and net banking yet atm charges are applicable if i use more than times in a month i would suggest to reduce charges for this account,banking,1,3,7,1,4,0
customer will get all kind of offers through messages from hdfc bank i can activate all the facilities through mobile app and online banking they wont allow the customer to go other bank interest rate is less for an existing customer when i compared to other banks i have not faced any issue as of now,banking,2,1,3,0,4,0
i have hdfc bank salary account which i am using for the past years i am using net banking service as well as mobile banking service both are used for credit card bill payment and money transfer there was no fraudulent transaction happend so far each transaction is safe and secure and if contact customer service for any assistance will get proper acknowledgement,banking,2,1,12,0,2,3
i have been holding a saving account with kotak bank for more than a year i have to maintain a minimum balance of k in this account their service is good but there is no much atms near my place it is user friendly to access i use to get an alert message on time from their end,banking,2,2,7,1,4,0
i have been holding a saving account with sbi for more than years no need to maintain a minimum balance for this account and no hidden charges as well atm and branches services are good i am using mobile app and net banking both are user friendly to access,banking,2,2,7,1,4,0
i have opened a salary account from axis bank on years before it is zero balance account and there is some hidden charges are applicable for transaction purpose and it was high in this bank i use to get offer message from bank end atm and branches are far to reach them directly,banking,1,3,7,1,4,0
opened my salary account with hdfc bank and i have been using this account since they are not taking any hidden charges its good to use the internet banking and mobile app facility there is no need of maintaining any minimum balance in the branch response was good,banking,2,2,3,2,6,0
earlier it was my salary account from punjab national bank and now i have converted into savings account and the service is good since i hold the account for more than years its quite convenient to use the internet banking facility response in the branch was really good,banking,2,2,9,2,6,0
above years i have been utilizing the benefits from sbi salary account in this account i need to maintain a minimum balance of rs i am not activated the net banking facility and mobile app there is no additional charges for the atm withdrawals very long back i visited their branch and the response was very good,banking,2,2,7,1,4,0
i opened the savings account from state bank of india and its been years in sbi i need to maintain a minimum balance amount im not using this account much because if i withdraw the money of minimum balance they are charging some amount sbi banking services are average because their rules and regulations are not familiar with the new generation customer,banking,1,5,8,1,4,0
from previous company they have provided me a salary account from canara bank and i hold this account for almost years its a zero balance maintenance account and the benefits are compared to other bank its less they are charging me a additional charges of rs for sms alerts applying the cheque book there is no free service request from canara bank,banking,1,3,3,1,4,1
from kotak mahindra bank i have been using the salary account for years they are giving good services to the customer in terms of any services and charges as i observed kotak is the first bank which gives higher interest rates based on the transaction in the savings account they are giving more than interest,banking,2,2,1,1,6,0
i get buy get movie tickets offer in my citi debit card the minimum balance have to maintain is lakh i can convert into zero balance account giving the request to bank without any charges but there is a condition like i can use it for only one transaction if it exceeds transaction in a month then automatically changed to normal account the penalty charges are very less so i am holding this account for past years,banking,1,3,7,1,4,0
i have a salary account with hdfc bank and they have provided me an option for zero balance family account where i can add members under my id initially need to pay rs after the process i can withdraw the amount if my salary account becomes dormant then family members account type will be changed to normal with a minimum balance maintenance,banking,2,3,8,1,4,0
dcb bank is just a chitfund not a bank without any concern takes away the money from sb account need to complain for the same times then they again pay back the amount after months without any interestnever do any business with this bank,banking,0,1,13,1,4,0
i have karuyr vysya bank saving account which i am using for the past years my salary will be credited to this account i will be getting message alert as well as email for all transactions if i contact customer service for any assistance will be getting good acknowledgement,banking,2,2,2,1,4,0
using my hdfc saving account for almost years i have not faced any issues till now its a zero balance account there wont be any hidden charges i never get charged for any other atm withdrawal i have visited hdfc branch till now service is good i called their customer care and the response is so good,banking,2,1,7,0,4,0
i have punjab national bank salary account for the past yearsi am using net banking service as well as mobile banking servicei am using this service for money transfer recharge and for credit card bill payment i am satisfied with the banking serviceeach transaction is very safe and secured always,banking,2,2,2,1,6,0
i am holding a salary account with indian overseas bank for more than years there is no any hidden charges in this bank it is a zero balance account i am using mobile app and net banking both are user friendly to access i use to get an alert messages from bank whenever i do a transactions,banking,2,3,3,2,6,0
i have been holding a saving account with axis bank for more than years need to maintain a minimum balance of k sometime hidden charges are applicable yearly once they use to charge atm charges are applicable if i used for more than times in a month,banking,1,3,7,1,4,0
i have sbi saving account which i am using for the past years i will be getting message alert for all transactions customer service is also average and each transaction is safe and secure banking service is also average and not undergone any difficulties on using this account,banking,1,5,13,1,4,0
i have federal bank saving account recently i am only using their net banking service on this account if have any query i will reach to contact customer service and getting good response each and every transaction is safe and secure everything is good on this bank account so far,banking,2,2,13,1,4,0
from axis bank i am holding my salary account and its a zero balance account they havent deducted any kind of hidden charges i can withdraw upto rs in a day from the atm response in the branch was really good when i contacted the customer care the response is good and its easy to connect with them,banking,2,2,7,1,4,0
i am using canara bank salary account and will be getting only message alert for my transaction customer service is also good and getting good response i have not faced any fraudulent transaction so far and am getting prompt reply from customer support whenever i reach them for queries,banking,2,1,12,0,2,3
my salary account is with state bank of india and i have opened it years back in the year of its a zero balance account its good to use the internet banking facility and mobile app at the time of opening the account i have visited the branch and the response was fine they took almost week to provide the cheque book debit card net banking facility,banking,2,2,7,1,4,0
bharath cooperative savings account is a very good bank because whenever i visit their branch for any clarifications they will rectify clearly and they confirm that whether customer understand the answer they are giving a interest rate every three months once based on the quarterly balance maintenance i wont withdraw the money from other bank atm hence im not aware of those charges,banking,2,2,7,1,4,0
in my native place atm and branch is available so that i have chosen vijaya bank as my savings account when i keep the balance of some amount in this account monthly they are giving some interest rate staffs are giving good response in the branch no hidden charges will be deducted on this account,banking,2,2,7,1,4,0
earlier i was opened my state bank of india as an savings account after that i have converted into salary account monthly i am maintaining a some balance of rs even though the required amount is rs i have been using this account for just year its good to use their internet banking facility i can find atms in all the places,banking,2,2,7,1,4,0
its been more than years since i have a salary account with hdfc i do visit the hdfc branch so many times and the response was good its quite comfortable to use their net banking facility they are not deducting any kind of hidden charges,banking,2,2,1,1,4,0
days before in my new company they have provided me a salary account with indusind bank i have not used this account that much its a zero balance account online banking facility is bit low compared to others when i have given request for cheque book its getting closed automatically mobile app is not easy to access and its getting buffer for a long time,banking,1,3,3,1,1,2
year ago my company has provided me a salary account from hdfc bank its a hassle free account to use its a zero balance account hdfc net banking and mobile app is superb i have not visited their branch till now and never interacted with their call centre people till now,banking,2,6,3,2,6,0
sbi is providing a good service i have been holding a saving account for more than a year need to maintain a minimum balance of k if i go to any place in karnataka i could find many atms i use to get alert message on time from bank end for each transaction,banking,2,2,7,1,6,0
i am holding a salary account with axis bank for more than years there is no hidden charges in this bank it is a zero balance account i am using mobile app and it is user friendly to access i use to get an alert messages from bank whenever i do a transactions each transaction is secured,banking,2,3,3,2,6,0
i have opened a saving account for a personal use with kotak mahindra bank and i am using it for more than one year need to maintain a minimum balance of k charges are high am not doing much transaction in this account and keep on getting update from bank end to do some transaction there is no hidden charges,banking,1,3,1,1,4,0
i have state bank of india salary account which i am using for the past years onlythere will be message alert for all transactionseach and every transaction is safe and secure if have any query and try to contact customer service will be getting good response there was no fraudulent transaction undergone so far,banking,2,1,12,0,2,3
i am holding saving account with canara bank for more than years in my city there are many atms are avail so far they have not charged any amount it is zero balance account there is some hidden charges so on yearly basis amount was deducted of rupees,banking,1,1,7,0,4,0
around i have opened the savings account from state bank of india and not had any savings account till then since the branch was near to my home i have selected this bank there is no need of maintaining any minimum balance im comfortable in using their internet banking facility i went to their branch and the staff response was fine while opening this account,banking,2,6,8,1,4,0
using my hdfc salary account for almost years i have not faced any issues till now its a zero balance account there wont be any hidden charges since i will do an online transactions a lot i never get charged for any other atm withdrawal i have not visited hdfc branch till now i called their customer care and the response is so good,banking,2,1,7,0,4,0
i have savings account from state bank of india the branch is located nearby my home so that i have chosen them im not maintaining any balance in this account since im not using this account much i have not tried their online banking and mobile app branch response in sbi is average and the staffs are not that much helpful because they are taking too much time,banking,1,5,3,2,4,1
years ago i have selected punjab national bank for my savings account without any specific reason its a zero balance account i was using the internet banking and mobile app but nowadays im not doing much transaction from this account i never visited their branch till now,banking,1,5,3,1,4,1
i have opened salary account in the year of from bank of india to open this account their sales executive came to my office and he immediately provided me cheque book and debit card whenever i contacted the customer care for general enquiry and complaints they have server issue to check the details most of the times,banking,1,1,7,0,4,0
i have been holding saving account with federal bank for more than years i need to maintain a minimum balance of k and even there is no charges for nonmaintenance each and every transaction is safe and secured their service is fine mobile app and net banking services are good,banking,2,2,3,2,4,0
i have a salary account with dena bank for past years minimum balance should be rs if i use other bank atms for cash withdrawal it is chargeable their atms are not sufficient only one is available near my office the bank executive response is good and i have not faced any issue till now,banking,1,1,7,0,4,0
i am holding a salary account with hdfc bank for more than year where i need to maintain a minimum balance there is no any hidden charges internet banking and mobile app is not user friendly to access i use to get alert message on time from bank for each transaction,banking,1,3,3,1,4,1
i am holding a salary account with hdfc bank for more than years their service is not good in response i have been holding account for more than and half years it is a zero balance account i am using mobile app and net banking both are user friendly to access atm charges are applicable if its more than times need to pay rupees,banking,1,3,7,1,4,0
if i asked for any request they are responding properly from indusind bank opened my salary account years before i need to maintain a minimum balance of rs i have not faced any issue on their internet banking facility i went to their branch once to get the bank statement and they have given me a prompt response,banking,2,1,8,0,4,0
i have opened a salary account with axis bank just months before no need a maintain a minimum balance account and there is no any additional charges for this account each and every transaction is safe and secured mobile app and net banking both are user friendly to access some time atm charges are applicable,banking,2,3,7,1,4,0
years back i took the savings account from canara bank it was a simple system of communication and the service is simple they are always organized with the customer i need to hold a balance amount of rs i have visited their branch on a regular basis and the response was very nice,banking,2,2,9,2,4,0
years ago i opened the salary account from central bank of india my organization has a tie up with this bank i went to their branch to take this account i need to maintain a minimum balance of rs there is no hidden charges as per rbi rules they are deducting charges for the other things,banking,1,3,1,1,4,0
hdfc banking service is average there is a digitalization but not fully there is a communication with the customer their customer service needs to improve a lot actually im in village so nearby my place hdfc branch was available so that i have selected this account i am maintaining a minimum balance of rs since its a rural area account their infrastructure is like a government bank in most of the branches water facility is not available and the floors are not properly maintained they should maintain clean and hygiene,banking,0,1,8,1,4,0
my salary account was opened from state bank of india there was no proper customer care service in sbi if i want to call the call centre number or in the branch there will be a lack in customer service actually they are not giving proper response because they dont want to interact with the customer much right now im using the net banking facility hence im transferring the money to other bank account and im not using this account that much in every branch the staffs are behaving very rude with the customer which they need to improve,banking,0,1,6,0,0,2
years ago i have selected axis bank for my salary account since my company offered me their sales executive came to my office to open this account its a zero balance account their net banking facility is really good many times i have interacted with the customer care service regarding many reasons the response was very good all the time they have an offer many times in online banking and the executive visit to my office on a regular basis to show off of their new products it would be fine if they improve the transaction timings,banking,2,2,8,1,4,0
am holding the salary account from axis bank which am using it for almost years there is no benefits available on this account its a zero balance their net banking facility is really good when i visited their branch the response is also good they are not providing any offer for debit card purchase but transaction reflects immediately on the app in axis bank they are charging some consolidated charges,banking,1,3,7,1,4,0
in the year of i had salary account from hdfc and i have made the transaction with the account for year after that i have not used it because i left the job from the company and started new business it was a zero balance account their online banking facility was really good,banking,2,2,8,1,4,0
i have a savings account from punjab and maharastra bank suddenly they have sent me message in mid night stating that my service is going to be barred from the next day because the bank directors made some fraudulent activity in that i had a balance of more than rs lakhs and im unable to withdraw the same now they have stated that they will give money but it will take some time rbi also already assured that i get a money back because of this issue i suffered a lot,banking,0,1,12,0,2,3
i have state bank of india salary account for the past years i am using net banking service for mostly for credit cards bill payment and for money transfer rarely customer service is not upto the mark and there was no drawbacks faced on using this account,banking,1,5,2,1,4,0
opened my savings account from andhra bank and i have chosen this account year ago its because of the gold loan purpose staff response was really quick they took day to provide the debit card and cheque book because i got it from their bank itself i need to hold a minimum amount of rs the branch has normal crowd and the staffs are attending the customer very fast overall its nice,banking,2,2,2,1,4,0
sbi is a good bank for opening a savings account i use this account for almost years their sales executive came to my place to open this account i am maintaining a minimum balance of rs i have not experienced of their mobile app but their online user interface is fine they are not deducting any hidden charges,banking,2,2,3,2,4,0
last years ago i have opened the salary account with hdfc and the service is really good their net banking facility is really good and im not using any mobile app they have not deducted me any hidden charges there is no charges for the fund transfer facility,banking,2,2,3,2,6,0
i have bank of india saving account for the past years there will be message alert for each transaction is done frequently i have not faced any drawbacks so far there was no fraudulent transaction happened so far if contact customer service will get immediate response,banking,2,1,12,0,2,3
i am using axis bank salary account for the past years i am using net banking service as well as mobile banking service both are very user friendly and these service is easy to operate for money transfer and also for utility bill payment customer service is also pretty good,banking,2,2,13,1,4,0
canara is a government undertaken bank so that i have opted the savings account with them i went to the branch to opened this account and the response was better because i havent got any help from the staffs opened this account years before i use the internet banking and mobile app facility as well,banking,1,5,3,1,4,1
vijaya bank sales executive came to my office to open the salary account for me they have provided me a debit after month only there is no charges for the atm withdrawals there is no need of maintaining any minimum balance i can find the atms in all the places and the debit card is more secure to use,banking,2,3,7,1,4,0
i am holding a savings account axis bank for more than years there is some hidden charges and on quarterly basis use to pay amount of rs i need to maintain a minimum balance of rupees if not charges are high i am using net banking and it is user friendly to access,banking,0,1,1,0,1,3
i am having a salary account with bank of india for the past years need to maintain a minimum balance of rupees if not maintain charges are applicable which is nominal there is some hidden charges are avail on quarterly basis of rupees i am using net banking and atm charges are applicable,banking,1,3,7,1,4,0
year before took the savings account from axis bank it was deposit account its because of the credit card purpose chosen this bank i need to maintain a minimum balance of rs if im not maintaining the same they will charge upto rs every month i am not using the online banking but mobile app is easy to use there is an extra charges for the fund transfer,banking,0,1,2,1,4,0
i have a savings account from sbi and my salary is getting credited into the same account now i opened the account years before since the branch is nearby my home the service is good in their branch its a zero balance account i can withdraw upto rs from the atm per day,banking,2,2,2,1,4,0
i am doing all my transaction through this federal bank its been years salary come savings account there is requirement to maintain a minimum balance but after changing salary account no need to maintain minimum balance customer service and response was okay,banking,1,5,8,1,4,0
i am holding savings account with indusind for more than years i am using net banking and it is user friendly to access i use to get offers message from bank end need to maintain a minimum balance of rs lakhs customer service and responsiveness was good,banking,2,2,8,1,4,0
syndicate bank service is not good because their service is very slow if i go to the bank to withdraw the cash it will take almost hour in my native branch is located nearby so that i have chosen this bank i need to maintain a minimum balance of rs i have not activated the internet banking and mobile app,banking,0,1,3,2,4,0
i have been using the karur vysya bank salary account since i am maintaining a minimum balance of rs i am using their net banking facility and its comfortable to use but i have not tried their mobile app response is good in their branch and the staffs are very kind and helpful,banking,2,2,3,2,6,0
even though im a corporate account holder with hdfc bank there is no use because i didnt get any single benefits from this bank even though im associated with the bank from still the account is active but i am not doing any transactions whenever i call to the customer care the response is not good from the executive,banking,0,1,11,1,4,0
by the end of i have opened the salary account with axis bank its easy to opened the account since i have completed everything through online i applied the cheque book separately and there is no charges for that and they have sent me a debit card in days its a zero balance account their internet banking and mobile app is really good,banking,2,2,7,1,4,0
i am not happy with the services provided by state bank of india because they are charging me a lots of hidden charges that i dont like due to this i have closed the account years ago i was holding the account for years and previously it was a student account when i opened it after that it has converted into normal savings account with the minimum balance amount of rs,banking,0,1,3,2,5,0
i am holding a saving account with sbi for more than years there is no hidden charges in this bank it is a zero balance account i am using net banking and it is user friendly to access i use to get an alert messages from bank whenever i do a transactions atms and branches are far away to reach them directly no atm charges are avail,banking,2,3,7,1,4,0
i am holding a salary account with kotak bank for the past months since it is salary account no need to maintain a minimum balance accountatm and branches are far away to reach them i am using only net banking and it is user friendly to access if i use this card for shopping i use to get some vouchers,banking,2,6,7,1,4,0
i have opened a saving account with axis bank on years before so i need to maintain a minimum balance amount of k there is no any hidden charges atm and branches are near to reach them directly i am using mobile app and net banking both are user friendly,banking,2,3,7,1,4,0
i am holding a salary account with axis bank for more than years no need to maintain a minimum balance account and there is no any hidden charges i am using mobile app and net banking both are user friendly to access so far i have not faced any atm charges,banking,2,3,7,1,4,0
chosen my savings account from kotak mahindra bank because there is no charges for maintaining the account they have not charged me anything yet i have done only less number of transaction from this account usually i used to withdraw the money kotak was my earlier company salary account which i left now,banking,2,1,1,0,4,0
almost an year i am holding the salary account from citi bank and im not aware of the debit card offers since i dont face any issue there is no requirement of contacting the customer care its a zero fee maintenance account i never visited the branch we have an atm machine in our building but outside atms are not available that much,banking,1,1,7,0,4,0
in canara bank hidden charges are there and their net banking is always slow because the server wont work most of the times they are deducting some amount for transactions its been more than years with this savings account when i opened the account this is the only bank who offered zero balance maintenance so that i have selected this bank its easy to understand the mobile app but user interface is very slow,banking,0,1,3,1,4,0
in hdfc bank they are providing so many benefits regarding the salary account like personal loan two wheeler loan their net banking facility is so fast when i compared to other bank mobile app also working fine they are not deducting any kind of hidden charges and they are not giving any offers for debit cards for past years i have been using this account,banking,2,3,2,1,4,0
i am not doing all my transactions through bank of india its been years with this savings account there is no requirement for minimum balance also hold a visa debit card and there is no annual charges this is a domestic debit card which i can use only in india,banking,1,3,7,1,4,0
i am holding a saving account with sbi for more than years need to maintain a minimum balance of k there is some hidden charges which is high when compare to other bank i am yet to use their mobile app i use to get an alert message on time whenever i do a transaction atm charges are applicable if i do a transaction more than times in a month,banking,0,0,7,0,1,3
axis bank is doing a good service i have been holding a saving account for years first my branch was at veppery there i need to maintain a minimum balance of k which was high due to this reason i have changed my branch to nearby place with a minimum balance of rupees which am okay their net banking is user friendly to access there is some consolidated charges plus gst,banking,1,3,1,1,6,0
i have opened the savings account from state bank of mysore on years ago when i was transferring the money to other account its not getting transferred to the concern person hence net banking got locked bank people were responded very nicely its because of the non usage the account got automatically blocked,banking,1,1,13,1,4,0
i am holding a salary account with andhra bank for past years need to maintain a minimum balance of k there is no hidden charges in this account i am using net banking and mobile app both are user friendly to access there is atm charges are applicable if i do transactions more than times in a month,banking,1,3,7,1,4,0
i am holding a saving account with union bank of india it is a minimum balance to maintain of rupees there is no any charges are applicable i am using mobile app and net banking both are user friendly to access atm charges are applicable of rupees if i use more than times in a month,banking,1,3,7,1,4,0
my friend has suggested me to open a savings account from kotak mahindra bank i need to maintain a minimum balance of rs i went to the bank to open this account and they have provided me a debit card immediately bank account is safe and secure,banking,2,6,7,1,4,0
i am holding salary account with sbi more than years it is a zero balance account i never had any hidden charges i use to get alert message on time from this bank regarding transaction mobile app and net banking both are user friendly to access atm charges are applicable,banking,2,3,7,1,4,0
opened my savings account from state bank of india and i have been using this account for more than years they have more number of atms available all over the city and its a good nationalized bank so that i have chosen this bank its easy to deposit the cash through their machines when other bank does not have this many cash deposit machines,banking,2,2,7,1,4,0
its been more than years since i hold the salary account from hdfc they are not deducting any kind of hidden charges there is no additional charges for imps and rtgs charges but they will charge according mentioned on their website the website is easy to access its a zero balance account to use i usually dont call the customer care people,banking,2,3,1,1,4,0
i am holding a salary account with axis bank more than years no need to maintain a minimum balance amount i have not received any alert message yet whenever i do a transaction their service is good each and every transaction is safe and secured,banking,1,1,8,0,4,0
i am using karur vysya savings account for the past yearstheir net banking service as well as mobile banking services are very much comfortable and it is used for money transfer onlythere was no difficulties faced so far on using this account this service was quite average according to me and it is a zero balance account,banking,1,5,8,1,4,0
i am using savings account with kotak which have opened before month and their branch is available near to my home hence i have chosen this bank i am not using online service mobile application in this bank it is a zero balance account which am happy,banking,2,2,3,2,5,0
i am holding salary account with hdfc bank for more than years it is a zero balance account with no hidden charges i use to get alert message on time whenever i do a transaction atm is near but branches are far of km away from my place atm charges are applicable if i do a transaction more than times in a month i use to get offers messages from bank,banking,2,3,7,1,4,0
hdfc banking service is excellent its a zero balance account i have used the savings account for more than years when i moved to different city i closed this account their user interface is very nice the bank transaction and online banking everything was smooth they are treating the customer very nicely when i am going to the branch they are giving a proper information,banking,2,2,8,1,5,0
in karnataka bank the service is good because whenever im calling the manager he used to give a proper information if they didnt pick the call also they will give call back to the customer sometimes i face a issue while transferring the money like server issue the branch is very near to my home if i got any problem i directly go to the branch,banking,2,1,9,0,4,0
i have axis bank saving account for the past to years i am using net banking service as well as mobile banking service both are used for money transfer and also to track the transaction details if contact customer service for any query will get quick response and i am comfortable with banking service,banking,2,3,13,1,4,0
i need to get the token for investing the money in sbi and the staffs are very low in working if i deposit the money through their machine they are charging rs for every deposit even though its a central government based bank they need to improve the services in the branch the staffs are arrogant due to this im not visiting the branch nowadays i asked them to opened the zero balance account but they asked me to maintain rs from this account,banking,0,1,8,1,4,0
i opened my savings account from kotak mahindra bank earlier i faced lots of problem to get the atm card they said i can use the virtual debit card facility for providing the physical debit card they have asked me some service charges like rs they have given me a offer like if i open the account and hold the balance of rs they will provide the credit card,banking,0,1,2,0,1,3
hdfc service is good and the branch is located nearby and if i visited the branch for any kind of issue they will rectify immediately the process is very fast they are not taking any charges for any deposits i opened the account in the year of but i was doing transaction from the year of it was a zero balance account,banking,2,1,1,0,4,0
i have state bank of india salary account for the past years there are message alert for each transaction service is very good and not yet contacted customer service so farbanking service is also good and there was no difficulties faced so far i am satisfied with the overall service,banking,2,2,5,2,6,0
from the time sbi was offering a zero balance account so i have opened this account there is no need of maintaining any minimum balance i never faced any problem from this bank i have visited their branch in my home town and the response also good but the waiting time is high which can be improved,banking,2,0,8,0,4,0
i have hdfc saving account for the past years i am using net banking service as well as mobile banking service both are used for money transfer and user friendly customer service is also very good and if need to track any transaction can be taken though online this is a salary comes salary savings account no need to maintain minimum balance,banking,2,2,8,1,4,0
sbi is charging for card maintenance and sms i dont get any benefits from sbi and it is not a zero balance am maintaining rs k in branch employees are responding very good last time i went to their branch to apply the debit card manually which can be done online in case of ppf and savings only i use to call customer service,banking,1,3,7,1,4,0
i am holding a savings account with karur vysya bank for more than years there is no hidden charges in this bank need to maintain a minimum balance of k i am using mobile app and net banking both are user friendly to access atms and branches are bit far away from my place,banking,1,3,7,1,4,0
i am having a saving account with sbi for more than years this was my first account so i agreed to maintain a minimum balance of k but now it is complicated because if i not maintain the amount on monthly basis charges are applicable and it is high there is no any hidden charges,banking,1,3,3,1,4,1
i am holding a saving account with indian overseas bank for more than years there is no hidden charges it is a minimum balance account to maintain of rupees i am using mobile app and net banking both are user friendly to access it is useful for money transfer and secure for each transaction,banking,2,3,3,2,6,0
for the past years i am holding a saving account with city union bank their service is good it is a zero balance account mobile app and net banking services are good atm charges are applicable if i done a transaction more than times in a month,banking,2,2,7,1,4,0
i dont get any benefits from sbi but this is a zero balance maintenance account in branch no employees are not responding properly last time i went to their branch to apply the debit card manually even though less number of customers in the bank they took hours to provide the debit card whenever i call the call centre people not giving prompt response,banking,0,1,7,1,4,0
kotak mahindra bank service is good and the bank was located near to my native place so that i have chosen them and i already recommend this bank to some of my friends i need to maintain a minimum balance of rs but they are not taken any hidden charges as of now i went to the branch directly to open the account and they have completed the process very fast,banking,2,2,1,1,4,0
last year i have my salary account from digi and its a basic account hence i dont get any benefits from this account there is no minimum balance required internet banking facility is really good branch response was good but only one branch is available in the entire city,banking,1,5,8,1,4,0
i am holding a joint savings account with idbi bank i have been using more than years it is a zero balance account there are some charges applicable of monthly rupees if i do a transaction of to k only i get alert message from bank end,banking,1,3,3,1,4,1
i am holding a salary account with hdfc bank for more than months there is no hidden charges in this bank and no need to maintain a minimum balance account i am not using mobile app yet i use to get an alert messages from bank whenever i do a transactions their service is good,banking,2,2,3,2,6,0
i have hdfc bank saving account for more than years only i am using net banking service as well as mobile banking service both are used for money transfer and credit card bill payment according to me both the service was quite user friendly each transaction will be safe and secure always,banking,2,6,2,1,4,0
i have sbi salary account for the past years i am using net banking service as well as mobile banking service it is mostly for money transfer shopping as well as recharge customer service is also good if contact for any assistance each and every transaction is safe and secure,banking,2,2,1,1,4,0
earlier i had a salary account with hdfc once i left the company it has converted into savings account hence i need to hold a minimum amount of rs i never visited their branch so far i could find the atms in all the locations overall im happy about the services,banking,2,2,7,1,5,0
my current salary account is in standard chartered bank and im using this account for past year there is no need of maintaining any minimum balance its good to use the mobile app and net banking there is no branch available in my location and overall only one branch is there in my city which is difficult,banking,1,5,3,2,4,1
i have hdfc bank saving account for the past years i am using net banking service as well as mobile banking service both are used for money transfer and also for recharge customer service is also very good and if need to track any transaction can be taken through online,banking,2,2,1,1,4,0
recently i have opened the savings account from kotak mahindra bank the follow up was good and its a zero balance account they said i can give a call once i receive an alert message from them regarding the new account they are giving proper intimation to the customer they are handling all the customers very well,banking,2,2,8,1,4,0
i have sbi salary account which i am using for the past years i am using net banking service as well as mobile banking service its good for money transfer credit card bill payment and recharge through the app and am much comfortable i can track all the transaction through online whenever required,banking,2,2,2,1,4,0
i have sbi saving account for more than years customer service is also good and if contact for any query will be getting quick response i am using net banking service as well as mobile banking service both are very user friendly i am satisfied with the overall service so far,banking,2,2,5,2,6,0
i have state bank of india saving account for the past years there was no fraudulent transaction faced so far each transaction is safe and secured in sbi this account is very useful and as i can track the transaction through message alert,banking,2,1,12,0,2,3
i am holding savings account with kotak bank for more than years i am using net banking and it is user friendly to access this is a zero balance account i no need to maintain minimum balance i am not getting any alert messages because my mobile has stolen customer service is average and interest charges is very much higher compare with other bank and also they charging rs as a card charges after i complaint they reimbursed,banking,1,1,1,0,4,0
i have opened savings account from sbi and their service is nice i have been using for past years need to maintain a minimum balance of rs they are not taking any kind of hidden charges their online banking facility is really nice overall im quite satisfied,banking,2,2,1,1,6,0
i have sbi saving account for past years i use to get alert message for every usage each and every transaction will be safe and secured there was no difficulties faced so far banking service is very average,banking,1,5,13,1,4,0
i am holding salary account with axis bank for more than years there are many charges applicable for this account like atm and consolidated charge it is zero balance account i use to get alert message on time but when the amount credited i wont get any message from bank,banking,1,3,0,1,4,0
i have kotak mahindra bank saving account which i am using for almost month only i am using net banking service as well as mobile banking service both are used for money transfer recharge and for credit card bill payment both the service was very much comfortable,banking,2,6,2,1,4,0
i have bank of india saving account which i am using for more than years i am using net banking service as well as mobile banking service both are used for money transfer recharge and for credit card bill payment both the service was user friendly and comfortable,banking,2,6,2,1,4,0
i am holding a saving account with sbi for past years but i am not using much often this account need to maintain a minimum balance amount and there is no hidden charges i am not getting much offers from this bank,banking,1,3,1,1,4,0
i am holding savings account with axis bank for more than years i am using net banking and it is user friendly to access i use to get offers message from bank end need to maintain a minimum balance of k if not charges are applicable which was high in this bank,banking,1,3,3,1,4,1
i am holding salary account with idbi bank for more than years need to maintain a minimum balance of k one time i faced a problem when i try to do transaction amount was debited but not disbursed but refunded later,banking,1,1,8,0,4,0
i have sbi saving account for more than years customer service is also good and both net banking and mobile banking are user friendly,banking,2,2,13,1,4,0
i am using bank of india saving account for the past to years there was no drawbacks faced and all transactions are safe and secured,banking,2,6,13,1,4,0
i am having sbi saving account for the past years customer service and banking service both are average i am not comfortable with the overall banking service from their end,banking,0,1,13,1,4,0
i have bank of maharashtra salary account from the year of net banking and mobile banking are very good and customer service was good,banking,2,2,5,2,6,0
i have hdfc bank salary account which i am using for the past years i am using net banking service as well as mobile banking service it is used for credit card bill payment and money transfer i have not faced any issues so far on using this account there was no fraudulent transaction happened so far,banking,2,1,12,0,2,3
i have opened my salary account from hdfc bank and i am holding this account for last years its a zero balance account there is no extra charges for the fund transfer facility they are not giving any good offers for debit card i visited uppal and hytex city branch service was good,banking,2,1,7,1,4,0
i have been using the savings account from canara bank for more than years at earlier i have used online banking and mobile app facility both are very good i have visited their branch for dropping the money or general inquiry and the response was fine minimum balance i am maintaining rs so there is a no card charges,banking,2,2,3,2,4,0
i am holding salary account with kotak bank for more than years i am not getting any issue for account transfer and mobile banking this bank is always best no need to maintain a minimum balance on this account atm charges are rs yearly if i exceed more than transactions then charges are apply,banking,2,1,7,0,4,0
its been more than year i am having a salary account from kotak bank its a zero balance account because salary comes savings its clear to use the internet banking and mobile app there is no additional charges for other bank atm withdrawals when i visited the branch the service was good this is a domestic card,banking,2,2,7,1,4,0
i have opened the savings account with hdfc bank this is a salary cums savings account the executive came to my office to open this account there is no additional charges in this bank i use the internet banking facility this is a domestic card there is a no charges,banking,2,3,1,1,4,0
i opened salary account from oriental bank of commerce since my company is maintaining the account with them i need to hold the minimum balance of rs mobile app facility is good in the branch response was prompt i could find the atms and branches in all the places my debit card transactions are smooth,banking,2,2,7,1,4,0
almost years ago opened my savings account from corporation because its near to my home i have not faced any troubles till now they are giving the notification regarding the transaction through mail and mobile sms they have deducted debit card charges yearly once and the amount was nominal they have provided me a debit card immediately once i opened the account,banking,2,3,7,1,4,0
vijaya bank account service is okay because i am not made that much transactions i do use this account for a pension purpose i am holding the minimum balance of rs the mobile app facility is okay and i have not experienced of the internet banking i visited their branch to open this account and the response was okay the staffs are very helpful,banking,1,5,3,2,4,1
i have chosen the savings account from axis bank on years before because my friend was working in this bank hence my previous employer salary account was automatically converted into savings account i am maintaining the minimum balance of rs i had no hassles in using this account,banking,2,6,8,1,4,0
i am using my salary account from kotak mahindra bank their app is okay because i can find all options their sales executive came to my office to open this account its a zero balance account and i never gone to their branch so far there is no extra charges for other atm withdrawals,banking,2,1,7,1,4,0
i have hdfc bank salary account which i am using for the past years only i am using net banking service as well as mobile banking service both are very user friendly this service is used for neft credit card bill payment and for money transfer customer service is also good and satisfied,banking,2,2,2,1,6,0
i have union bank of india salary account for the past years each transaction details will be shared through message alert only no need to maintain any minimum balance amount on this account since salary account can be accessed zero balance customer service is pretty good and getting proper response,banking,2,2,8,1,4,0
from dbs bank i have opened my savings account because the bank was suggested by my colleagues its easy to do the fund transfer through their internet banking its a zero balance account there is no additional cost for imps and neft transactions they are maintaining the rules in a disciplinary way,banking,2,6,8,1,4,0
opened my savings account from state bank of india and i hold this account for more than years ago i faced lots of issues and everything got resolved by bank as per the rbi rules i need to maintain a minimum balance of rs i had no issue with the internet banking and mobile app facility,banking,1,1,3,0,4,1
i hold the salary account with indian bank more than year interest rate is calculated quarterly interest is too low mobile application is user friendly if server issue happen it takes at least one day to get rectified atms are very sufficient and funds are available always,banking,1,1,7,0,4,0
from my company they have provided me a salary account from indian bank i have been using the net banking facility which is good the card facilities are good but they are not providing any offers its a zero balance account there was enough number of staffs are available to provide me a proper support whenever i visit the branch,banking,2,2,8,1,4,0
i have a saving account with sbi for more than years it is a student account minimum balance want to maintain is rs there are standard charges applied in debit card the atm are very sufficient i am using net banking which is so easy for transaction,banking,1,3,7,1,4,0
there was a reason for choosing the sbi bank because its undertaken by government its a zero balance account debit card usage is good and i dont find any hassles in sbi i hold a salary account for more than years they are not taking any hidden charges if i use more than transactions from other bank atm it will be chargeable,banking,2,2,7,1,4,0
my previous employer was providing me salary account from standard chartered bank even though i have salary account they were not ready to provide the credit card once i applied also it got rejected twice when i asked the customer care they were not helpful,banking,0,1,2,1,1,2
i havent used kotak mahindra bank salary account much since i hold the account just for one month i have introduced to new bank by employer since i have changed the job its a zero balance account the executive came to my office to collect all the details i do use the internet banking and mobile app facility account opening takes a lots of time because they have a strict security protocol,banking,1,3,3,1,4,1
state bank of india debit card facility is too good i opened this account for almost years before because in my native only sbi branch was available very useful options for using the debit card in pos machine customer care facilities are also prompt in service and the staffs are very friendly,banking,2,2,7,1,4,0
since its a zero balance account from kotak mahindra bank hence no need of maintaining a minimum balance account so that i have opened the savings account through their website after that the executive visited my place to collect the documents i never done any single transaction from this account so far after week they have sent a cheque book and debit card to my residential address,banking,1,5,7,1,4,0
i have a salary account with karnataka bank they have not offered me any complimentary gift its a zero balance account i have not tried to use their net banking facility but mobile app is easy to use they are charging rs for other bank atm withdrawals they are not providing any kind of offer for debit card i have not approached their customer care till now,banking,1,5,7,1,4,0
i need to stand in the long queue in the sbi branch chosen my savings account from sbi because the bank is located near to my home in the beginning it was a zero balance account now they have changed that i need to maintain a minimum balance of rs i dont use the net banking facility of sbi staff response was average,banking,0,1,8,1,4,0
i am maintaining my salary account with hdfc and i use their services for past years there is no need of visiting the branch in hdfc since all the services are available online they are not deducting any kind of charges i do not use much of the net banking facility already im suggesting this account to my friends as well,banking,2,3,1,1,4,0
i have been using the city union bank salary account for last years i need to maintain a minimum balance of rs its really good to use their online banking facility they are not taking any kind of hidden charges response in the branch was really good,banking,2,2,1,1,4,0
i am holding the salary account with karnataka bank for the past years i am using debit card the annual charge is rs if i make more than transaction they wont charge customer service was good,banking,2,2,7,1,4,0
i have axis bank salary account for the past years i am using net banking and mobile banking service both are used for money transfer recharge and for credit card bill payment i have got the direct number of customer care i am comfortable with the service so far,banking,2,6,2,1,4,0
i have opened my savings account from state bank of india i am maintaining the account for almost years its a zero balance account i have not experienced their net banking facility and mobile app but overall im happy about the services,banking,2,2,3,2,5,0
i have opened the savings account from indian bank im not using this account much hence im holding only the required minimum balance amount in my native place i have opened this account i am not experienced of their internet banking and mobile app,banking,1,5,3,1,4,1
axis bank is charging consulting charges for the withdrawal and deposit if i do more than times in a month that too i am able to use this option with in am to pm if i do any transaction post that they are charging a money of rs excluding gst charges the reason for holding an account with this bank im receiving axis cheque from my client which will be processed in hours earlier the minimum balance charge was rs and now they have increased upto rs,banking,0,1,1,1,1,2
recently i have opened the salary account from axis bank the executive came to my office to open this account for the fund transfer there is no additional charges in axis bank they are charging rs for the sms notification charges which can be avoided since its a salary account its easy to use the internet banking facility,banking,1,3,1,1,4,0
i am holding the salary account with hdfc bank for past years i am using debit card the annual charge is rs if i make more than imps transactionthey charge around rs in atm each transactions are free in other and same bank atm further they will charge around rs,banking,1,5,7,1,4,0
i am using axis bank savings account for last years they are not taking any kind of hidden charges i need to maintain a minimum balance of rs actually my friend suggested me that bank is good compared to other private banks the employee will understand each and every need of the customer in the branch net banking facility is really good,banking,2,2,1,1,4,0
i have state bank of india saving account for the past years i am using net banking service and mobile banking service for shopping and money transfer customer service is also good and not faced any fraudulent transaction so far each and every transaction is safe and secure,banking,2,1,12,0,2,3
its been more than years since i am having a salary account from hdfc its a zero balance account its clear to use the internet banking and mobile app there is no additional charges for other bank atm withdrawals when i visited the branch the service was good,banking,2,2,7,1,4,0
i am using hdfc bank salary account for the past years i am using net banking service it is used for credit card bill payment customer service is also good and there was no difficulties faced and banking service is much comfortable there was no fraudulent transaction happened so far,banking,2,1,12,0,2,3
opened the salary account years back with axis bank the service has been really good i need to maintain a minimum balance of rs there is an additional charges for transferring the money via imps and rtgs account they are deducting the money if i withdraw the money from other atms,banking,1,3,7,1,4,0
years back i have opened the savings account from kotak mahindra bank because i have a demat account with them i need to maintain a minimum balance of rs im using their net banking facility and the options are easily understandable they dont deduct any charges even if i withdraw the money from other bank atms,banking,2,3,7,1,4,0
opened my savings account from hdfc and i have chosen this bank before years since its a private and the service will be good i need to maintain a minimum balance of rs they are not taking any kind of hidden charges branch service is good and the staffs are very kind and cooperative i can withdraw upto rs lakh on a daily basis,banking,2,2,1,1,4,0
i have vijaya bank saving account for the past years i am using mobile banking service it is used for money transfer and this is very much user friendly customer service is also good and getting good response each and every transaction will be safe and secure i am satisfied with the overall banking service,banking,2,2,5,2,6,0
holding hdfc salary account for last years but i didnt faced any single issue i have visited their branch once and the staffs are very helpful its very good to access the online banking facility its a zero balance salary account there is no requirement of contacting the customer care if i have any i directly visit their branch i wont recommend this bank for savings account because minimum balance maintenance charges very high,banking,1,1,1,0,4,0
earlier i had a savings account from sbi and i do not like their services because whenever i go to their branch for any kind of services i need to wait for a long time even their staff response was very rude i havent interacted with the call center people over the phone,banking,0,1,6,0,0,2
axis bank service is excellent the employees are very fast in service and their customer care was educative they are always ready to provide the prompt response i use their net banking which is good i dont need to wait in a long queue whenever i visit their branch since its my salary account there is no minimum balance required they are not taking any hidden charges till now,banking,2,2,1,1,5,0
i am using state bank of india saving account for more than years i am using net banking service as well as mobile banking service both are very user friendly and it is used for any payments and also for transaction it is used every transaction will be safe and secure,banking,2,6,13,1,4,0
for more than years im holding the salary account from hdfc its a hassle free account to use its a zero balance account customer care service is good the website is easy to access and i can do the transactions without any hassle they are not deducting any kind of additional charges for neft and imps transactions,banking,2,2,1,1,4,0
i have kotak mahindra bank salary account which i am using recently and their net banking service mobile banking service very much comfortable to access mostly am using this service for money transfer and overall banking service is fine,banking,2,6,13,1,4,0
i am using karur vysya bank salary account for the past years i am using net banking service as well as mobile banking service both are very much comfortable and it is used for money transfer only there was no difficulties faced so far on using this account this service was quite average according to me,banking,1,5,13,1,4,0
holding my salary account from axis bank and i use it for last years its a zero balance account i am experienced of their net banking facility and mobile app and its good i have visited their branch years back and they provided me a prompt response there is no hidden charges deducted so far,banking,2,2,3,2,6,0
i have idbi saving account for the past years i am using net banking service as well as mobile banking service both are very much user friendly and it is used mostly for money transfer recharge and for emi payments only am satisfied with the overall banking service,banking,2,2,2,1,6,0
opened my savings account years ago and i have chosen karnataka bank because the branch was near to my home hence i can access easily their response is getting delayed all the time by their customer care if i called them regarding any issues i have requested them to active the internet banking facility but they have not done the same,banking,0,0,6,0,4,0
i am using indusind salary account for last years it is a zero balance account i can select my required denomination is indusind bank atm which is very useful five transactions are free in other bank atm and can do n number of transaction in existing bank atm notification are send on time and the mobile application is very simple and user friendly,banking,2,3,7,1,4,0
using my savings account from axis bank i started using this account from the year of i have to maintain a minimum balance of rs their internet banking facility and mobile app is easy to use they are not taking any kind of hidden charges i have visited their branch regarding some issue and the same has been rectified,banking,2,1,3,0,4,0
i am holding a saving account with hdfc bank for more than years there is no hidden charges in this bank it is a minimum balance account to maintain of k i am using mobile app and net banking both are user friendly to access i use to get an alert messages from bank whenever i do a transactions acb charges are applicable if i not maintain a minimum amount in account on monthly basis charge of rupees,banking,1,3,3,1,4,1
im not using canara bank savings account much without any special reason i have chosen this bank i went to their branch to open this account and the staffs are very helpful i need to maintain a minimum balance of rs im not using the net banking facility and mobile app they are deducting the annual maintenance charges and other atm withdrawal charges,banking,1,3,7,1,4,0
i am holding saving account with bank of india in this bank mobile app and net banking are not applicable need to maintain a minimum balance of rupees atm machine is not working if i not maintain minimum balance charges are applicable of rupees,banking,0,1,7,0,1,3
just months before i opened a salary account in hdfc bank there is no hidden charges in this bank it is a zero balance account i am not using mobile app atms and branches are near to reach them directly i use to get offers message for shopping and discount will be avail up to,banking,2,3,7,1,4,0
i was holding saving account kotak bank on years before there was no any hidden charges in this account but need to maintain a minimum balance of k was very high for me on that period of time it was a huge amount so due to this reason i have closed the account on years before,banking,0,1,1,0,1,3
karnataka bank service is not up to the mark the customer service is not giving proper response it is minimum balance account to maintain of rupees so due to this reason i have closed the account it was opened on years before for savings,banking,0,1,8,0,1,3
i am holding saving account with canara bank for more than years their service is good if i contact for any query they response would be prompt need to maintain a minimum balance of rupees if not charges are applicable of rupees mobile app and net banking both are user friendly to access,banking,2,2,3,2,4,0
i have a savings account from axis bank i dont do much transaction from this bank because the process is not that much good i use this account for loan repayment purpose axis bank mobile app is not working properly because every time it makes a problem i tried to talk with axis bank customer care but they are not responding properly,banking,0,1,2,0,1,3
south indian bank account was my savings account but now salary is credited to this bank my friend have suggested me about this bank i like the mobile app since i do all the transaction with that i opened the account years back i do not use the internet banking the branch experience was good compared to other bank the charges are cheaper,banking,2,2,2,1,4,0
i have opened a saving account in bank of baroda for my personal need i am holding for more than years it is minimum balance account to maintain of rupees sms charges are available i use to get alert message on delay of hour mobile app is good to use,banking,1,0,3,0,4,1
i am holding salary account with sbi for more than years there is no hidden charges in this bank it is a zero balance account i am using mobile app and it is user friendly to access sms and alert charges are applicable in this account i use to get an alert messages from bank whenever i do a transaction atm charges are applicable if i do transaction more than times in a month,banking,1,3,7,1,4,0
using my savings account from bank of baroda and i am having this for last years im not checked about the minimum balance i have not experienced of their internet banking and mobile app i have visited the isro layout branch and they are giving a good response because the staffs are very friendly,banking,2,2,3,2,6,0
i am using hdfc bank saving account for more than yearsi am using net banking service as well as mobile banking service it is mostly used for cheque transfer and also get the updates about the transaction details customer service is also good and getting proper response,banking,2,2,13,1,4,0
from the oriental bank im holding the account for past years i didnt face any issued till now its a zero balance maintenance account since its my salary account and the executive came to my office to open this account overall the process was good and easy,banking,2,1,8,0,4,0
i have opened the savings account from state bank of india and i took the account years ago its because of the good service than any other banks so that i availed this account its good to use the internet banking and mobile app facility i need to maintain a minimum balance of rs and they are charging for other bank atm withdrawals,banking,1,5,7,1,6,0
i am holding a salary account with axis bank for the past years there is no any hidden charges are avail in this account near to my place there is only one cash deposit machine but nowadays which is out of service and earlier it was useful so i am unable to use it i am using both mobile app and net banking both are user friendly no atm charges are available,banking,1,3,7,1,4,0
i am holding a saving account with kotak bank for more than years whenever i try to withdraw some money charges are applicable and high in this bank so later i have stopped using for withdrawing the amount i am using mobile app and net banking both are user friendly it is zero balance account i get alert message as well mail whenever i do transaction,banking,1,3,3,0,4,1
i have been using the salary account from hdfc bank i went to their branch and the service has been good its a zero balance account net banking and mobile app is very useful the website is easy to understand they are deducing nominal charges for the fund transfer as per the bank policies,banking,2,2,3,2,6,0
i am using corporation bank saving account i am using net banking service as well as mobile banking service both are very user friendly each transaction will be safe and secure and there was no difficulties faced so far i am satisfied with the service,banking,2,2,5,2,6,0
i am having vijaya bank saving account this saving account is very useful i am using net banking service as well as mobile banking service both are very user friendly and customer service is also good and there was no difficulties faced so far on using this bank account,banking,2,2,13,1,4,0
i have canara bank saving account till now i am using net banking service as well as mobile banking service both are very user friendly i am using this service to check transaction details customer service is also good and there was no difficulties faced so far,banking,2,2,13,1,4,0
i have been using the salary account with bank of baroda and i am holding it for last years i am not experienced of their net banking facility but mobile banking options are easy to use im not withdrawing the money from other atm hence im not aware of the charges i am always maintaining a minimum balance of rs,banking,1,3,7,1,4,0
months before i have opened the savings account from oriental bank of commerce since the bank is nearby my place so that i have selected this bank they have sent me a debit card and cheque on time once i opened the account i have visited their branch directly to open this account the branch is not much crowded and the response is prompt,banking,2,6,7,1,4,0
last years i am using the salary account from sbi its convenient to use their internet banking and mobile app facility its a zero balance account frequently i have visited their branch and the response is good the staffs are responsive i am receiving the notification when i am doing the withdrawals and deposit,banking,2,2,3,2,6,0
i was holding karur vysya bank on years before mobile app and net banking both are user friendly to access it is need to maintain rupees and there is no hidden charges if not they will charge rupees on monthly basis which was high so due to this reason i have closed the account,banking,0,1,3,1,4,0
i am having a salary account with axis bank for more than years no need to maintain a minimum balance and some charges are applicable in this account based on transaction mobile app and net banking both are user friendly to access if i contact the customer service is taking long time to connect them around minutes which can be easy,banking,1,3,3,1,1,2
i am using state bank of india saving account for the past yearsi am using net banking service as well as mobile banking service both are much usefulthis service is very useful for money transfer and it is very user friendly i have not faced any drawbacks so far customer service was pretty good and i am satisfied with the service,banking,2,2,5,2,6,0
i am holding salary account with axis bank for more than a year there is no any hidden charges are avail since it is a salary account no need to maintain a minimum balance atm and branches are near and the services are good i use to get alert messages on time,banking,2,2,7,1,4,0
for my personal purpose i have opened a saving account with canara bank on years before need to maintain a minimum balance of rupees if i do a transactions more than times then atm charges are applicable of rupees i am using net banking and it is user friendly i use to get message if any offers avail from this bank,banking,1,3,7,1,4,0
i am holding salary account with sbi for more than years i am not getting any issue for account transfer and by their mobile banking itself can switch to easy process fpr amount transfer no need to maintain a minimum balance on this account atm charges are avail if i exceed more than transactions then charges are apply,banking,1,1,7,0,4,0
for my personal needs i have opened the saving account with hdfc bank on years before it is a minimum balance account of k i dont use much atm rather i would prefer to use online transaction if i get any offers directly i get call from bank and they will provide the details i am using mobile app and net banking both are user friendly,banking,1,3,7,1,4,0
i am holding salary account with axis bank for the past years since it is salary account no need to maintain a minimum balance account there is no any charges are avail in this account i use to get alert messages and as well mails on time whenever i do transaction no atm charges are applicable,banking,2,3,7,1,4,0
from i have been using the savings account from andhra bank because in this bank only i have started carrier earlier i have used the online banking and mobile app facility both is very good i have visited their branch for dropping the money or general enquiry and the response was fine,banking,2,2,3,2,4,0
opened my salary account from axis bank and i am holding this account for last months its a zero balance account there is no extra charges for the fund transfer facility they are not giving any good offers for debit card im not yet visited their branch,banking,1,1,7,1,4,0
in my first office they have provided me a salary account with sbi once i resigned my job i have converted my account into savings account without any charges i need to maintain a balance of rs after the conversion because earlier it was a zero balance account sbi staff response is very good,banking,2,2,1,1,4,0
i am doing all my transactions through hdfc bank its been years which is a salary cum savings account there is no requirement for minimum balance but am keeping some balance on a monthly basis the branch is near by to my residence customer service was good they have provided me an international debit card,banking,2,2,7,1,4,0
took my savings account years ago i have chosen state bank of india because its one of the best bank in india i gone to the branch and the response is really good i have not tried the net banking facility they are not deducted any kind of hidden charges in my account in a day i am able to withdraw a money upto rs from the atm under a classic account,banking,2,2,7,1,4,0
my previous savings account in canara bank and its one of the public sector bank even though the service is really good i need to hold a balance of rs years back i have started using this account i can find the atms in all the places but i do not find any offers when i do transaction i receive the notification immediately,banking,2,2,7,1,4,0
near about year i have been holding the salary account with bank of baroda its a zero balance account i have not used the internet banking facility but app is there and im using it for checking mini statement and balance enquiry i went to the branch and the response is awesome,banking,2,2,3,2,5,0
i have kotak mahindra bank saving account which i am using for the past years i am using net banking service as well as mobile banking service both are very useful and it is used for money transfer and recharge each transaction details can be tracked through online as well,banking,2,3,1,1,4,0
i have been using salary account with hdfc bank for more than years and its been very good experience this is an international debit card and i can withdraw cash every day rs k and also i am getting alert messages if i do transactions with other bank atms then they charge rs,banking,2,2,7,1,4,0
in sbi customer care they are not responding properly im getting lots of cross talk when i talk with them i am holding my savings account from sbi from the year of its a zero balance account and i have been using the net banking and mobile app facility i visited the branch month before but the staffs response is not that much prompt hence im not satisfied,banking,0,1,3,2,6,0
in sbi customer care they are not responding properly im getting lots of cross talk when i talk with them i am holding my savings account from sbi from the year of its a zero balance account and i have been using the net banking and mobile app facility i visited the branch month before but the staffs response is not that much prompt hence im not satisfied,banking,0,1,3,2,6,0
i have axis bank saving account which i am using for the past years i am getting message alert as well as email alert customer service is also good and satisfied each and every transaction will be safe and secure banking service is much comfortable and there was no difficulties faced so far,banking,2,2,5,2,6,0
i hold a salary account with canara bank for more than years i use net banking facilities which is easy and very useful for fund transferdebit card maintains charges are around rs to per year atms are very sufficient customer support is very good,banking,2,2,7,1,4,0
i am holding the savings account with indian bank for past years initially the minimum balance want to maintain as rs but now increased to rs bank executive response is good i am not using this account on a regular basis and the branch is km far from my location,banking,1,5,8,1,4,0
i have hdfc bank saving account for the past years i am using net banking service as well as mobile banking service both are very much user friendly i am using this service for money transfer each transaction will be safe and secure alwaysnow a days i am not going to bank since can track all details through online,banking,2,3,13,1,4,0
stealing money tired of calling the manager now stopped using federal bank and left it idle now using esaf and union bank really delighted with the services regarding mudra loan first of all federal is not at all supportive even if they provide mudra loan their interest rates are and union bank is only federal steals money with different terms,banking,0,1,2,0,1,3
my savings account was chosen from tamilnad mercantile bank because of the good response in the branch last months before i have availed this account i need to maintain a minimum balance of rs im using only mobile banking and its good to use,banking,2,2,8,1,4,0
i have kotak mahindra bank credit card which was taken through bank directlythis was a free card and the credit limit was really good and there are very useful cash back offers as well as reward points i have submitted the required documents for this credit cardi am comfortable on using this credit card,banking,2,2,2,1,4,0
i have state bank of india salary account for the past years i am using net banking service as well as mobile banking service it is used for money transfer and also can check the details about all the transactions customer service is also good and i am satisfied with the service so far,banking,2,2,5,2,6,0
since i am holding saving as well as salary account with indusind bank it is minimum balance account to maintain of k is high amount and if not maintenance charges are applicable of rupees on quarterly basis alert message charge is applicable of rupees atm charge is avail on annual basis of rupees i wont use the card more than times atm and branches are near around of kms i am using both mobile app and net banking,banking,1,3,7,1,4,0
i am using kotak mahindra bank saving account for the past months i am getting message alert as well as email alert for each and every transactionbanking service is also good and comfortable as well customer service is very nice and transaction will be safe and secure,banking,2,2,13,1,4,0
i hold a salary account with axis bank for past months mobile application is user friendly i use this application for fund transfer and to check the offer on my profile i get notification on time through email and messages no charges for debit card,banking,2,3,7,1,4,0
i am holding a saving and salary account with union bank of india for more than years there is no hidden charges in this bank it is a minimum balance account to maintain of rupees i am not using mobile app yet i use to get an alert messages from bank whenever i do a transaction there is no atm charges,banking,1,3,7,1,4,0
i am using hdfc saving account for the past months i am using net banking service as well as mobile banking service both are used for money transfer and checking for the account balance details customer service is also good and there was no difficulties faced so far i am completely satisfied with the banking service so far,banking,2,2,5,2,6,0
i have a saving account with sbi for more than years the minimum balance required to maintain is rs i am using debit card and atms are very sufficient mostly fund will be available if i go to bank response is very good from bank executive,banking,2,2,7,1,4,0
i have a salary account with axis bank from past years mobile application is very user friendly and i use this app mostly for fund transaction tv and mobile recharge customer support response is very good there is no hidden charges applied till now,banking,2,2,3,2,6,0
i am doing all my transactions through sbi bank its been years salary cum savings account there is no requirement for minimum balance but am keeping some balance on a monthly basis the branch is near by to my residence customer service was good,banking,2,2,8,1,4,0
i am using my personal saving account with kotak bank since months actually i am not using much i prefer to use for online transaction and shopping purpose it is a zero balance account no charges are avail in this account i use to get alert messages on time from bank for each transaction,banking,2,3,1,1,4,0
i am having my salary account with hdfc bank and i use this account for almost years its a zero balance account i use their internet banking facility and mobile app regularly i visit their branch and the response was prompt there is a additional charges for other bank fund transfer,banking,1,3,3,1,4,1
i have been using the axis bank salary account for last years i use their net banking facility very frequently i had visited their branch and the response was good i have not faced any issue from this account so far they provided me some offers in upgrading the debit card like customized cards i can control all my transaction through app,banking,2,1,7,0,4,0
i am using savings account in sbi since customer service and responsiveness are not too good need to improve in service and if i withdrawn cash from atm i am getting alert messages this is a domestic card and i am using visa card this is a not a free card annual charges rs and they charging sms quarterly rs need to change that,banking,1,3,7,1,4,0
i have hdfc bank salary account which i am using for the past year i am using net banking service as well as mobile banking service both are very much user friendly i am using this service for money transfer shopping and recharge i have not yet contacted customer service since everything was good,banking,2,2,1,1,4,0
i took my savings account from kotak mahindra bank on one year back no minimum balance is required i have chosen this bank i do use online banking facility and its good i never gone to their branch till now through online i have opened this account after a week they have sent me a cheque book and debit card,banking,2,2,7,1,4,0
since i have been working under hdfc bank the salary account was provided from the same place its a zero balance account i like the net banking and mobile facility the branch services is fine they are providing some offers for debit card,banking,2,6,7,1,4,0
i have axis bank saving account which i am using for the past to years i am using net banking service as well as mobile banking service both are very much comfortable to usei am using this service for money transfer recharge and for online shoppingcustomer service is also good and according to me the service is average,banking,2,2,1,1,4,0
i have axis bank salary account which i am using for the past years i am using net banking service as well as mobile banking service both are very user friendly and much comfortable to use i am using this service for money transfer recharge and for online shopping,banking,2,6,1,1,4,0
im having my savings account with kotak mahindra bank since its a zero balance account so that i had selected this bank on yearly once they are charging rs for the debit card once i had faced a issue like they have blocked my account due to signature mismatch once i visited their branch they said it will take one week to resolve my issue,banking,1,1,7,0,4,0
i have been holding savings account with vijaya bank for more than years actually it was my salary account from my previous company no need to maintain a minimum balance account atms and the branches are available in all the places the user interface is smooth to use,banking,2,2,7,1,4,0
my savings account with axis bank opened in the month of july its a zero balance account to use they are not providing any offers for debit cards the branch which i have opened the account i didnt visited but i have gone to the nearby branch and the response was good they are not deducting any kind of hidden charges like atm withdraws sms notification charges,banking,2,2,7,1,4,0
i have been holding the salary account with kotak mahindra bank just months before i had opened this account its a hassle free account to use its good to use their internet banking and mobile app facility i have visited their branch and the response was good totally im happy about the services,banking,2,2,3,2,5,0
i am using savings account in sbi almost years the customer service and responsiveness are good if i withdrawn cash from atm i am getting alert messages this is a domestic card and i am using visa card this is a free card no charges and there is a minimum balance i have to maintain rs,banking,2,2,7,1,4,0
i have not made any transaction so far and im not operating the syndicate bank account for a long time opened my savings account from this bank on years back the branch is located in my hometown that is the reason i have opted the account with this bank i was using an online banking facility of this bank,banking,1,5,9,1,1,2
opened my salary account from standard chartered bank from im operating this bank account its a zero balance account i have not had any problem the bank transactions are very smooth the branch experience was quite good and the staffs are helpful,banking,2,1,8,0,4,0
ready to cheat nris please open any account choose icici the best one this is the bank looks so nice but ready to loot you by just nice show ups my choice is a right one because i suffered a lot at least some one want to open a account this is not at all a great choice,banking,0,1,13,1,5,0
i am maintaining my savings account in indian bank for the past years and this is salary cums savings account till now there was no issues its a friendly bank according to my experience i am using the online service which is very good customer service was good,banking,2,1,5,0,4,0
im holding the savings account from indian bank for more than years since the branch is located nearby my home town i have selected this bank its a zero balance account i was applied for net banking facility near by branch but i didnt get prompt response so i have not tried their banking facility,banking,1,5,3,1,4,1
my savings account is in union bank of india i am using this account more than years customer service was good but processing taking very long time they need govt sign and govt support i am having domestic debit card if i withdrawn cash from atm i am getting alert message,banking,1,5,7,1,1,2
worst service i ever seen in my life from indusland bank they dont bother about the customer issue and dont maitain track of conversation long waiting in call nre service is available on nonnre timings disgusting service i ever see,banking,0,0,13,0,0,2
i have canara bank saving account for the past to months this saving account transaction details will be received through message alert only i have not undergone any difficulties so far on the usage i have not faced any fraudulent transaction and satisfied with the overall banking service,banking,2,1,12,0,2,3
i have state bank of india saving account for the past to months onlywill be getting message alert for each and every transaction there was no difficulties faced on using this account customer service was good and getting good response as wellthere was no fraudulent transaction faced so far,banking,2,1,12,0,2,3
i have opened my savings account in hdfc bank before years ago my experience is very very good and i like the customer support and responsiveness was good other things are also good in this bank i am using internet banking its very user friendly,banking,2,2,6,2,6,0
i opened the savings account from bank of india its almost years since i have been using this account its a good nationalized bank so that i have chosen i am not using their online banking facility i need to maintain a minimum balance of rs,banking,1,5,8,1,4,0
using the salary account from andhra bank and i have opened the account years back its a hassle free account to use i went to their branch for the bank statement in passbook and the response was fine they are sending the deposit and withdrawal notifications immediately,banking,2,6,9,1,4,0
i am using punjab national bank saving account for the past years i am using net banking service as well as mobile banking service both are really good i am using this service for money transfer only this service is very user friendly and customer service is also good i am really satisfied with banking service as well,banking,2,2,5,2,6,0
i have bank of maharashtra saving account for the past years there will be message alert for each transaction customer service is good and banking service is much comfortable each and every transaction will be safe and secure always there was no drawbacks faced on using this account,banking,2,2,13,1,4,0
i have taken my savings account from state bank of india more than years since their branch is available near to my home hence i have chosen it i am using their online banking facility and its good to us customer service and responsiveness was good,banking,2,2,9,2,6,0
i have saving account with sbi for past years i am using only net banking service which is mostly used for money transfer and travel ticket booking customer service is also good and there was no difficulties faced so far banking service is much comfortable and there was no difficulties faced as well,banking,2,2,13,1,4,0
i am using canara bank savings account for last one year since i like their service i have selected this bank i need to maintain a minimum balance of rs its quite comfortable to use online banking facility weekly once i have been visited their branch and the response was prompt i can access atm in all the places,banking,2,6,7,1,4,0
its been more than years since im using the salary account from canara bank i never faced any issue till now in my branch the response was good and the staffs are helpful its quite easy to use their internet banking and mobile app its easy to access their website also,banking,2,1,3,0,4,0
i have been holding an account for a saving with axis bank since years till now there was no issues salary cums savings if i withdrawn more than attempts with other atms there will be some charges i use to get an alert messages while withdrawal cash from atm i have this bank atm near to my house,banking,2,1,7,0,4,0
andhra bank account is good in the year of i took this account in my college andhra bank was available hence for the scholarship purpose i have chosen this bank its not a zero balance account hence they are deducting some amount whenever im not maintaining a minimum balance account,banking,1,5,8,1,4,0
in the month of april i have opened my salary account from axis bank they have given zero balance maintenance for the salary account i have not used the internet banking facility and mobile app one time i have visited their branch to change atm pin and the response was unhappy because they are giving important only to the person who takes the loan they are giving discounts online shopping for debit cards,banking,1,5,2,1,3,1
i have been holding savings account from state bank of india and i am using for almost years this is my first savings account only sbi is available in my surrounding that is the reason i had chosen this bank they are taking lot of amount of non balance maintenance and other hidden charges,banking,0,1,1,0,1,3
i am using sbi to hold a saving account for the past years i am not using mobile app or net banking so far this is my first account need to maintain a minimum balance of k and there is no hidden charges being a privilege customer they have not provided any loan or card offers atm and branches are near,banking,1,3,2,1,4,0
recently i have opened the savings account from hdfc bank i use this account for last months at earlier it was my salary account i have visited their branch and the response was good its good to use their net banking facility there is offers for debit card and they are not deducting any kind of hidden charges,banking,2,2,7,1,4,0
i am holding salary plus saving account with sbi for more than years it is a minimum balance account to maintain of rupees if i visit to branch for any query there is not up to the mark and no proper response no hidden charges are avail before i was using net banking due to server issue stop using it now alert message i get on delay basis there is atm charges avail of rupees if i exceed more than times in a month,banking,0,0,7,0,4,3
opened my savings account with axis bank and i have been holding this account from my company opened this account for their own transactions service is very nice i need to maintain a minimum balance of rs i have not experienced of their online banking facility,banking,2,2,8,1,4,0
hdfc bank is charging very high hence i wont recommend this account to everyone to maintain a minimum balance of rs is quite difficult for all the people in my previous company they have provided me this account as a salary account after i left the company bank has converted my account from salary account to savings account,banking,0,1,8,0,1,3
canara bank customer care service is very nice and i hold this account since i need to maintain a minimum balance of rs i have not faced any issues from this account i have not used the internet banking and mobile app when i was a student i opened this account,banking,2,1,3,0,4,0
sbi is a very good bank because it provides me a nice service and its a zero balance account hence there is no minimum balance is required i have been using this account since i have visited their branch and they are treating the customer very nicely,banking,2,2,8,1,4,0
i have been utilizing the savings account from canara bank from the year of and its my first bank account in my area this bank is available i need to maintain a minimum balance of rs they are not deducting any kind of unwanted charges they are charging rs for other bank atms withdrawals,banking,1,3,7,1,4,0
i have been using the savings account from indian bank and its because of the good service i have opened the account in the year of i have experienced of their mobile banking and there is no issue on that i am not using the internet banking facility response was good in the branch,banking,2,1,9,0,6,0
in kotak mahindra bank i have my salary account and the customer care people are much reachable more than years i am using this account its convenient to use the mobile app and net banking facility i have visited their branch and the employees are behaving very friendly,banking,2,6,3,2,6,0
i am having a salary account with bank of baroda for more than years it is a minimum balance amount to maintain of k no hidden charges are avail in this bank i am not using mobile app and net banking overall their service is good i get an alert message on time from bank for each transaction,banking,2,2,3,2,6,0
i have been maintain a saving account with karur vysya bank for more than years there is some hidden charges in this bank but no need to maintain a minimum balance amount i am using mobile app and net banking both are user friendly to access so far i have not faced any fraudulent issue by holding an account with them,banking,1,1,12,0,2,3
for more than years i am holding a saving account with sbi there is some hidden charges in this bank it is a minimum balance account of rupees i am using mobile app and it is user friendly to access i prefer to use online transaction rather visiting branch,banking,1,3,3,1,4,1
i am holding a salary account with yes bank for more than months there is no hidden charges in this bank since its salary account so no need to maintain a minimum balance amount rather visiting branch mostly i use online transaction on monthly basis some charges are applicable,banking,1,3,3,1,4,1
i have taken the savings account from oriental bank of commerce on years before there is no specific reason for selecting this bank i hold a minimum balance of rs i am not able to access atms and branches in all the places i have not tried their net banking facility till now,banking,1,5,7,1,4,0
i have opened my salary account from canara bank and i hold this from the year of bank executive came to my place to open this account its a zero balance account i am not using their online banking and mobile app facility i went to their branch for withdrawing some money and the response was fine,banking,2,6,3,1,4,0
i have opened the savings account with sbi in the year of i need to hold a minimum balance of rs in my local area sbi branch was available so that i have chosen this bank its very good to use their online banking facility sbi branch has a overcrowded one because only one branch was there for mandals,banking,1,5,8,1,4,0
andhra bank is a very good bank in providing service to the customer i need to maintain a minimum balance of rs if below maintenance of rs they are charging rs andhra bank online banking is very good to use i have visited their branch and the response was very good,banking,2,2,8,1,4,0
i am holding saving account with andhra pragathi grameena bank for more than months need to maintain a minimum balance account of rupees each and every transaction is safe and secured so far i have not faced any fraudulent issue i am using mobile app and net banking both are good,banking,2,1,12,0,2,3
i have indusind bank salary account which i am using for the past yearsi am using net banking service as well as mobile banking service both are very useful i am using these service for money transfer and rechargecustomer service is very good and banking service is also comfortable,banking,2,2,1,1,4,0
more than years i am holding account with sbi this is my first bank account they intimated to maintain minimum of k sms charges are applicable which is nominal i am using mobile app and net banking both are user friendly to access i use to get alert messages on time from bank whenever i do a transaction,banking,2,3,3,2,6,0
the customer service of axis bank is good i have been using this account for more than years it is zero balance account so no need to maintain a minimum balance amount there are some charges applicable of rupees which is nominal atm and branches are near to reach them and good service,banking,2,2,7,1,6,0
i have been holding savings account with hdfc bank for more than one year it is a minimum balance to maintain of rupees the customer care is not good response would like to suggest to improve it sms charges are avail they are deducting rupees for debit card charges on annual basis mobile app and net banking both are user friendly,banking,1,3,7,1,4,0
i have an account with sbi bank saving account more than yearsthey offered a platinum debit cardand the card has some yearly charges of rs to open an account with sbi bank needs pan card aadhar card and kyc completed by official mangers so my account activated within hours customer service was good and i am not facing any problem,banking,2,1,7,0,4,0
i am using andhra bank saving account for the past year i will be getting transaction acknowledgement through message and email alerti have not undergone any fraudulent transaction so far on the usage customer service is perfect and also satisfied with the banking service as well,banking,2,1,12,0,2,3
i am using axis bank salary account which i am using for the past years i will be getting message alert as well as email alert for all transactions if there is any banking update i use to get messages from bank if i have any query can get assistance through customer service i am satisfied with overall banking service,banking,2,2,5,2,6,0
i have indusind bank saving account which i am holding for more than a year i am using net banking service as well as mobile banking service both are user friendly and if need any clarifications can track all the transaction details through onlinecustomer service is also good and getting good response,banking,2,2,13,1,4,0
i have axis bank saving account which i am using for past years i am using net banking service as well as mobile banking service both are very comfortable if contact customer service for any help will get proper response this banking service is really good and satisfied,banking,2,2,5,2,6,0
i am holding andhra bank savings account recently i am using net banking service as well as mobile banking service both are very user friendly each and every transaction will be received through online if i need any clarification can check from our end itself i am satisfied with the service so far,banking,2,2,5,2,6,0
i have been holding axis bank salary account for the past years i am using net banking service as well as mobile banking service both are very much comfortable i am using this service for money transfer and recharge purpose are very much useful there was no fraudulent transaction happened so far,banking,2,1,12,0,2,3
i am using axis bank saving account for the past years i am using net banking service as well as mobile banking service both are very much user friendly i am using this service for money transfer and recharge purpose it is very much useful if contact customer service for any assistance it is very useful and there was no difficulties faced so far,banking,2,6,1,1,4,0
i have state bank of india salary account for the past years i am using net banking service as well as mobile banking service both are very usefuli have used for money transfer customer service is also getting good response if contact for any assistance banking service is also satisfied according to me,banking,2,2,5,2,6,0
i am using hdfc bank salary account for the past months i am using net banking service as well as mobile banking service both are much comfortable i am using this service for recharge and money transfer there was no fraudulent transaction happened while using this account,banking,2,1,12,0,2,3
i am having axis bank saving account which i am using for the past years i will be receiving message alert as well as email alert each and every transaction will be safe and there was no difficulties faced banking service is much comfortable and i am satisfied with the service so far,banking,2,2,5,2,6,0
i am using state bank of india saving account for the past to years i am using net banking service which is very useful to take bank statement this is very much user friendly if i contact for any assistance will be getting good response from customer service i am satisfied with the banking service,banking,2,2,5,2,6,0
i hold the salary account with hdfc bank for more than years i use both net banking and mobile application mobile application is easier i use to check all the transactions and available balance platinum debit card maintaining charges is rs per annum only transactions are free in atm further they charger rs even it is from same atm,banking,1,3,7,1,4,0
i have been holding an account for a saving with sbi bank since years till now there was no issues if i withdrawn more than attempt with other atm have some charges i am getting an alert messages while withdrawal cash from atm i have sbi bank atm near to my home,banking,2,1,7,0,4,0
i am having a saving account with axis bank for past years it is a minimum balance need to maintain of k on monthly basis hidden charges are applicable approximately of rupees atm charges are avail if i do a transaction of times in a month and for cash transaction also available,banking,0,1,7,0,1,3
i am holding saving account with punjab national bank for more than years banker has intimated need to maintain a minimum balance of k atm and branches are near to reach them i am using mobile app and net banking both are user friendly it is safe to maintain a account with them,banking,2,6,7,1,4,0
i have been maintain a salary account with hdfc bank for past years it is not a zero balance account need to maintain a minimum balance of k whenever i do a transaction i get alert message on time from bank end their service is good and prompt,banking,2,2,8,1,4,0
though indian bank is a nationalized if i visit branch to withdraw some money there will be no proper guidance to proceed for further and always be crowded i am holding a salary account for past years but need to maintain a minimum balance approximately of k in case if i have not use this account for months charges will applicable for that atm and branches are far away to reach net banking and mobile app is user friendly,banking,0,1,7,0,1,3
i am holding saving account with sbi for more than years need to maintain a minimum balance of k before there was chargeable applicable if do transaction with other bank of up to rupees if i have any query i use to visit branch directly one time i received a fraud call to renew the atm card they intimated that i will be getting otp number and need to share it when i checked my card till years are avail to expire so i have not spoken further and call disconnected contacted to banker they told dont share otp number,banking,1,1,12,0,2,3
i am using savings account hdfc bank since years i have selected this bank its because of the good service and i can find the atm anywhere i need not to maitain a minimum balance i am using internet banking facility they are not taking any kind of additional charges the branch experience is fine,banking,2,2,7,1,6,0
i have an account with an pnb bank for the past to years its very good and user friendly bank customer support and responsiveness is good i can withdrawn cash per day rs i am getting quick response any financial assistance has been rendered by the bank,banking,2,2,6,2,6,0
my savings account is in hdfc bank since years i am using this account customer service was good the rate of interest is very less for the loans and there is no hidden charges more over its a friendly bank according to my experience i am using this online service which is very goodno card charges and also this is a domestic debit card,banking,2,2,2,1,4,0
i am using bank of baroda saving account for the past to years onlyi am using net banking as well as mobile banking service both are very usefuli am using this service for money transfer onlycustomer service is also good and there was no difficulties faced so far on using this bank account,banking,2,2,13,1,4,0
i have hdfc bank salary account for the past years i am using net banking service as well as mobile banking service mobile banking service is not up to the mark and net banking is used for money transfer only i am satisfied with the banking service,banking,1,5,5,2,6,0
i am holding a salary account with axis bank for more than years there is some hidden charges and need to pay of rupees on monthly basis i am using mobile app and net banking both are user friendly to access atms and branches are near to reach them if i do transaction more than times in a month atm charges are applicable of rupees it is a zero balance account,banking,1,3,7,1,4,0
i have been holding an account for a saving with sbi for more than years there is no hidden charges in this bank it is a zero balance account i am not using mobile app and net banking i am not getting an alert messages from bank whenever i do a transactions atms and branches are near to reach them directly,banking,1,3,7,1,4,0
i am holding a salary account from vijaya bank for last years for my emergency purpose also they have not provided me any personal loan every months once they will change their branch manager process is very slow the service is not up to the mark i have tried their net banking user interface is slow,banking,0,1,2,1,1,2
im maintaining a savings account in hdfc bank its because of the brand value i have chosen this bank i need to hold a balance of rs whenever i do the transaction im receiving the notification immediately they are not deducting any kind of hidden charges i have visited their branch to open the account and they took days to send the cheque book and debit card to my address,banking,2,3,7,1,4,0
i have been holding a savings account with hdfc bank for more than one year in this account need to maintain a minimum balance of k but there is no any hidden charges are applicable i am using mobile app and net banking both are user friendly each and every transaction is safe and secured,banking,2,3,3,2,6,0
i am holding salary account with sbi for the past years there is some hidden charges are applicable and need to maintain a minimum balance of k atm and branches are near and their services are good i get alert messages on time whenever i do a transaction,banking,1,3,7,1,4,0
i have hdfc bank salary account which i am holding for past years mostly i utilize for net banking and mobile banking service both are very user friendly it is easy to access for money transfer and utility bill payment i am comfortable with banking service customer service is also good and getting proper response if approach them for any assistance,banking,2,2,3,2,6,0
i have been holding an account for a saving with indian bank for more than years there is no hidden charges in this bank it is a zero balance account i am using mobile application and net banking both are user friendly to access i am not getting an alert messages from bank whenever i do a transactions atms and branches are near to reach them directly,banking,1,3,7,1,4,0
i am holding hdfc bank salary account for past years i am using net banking service as well as mobile banking service both are used for shopping recharge and for money transfer the service is very user friendly customer care is also good and there was no difficulties faced by using this account,banking,2,2,1,1,4,0
i have a saving account with hdfc bank for past years net banking is user friendly i can view all the current offers on my profile i can say this is the best bank i am happy with the response from customer support i am also using the debit card,banking,2,2,7,1,5,0
i am using axis bank saving account since this is a visa debit card this is a international debit card they given a cash limit of rs and rs for shopping if i withdrawn cash from other bank more than transaction charges will come rs within axis no charges customer service was good,banking,2,2,7,1,4,0
i have been holding an account for a saving with idbi bank since till now there was no issues there is no hidden charges in this bank it is a zero balance account i am using mobile application and net banking both are user friendly to access the rate of interest is very low for the loans and there is no hidden charges,banking,2,1,2,0,4,0
i have kotak mahindra bank saving account which i am using for the past years i am using mobile banking service which is very user friendly and it is used for credit card bill payment and for recharge each and every transaction will be receiving notification through message,banking,2,6,2,1,4,0
i have opened my savings account in south india bank before years ago my experience is very good and i like the customer support and responsiveness was very good other things are also quite nominal i can withdrawn cash per day only rs,banking,2,2,6,2,6,0
i have an account with an hdfc bank for the past year its very good and user friendly bank customer support and responsiveness is very good i can withdrawn cash per day rs i am getting quick response any financial assistance has been rendered by the bank,banking,2,2,6,2,6,0
if any account to be activated in sbi they are taking around to years i have been holding the salary account last years its a zero balance maintenance account their mobile app and online banking facility is awesome when i went for the pre closure of the loan they have done within minutes,banking,1,3,2,1,5,0
i am holding a savings account with punjab national bank for more than years there is no hidden charges in this bank it is a minimum balance account to maintain of rupees i use to get an alert messages from bank and no atm charges are available whenever i do transaction,banking,2,3,7,1,4,0
for the past months i am holding a salary account with rbl bank while i am doing transactions some time i faced as unsuccessful but the amount will be refund on immediate basis to my account which i felt happy there is no any charges are avail in this account atm and branch services are good,banking,2,1,7,1,5,0
i will not recommend this indian overseas bank because for banking transactions i have to visit their branch directly and they do not have any perfect mobile app the app is very slow and the available options are very less there is no neft transaction facility but they are not deducting any kind of hidden charges,banking,0,1,3,1,4,0
they do not have any cash deposit machine in karnataka bank there is no hidden charges deducted till now i have not experienced of their app the accessibility of their atm also very less there is less mandatory minimum balance of rs which is affordable for everyone hence i have opened the savings account with this bank,banking,1,3,7,1,4,0
i am holding a saving account with federal bank they are charging rs for every transaction in mobile banking i am using this bank account for more than years atm facility is available at everywhere and their cash deposit machine is available for hours we have to maintain minimum balance of rs if not they are deducting some charges,banking,1,3,7,1,4,0
there is no mandatory balance to keep in my axis bank but the interest rate is little bit higher its been years since i hold a salary account with them the bank transactions are smooth and they are charging rs for every imps transaction i am not tried their online banking in mobile app there are many option available we can opened the fixed deposit from their app itself,banking,1,3,3,2,4,1
in axis bank every month they are charging me around rs consolidated charges when i enquired with them for the withdrawal from the other atm they are charging some amount in a month times only i can allow to withdraw the money from other bank atm i dont have to maintain any annual fee charges,banking,0,1,7,0,1,3
i have a salary account with axis bank and i hold this account for last years there is no minimum balance required i didnt use their internet banking facility and i use mobile app which is convenient to use im not sure about the additional charges deducted by this bank,banking,1,3,3,1,4,1
opened the savings account with union bank of india i have been using this account for past years i have chosen this bank without any specific reason they are not deducting any hidden charges i have not experienced of their mobile app and net banking facility i need to hold the balance of rs,banking,1,3,3,1,4,1
i am using salary account with vijaya bank for the past one year banking service is much comfortable and using mobile banking service it is very user friendly and mostly used for money transfer if contact customer service will be getting good response there was no fraudulent transaction happened so far and transaction is safe and secure,banking,2,1,12,0,2,3
i am doing all my transactions through hdfc bank its been months i am holding savings account with this bank this is a salary cum savings account so no need to maintain minimum balance the branch is kilometer from my residence and i went to the bank only to link my aadhar card and other things are done through online itself app is best thing they given biometric finger print access this helps no need to put password,banking,2,6,3,2,6,0
in sbi bank i have opened the savings account years before because the branch is located near to my home monthly i need to maintain a minimum balance of rs i am using the internet banking facility which is safe and secure to use there is no additional charges for imps and neft transactions,banking,1,3,1,1,4,0
i am using syndicate bank savings account more than years i am maintaining minimum balance of rs customer service was good atm service is near to my residence and there is no debit card charges i am getting alert messages whenever am withdrawing cash from atm,banking,2,2,7,1,4,0
i have a savings account from axis bank and their customer care service is best because no need to spend more time and its easy to connect my minimum balance amount of rs is maintained in my account till now i have not experienced of the online banking and mobile app axis bank executive came to my home and approached me to open the savings account they have provided the debit card and credit card easily,banking,2,6,2,1,4,0
chosen my savings account from punjab national bank because the branch is nearest to my home i need to hold a minimum balance of rs till now they have not deducted any kind of hidden charges i have not used their internet banking and mobile app facility i used to do a deposit through their cash deposit machine and quarterly i visit the branch for the updation of passbook and the response was really good,banking,2,2,3,2,4,0
from hdfc bank internet banking and mobile banking are very easy to access i am using this savings account more than years i am maintaining minimum balance of rs customer service and responsiveness was good and atm facility near to my residence,banking,2,2,7,1,4,0
i am using savings account with sbi more than years i am maintaining minimum balance of rs whenever i withdraw cash and doing shopping getting alert messages the rate of interest was good since this is a government organization interest rate was normal i have a domestic debit card customer service was good internet banking is easy to access in sbi,banking,2,2,7,1,4,0
years ago i have started using the salary account from oriental bank of commerce because it was given by my company its a zero balance account to use im using net banking facility and its easy to understand their mobile app is useful their branch response is good and the staffs are helpful towards the customer,banking,2,2,3,2,6,0
my savings account is with indusind bank and i am using this account more than years customer service was excellent and no need to maintain minimum balance i am getting alert messages atm facility is near to my resident and there is no debit card charges,banking,2,2,7,1,5,0
i have been using the salary account with hdfc for almost years its a zero balance account to use they are sending a monthly statement properly they have not deducted any hidden charges from my account this is recommendable bank to others,banking,2,3,1,1,4,0
i am having my salary account in sbi for the past years it is a zero balance account so far i havent faced any sms and atm charges i do get alert message from bank when i do a transaction they have not send any offers message till now the customer service is bit delay to reach out the customer,banking,1,0,7,0,4,0
i maintain my saving account with allahabad bank for the pat years it is a zero balance account i am using net banking service it is very complicate to use there is no hidden charge in this account atm and branchs are near from my place i get alert message on time whenever i do a transaction,banking,1,1,7,0,4,0
i have axis bank salary account for the past years i am using net banking service as well as mobile banking service both are very user friendly their service is friendly and using this account for money transfer and paying credit card bill payment each transaction is still active and customer service is also good and there is proper response if approach for any assistance,banking,2,2,2,1,4,0
i am using axis bank salary account for the past month only since recently opened this account i am using net banking service as well as mobile banking both are very user friendly to access each and every transaction will be very safe and secured the customer service is really good and satisfied with the service,banking,2,2,5,2,6,0
i have hdfc salary account for the past three years i am using net banking and mobile banking service both are very user friendly to access i am using mobile app for money transfer the credit card bill payment and everything was good to me so far,banking,2,2,2,1,4,0
i have selected the salary account from syndicate bank because its a government bank and the branch is located near to my home i dont need to hold any minimum balance i am not using net banking and mobile app facility no hidden charges deducted from this bank branch response was really good and the staffs are responsive and coordinate,banking,2,2,3,2,6,0
my salary account is opened from state bank of india because the branch is located to nearby place and i need to maintain a minimum balance of rs their internet banking facility is good and they do provided me a proper response when i go to their branch they have not deducted any kind of unnecessary charges,banking,2,2,1,1,4,0
i opened my savings account from kotak mahindra bank because my friend recommended me about this bank since he is working over there its a zero balance account i can withdraw upto rs from the atm per day they dont charge anything for other atm withdrawals even if i use more than times,banking,2,6,7,1,4,0
opened my salary account with hdfc and its been years ago i have selected hdfc as my salary account since no need to maintain any minimum balance its good to use their internet banking facility in the branch employees are very good and they are helping me a lot,banking,2,2,8,1,4,0
need a lot of improvement in guiding a customer they tell you can visit any branch but these people are just trying to chase me away from their branch i dont know why the hell they show ads visit any branch o customer service that female is not even listening to my issue she is just telling go to your branch where you opened your account and they charge so much for applying a new debit card i told them i lost my card and someone tried to access it i have blocked i need to replace this card but she is telling pay to get a new card or you will not get a card using this account from past years in which im using all the service such as loan credit card totally disappointed with axis bank service,banking,0,1,2,0,3,3
months ago i have taken a savings account from kotak mahindra bank for the personal savings purpose i took this account and they have provided me a zero maintenance account i opened this account through online and i have uploaded all my documents through online they have sent me a cheque book and debit card through courier,banking,2,6,7,1,4,0
my salary account was opened in south indian bank and i am holding this account for almost years its a zero balance account to use i am using their net banking facility and i have not tried their mobile app facility in the branch response was really good whenever im swiping my card getting the notification immediately,banking,2,2,3,2,6,0
i am having my saving account from sbi past years there is no hidden charges in this bank it is not a zero balance account need to maintain a minimum balance of rupees i am using mobile app and it is not user friendly to access i use to get an alert messages from bank whenever i do a transactions atm charges are applicable more than times in a month of rupees,banking,1,3,7,1,4,0
i am holding a saving cums salary account with syndicate bank for more than years there is no hidden charges in this bank it is a minimum balance need to maintain of rupees i faced lot of issues everything is lacking mobile app is not user friendly if try to download bank statement some issue will be held there was no alert msg regarding the transactions,banking,0,1,3,0,4,0
kotak mahindra bank is maintaining a good rapport with the customer i have been holding the salary account with the kotak mahindra bank for almost years its a zero balance account to use mobile app is quite good and convenient to use rarely i visited their branch and the response was quite prompt,banking,2,2,3,2,6,0
im using a central bank of india savings account for last years and i havent faced any single issue till now banking service is good rather than others i hold a minimum balance of rs i can find the atms in all the places even in small villages i used to visit the branch every three months once to know about the child scheme and the response was prompt,banking,2,1,7,0,4,0
using my salary account from federal bank for past year its a zero balance maintenance account its good to use the internet banking facility and its easy to handle the mobile app i called the customer care service to activate the mobile banking facility and they have resolved it immediately,banking,2,2,3,2,6,0
before indusind was my salary account since i changed to other company now it is converted as saving account i am holding this account for past years it is a zero balance account atm and branchs are far away to reach them i am not getting any offers message from bank end,banking,1,5,7,1,4,0
i am holding a salary account from hdfc for last months no need to maintain a minimum balance on this account there is some atm charge if i do a transaction more than times in a month then they deduct rupees atms and branch are far away from my place i am not getting any offer messages,banking,1,5,7,1,4,0
i am using canara bank savings account more than years this is a salary cums savings account need to maintain minimum balance of rs and also my name has printed on my card mob app net banking is really super customer service was good,banking,2,2,3,2,6,0
i am using andhra bank savings account more than years simply i have opened this account i am maintaining minimum balance of rs customer service was good atm facility is available near by home and charges are applicable for more than transactions,banking,1,3,7,1,4,0
years back i have chosen my salary account from sbi because my company has referred it its a zero balance maintenance account sbi app is better to use to apply for a cheque book i have visited the branch and they have given me a application to submit and the employees are very helpful,banking,2,2,3,2,4,0
my company have opened the salary account from kotak mahindra bank and i am holding this account for almost years i dont need to maintain any minimum balance i have experienced of their mobile app which is good to use response was fine in the branch and they have provided me a monthly statement when i asked them,banking,2,2,3,2,4,0
maximum for past years before i have opened the savings account from sbi bank i need to hold a balance of rs i have experienced of their net banking facility and its good to use they have taken extra charges from my account earlier for the other bank atm withdrawals they are sending the notifications whenever they withdraw the money from my account,banking,1,1,7,1,4,0
canara bank service is fine for me i have been holding this salary account for around year i need to maintain a minimum balance of rs their net banking facility is fine i went to the branch for the cash deposit and the response is good the employees are cooperative all the options are easy to handle in mobile app overall im satisfied with their services,banking,2,2,3,2,6,0
indian bank service is good i maintain a salary account for the past years i got offers direct from bank to open an account it is zero balance account many atms and branches are avail in my city i get alert message on time from banker whenever i do a transaction,banking,2,2,7,1,4,0
i am having my salary account in indian overseas bank for the past years though its salary account need to maintain a minimum balance of k if not some charge would be applicable there is hidden charges are applicable up to rupees i use to get alert message on time whenever i do a transaction i am not using net banking yet,banking,1,3,3,1,4,1
i am having a saving account with dbs bank for the past one year just i viewed in online about this bank and then i opened an account with them the process was good by to completed the full process it is zero balance account i can withdraw from other atm with free of cost the amount of k applicable for per day can be withdrawn,banking,2,2,7,1,4,0
i am holding a saving account with sbi for more than years it is a minimum balance account of k need to maintain on monthly basis there are many atms but there will be no cash or i face server down issue per day i can withdraw the amount of k i am using mobile app and net banking both are very user friendly,banking,1,1,7,0,4,0
i am using citi bank salary account for the past years i am using net banking service as well as mobile banking service i am using these service for recharge and money transfer if contact customer service will be getting good response each and every transaction will be safe and secure,banking,2,2,1,1,4,0
i have axis bank salary account which i am using for the past years i am using net banking service as well as mobile banking service both are very user friendly i am using both the service for emi payment recharge and for shopping it is used very frequently customer service was also good and getting proper response if contact for any assistance,banking,2,2,2,1,4,0
on twelve years before i have opened the savings account from canara bank i need to hold a minimum balance of rs i am using the net banking facility and mobile app its a hassle free account to use debit card charges are not applicable and i am using domestic card the customer service is good if i do more than transactions no charges but if beyond that some charges are applicable,banking,2,2,7,1,4,0
i get an offer of interest on savings account from dbs hence i have chosen this bank everything is available in online hence i can do all the updates in a faster way so i dont need to visit the branch also even though the account transaction goes up and down they wont charge me any minimum balance maintenance charges their mobile app is superb this bank is save our time,banking,2,3,3,2,6,0
for the last years im using the salary account from sbi and i have not faced any issues so far initially it was my savings account from sbi after that my salary is getting credited to this account actually my father has recommended me about this bank they have a good internet banking facility once for opening the account i went to the bank and the response is very good,banking,2,1,2,0,4,0
i have been using my savings account from andhra bank this is also a salary cums savings so its a zero balance account the customer service and responsiveness are good and i have atm facility near my home i am using net banking and mobile app both are very easy to access,banking,2,2,7,1,4,0
my salary account is maintain with sbi and its salary cums savings so need to maintain minimum balance but i am keeping this is a nationalized bank service is not that much happy but is okay they dont have sufficient staff i am using this account since my child hood more than transactions there are charging rs they should be stop,banking,0,1,3,2,5,0
i have been holding savings account with hdfc bank more than years there is no hidden charges in this bank it is a zero balance account i am using mobile app and net banking both are user friendly to access i am getting an alert messages from bank whenever i do a transactions atms and branches are near to my residence,banking,2,3,7,1,4,0
i have opened the savings account on years back and i have chosen kotak mahindra bank because their executive approached me in my office this card can be use in other bank atm also there is no charges but after months they are charging for other atm withdraw as well i complaint about the same in the call centre but there is no prompt response hence i closed the account,banking,0,1,7,0,1,3
i had a savings account from karur vysya bank several times they told me to maintain a balance of rs even though im maintaining minimum balance they are deducting lots of hidden charges by saying atm charges and others their atm will not work for most of the times but in advertisement they are saying about lots of features about this bank i have already closed this account,banking,0,1,7,0,1,3
i have taken the home loan at that time they were asked me to open a savings account from city union and this is almost customized bank i need to hold a minimum balance of rs customer service in the branch is good and the staffs are very helpful when i face any problem they will take care of it and try to sort out immediately,banking,2,1,2,0,4,0
from tamilnad mercantile bank im having a savings account for last years its easy to do the fund transfer and the banking service is transparent their atms are working properly i need to maintain a minimum balance of rs they wont deduct any kind of hidden charges its convenient to use the mobile app,banking,2,3,7,1,4,0
years ago i have opened axis bank salary account when i was working in previous company after that i have converted this account into savings i need to maintain a minimum balance of rs orelse if i do more transaction then its not required i am not using the net banking facility all the options are easy to understand,banking,1,3,8,1,4,0
i am using savings account from sbi more than years i am not maintaining minimum balance since it is a salary cums savings if i do any shopping or cash withdrawal i will be getting alert messages from bank atm facility is near to my residence and they giving good service,banking,2,2,7,1,6,0
i have been using savings account with sbi quite for a long time its a salary cum savings so no need to maintain minimum balance for cash cash withdrawal am doing shopping and getting alert messages customer service and responsiveness was good,banking,2,2,8,1,1,2
i was stayed in seraikella city for previous job at that time i opened a saving account from idbi i used this account only for months then i transferred to jumshedpur so unable to use this account there is no much branchs for this bank within minutes i opened this account their service is good need to maintain a minimum balance of rupees on monthly and now there was no requirement,banking,1,5,8,1,4,0
i maintain a salary account from sbi since there is no need to maintain a minimum balance amount there was no hidden charges but last month rupees has been deducted which i need to check atm and branchs are lot in my city i have not done much online transaction only used for ticket booking i use to get alert message on time for each transaction,banking,1,3,7,1,4,0
i have been using the salary account from central bank of india for past years since it was provided from my office i dont need to maintain any minimum balance and its good to have a net banking facility and mobile app for depositswithdrawal purpose i have visited their branch and the response was good also the staffs are very helpful,banking,2,2,3,2,6,0
i have been using savings account with sbi quite for a long time which is salary comes savings so no need to maintain minimum balance whenever i do cash withdrawal shopping have been receiving alert message customer service and responsiveness was good,banking,2,2,8,1,1,2
i have been using salary account with indian bank since and its been very good experience they are giving interest rate for savings account and its okay im not using mobile banking for checking balance and to do transaction they given a very good service,banking,2,2,10,1,6,0
from central bank of india i am using savings account for more than years this is a zero balance account and there is a debit card charges of rupees customer service was good and only few atm is available i am getting alert messages whenever i do cash withdrawal,banking,1,3,7,1,4,0
i have been using axis bank saving account for a long time and this was my previous company salary account still i am maintaining this account has a zero balance whenever i do cash withdrawal and shopping will be getting alert messages customer service and responsiveness was good,banking,2,2,8,1,1,2
from andhra bank i have a savings account which have opened recently this is a salary cums savings so no need to maintain minimum balance when ever i do shopping or swiping receiving alert messages from this bank atm facility is very near to my residence customer service need to be improved,banking,1,3,7,1,4,0
currently im holding a salary account from axis bank which i am operating from the year of its mandatory to maintain a minimum balance of rs when i visited their branch the response is good and the staffs are very helpful the branch is not that much crowded and hardly i need to wait only for minutes,banking,2,2,8,1,4,0
in my office location and home location only hdfc branch was available thats the reason i have selected the savings account from hdfc bank in my family also most of the people are holding account from this bank i need to hold a minimum balance of rs internet banking facility is really good im getting otp immediately whenever i do the online transaction,banking,2,2,8,1,4,0
i am using savings account from hdfc bank more than years this is salary cums savings so no need to maintain minimum balance if i do shopping or cash withdrawal i am getting alert message customer service was good and i got international debit card,banking,2,2,7,1,4,0
years before i have opened the savings account from corporation bank because all my family members are having a account with the same bank so they have recommended me i need to hold a minimum balance of rs i have not used the net banking facility and mobile app its a hassle free account to use,banking,1,6,3,1,4,1
its been years i am holding my salary account from bank of baroda i dont need to maintain any minimum balance their net banking facility is average i am not using the mobile app i have not gone to their branch till now i am getting the sms immediately whenever i do the transaction in my account,banking,1,5,3,1,4,1
i am using andhra bank savings account more than years i have opened this account in my native so i am maintaining rs as a minimum balance if i withdrawal cash more than times it will get charge but i never exceed customer service was not good need to improve a lot and about technical support they are also not good,banking,0,1,1,1,1,2
in the year of i have opened the salary account from united bank of india since the branch is located opposite to my office its a zero balance account to use i am not using the internet banking and mobile app facility they dont deduct any hidden charges from my account,banking,2,3,3,2,6,0
i have being using axis bank saving account for more than three years i have to maintain a minimum balance of rs when ever i do cash withdrawal and shopping i will be getting alert messages customer service and responsiveness was good,banking,2,2,8,1,4,0
i have an axis asap account it was blocked on due to multiple transactions which were between my other bank accounts no nd party was involved kyc has been updated i visited the home branch a no of times wrote a no of applications but no one is ready to help me out its been a long time but the bank isnt showing any effort from its side i didnt even receive a prior notice from the bank its very disappointing,banking,0,1,3,1,1,2
i am holding savings account with karnataka bank for a long time no need to maintain any minimum balance i am getting alert messages when ever i withdraw money atm facility is very near to my home customer service and responsiveness was good,banking,2,2,7,1,1,2
using my state bank of india savings account for more than years in the account i need to maintain a minimum balance of rs i have visited their branch to open this account and the branch response was really good they have a good internet banking facility,banking,2,2,8,1,4,0
i have been using kotak mahindra bank salary account for last year i have not faced any issue from this account till now so that i have not gone to their branch so far its a zero balance account their customer care service is not upto the mark because i have sent a mail to them but i didnt received any reply from them,banking,1,1,8,0,4,0
i am using axis bank savings account more than years i have to maintain minimum balance of rs and i have atm facility very near to my home when ever i do cash withdrawal i will be getting an alert message customer service and response was good,banking,2,2,7,1,4,0
my company has provided me a salary account from axis bank i need to maintain a minimum balance of rs which is not mandatory anyway im maintaining it its good to use the internet banking facility and the web access is very fast i didnt visited their branch since i have not faced any problem from this account,banking,2,1,8,0,4,0
sbi is providing better services and they are not charging any high amount fee for not maintaining a minimum balance amount into account they are providing better services when i went to the branch for money related issue hence i am having this account from its excellent to use the net banking facility,banking,2,1,1,0,5,0
i am holding salary account from hdfc for the past years it is a zero balance account there is sms charge is applicable of months once for rupees atm charges are also applicable if i do transaction from other bank atm more than times in a month charges are applicable of rupees atm and branches are near from my place,banking,1,3,7,1,4,0
i have hdfc bank saving account for the past years only i am using both net banking as well as mobile banking service which is very useful to track all transaction details banking service is much comfortable and transaction will be very safe and not yet faced any fraudulent transaction,banking,2,1,12,0,2,3
i have sbi salary account which is very user friendly each transaction will be very safe and secured on banking service i am using net banking service as well as mobile banking these services are mostly used for money transfer and for recharge the customer service is also good and getting good response if approach for any assistance,banking,2,2,3,2,6,0
in my city there are many atms and branches are available so last years back i have opened my saving account with central bank of india the process was done on time to open an account there is minimum balance to maintain of rupees but i havent faced any additional charge net banking and mobile app both are user friendly to access,banking,2,3,7,1,4,0
i am having a saving account with south indian bank on last years but i no need to maintain a minimum amount on monthly basis in this account i am using net banking and mobile app both are user friendly to access atm and branches services are good so far i havent faced any additional charge,banking,2,2,7,1,4,0
i am holding a salary account with sbi past years there is no hidden charges in this bank but need to maintain a minimum balance amount of rupees i am using mobile app and it is user friendly to access i use to get an alert messages from bank whenever i do a transactions sms charges are applicable on yearly once of rupees mostly i use for online transaction,banking,1,3,3,1,4,1
for my personal need i have opened a saving account with union bank of india on years ago no need to maintain a minimum balance amount and no hidden charges are applicable so far their service is fine in my city there are atms and branches are near from my place,banking,2,3,7,1,4,0
i am holding axis saving account for more than years the amount for consolidation charges are very high on monthly basis charge is applicable up to rupees so i raised a complaint on it i need to do atm transaction less than times in a month and i can transact the amount of l in a month i had applied debit card received after months because there was no card available in bank so they took long time to dispatch it it is a zero balance account there is sms charge on quarterly basis of rupees,banking,0,1,7,0,1,3
i am using sbi salary account for the past years all transaction details will be getting through message alert only there was no fraudulent transaction happend so far if need any transaction details then can track through message every tansaction will be safe and banking service was pretty good and comfortable,banking,2,1,12,0,2,3
i am using canara bank savings account for more than months every day i can withdraw cash from atm upto rs and i am not getting any alert msg from the bank also i linked this account online like google pay and more for an easy payment i spoke to bank executive directly it was not good need to improve in service,banking,1,5,7,1,4,0
allahabad has provided me an option to open a saving account with them which i am holding it for the past years in this account no need to maintain a minimum balance amount whenever i do a transaction i dont get alert message on time atms and branchs are far away to reach them,banking,1,1,7,0,4,0
i am having my salary account with hdfc bank for the past years though its salary account i need to maintain a minimum balance of k on monthly if not maintain charges are nominal i am not getting any alert message atm and branchs are far away from my place there are sms and atm charges,banking,0,1,7,0,1,3
i am holding a savings account with hdfc bank for more than years there is no hidden charges in this bank it is a zero balance account i am using mobile app and it is user friendly to access atm and branchs are near mobile app and net banking both are user friendly,banking,2,3,7,1,4,0
i am holding a savings with salary account with kotak mahindra bank for more than years there is no hidden charges in this bank it is a zero balance account i am using mobile app and it is user friendly to access atm and branchs are near mobile app and net banking both are user friendly,banking,2,3,7,1,4,0
i have been using savings account with axis bank more than years this is salary cums savings so no need to maintain minimum balance app is very easy to access and atm service are very near to my residence customer service and responsiveness was good,banking,2,2,7,1,4,0
since the branch was located nearby my office so that i have opened the savings account from city union bank im not aware of the minimum balance maintenance im using their net banking facility and its easy to access they dont deduct any hidden charges but some charges are applied for other bank atm withdrawals,banking,1,3,7,1,4,0
i have opened the salary account months before but only one month my salary got credited in hdfc for the banking transaction hdfc service is good and most of the staffs are having their salary account in hdfc so that i have selected the same i dont need to maintain any minimum balance net banking facility is okay once the password got expired hence i have visited their branch and the response was okay,banking,2,2,2,1,4,0
opened my salary account from canara bank and it almost years since i am using this account without facing any single issue i need to maintain a minimum balance of rs their online banking facility is good and i could find all the option in mobile app i have visited their branch for a passbook entry and dropping a cheque anyway the response was good,banking,2,1,3,0,4,0
when i joined my work they have provided a salary account from karnataka bank from that date to till now im holding this account only im using the internet banking facility and its average to use the branch is located nearby my location and the staff response is good,banking,1,3,9,2,4,1
from past years i have been using my salary account from hdfc bank its a zero balance account i never visited their branch till now in online i applied the passbook cheque book debit card when i lost it and received these things on time there is no additional charges for imps and neft transaction they are giving some offers for hdfc debit card also,banking,2,3,7,1,4,0
everything is fine with sbi salary account but i dont get the proper response in the branch when i call to the branch number no one is ready to pick up the call if they answered also they will respond in staggered manner this has to be improved i hold this sbi salary account for almost years i need to maintain a minimum balance of rs k earlier converted from savings account to salary account,banking,0,1,8,1,4,0
i have been using saving account from axis bank for the past years i have visited to bank and opened an account for myself need to maintain a minimum amount of k which is high hidden charges are applicable on monthly like around rupees which is very high atm and branchs are far away from my place mobile app is not working atm charge is applicable for rupees if i do transactions more than times in a month sms charge applicable on quarterly basis of rupees these all charges can be neglected,banking,0,1,7,0,1,3
i am holding a salary account from canara bank for past years though its salary account need to maintain minimum amount of rupees if not maintain charges are applicable for rupees hidden charges also applicable of rupees atm and branchs are near from my place in this bank there is bounce charge and if i use the debit card in other atm for cash withdraw charges are applicable,banking,0,1,7,0,1,3
i have opened an account for a saving purpose from hdfc bank on months back need to maintain minimum balance amount of k which is high if not they are charging rupees that is high from this bank also they do charge for debit card transactions atm charges are applicable for this account,banking,0,1,7,0,1,3
i am holding a savings account with city union bank for more than years there is no hidden charges in this bank but need to maintain a minimum balance of k i am using mobile app and it is user friendly to access i use to get an alert messages from bank whenever i do a transactions there is some atm charges are available,banking,1,3,7,1,4,0
i maintain my salary account with indian bank for the past years i use this account regularly but i am not satisfied with customer service whenever i try to contact them there is no proper response need to maintain a minimum balance of rupees atm charges are applicable i use to face some transaction and sever issue,banking,0,1,7,0,6,3
i am holding saving account from sbi for past years on school day itself i opened an account need to maintain a minimum amount of rupees if i done transaction on monthly some charges are applicable of rupees mainly i use for mobile app and net banking both are user friendly,banking,1,3,3,1,4,1
i am holding a savings and salary account with union bank for more than years there is no hidden charges in this bank it is a zero balance account i am using mobile app and it is user friendly to access atm and branchs are near mobile app and net banking both are user friendly,banking,2,3,7,1,4,0
in saraswat cooperative bank my company is maintaining all the transaction so that they have provided me a salary account in the same bank its a zero balance account they have all the option in their net banking facility and its easy to access the mobile app i can access the atm in all the places they are not taking any hidden charges,banking,2,3,7,1,4,0
i have to maintain a minimum balance of rupees in union bank of india even there is no charges for nonmaintenance i having this account for the past years mobile app and net banking both are user friendly to access i think atm charges are applicable,banking,1,3,7,1,4,0
i maintain a saving account with south indian bank for my personal use i have been holding account more than years there is no need to maintain a minimum balance so far i havent faced any issue atm and branch services are good i am using mobile app which is user friendly to access,banking,2,1,7,0,4,0
i am holding a salary account from canara bank for more than years there is no hidden charges in this bank and no need to maintain a minimum balance i am using mobile app and net banking both are user friendly to access i use to get an alert messages from bank whenever i do a transactions,banking,2,3,3,2,6,0
i am using standard chartered savings account more than year this is salary comes savings no need to maintain minimum balance every day i can withdrawal cash upto rs and i will receive alert msg from the bank also i linked this account online like google pay and more for an easy payment i spoke to bank executive directly it was good,banking,2,2,8,1,4,0
from i have been using the salary account from idbi bank and the banking service is good i went to their branch and the response was good staffs are very helpful its a zero balance account to use totally im quite satisfied with their services they are sending the notifications immediately whenever i do the transaction,banking,2,2,8,1,6,0
past years i have been using the salary account from indusind bank its a zero balance account their net banking facility is good but im unable to open the app because most of the times its getting hanging i never visited their branch for any kind of request and there were no offers for debit cards,banking,1,5,7,1,4,0
i am having saving account with kotak bank for more than a year even though its a saving account there is no need to maintain a minimum balance i have opened this account through online and executive came to home to complete kyc process which is done on time atm charges are applicable of plus gst per year,banking,1,3,7,1,4,0
when i was working in previous company at that time i have opened salary account from bank of baroda now i moved to other company hence this account has been converted to saving account i am holding this account for past years it is a zero balance account they are detecting rupees for message alert on yearly basis,banking,1,3,8,1,4,0
more than years i have been holding the salary account from sbi i dont use mobile app but net banking facilities are used for emergency purpose i used to visit their branch on a regular basis and the response was not that much prompt they need to upgrade with the new features and the staff behavior must be changed,banking,0,1,3,1,4,0
i am holding a salary account from kotak bank for more than a year no need a maintain minimum amount on monthly basis there are many branchs available in my city when compared to others mobile app is user friendly to access whenever contact their service they were responsive,banking,2,3,3,2,6,0
earlier i was having a salary account from axis bank when i left the company they have converted my salary account into savings account there is no proper customer support in axis bank and they charged me lots of hidden charges im not maintaining any minimum balance i have given the request to close this account but they didnt do it,banking,0,1,1,0,1,3
sbi is providing a full support for my savings account its easy to connect with the call centre people in the year of i have opened the savings account from sbi because of the good services i need to hold a minimum balance of rs k their internet banking services are really fine,banking,2,2,8,1,6,0
i am using saving account from uco bank for the past years need to maintain a minimum balance of rupees on monthly basis they are deducting rupees in the name of central government scheme from my account which i need to check i am using mobile app and net banking but net banking service is not good and i faced an issue on every day of after pm,banking,0,1,3,0,4,0
i am holding a salary account from axis bank for more than years there is no hidden charges in this bank it is a zero balance account i am using mobile app and it is user friendly to access i use to get an alert messages from bank whenever i do a transactions there is some atm charges are applicable,banking,1,3,7,1,4,0
i maintain my saving account with dbs bank for the past years there is more facility and every transaction charges are low but in other bank charges are applicable it is a zero balance account and no hidden charges for this bank there is only one branch available in my city mobile app and net banking both are user friendly to access some time i faced server down issue and i will get intimation from bank through message,banking,1,1,3,0,4,1
i have been holding an account for a saving with sbi for long times there is no hidden charges in this bank it is a zero balance account i am not using mobile app and net banking both are user friendly to access i am getting an alert messages from bank whenever i do a transactions atms and branches are near to reach them directly,banking,2,3,7,1,1,2
i do have a saving account with city union bank more than years this is a salary cum savings so no need to maintain minimum balance but i use to maintain some amount the saving account was linked with paytm and its very good application i got a debit card and they are charging rupees annually,banking,1,3,7,1,4,0
i have salary account with hdfc bank for more than years i use to get many offer messages for loans and card from bank end it is a zero balance account there is no hidden charges applicable but i faced only atm charges are applicable of rupees if i do a transaction more than times in a month atm and branches are near i am using net banking and it is user friendly to access,banking,1,3,2,1,4,0
my savings account is with citi bank and i am using this account more than months no need to maintain minimum balance since this is a salary cums savings customer service was good and i am getting alert messages for cash withdrawal atm service are very less but i have bank atm at office,banking,2,2,7,1,4,0
i maintain salary come saving account with karnataka bank for the past years it is a minimum account balance of k some time i maintain up to k charges are nominal there is no hidden charges atm and branches are near from my place atm charges are applicable of rupees if i do transaction more than times,banking,1,3,7,1,4,0
i have been using hdfc salary account for last years its a zero balance maintenance account its convenient to use the net banking facility without facing any hassle branch is located to nearby my place and the response was okay because when i have given the request to change the address they are not providing proper response,banking,1,3,8,1,4,0
when i was working in my previous company so i have opened a salary account from state bank of india though i need to maintain a minimum balance of rs im not using this account much but still its active to use this account for third party app and now this is my secondary account bank staff response is prompt overall im happy about their service,banking,2,2,3,2,5,0
i am holding my salary account from axis bank almost years ago i have opened this account through online once i done i do not have much knowledge about banking services its a zero balance account hence i never maintained any minimum balance their website is easy to understand,banking,2,6,8,1,4,0
i am using the savings account from indusind bank from one of the staff is friend of mine and he asked me to open this account there is no minimum balance required its fine to use an internet banking and mobile app facility staffs are very responsive and helpful in the branch almost i can find the atm facility in all the places,banking,2,2,7,1,4,0
i have opened the salary account from allahabad bank for past november because the branch is located next building of my office i went to their branch to open this account and the branch response was fine i have to hold a minimum balance of rs for availing a cheque facility they are not taking any kind of hidden charges staffs are very less in the branch which can be improved on it always the queue will be long in this bank,banking,1,1,1,0,4,0
i am using hdfc bank salary account which i am using for the past year i am using net banking service as well as mobile banking service both are very user friendly both the service is used for money transfer and emi each transaction is safe and very secure banking service is much comfortable to me,banking,2,6,2,1,4,0
its been a year since im having a salary account from kotak mahindra bank i dont need to maintain any minimum balance im using mobile app which is good to use i havent experienced of the internet banking i havent visited any of the branch of kotak mahindra bank im getting a immediate notifications whenever i swipe the card in pos machines,banking,2,2,3,2,6,0
its been last years i am having a salary account from hdfc bank i dont need to hold any minimum balance i dont access their net banking facility and mobile application once i went to the branch for a verification purpose and the reply was prompt i can withdraw upto rs from my atm,banking,2,3,7,1,4,0
from sbi i have been using savings account for a quite long time i am maintaining some minimum balance and also they given a domestic debit card customer service and responsiveness was good i am getting alert messages when ever i do transaction,banking,2,2,7,1,1,2
for past years i have been holding the salary account from hdfc bank and its a zero balance account also it is good to access their internet banking and mobile app facility i have visited their branch to avail a personal loan and the response was not good in my home town because the executives are very clumsy and they take too much of time and not responsive there is no proper follow up also,banking,0,1,2,1,1,2
i took my savings account from state bank of india in the year of i have opened this account because sbi is having a lots of atm in all over india and good service i dont use their internet banking facility and mobile app facility because of the fraudulent activity in the market branch response was upto the mark,banking,2,1,12,0,2,3
more than years ago i have opened the savings account from mercantile bank since the branch is available in walkable distance i have selected this bank i need to hold a minimum balance of rs they are not taking any kind of extra charges i am not using this account online banking and mobile app,banking,1,1,3,1,4,1
opened my salary account with sbi in the year of i dont need to maintain any minimum balance in this account i am using the internet banking and yono app both is good to use monthly once i used to visit the branch for passbook entry and the response was not good because they wont give any response immediately and process will get delayed,banking,0,0,3,0,4,0
i havent faced any issue with citi bank salary account even there is no unnecessary promotional calls also in my previous company they have provided me a salary account from citi bank it was a zero balance account its absolutely fine with the internet banking hence its easy to do the transaction their app also very user friendly to use,banking,2,1,3,0,4,0
im getting on time response from hdfc when i enquire about some request if they provide me crisp and clear information to the customer it would be fine sometimes i am getting so many calls from the promotional team people i am using hdfc salary account from past months,banking,1,3,11,1,4,0
its almost more than years i have been using this salary account from hdfc i have visited the branch and the staffs are very much helpful they have allocated separate relationship manager for me hence i dont need to connect with the call centre people i can use the other bank atm multiple times without having any additional charges,banking,2,2,7,1,1,2
opened my salary account with hdfc last years back its a zero balance account and their internet banking facility is easy to handle they are not taking me any extra charges from my account there is no limit for withdrawing the money from atm i never gone to their branch for any kind of request or complaints,banking,2,1,7,0,4,0
taken my savings account from sbi which is a salary cums savings no need to maintain minimum balance i opened this account years ago and the branch is available near to my home i am using their online banking facility and its good to use service was okay,banking,2,2,8,1,4,0
i have been using savings account with sbi for more than years and its been very good experience they are giving moderate interest rate for savings account and its okay im using mobile banking for checking balance and to do transactions their app is easy to access,banking,2,2,3,2,4,0
my savings account is with hdfc bank i am maintaining minimum balance of rs k atm facilities are more cash withdrawal shopping and all i am getting alert messages customer service was good and there is a yearly charges for debit card is rs,banking,1,3,7,1,4,0
i have been using hdfc savings account more than years rate of interest was very higher im using mobile banking for checking balance and to do transactions their app is easy to access some time its getting error customer service was okay,banking,1,1,3,0,4,1
my savings account with dbs bank and i am using this account more than years i am maintaining minimum balance of rs and also i am getting alert message immediately for card swipe and cash withdrawal they are very helpful and the customer service is good i am using this card more than years and this is a international debit card,banking,2,2,7,1,4,0
bank of baroda has given an opportunity to open account for savings and i am having account with them for the past years it is a minimum balance of k i felt some hidden charge are applicable and they detect amount of rupees on monthly basis,banking,0,1,3,1,4,0
i maintain a saving account with sbi for more than years in this account need to maintain a minimum balance of k if not some charges are applicable i am using mobile app and net banking both are user friendly to access i get credit card and loan offer messages,banking,1,3,2,1,4,0
i have been maintaining my savings account with axis bank for more than years actually i opened zero balance account there is no need to maintain a minimum balance but atm and branchs are near from my place mobile app and net banking are user friendly to access,banking,2,6,7,1,4,0
i have been holding an account for a saving with sbi for more than years there is no hidden charges in this bank and i have to maintain a minimum balance i am using mobile app and net banking both are user friendly to access i am getting an alert messages immediately from bank whenever i do a transactions and this is the best bank,banking,2,3,3,2,6,0
my savings account was opened in karur vysya bank actually it was my previous company salary account which i have converted into savings account its a zero balance account and im holding this account for almost years internet banking facility is good im getting proper response in the branch,banking,2,2,8,1,4,0
since sbi is government bank now days they executed some rules to maintain a minimum balance of k in saving account i have been using this account for the past years charges are nominal i use to get offer messages of credit card and loan as well but they wont provide a life time free card all will be chargeable so i wont prefer this one,banking,1,3,2,1,4,0
my saving account in axis bank which i am holding for past years in this bank i need to maintain a minimum amount of k generally the amount will be high for the account maintenance in private sector meanwhile they have provided more facility as well there is no hidden charges i use to get only credit card offer message not for loan,banking,1,3,2,1,4,0
i use to maintain my salary in bank of baroda for the past years so far i havent faced any atm charge in this bank account whenever i do a transaction i get alert message on time since its salary account and didnt have much interaction so i wont recommend to others,banking,1,5,7,1,4,0
indusind bank service is very good thats the reason i have taken the savings account with them i need to maintain a minimum balance of rs its very easy to access the internet banking and mobile app facility i went to their branch to open this account and the response was great because the employees are very helpful,banking,2,2,3,2,5,0
i am having saving account with city union bank last months only since they have opened new branch near to my office so i have opened savings account for myself there is no requirement for a minimum amount nowadays all banks are become very competitive so their service is prompt and quick response,banking,2,6,9,2,6,0
i have been holding a saving account from lakshmi vilas bank for past years there is no requirement from bank to maintain a minimum balance but i use to maintain amount in my account on yearly there will be tax charges in this account but i am not aware about the amount there is no much atm services are avail in my city,banking,1,3,7,1,4,0
i have been using my saving account with pnb for more than years their employees are not good there will be no response from their end when i reach their branch since they have opened new branch to near my home so i had opened an account in this bank they use to charge of rupees for each transaction,banking,0,1,1,1,1,2
i maintain my salary account with hdfc for the past years so no need to hold minimum balance on monthly basis so far there is no hidden charges atm and branch services are good i get alert message on time for my each transaction there is no any additional charge in this bank,banking,2,2,7,1,4,0
vijaya bank has provided a saving account but need to maintain a minimum balance of rupees i am holding this account for the past years their service is good to open an account there is documents charge of rupees one thing its very rare to find this bank atm in my city so i use to do transaction from other bank if i apply for debit card which i will get on time from their end,banking,1,3,7,1,4,0
i am holding a saving account in sbi for more than years i never faced hidden charges for these many years i need to maintain a minimum balance of rupees whenever i visit branch always it will be crowded but the response part was good from their end i am using mobile app which is user friendly to access due to debit card issue i raised to bank and reapplied the card took almost days to receive the card,banking,1,1,7,0,4,0
my savings account is with indusind bank no need to maintain minimum balance because this is salary cums savings their application is a user friendly also mobile banking and internet banking was good mostly i use this card for cash withdrawal and for shopping i am getting alert message whenever i swipe my card,banking,2,2,3,2,6,0
i have opened my savings account with andhra bank before years my experience is very very good and i like the customer support other things are also good i need to maintain a minimum balance of rs i took domestic debit card and also there is a charges for this card,banking,1,3,7,1,4,0
pathetic service by idbi bank bank have recently open my salary account but bank forgot to register net banking facility which is very common and i mark yes in form during paper formalities second if you tray to transfer money by google pay its not possible because india country code is and bank have manction big great staff after all this mess if you call customer care they dont have rights to do any thing and the dont have technical knowledge to understand problem so as a suggestion dont open account in idbi bank because other bank have better service,banking,0,1,6,0,0,2
due to my personal need i have opened a saving account with andhra bank before years ago which am holding it as a zero balance account i am not using their mobile app and the branchs are far away but in my home town its near from my place since i wont visit home town frequently there was no proper communication,banking,1,5,3,1,4,1
i am holding a salary account with sbi more than years there is no hidden charges in this bank though its salary account but need to maintain a minimum of k on monthly basis i am using mobile app and net banking both are user friendly to access i use to get an alert messages from bank whenever i do a transactions the drawback is charges are applicable for sms and every transaction,banking,1,3,3,1,4,1
i have been maintaining my salary account with axis bank for more than years there is no need to maintain a minimum balance but certain hidden charge are applicable in this account atm and branchs are near from my place mobile app and net banking are user friendly to access,banking,1,5,7,1,4,0
i am using hdfc bank saving account for the past years i am using net banking service as well as mobile banking service both are very user friendly and i am using these service for paying credit card bill payment as well as money transfer overall am satisfied with the service,banking,2,2,2,1,6,0
i am holding a salary account in citi for more than years there is no hidden charges in this bank it is a zero balance account i am using mobile app and net banking both are user friendly to access i use to get an alert messages from bank whenever i do a transactions atms and branchs services are good,banking,2,2,7,1,4,0
i have been holding an account for a saving with sbi for more than years there is no hidden charges in this bank and i have to maintain a minimum balance i am using mobile app and net banking both are user friendly to access i am getting an alert messages from bank whenever i do a transactions,banking,2,3,3,2,6,0
i am using hdfc bank savings account this is a salary cums savings so no need to maintain minimum balance whenever i do cash withdrawal am getting alert messages mobile application and internet banking was good customer service was fine,banking,2,2,3,2,4,0
my salary account is maintained in hdfc bank for the past years i use to get offer message from this bank for both loan and credit card no need to maintain a minimum balance also there is no atm charge in this bank i use to get offers message for other products as well overall its good service,banking,2,2,2,1,6,0
i am having a saving account with sbi for more than years need to maintain a minimum balance of k i use to get alert message on time whenever i do a transaction there is atm charges on monthly basis so far no issue by holding an account with this bank,banking,1,1,7,0,4,0
i have salary account with oriental bank of commerce i am using this account for the past years i am using net banking service which is very useful to track account status each transaction will be safe always and not faced any fraudulent transaction everything was good to me so far,banking,2,1,12,0,2,3
i had opened a saving account with canara bank for my personal need but in my home town there is only one atm machine is available and the customer support is not good response due to this reason i am not using much and also i am not getting any offers generally i use to maintain rupees in my account,banking,0,1,7,1,1,2
i am using central bank of india salary account for the past to years i am using net banking service which i used for money transfer if have any query and contact customer service then will be getting good response all transaction will be safe and secure i am satisfied wit the overall banking service,banking,2,2,5,2,6,0
excellent service cooperative staff with good guidance,banking,2,2,5,2,5,0
harshit sir i talked to harshit sir and his behaviour is very good he solved my due charges problem otherwise i was suffering in tension the staff of idfc bank is very supportive and app is easy to use once again thank you harshit sir,banking,2,1,3,0,6,0
idfc bank app is very good and services also,banking,2,2,3,2,6,0
this compliment is about mr hiren patel who looks after credit card business in vadodara and is based at old padra road branch he has been exceptional in his response and speed very professional and solution oriented i needed my credit card within working days and he went above and beyond to make it happen there were some outlier requirements for the delivery and he made sure it happened without bothering me highly impressed with his professionalism wishing him all the success he deserves,banking,2,6,2,1,4,0
i just bought a product from reliance digital store through idfc finance idfc representative souren manna is very good at his work good experience,banking,2,2,5,2,6,0
dear idfc first bank team i would like to share my positive feedback regarding the support provided by your executive mr rohit mr rohit was very helpful in reminding me about my emi and also guided me properly regarding the emi payment process with his timely followup and clear communication the emi was successfully paid by the customer without any delay his professional approach patience and support made the entire process smooth and stressfree i truly appreciate his assistance and dedication toward customer service please convey my thanks and appreciation to mr rohit for his excellent support thank you to the idfc first bank team for such helpful service,banking,2,0,2,0,5,0
best app all the time not facing issue smoothly process,banking,2,1,3,0,4,0
easy process and your staff behaviour is too good,banking,2,2,13,1,4,0
idfc finance customer service good idfc person,banking,2,2,13,1,4,0
years back i entered in icici bank and felt amazing by their best customer treatment now i feel same good when i visit your branch or use your mobile banking wish idfc grow to infinity and reward their employees,banking,2,2,7,1,5,0
i would like to extend my heartfelt gratitude to mr shivam shukla for the exceptional support and efficiency he displayed in assisting me with my property document handover process his proactive approach and dedication truly stood out very professional and supportive service,banking,2,3,3,2,6,0
regarding seamless service in your durgapur west bengal branch,banking,2,6,9,2,6,0
v vaidyanathan is one of the best bankers india has had a rare man with compassion empathy and integrity his vision and customer friendliness will take idfc first bank to great heights,banking,2,2,13,1,5,0
the services provided by the bank are outstanding and far better than traditional banks everything can be done via the mobile app,banking,2,6,3,2,6,0
i just love your service,banking,2,6,13,1,4,0
i recently got onboarded with idfc first bank and the experience exceeded expectations my relationship manager displayed professionalism and customer focus overall smooth experience,banking,2,2,13,1,6,0
it is good app,banking,2,2,3,2,6,0
thanks to my rm mr adwiteeya for reversal of deduction within hours fantastic job and quick response,banking,2,1,13,1,5,0
im happy to see good transaction to emi rates compared to other banks please keep up the good work,banking,2,2,2,1,5,0
thanks to credit card team and nri team for getting a new card in time after a fraud charge fantastic job,banking,2,1,12,0,2,3
i really want to appreciate the kind support of shilpa biluri,banking,2,2,3,2,6,0
ive been using idfc first bank for more than a year and recently converted it to salary account monthly interest and zero fees for almost all services,banking,2,3,1,1,4,0
idfc is a better bank than others,banking,2,6,13,1,4,0
very good service and experience all better,banking,2,2,5,2,6,0
i would like to sincerely appreciate anand bhushan sir for his outstanding support and service very professional and quick response,banking,2,2,3,2,6,0
very good service and experience all better,banking,2,2,5,2,6,0
all the questions were answered crystal clear information provided is very helpful and highly professional,banking,2,2,13,1,4,0
alron lucien is the rm very helpful nri account setup without any hassle process is smooth,banking,2,2,13,1,4,0
idfc first bank very good and they understand my problem and solved it thank you so much,banking,2,1,5,0,6,0
thank you rito for solving my issue,banking,2,1,5,0,6,0
ease of doing things especially with a new credit card excellent,banking,2,2,2,1,5,0
my sincere thanks to ms varsha malviya for her outstanding support in resolving my queries employees like her are assets for idfc bank,banking,2,2,13,1,6,0
i would like to appreciate mr rahul sonik for his time and patience in explaining nri account process,banking,2,2,3,2,6,0
really awesome experience with bank as well as working staff very supportive even for small problems,banking,2,1,13,0,5,0
very glad to write words for idfc first bank quick resolution for my query,banking,2,6,13,1,4,0
i talked to one of your executive regarding emi issue she cooperated and provided desired solution,banking,2,1,2,0,4,0
i think i spoke to rajkumar very polite and helpful and knowledgeable,banking,2,2,13,1,4,0
very good service given to me from pune wagholi branch charusheela madam is very cooperative and shared detailed information about the loan,banking,2,2,2,1,6,0
i am deeply thankful to idfc for real support at right time,banking,2,6,13,1,4,0
excellent work happy to be a part of an excellent organisation,banking,2,2,3,2,5,0
i just spoke with mr rohit he has been polite and helpful throughout,banking,2,2,13,1,4,0
my vote of thanks to ms charusheela wagholi branch she is very polite and cooperative,banking,2,2,9,2,6,0
i was on call with vandana she was polite and answers were on point love your service support and banking experience,banking,2,2,13,1,4,0
amazing customer service very clear and knowledgeable support,banking,2,2,13,1,5,0
best and quick service i never seen before loan closure done immediately and noc provided,banking,2,6,2,1,4,0
wonderful experience relationship banker ms riya singh provided warm and caring support and ensured solution was provided,banking,2,6,13,1,4,0
service is highly satisfactory,banking,2,6,13,1,4,0
padmavati was calm and polite and answered my questions smoothly good experience talking to her,banking,2,2,13,1,4,0
very good experience with poonam mam,banking,2,2,5,2,6,0
best and quick service am coming for bank changing my emi she done very quickly and she have lot of patience to attending all customers i appreciate her miss geeta thank you madam,banking,2,2,2,1,6,0
excellent support team and quick solution,banking,2,2,6,2,5,0
the call was very informative she addressed all my concerns in a helpful and friendly manner,banking,2,2,13,1,4,0
good service provided thanks,banking,2,2,5,2,6,0
subject appreciation for exceptional support nro nre account assistance by mr ashish chachle i would like to express my sincere appreciation for the outstanding support provided by mr ashish chachle he ensured a seamless and hassle free process and provided prompt responses and clear explanations highly professional and dedicated support,banking,2,3,3,2,6,0
dear idfc customer service team i am writing to express my sincere appreciation for the outstanding support i received prompt response and efficient resolution exceeded my expectations very professional and courteous service,banking,2,6,3,2,6,0
excellent customer support team quick resolution and response,banking,2,2,6,2,5,0
excellent customer service and right bank to have in the current market very good service,banking,2,2,5,2,5,0
nodal team has been super helpful in getting my queries resolved digital assets of the bank are very easy to use and user friendly,banking,2,2,13,1,4,0
indian no bank idfc bank,banking,2,6,13,1,4,0
i opened a savings account a year ago and the services are best in class with all features integrated into the mobile app hardly needed to visit branch and overall experience is excellent,banking,2,2,3,2,5,0
excellent service by bhoopenbra chauhan he explained very nicely and solved my problem,banking,2,1,5,0,5,0
excellent service and quick response and resolution from idfc team,banking,2,2,5,2,5,0
thank you so much aaliya ji very good conversation and you cleared all my doubts,banking,2,2,5,2,6,0
i spoke to mubarak today from customer support who provided all necessary information good support staff,banking,2,2,6,2,4,0
sunita patiently listened to all my queries and clarified them instantly exceptional customer support,banking,2,6,6,2,6,0
every time idfc first bank gives me the best experience through application or customer support,banking,2,3,3,2,6,0
very nice services and customer follow up is good,banking,2,2,5,2,6,0
i had a great experience talking to pooja she listened carefully and handled it professionally and timely,banking,2,2,5,2,5,0
this message is to appreciate ms bharti she delivers a great experience with humanity and kindness,banking,2,2,3,2,5,0
thank you mohammed waseem khan for your outstanding assistance very polite and efficient support,banking,2,2,5,2,6,0
it was nice to talk to mohd waseem khan sir he guided me properly during nri account opening,banking,2,2,13,1,4,0
the executive handled my concerns professionally and was very helpful throughout the conversation,banking,2,2,13,1,4,0
thank you incredible work by the bank members i received my money back after wrong transaction,banking,2,1,5,2,6,0
positive experience with mr shubham das from idfc support team he resolved my issue efficiently and provided clear guidance,banking,2,1,6,0,4,0
mr digvijay from customer service provided very nice service and helped with fd closure issue patiently,banking,2,1,5,0,4,0
the mobile banking app and internet banking app are very user friendly and provide great experience,banking,2,2,3,2,5,0
i am extremely satisfied with idfc first bank loan services seamless application process and responsive customer support,banking,2,2,2,1,6,0
i love that idfc provides no bank charges and easy transactions very happy with services,banking,2,2,3,2,5,0
fabulous job done by jayantee she listened carefully and resolved my issue professionally,banking,2,1,13,0,4,0
thanks to idfc first bank for good service for many years,banking,2,2,5,2,6,0
really impressed and satisfied with amazing service at idfc quick service and great customer support,banking,2,2,6,2,5,0
the service of the bank is fast and smooth very good overall experience,banking,2,2,5,2,6,0
i would like to express my gratitude to falguni devdas for outstanding service and customer support,banking,2,6,6,2,6,0
representatives of this bank are helpful and knowledgeable,banking,2,2,13,1,4,0
great service by the best bank all over the world need improvement in zero balance account and salary account terms,banking,1,6,8,1,5,0
very good net banking,banking,2,2,5,2,6,0
appreciation for excellent service by manoj somnath and basavaraj from pimpri branch they were very understanding and helpful,banking,2,2,3,2,5,0
ichha singh provided excellent support and resolved my fastag query professionally and patiently,banking,2,2,13,1,5,0
huge thanks to idfc first bank for solving my issue quickly and delivering debit card in hours,banking,2,1,7,0,6,0
thanks to idfc social media support team response is quick and supportive,banking,2,2,6,2,6,0
appreciation for staff from zade bhavan branch for helping during difficult situation,banking,2,6,3,2,6,0
my query has been resolved and support system of idfc is excellent with quick response,banking,2,2,13,1,5,0
thank you mitali for excellent customer service speed and efficiency were amazing,banking,2,2,5,2,5,0
great bank excellent customer service friendly and efficient employees,banking,2,2,13,1,5,0
i am highly satisfied with service provided by razia from idfc bank professional and dedicated support,banking,2,2,5,2,6,0
thank you for prompt response by idfc first bank team and special thanks to shraddha wonderful onboarding experience,banking,2,2,5,2,6,0
i appreciate the exceptional services and competitive interest rates provided by idfc first bank staff behavior and customer service are excellent,banking,2,2,3,2,5,0
visited bapunagar branch for loan closure inquiry and miss vaishnavi sharma guided me very well,banking,2,6,2,1,4,0
thank you so much jyoti mam for understanding my problem and providing best facility on time,banking,2,1,5,0,6,0
dear upadhyaji hello i want to convey my heartfelt thanks for providing details about idfc credit card facilities reimbursement of air ticket cancellation charges was very helpful and claim amount was credited successfully very supportive service from guwahati branch,banking,2,2,2,1,6,0
i am very satisfied with the services of thimmappa and branch staff gold loan was instantly processed and disbursed,banking,2,2,2,1,6,0
my nri account issue has been successfully resolved thanks to mr sanjay from jalore branch for exceptional assistance and professionalism,banking,2,1,9,0,6,0
i am writing to express my sincere appreciation and gratitude for the advice and guidance given to me,banking,2,6,3,2,6,0
i am very happy with the executive who helped me with account closure and noc guidance issue resolved smoothly and communication was good,banking,2,1,3,0,5,0
thanks team for timely confirmation for complimentary lounge access for my wealth debit card,banking,2,2,7,1,6,0
thanks for quick response and resolving the issue miss sneha from customer service was polite and guided properly,banking,2,1,13,0,6,0
interaction for upi pin registration was fantastic asila guided quickly and knowledgeably and issue was resolved fast,banking,2,1,13,0,5,0
happy with service at dharmavaram branch special thanks to rm riyaz and siva raj kumar for excellent response and support,banking,2,2,3,2,5,0
good experience at peddapalli branch for gold loan closure fast service and supportive staff,banking,2,2,2,1,4,0
thanks for unlocking my account without delay after my request,banking,2,0,13,0,6,0
after continuous follow up from ruksha customer service problem solved within time,banking,2,1,13,0,6,0
appreciation for mr manjeet singh for polite behaviour and helpful service at branch,banking,2,2,3,2,6,0
my concern has been resolved fauziya was very supportive and addressed the issue properly,banking,2,1,13,0,4,0
very happy with executive ms shraddha bhinde regarding closure of used car loan very kind and supportive,banking,2,2,2,1,5,0
interaction with rahul choudhary regarding statement of account was amazing explanation was clear and helpful,banking,2,2,13,1,5,0
login issue resolved quickly by rohit from team thanks for support,banking,2,1,3,0,6,0
excellent experience applying for gold loan staff were professional and helpful throughout the process,banking,2,2,2,1,5,0
the executive support made me happy and all issues were resolved with proper guidance,banking,2,1,3,0,5,0
happy with services of branch staff especially mr naveen koikar,banking,2,2,3,2,5,0
happy with idfc first bank services krishna reddy provides very good guidance and support regularly,banking,2,2,3,2,5,0
service of idfc first bank is very good with fast resolution and good support from social media team,banking,2,2,5,2,6,0
happy with branch services quick service and excellent staff behaviour,banking,2,2,3,2,5,0
thanks for support and follow up from fauziya m at nodal desk very good interaction experience,banking,2,2,5,2,6,0
exceptional assistance during new current account opening professional and supportive service,banking,2,6,13,1,4,0
thank you for your email and resolution special thanks to rasik and team,banking,2,2,5,2,6,0
very prompt and good service and pleasant interaction with executive,banking,2,2,5,2,6,0
received all information and great assistance from customer care executive ms bharti,banking,2,2,6,2,5,0
thank you arbaz s for clearing my doubts regarding interest rate,banking,2,2,10,1,6,0
deep gratitude to idfc dwarka team for working extra hours and ensuring successful transaction,banking,2,6,13,1,4,0
very delighted with service ashi bhati assisted very well and query resolved quickly,banking,2,6,13,1,4,0
appreciate your help and advice conversation with mr shayan was helpful,banking,2,2,3,2,6,0
thanks tejash for patience support and cooperation in resolving the issue,banking,2,1,13,0,6,0
great service from meghana javeri during loan closing very satisfied with assistance,banking,2,2,2,1,5,0
excellent telephonic service by aamna shah very kind and respectful communication,banking,2,2,13,1,5,0
appreciation for satbir singh and legal team for outstanding support in online fraud case resolution,banking,2,1,12,0,2,3
excellent service by executive mr raza very knowledgeable courteous and professional,banking,2,2,5,2,5,0
thank you for your response resulting in positive outcome will recommend idfc services,banking,2,2,5,2,6,0
gratitude to prithvi for exceptional service and resolving loan due charges with professionalism,banking,2,3,2,1,4,0
very good service from rajkumar vachhani during loan closure quick resolution and helpful service,banking,2,2,2,1,6,0
natasha listened carefully and provided solution good support from team,banking,2,2,13,1,4,0
sincere gratitude for exceptional service and support in resolving address updation issue professional and timely assistance,banking,2,1,13,0,4,0
ms shetty answered my queries satisfactorily conversation was helpful and informative,banking,2,2,13,1,4,0
asma khan guided me well on card usage and setup very helpful guidance,banking,2,2,13,1,4,0
very grateful to customer executive bharti for helping regarding payment,banking,2,6,13,1,4,0
padmahariharan in tirupur branch was polite and answered all queries in timely manner and provided good service,banking,2,2,9,2,6,0
appreciate conversation and service offered by shikha lodh responsive and service oriented support,banking,2,2,3,2,6,0
good conversation with ms yukti helpful and soft spoken,banking,2,2,13,1,4,0
priyanka helped with noc process of car loan and explained each step clearly,banking,2,3,2,1,4,0
thanks for supporting and resolving the issue immediately good service,banking,2,1,5,0,6,0
hi this is vijayshankar came for query in my ebc card padmahariharan at tirupur branch provided good service listened patiently and gave the right solution and guided me through the app thank you,banking,2,2,3,2,6,0
customer services desk staff mrs shiva gautam provided good support in collecting documents and explaining the process clearly,banking,2,2,13,1,4,0
thanks gaurav for resolving my query quickly happy with the response and social media team support,banking,2,2,3,2,5,0
care executive yukti khanna cooperated and provided a better solution regarding my transaction query,banking,2,6,13,1,4,0
visited idfc first bank and received amazing service from himanshu gupta who answered queries quickly and professionally,banking,2,2,13,1,5,0
visited branch and priyanka helped with noc immediately,banking,2,6,9,2,6,0
completely satisfied with executive sweta mam humble communication and prompt resolution,banking,2,2,5,2,6,0
thank you for quick response and fast service very customer friendly bank,banking,2,2,5,2,6,0
thanks to rasik and team for resolving my problem quickly even on a non working day amount received within one hour,banking,2,1,13,0,6,0
executive assistance made me happy right advice provided and all concerns resolved including loan closure explanation,banking,2,2,2,1,5,0
thanks sheldon r for assisting me for the past months very humble and helpful person,banking,2,2,13,1,6,0
information shared about opening savings account online or offline with kyc steps,banking,1,3,13,1,4,0
query was properly handled and resolved by mr gaurav polite and quick resolution,banking,2,2,13,1,4,0
thank you for taking my concern seriously appreciated,banking,2,2,3,2,6,0
ajith provided a wonderful solution for my loan account impressed by his service,banking,2,6,2,1,4,0
zero fee banking facilities launched by idfc first bank are appreciated and helpful for customers,banking,2,2,3,2,6,0
received very good service from abhijit sarkar during loan application very helpful and informative,banking,2,2,2,1,6,0
information about online earning methods and referral benefits from idfc first bank,banking,1,3,11,1,4,0
thank you for quick response and help in receiving educational loan on time,banking,2,2,2,1,6,0
thanks gaurav for listening to queries and faster execution wonderful experience,banking,2,2,13,1,6,0
thank you akshay for refund and valuable time spent resolving the case,banking,2,1,5,2,6,0
deputy branch manager ms preetha provided instant help and activated online savings account quickly,banking,2,6,9,2,6,0
ms shubhanshi from noida branch is hardworking and supportive to customers,banking,2,6,9,2,6,0
arbaz provided commendable customer service and assistance during an issue resolution,banking,2,1,13,0,4,0
satisfied with customer service mr kiran shetty and megha resolved loan account concerns effectively,banking,2,2,2,1,6,0
happy with support from himanshu mishra at kolkata branch queries resolved and mobile app activation helped,banking,2,2,3,2,5,0
thanks to arpan from social media team for quick query resolution,banking,2,2,13,1,6,0
executive support offered sound guidance and resolved every issue,banking,2,1,11,0,4,0
excellent service from branch manager mr surender ji,banking,2,2,9,2,5,0
good information provided by sanyukta very satisfied,banking,2,2,5,2,6,0
ms dipika giri was helpful and cooperative in assisting with credit card application,banking,2,2,2,1,4,0
received noc instantly and happy with first class service from akash,banking,2,2,3,2,5,0
thank you bharti mam for helping and ensuring customer satisfaction,banking,2,2,5,2,6,0
thanks rajeev for support and solving the problem with good communication,banking,2,1,13,0,6,0
prompt response and resolution delivered earlier than promised time,banking,2,6,13,1,4,0
feedback for sweta experience was good and information provided properly,banking,2,2,1,1,4,0
visited vizag branch and swaroopa helped with loan statement and app setup very good service,banking,2,2,2,1,6,0
fully satisfied with call centre executive miss anjali excellent behaviour and communication,banking,2,2,5,2,5,0
quick and effective support from mr kishan jagtap for credit card limit issue,banking,2,1,2,0,4,0
extremely satisfied with the resolution and quick assistance provided,banking,2,2,5,2,6,0
customer appreciated aditi mathur for explaining amb and fd rates patiently,banking,2,2,3,2,6,0
satisfied with service provided by mr kishan jagtap regarding reward point and fee reversal,banking,2,1,1,1,6,0
sweta was helpful and provided over limit reversal and required information,banking,2,1,13,1,4,0
thank you for valuable support and processing noc,banking,2,2,5,2,6,0
appreciation for employee miss bheravi for exceptional help and support,banking,2,6,3,2,6,0
tejaswini provided quality service and knowledgeable support,banking,2,6,13,1,4,0
amazing support from chetaali and quick resolution,banking,2,2,13,1,5,0
thanks for clarifying details and providing support regarding partner issue,banking,2,1,13,0,6,0
quick and swift help by sahil issue resolved in short time,banking,2,1,13,0,6,0
happy with polite and intelligent customer service by ms manisha tewar helpful credit card information provided,banking,2,2,2,1,5,0
idfcfirsthelp thank you i received a good service from you,banking,2,2,5,2,6,0
my name is ranjit maity and pradeep debnath helped me with my problem i am happy with the result and would give out of,banking,2,1,3,0,5,0
prompt action taken by branch staff mr dibyajyoti dash to unfreeze my account very satisfied with the services,banking,2,2,9,2,6,0
beautiful process and immediate approval sales executive miss aradhana gupta was polite and knowledgeable very happy with service,banking,2,2,3,2,5,0
satisfied with idfc first bank employee behavior is good and disbursement process is very fast impressed with mr manish gupta,banking,2,2,5,2,6,0
loan and document verification process was quick and staff response was good,banking,2,2,2,1,4,0
happy banking with idfc first bank dispute resolution is fast and complete,banking,2,2,3,2,5,0
thank you for prompt reply and action i have started receiving otp on mobile,banking,2,2,5,2,6,0
thankful to idfc first bank for resolving my query on time,banking,2,6,13,1,4,0
customer service executive was polite humble and patient and explained details clearly,banking,2,2,13,1,4,0
idfc first bank has provided timely service and the phone app is user friendly and smooth,banking,2,2,3,2,6,0
received my card thanks for prompt help,banking,2,2,13,1,6,0
thanks for the call and resolution very helpful and good experience,banking,2,2,13,1,6,0
thank you for your response and service very nice gesture,banking,2,2,5,2,6,0
idfc first bank executives are helpful polite and handle queries well,banking,2,2,13,1,4,0
excellent customer service executive gentle and polite great experience,banking,2,2,5,2,5,0
service executive was polite kind friendly and very helpful,banking,2,2,13,1,4,0
information provided by the executive was useful for better understanding of loan,banking,2,3,2,1,4,0
good services and quick resolution mobile number updated without hassle,banking,2,2,5,2,6,0
prompt service keep up the good work,banking,2,2,13,1,4,0
capital first is better for loan services loan closed and noc received quickly,banking,2,6,2,1,4,0
executive handled concerns professionally and was very helpful,banking,2,2,13,1,4,0
excellent service and quick response and resolution from idfc team,banking,2,2,5,2,5,0
thank you aaliya ji for answering all my questions and clearing doubts,banking,2,2,5,2,6,0
spoke to mubarak from customer support good information and helpful support staff,banking,2,2,6,2,4,0
sunita listened patiently and clarified all queries instantly delighted with support,banking,2,6,13,1,4,0
every time idfc first bank gives best experience through app or customer support,banking,2,6,3,2,6,0
very nice service and good customer follow up,banking,2,2,5,2,6,0
great experience talking to pooja she handled concern professionally and timely,banking,2,2,5,2,5,0
appreciation for ms bharti she delivers great customer experience with kindness,banking,2,2,3,2,5,0
thank you mohammed waseem khan for outstanding assistance during account opening,banking,2,2,5,2,6,0
nice talking to mohd wassem khan guided me properly for nre account,banking,2,2,13,1,4,0
executive handled concerns professionally and was very helpful throughout,banking,2,2,13,1,4,0
thank you to bank members for helping recover money from a wrong transaction,banking,2,1,5,2,6,0
positive experience with mr shubham das who resolved emandate issue professionally,banking,2,1,13,0,4,0
very happy with support from mr digvijay for fd closure issue,banking,2,1,3,0,5,0
mobile and internet banking apps are user friendly and provide great experience,banking,2,2,3,2,5,0
extremely satisfied with loan services seamless process and responsive customer service,banking,2,2,2,1,6,0
love the no bank charges policy and zero fee services,banking,2,3,1,1,4,0
appreciation for jayantee for active listening and resolving issues patiently,banking,2,1,3,0,4,0
thanks to idfc first bank for good service over many years,banking,2,2,5,2,6,0
impressed and satisfied with amazing service and customer support,banking,2,2,6,2,5,0
service is fast and smooth giving stars to idfc first bank,banking,2,2,13,1,4,0
gratitude to falguni devdas for outstanding nre account support,banking,2,6,13,1,4,0
representatives of the bank are helpful and knowledgeable,banking,2,2,13,1,4,0
great service by the bank but need improvement in zero balance and salary accounts,banking,1,5,8,1,5,0
very good net banking,banking,2,2,5,2,6,0
appreciation for manoj somnath and basavaraj for quick cheque book handling,banking,2,6,3,2,4,0
appreciation for ichha singh for fastag query resolution and professionalism,banking,2,6,3,2,4,0
thanks to idfc first bank for solving issue quickly and delivering debit card fast,banking,2,1,7,0,6,0
thanks to the idfc social media support team the response is really quick and supportive i am glad to be your customer,banking,2,2,6,2,6,0
appreciate the help and service provided by staff from zade bhavan branch mr amogh and mr mangesh their effort is commendable and they helped in difficult situation,banking,2,2,3,2,6,0
my query has been resolved support system of idfc is excellent and response is very fast,banking,2,2,13,1,5,0
big thank you for excellent customer service speed and efficiency were amazing great team support from mitali and vinay,banking,2,2,5,2,5,0
great bank with excellent customer service friendly and efficient employees always greet with a smile,banking,2,2,13,1,5,0
utmost satisfaction with service provided by razia professional dedicated and made the process seamless and stress free,banking,2,3,13,1,4,0
thank you for prompt response by idfc first bank team and specially shraddha wonderful onboarding experience,banking,2,2,5,2,6,0
sincere appreciation for exceptional services and competitive interest rates staff are courteous and professional very satisfied overall,banking,2,2,3,2,6,0
visited bapunagar branch for loan closure inquiry miss vaishnavi sharna guided me well and served customers nicely,banking,2,2,2,1,4,0
thank you jyoti mam for understanding my problem and providing best facility on time one of my best banking experiences,banking,2,1,5,0,6,0
thank you for providing details about credit card benefits reimbursement process was smooth and supportive service from branch,banking,2,2,2,1,6,0
very satisfied with services of thimmappa and branch staff gold loan was instantly processed and disbursed,banking,2,2,2,1,6,0
nri account issue successfully resolved grateful to mr sanjay for exceptional assistance,banking,2,1,13,0,4,0
sincere appreciation for advice and guidance provided thank you,banking,2,2,3,2,6,0
very happy with executive guidance during account closure and noc process communication was very good,banking,2,2,3,2,5,0
thanks team for timely confirmation for complimentary lounge access and smooth experience,banking,2,2,13,1,6,0
thanks for quick response and resolving issue miss sneha was polite and helpful,banking,2,1,13,0,6,0
asila guided very well during upi pin registration issue resolved quickly,banking,2,1,13,0,6,0
happy feedback for dharmavaram branch staff response and humbleness are very good,banking,2,2,3,2,5,0
good experience at peddapalli branch for gold loan closure fast service and helpful staff,banking,2,2,2,1,4,0
thanks for unlocking my account without delay,banking,2,0,13,0,6,0
after follow up from ruksha my problem was solved within time thank you,banking,2,1,5,0,6,0
appreciation for mr manjeet singh polite behavior helpful and always available for queries,banking,2,2,3,2,6,0
my concern has been resolved fauziya was supportive and helpful,banking,2,2,13,1,4,0
very happy with executive support for used car loan closure kind and supportive service,banking,2,2,2,1,5,0
interaction with rahul choudhary was amazing information explained clearly,banking,2,2,13,1,5,0
login issue resolved quickly by rohit from team thanks,banking,2,1,3,0,6,0
appreciation for wonderful team service during gold loan process professional and kind assistance,banking,2,3,2,1,4,0
executive support made me happy and all issues resolved with proper guidance,banking,2,1,3,0,5,0
happy with branch staff services especially mr naveen koikar,banking,2,2,3,2,5,0
very happy with service from krishna reddy who regularly guides on bank products and rates,banking,2,2,3,2,5,0
service of idfc first bank is very good and resolution is very fast,banking,2,2,5,2,6,0
happy with branch services quick service and excellent staff behavior,banking,2,2,3,2,5,0
thanks for support and follow up from nodal desk especially fauziya m,banking,2,2,13,1,6,0
heartfelt gratitude for exceptional assistance during account opening process professional and smooth experience,banking,2,2,13,1,6,0
thank you for email and resolution special thanks to rasik and team,banking,2,2,5,2,6,0
very prompt and good service pleasant interaction with executive,banking,2,2,5,2,6,0
received required information and great assistance from customer care executive ms bharti,banking,2,2,6,2,5,0
thank you for calling and clearing doubts regarding interest rate,banking,2,2,10,1,6,0
gratitude for exceptional service and extra effort by idfc dwarka team in completing transaction,banking,2,6,13,1,4,0
very delighted with service staff helped well and query resolved quickly,banking,2,6,13,1,4,0
appreciate help and advice hoping issue will be resolved,banking,2,1,3,0,4,0
thanks tejash for patience and support in resolving issue,banking,2,1,13,0,6,0
visited branch for loan closing meghana javeri provided great service and assistance,banking,2,2,2,1,5,0
excellent service by aamna shah kind and respectful communication,banking,2,2,5,2,5,0
appreciation for support in resolving online fraud case with timely cooperation,banking,2,1,12,0,2,3
excellent service by mr raza knowledgeable courteous and professional with customers,banking,2,2,5,2,5,0
thank you for positive outcome and highly recommend idfc bank services,banking,2,2,5,2,6,0
sincere gratitude for exceptional service in resolving loan due charges highly professional support,banking,2,3,2,1,4,0
visited branch for loan closure and received very quick and good service from rajkumar vachhani,banking,2,2,2,1,6,0
thank you so much for reaching me out natasha listened to my issue and understandingly provided solution kudos to her and idfc team,banking,2,1,5,0,6,0
sincere gratitude for exceptional service provided by pratik personalized attention professionalism and timely support exceeded expectations,banking,2,6,13,1,4,0
ms shetty answered my queries to my satisfaction conversation was helpful and informative,banking,2,2,13,1,4,0
guided well by asma khan regarding card usage and setup full ranking for her support,banking,2,6,13,1,4,0
grateful to customer executive bharti for helping regarding payment,banking,2,6,13,1,4,0
padmahariharan in tirupur branch was polite and answered queries respectfully and guided through mobile app,banking,2,2,3,2,6,0
appreciate service offered by shikha lodh responsive and service oriented with good knowledge,banking,2,2,3,2,6,0
good conversation with ms yukti helpful and soft spoken,banking,2,2,13,1,4,0
priyanka helped with noc for car loan pleasant experience with clear explanations,banking,2,6,2,1,4,0
thanks for supporting and resolving issue quickly,banking,2,1,13,0,6,0
padmahariharan provided good service listened patiently and guided through app,banking,2,2,3,2,6,0
customer service desk support from mrs shiva gautam was good and process explained well,banking,2,2,13,1,4,0
thanks gaurav for resolving query quickly happy with social media team support,banking,2,2,3,2,5,0
customer care executive yukti khanna cooperated well and gave better solution,banking,2,6,6,2,6,0
visited branch and received amazing service from himanshu gupta who answered questions quickly and saved time,banking,2,2,9,2,5,0
visited branch and priyanka helped with noc immediately thank you,banking,2,2,9,2,6,0
completely satisfied with executive sweta humble communication and prompt resolution,banking,2,2,5,2,6,0
thank you for quick response and fast service customer friendly bank,banking,2,2,5,2,6,0
thanks for resolving problem on priority and supporting even on non working day special thanks to rasik,banking,2,1,13,0,6,0
executive assistance was helpful and all concerns were resolved with proper explanation,banking,2,2,13,1,4,0
thanks sheldon r for assisting over months humble and well mannered support,banking,2,2,13,1,6,0
information shared about opening savings account online and required documents,banking,1,3,13,1,4,0
query handled properly by senior executive gaurav and resolved quickly,banking,2,6,13,1,4,0
appreciate that concerns are taken seriously thank you,banking,2,2,3,2,6,0
ajith provided wonderful solution regarding loan account impressed with service,banking,2,6,2,1,4,0
appreciation for zero fee banking facilities introduced by idfc first bank,banking,2,6,3,2,6,0
received very good service from abhijit sarkar at kolkata branch during loan application,banking,2,2,2,1,6,0
information about earning through referrals and online opportunities including idfc referral program,banking,1,3,13,1,4,0
thank you for help in getting educational loan approved quickly,banking,2,2,2,1,6,0
thanks gaurav for listening and faster execution wonderful experience,banking,2,2,13,1,6,0
thank you for refund and valuable support,banking,2,1,5,2,6,0
appreciation for instant help by ms preetha in activating online savings account,banking,2,6,3,2,6,0
ms shubhanshi is hardworking and sincere and helps customers well,banking,2,6,13,1,4,0
arbaz provided commendable customer service and assisted well,banking,2,6,13,1,4,0
satisfied with customer service and query handling at branch issue resolved well by staff,banking,2,1,9,0,6,0
very happy with service from himanshu mishra who resolved queries and helped activate app,banking,2,2,3,2,5,0
thank you team for quick query resolution special mention to arpan,banking,2,2,5,2,6,0
executive support made me happy and provided sound guidance,banking,2,2,3,2,5,0
excellent service provided by branch manager mr surender ji,banking,2,2,9,2,5,0
giving out of rating for sanyukta good job,banking,2,2,13,1,4,0
ms dipika giri was very helpful and cooperative in credit card application process,banking,2,2,2,1,4,0
received noc instantly and very happy with first class service from akash,banking,2,2,3,2,5,0
thank you bharti mam for helping and satisfying customer needs,banking,2,2,5,2,6,0
thanks rajeev for support problem solved after talking with you,banking,2,1,13,0,6,0
prompt response and early resolution before promised time very commendable,banking,2,6,13,1,4,0
feedback for sweta good experience and proper information provided,banking,2,2,1,1,4,0
swaroopa at vizag branch was helpful and friendly guided to download app and whatsapp banking,banking,2,2,3,2,6,0
fully satisfied with support from executive miss anjali excellent behavior and communication,banking,2,2,5,2,5,0
received quick and effective support from mr kishan jagtap regarding credit card issue,banking,2,1,2,0,4,0
extremely satisfied with resolution provided and quick response,banking,2,2,5,2,6,0
customer appreciated aditi mathur on call she explained amb and fd rates clearly and listened patiently,banking,2,2,3,2,6,0
called regarding reward point and over limit fee reversal completely satisfied with service provided by mr kishan jagtap,banking,2,1,1,1,6,0
had a word with sweta she was very helpful and completed over limit reversal and provided required information,banking,2,1,13,1,4,0
thank you for valuable support and processing noc on time,banking,2,2,5,2,6,0
no words to praise employee miss bheravi for excellent help and support,banking,2,2,13,1,5,0
thanks for email and call appreciate quality of service and knowledge shared by tejaswini,banking,2,2,3,2,6,0
glad to see amazing support from chetaali thanks for resolution,banking,2,2,13,1,5,0
thanks for contacting and clarifying details appreciate support in this matter,banking,2,2,3,2,6,0
quick and swift help by sahil inconvenience resolved quickly,banking,2,6,13,1,4,0
happy with polite and intelligent customer service executive ms manisha tewar good support for credit card query,banking,2,2,2,1,5,0
thank you for good service received,banking,2,2,5,2,6,0
happy with solution to problem and satisfied with service,banking,2,1,3,0,5,0
prompt action taken by branch staff mr dibyajyoti dash to unfreeze account very satisfied,banking,2,2,9,2,6,0
impressed with immediate approval process and polite service by miss aradhana gupta,banking,2,2,3,2,6,0
satisfied with idfc first bank employees behavior good and loan disbursement process fast,banking,2,2,2,1,6,0
loan and document verification process was quick and staff response was good,banking,2,2,2,1,4,0
very happy banking with idfc first bank dispute resolution is fast and complete,banking,2,2,3,2,5,0
thank you for prompt reply and action otp started receiving on mobile,banking,2,2,5,2,6,0
thankful to idfc first bank for resolving query on time,banking,2,6,13,1,4,0
customer service executive was polite humble and explained details clearly,banking,2,2,13,1,4,0
idfc first bank provides timely service and app is user friendly and smooth,banking,2,2,3,2,6,0
received card thanks for prompt help,banking,2,2,13,1,6,0
thanks for the call and resolution very helpful experience,banking,2,2,13,1,6,0
thank you for response and service nice gesture and positive experience,banking,2,2,5,2,6,0
idfc first bank executives are helpful and polite and handle queries well,banking,2,2,13,1,4,0
excellent customer service executive gentle and polite behavior,banking,2,2,13,1,5,0
service executive was polite kind and very helpful,banking,2,2,13,1,4,0
information provided by executive was useful for understanding loan details,banking,2,3,2,1,4,0
good service executive resolved issues and updated mobile number quickly,banking,2,1,5,0,6,0
prompt service keep up the good work,banking,2,2,13,1,4,0
capital first is better than other banks for loan services noc received quickly,banking,2,6,2,1,4,0
executive handled concerns professionally and was very helpful throughout conversation,banking,2,2,13,1,4,0
