text,industry,sentiment,customer_intent,primary_aspect,aspect_flag,aspect_sentiment,emotion,priority
happy but one day late delivery,logistics,1,0,0,delay,0,1,1
delivery agent did not contact or visit,logistics,0,0,3,behaviour,1,0,2
no thanx,logistics,1,1,4,fallback_support,1,0,0
staff name mentioned,logistics,1,1,4,fallback_support,1,0,0
return process clear and complete,logistics,1,2,7,refund,1,0,0
name only,logistics,1,1,4,fallback_support,1,0,0
delivery boy behaviour bad,logistics,0,0,3,behaviour,0,3,2
damaged product return my order,logistics,0,0,2,damage_lost,0,4,3
minimise gap between out for delivery and delivery,logistics,1,1,4,fallback_support,1,0,0
great experience exceeded expectations,logistics,2,2,4,fallback_support,2,1,0
delivery marked delivered but not received,logistics,1,1,2,damage_lost,0,0,0
received duplicate product fraud,logistics,0,0,4,fallback_support,1,4,3
delivery person polite kind,logistics,2,2,4,fallback_support,2,1,0
asked to collect parcel midway,logistics,0,0,4,fallback_support,1,0,1
delivery boy demanded money misbehaved refused floor delivery,logistics,0,0,3,behaviour,1,0,2
delivery guy reached my location exactly,logistics,1,1,4,fallback_support,1,0,0
received parcel after delay,logistics,1,0,0,delay,0,2,2
received on time extremely happy,logistics,2,2,4,fallback_support,2,1,0
delivery person tampered property caught on cctv,logistics,0,0,2,damage_lost,0,4,3
very bad service forced office pickup,logistics,0,0,4,fallback_support,0,3,2
delivery not at doorstep handed to security,logistics,0,0,4,fallback_support,1,0,1
very happy with otp and kyc verification process,logistics,2,2,4,fallback_support,2,1,0
scammed need refund,logistics,1,0,7,refund,1,4,3
product found to be fake,logistics,0,0,4,fallback_support,0,3,2
account activation delayed for four days after welcome kit no update provided,logistics,0,0,0,delay,0,3,2
delivery boy humble and fast,logistics,2,2,4,fallback_support,2,1,0
vinayak gaikwad very good delivery person,logistics,2,2,4,fallback_support,2,1,0
delivery my product,logistics,1,1,4,fallback_support,1,0,0
delivery guy rude grumpy and impatient,logistics,0,0,3,behaviour,0,3,2
aapka service mujhe accha laga,logistics,2,2,4,fallback_support,2,1,0
return order,logistics,1,1,7,refund,1,0,0
good professional delivery person,logistics,2,2,4,fallback_support,2,1,0
delivery boy very good,logistics,2,2,4,fallback_support,2,1,0
did not receive order,logistics,0,0,2,damage_lost,0,4,3
delivery boy very respectful,logistics,1,1,4,fallback_support,1,0,0
received different product from what was ordered,logistics,0,0,4,fallback_support,1,0,1
delivery made to different address with proof,logistics,1,1,4,fallback_support,1,0,0
priority order delayed,logistics,1,0,0,delay,0,2,2
product not delivered to location had to visit office,logistics,0,0,4,fallback_support,0,3,2
teach delivery boy how to talk properly,logistics,1,1,4,fallback_support,1,0,0
please cancel my order,logistics,1,1,4,fallback_support,1,0,0
delivery partner took extra money when customer unavailable,logistics,0,0,4,fallback_support,1,0,1
keep up the good work,logistics,2,2,4,fallback_support,2,1,0
good delivery experience first time,logistics,2,2,4,fallback_support,2,1,0
very polite person,logistics,2,2,4,fallback_support,2,1,0
delayed,logistics,1,0,0,delay,0,2,2
not deliver in actual location,logistics,1,1,4,fallback_support,1,0,0
very good service prompt delivery,logistics,2,2,4,fallback_support,2,1,0
received different product,logistics,0,0,4,fallback_support,1,0,1
please confirm on call after confirm address,logistics,1,1,4,support,1,0,0
fake parcel cardboard inside,logistics,0,0,4,fallback_support,0,3,2
bahut bekar service,logistics,1,1,4,fallback_support,1,0,0
delivery executive supportive rescheduled properly,logistics,2,2,4,support,2,1,0
refused to deliver to floor,logistics,1,1,4,fallback_support,1,0,0
no phone call from delivery person marked consignee unavailable extremely poor process,logistics,0,0,4,support,0,3,2
delivery person reluctant for upper floor,logistics,0,0,4,fallback_support,1,0,1
dont argue with customer give some time,logistics,1,1,4,fallback_support,1,0,0
delivery contact details required,logistics,1,1,4,support,1,0,0
wrong address wrong person delivery issue,logistics,0,0,1,wrong_delivery,0,3,2
" I must say the entire process was smooth, efficient, and pleasant. From the warm welcome by the staff to the quick and transparent account opening process, every step reflected professionalism and customer care.

I truly appreciate the bankâs commitment to customer satisfaction. The team was helpful in guiding me through the formalities, explaining the features clearly, and ensuring I felt confident and valued. It was a refreshing experience that left me both happy and impressed.

I'm genuinely glad to be a part of the IDFC FIRST Bank family and look forward to a great banking relationship ahead!",logistics,2,2,4,support,2,1,0
delivery status updated without delivery,logistics,1,1,4,fallback_support,1,0,0
order for return,logistics,1,1,7,refund,1,0,0
documents handled carefully,logistics,1,1,4,fallback_support,1,0,0
packages delivered successfully without issue,logistics,2,0,4,fallback_support,0,0,0
great,logistics,2,2,4,fallback_support,2,1,0
delivery staff soft spoken but recipient absent,logistics,1,1,4,fallback_support,1,0,0
delivery guy refused stairs pickup,logistics,1,1,4,fallback_support,1,0,0
The choice of branch could have been provided to the customer,logistics,1,1,4,fallback_support,1,0,0
ordered expensive item got cheap one,logistics,0,0,4,fallback_support,1,0,1
very bad nandanam chennai branch,logistics,0,0,4,fallback_support,0,3,2
false address update forced office pickup,logistics,0,0,4,fallback_support,1,0,1
parcel delayed and spoiled at destination hub,logistics,1,0,0,delay,0,2,2
service not available in village,logistics,0,0,4,fallback_support,1,0,1
not this watch,logistics,1,1,4,fallback_support,1,0,0
not my shipment someone used my number,logistics,1,1,4,fallback_support,1,0,0
all good but product quality not good,logistics,1,2,4,fallback_support,2,1,0
false delivered sms without receipt,logistics,1,1,4,fallback_support,1,0,0
wrong product received twice fraud,logistics,0,0,4,fallback_support,0,4,3
KYC not working RM not responsive,logistics,0,0,4,fallback_support,1,0,1
would like return this product a it not at all work please help me out reach with it,logistics,1,1,7,refund,1,0,0
very poor service delayed delivery,logistics,0,0,0,delay,0,3,2
request for low balance account option,logistics,1,1,4,fallback_support,1,0,0
nice service,logistics,2,2,4,fallback_support,2,1,0
unable receive call but delivery completed,logistics,1,1,4,support,1,0,0
Item has been changed,logistics,0,0,4,fallback_support,1,0,1
delivery partner call me even before he reach destination,logistics,1,1,4,support,1,0,0
ordered one but delivered two refused return,logistics,0,0,7,refund,0,4,3
very prompt delivery executive,logistics,2,2,4,fallback_support,2,1,0
excellent service provider package delivered within a day of placing order,logistics,2,2,4,fallback_support,2,1,0
already best,logistics,2,2,4,fallback_support,2,1,0
delivery delay again,logistics,1,0,0,delay,0,2,2
no issues during delivery,logistics,1,0,4,fallback_support,0,0,0
delivery staff did not return balance amount,logistics,0,0,7,refund,0,4,3
rude delivery guy,logistics,0,0,3,behaviour,0,3,2
top class service very polite behaviour delivery executive very knowledgeable highly satisfy with his service,logistics,2,2,3,behaviour,2,1,0
partial order received,logistics,0,0,4,fallback_support,1,0,1
received earlier than expected,logistics,1,1,4,fallback_support,1,0,0
keep moving forward,logistics,1,1,4,fallback_support,1,0,0
miss my rosemary water,logistics,1,1,4,fallback_support,1,0,0
delivery arrived without call,logistics,1,1,4,support,1,0,0
courier not received very bad,logistics,0,0,2,damage_lost,0,4,3
exact delivery time should be informed,logistics,1,1,4,fallback_support,1,0,0
very fast good service,logistics,2,2,4,fallback_support,2,1,0
ok,logistics,1,1,4,fallback_support,1,0,0
delivery charge taken despite free delivery,logistics,1,1,4,fallback_support,1,0,0
delivery smooth experience,logistics,2,2,4,fallback_support,2,1,0
no need cheaters parcel take for delivery ensure check before accept,logistics,1,1,4,fallback_support,1,0,0
average service,logistics,1,1,4,fallback_support,1,0,0
very good experience overall,logistics,2,2,4,fallback_support,2,1,0
collect my parcel at office,logistics,1,1,4,fallback_support,1,0,0
delivery person polite professional,logistics,1,1,4,fallback_support,2,0,0
not delivering at right place but marked delivered,logistics,0,0,4,fallback_support,1,0,1
service poor,logistics,0,0,4,fallback_support,0,3,2
delivery confirmation sent without actual delivery,logistics,0,0,4,fallback_support,1,0,1
delivery agent asked for OTP but did not hand over parcel,logistics,0,0,4,fallback_support,1,0,1
shipment not delivered by delivery staff,logistics,0,0,4,fallback_support,0,3,2
rude behaviour of delivery person abusive foul language use very unpleasant experience,logistics,0,0,3,behaviour,0,3,2
delivery boy rough language,logistics,1,1,4,fallback_support,1,0,0
superb fast delivery,logistics,2,2,4,fallback_support,2,1,0
best service,logistics,2,2,4,fallback_support,2,1,0
wrong item delivered customer deceived,logistics,0,0,4,fallback_support,0,3,2
yes before opening account branch staff promised visit but never came online process was smooth,logistics,1,2,4,fallback_support,2,0,0
already good,logistics,2,2,4,fallback_support,2,1,0
bad experience,logistics,0,0,4,fallback_support,0,3,2
very bad experience from blue dart,logistics,0,0,4,fallback_support,0,3,2
blue dart delayed delivery despite parcel reaching hub,logistics,0,0,0,delay,0,3,2
medicine delivery delayed false excuse,logistics,0,0,0,delay,0,3,2
tracking good delivery speed needs improvement,logistics,1,2,5,tracking,1,1,1
delivery boy harassed customer,logistics,1,1,4,fallback_support,0,0,0
delivery agent was rude aggressive and ill mannered very disappointed,logistics,0,0,3,behaviour,0,3,2
delivery boy refused home delivery forced hub pickup,logistics,0,0,4,fallback_support,1,0,1
parcel not delivered yet,logistics,0,0,0,delay,0,3,2
what we order it not come totally different it come plss take this order we want other item,logistics,0,0,4,fallback_support,1,0,1
nice product,logistics,2,2,4,fallback_support,2,1,0
very poor delivery service,logistics,0,0,4,fallback_support,0,3,2
delivery nice express good delivery,logistics,2,2,4,fallback_support,2,1,0
please give tracking update in arattai app,logistics,1,1,5,tracking,1,0,1
delivery person not confirming recipient,logistics,1,1,4,fallback_support,1,0,0
provide delivery agent contact number,logistics,1,1,4,support,1,0,0
do not receive yet,logistics,1,1,4,fallback_support,1,0,0
delivery person honest but customer absent,logistics,1,1,4,fallback_support,1,0,0
bad service no home delivery credit card delay,logistics,0,0,0,delay,0,3,2
please mention expected delivery time in message,logistics,1,1,4,fallback_support,1,0,0
parcel undelivered due to false reason premise locked,logistics,0,0,4,fallback_support,1,0,1
very long time delivery bad,logistics,0,0,4,fallback_support,0,3,2
get my parcel on time extremely happy,logistics,2,2,4,fallback_support,2,1,0
delivery partner overloaded bike issue,logistics,1,0,4,fallback_support,0,0,0
flat number missing delivered at gate,logistics,1,0,4,fallback_support,0,0,0
great quick delivery with minimal calls,logistics,2,2,4,support,2,1,0
achcha,logistics,1,1,4,fallback_support,1,0,0
item received broken,logistics,1,1,2,damage_lost,0,0,0
delivery delayed no response after first call service bad,logistics,1,0,0,delay,0,2,2
reduce minimum balance requirement,logistics,1,1,4,fallback_support,1,0,0
behaviour not good and refused to wait for change,logistics,0,0,3,behaviour,2,1,2
product unsafe not working refund or exchange,logistics,1,0,7,refund,1,0,0
product color different from what was shown,logistics,0,0,4,fallback_support,1,0,1
received different sets instead of same color sets,logistics,1,1,4,fallback_support,1,0,0
delivery person courteous,logistics,2,2,4,fallback_support,2,4,3
fake jewellery wrong product delivered,logistics,0,0,4,fallback_support,0,3,2
receive in time,logistics,2,2,4,fallback_support,2,1,0
deliver wrong product,logistics,0,0,4,fallback_support,0,3,2
poor packaging and damaged handling,logistics,0,0,2,damage_lost,0,4,3
delivery staff polite timely,logistics,1,1,4,fallback_support,2,0,0
good timely service,logistics,2,2,4,fallback_support,2,1,0
packaging was proper,logistics,1,1,4,fallback_support,1,0,0
had to go for pickup no one answered calls at godown very upsetting,logistics,0,0,4,support,1,0,1
giod,logistics,1,1,4,fallback_support,1,0,0
delivery agent was rude and unreachable during duty hours,logistics,0,0,3,behaviour,0,3,2
extra charges taken very bad service,logistics,0,0,6,pricing,0,3,2
parcel thrown inside gate unacceptable behavior,logistics,0,0,3,behaviour,1,0,2
delivery on time with proper tracking update,logistics,2,2,5,tracking,1,0,0
it good,logistics,2,2,4,fallback_support,2,1,0
delivery person damaged doorbell by continuous pressing,logistics,0,0,2,damage_lost,0,4,3
shipment falsely marked undelivered twice,logistics,0,0,4,fallback_support,1,0,1
parcel not received very sad,logistics,0,0,2,damage_lost,0,4,3
delivery agent phone numbers not reachable,logistics,1,1,4,fallback_support,1,0,0
get wrong order,logistics,0,0,4,fallback_support,0,3,2
replacement required wrong product,logistics,1,0,7,refund,0,0,0
delivery process very bad forced to collect from office,logistics,0,0,4,fallback_support,0,3,2
perform more expectation,logistics,1,1,4,fallback_support,1,0,0
refused doorstep delivery asked to cancel,logistics,1,1,4,fallback_support,1,0,0
delivery very fast satisfied,logistics,2,2,4,fallback_support,2,1,0
delivery boy polite and helpful,logistics,2,2,4,fallback_support,2,1,0
order delayed more than a day repeatedly,logistics,1,0,0,delay,0,2,2
empty box received product missing,logistics,1,0,2,damage_lost,0,0,0
wrong parcel received,logistics,1,0,4,fallback_support,0,0,0
early delivery before expected,logistics,2,2,4,fallback_support,2,1,0
everything good keep it up,logistics,2,2,4,fallback_support,2,1,0
late delivery issue,logistics,0,0,0,delay,0,3,2
fraud waste product delivered refund money,logistics,0,0,7,refund,0,4,3
very very warst quality damage,logistics,0,0,2,damage_lost,0,4,3
unknown person received parcel,logistics,1,1,1,wrong_delivery,1,0,1
thanks for call,logistics,1,2,4,support,2,1,0
no information about delivery status,logistics,1,1,5,soft_tracking,1,0,1
wrong consignee remark incorrect attempt update,logistics,0,0,4,fallback_support,0,3,2
delivery boy refused address pickup office,logistics,0,0,4,fallback_support,1,0,1
If you call I will tell you 6205637767,logistics,1,1,4,support,1,0,0
already make order delay without contact customer mark that customer not available,logistics,0,0,0,delay,0,3,2
wrong and missing products received,logistics,0,0,4,fallback_support,0,3,2
delivery guy did not call before delivery,logistics,0,0,3,behaviour,1,0,2
one of the best services,logistics,2,2,4,fallback_support,2,1,0
good,logistics,1,2,4,fallback_support,2,1,0
excellent service by delivery staff,logistics,2,2,4,fallback_support,2,1,0
wrong jersey delivered,logistics,0,0,4,fallback_support,0,3,2
delivery agent disrespectful tone,logistics,0,0,4,fallback_support,1,0,1
delivery refused home delivery forced hub pickup,logistics,0,0,4,fallback_support,1,0,1
lovely delivery person,logistics,2,2,4,fallback_support,2,1,0
it ok,logistics,1,1,4,fallback_support,1,0,0
on time delivery,logistics,2,2,4,fallback_support,2,1,0
agent did not listen properly during validation and was in a hurry,logistics,0,0,4,fallback_support,1,0,1
delivery person delivered to wrong house and asked me to collect later,logistics,0,0,1,wrong_delivery,0,3,2
delivery boy misbehaved,logistics,1,1,3,behaviour,1,0,0
always outstanding,logistics,2,2,4,fallback_support,2,1,0
awesome delivery by bluedart thank you,logistics,2,2,4,fallback_support,2,1,0
COD change required suggestion,logistics,1,1,4,fallback_support,1,0,0
different shade received,logistics,1,1,4,fallback_support,1,0,0
additionally charge extra,logistics,0,0,4,fallback_support,1,0,1
missing item in parcel box,logistics,0,0,2,damage_lost,0,4,3
good no,logistics,1,2,4,fallback_support,2,1,0
no response from delivery boy,logistics,0,0,4,support,0,3,2
polite well behaved delivery person,logistics,1,1,4,fallback_support,2,0,0
delivery agent deny deliver at home,logistics,1,1,4,fallback_support,1,0,0
please provide delivery executive contact number,logistics,1,1,4,support,1,0,0
day before delivery thank you,logistics,2,2,4,fallback_support,2,1,0
call before delivery attempt,logistics,1,1,4,support,1,0,0
delivery agent took otp but did not deliver,logistics,0,0,4,fallback_support,1,0,1
very poor delivery not delivered on time,logistics,0,0,0,delay,0,3,2
not delivere time time fasle commitment,logistics,1,1,4,fallback_support,1,0,0
nothing report,logistics,1,1,4,fallback_support,1,0,0
nobody cared about customer time extremely pathetic experience,logistics,0,0,4,fallback_support,1,0,1
from last three day your delivery agent reschedule delivery date even without ask me,logistics,1,1,4,fallback_support,1,0,0
good response,logistics,2,2,4,fallback_support,2,1,0
please return my order,logistics,1,1,7,refund,1,0,0
nice packaging and good delivery service,logistics,2,2,4,fallback_support,2,1,0
pathetic service had to collect parcel from outlet,logistics,0,0,4,fallback_support,1,0,1
saree damage,logistics,1,0,2,damage_lost,1,0,0
delivery very quick and smooth,logistics,2,2,4,fallback_support,2,1,0
delivery person did not call and product not received,logistics,0,0,2,damage_lost,0,4,3
product damaged on opening please take back,logistics,0,0,2,damage_lost,0,4,3
delivery took whole day,logistics,1,1,4,fallback_support,1,0,0
shipment prompt but one item miss in parcel,logistics,0,0,4,fallback_support,2,0,1
goo,logistics,1,1,4,fallback_support,1,0,0
wrong product receive,logistics,0,0,4,fallback_support,0,3,2
rohit yadav,logistics,1,1,4,fallback_support,1,0,0
they did not call and handed parcel to unknown person,logistics,0,0,3,behaviour,1,0,2
delivery executive behaviour was pathetic and rude,logistics,0,0,3,behaviour,0,3,2
vad quality,logistics,1,1,4,fallback_support,1,0,0
delivery boy agent good behaviour respectful blue dart service,logistics,2,2,3,behaviour,2,1,0
my courier not delivered at all,logistics,0,0,4,fallback_support,0,3,2
mobile number wrongly updated in system,logistics,1,0,4,fallback_support,0,0,0
thank you for great service example,logistics,2,2,4,fallback_support,2,1,0
learning how to use new card benefits,logistics,1,1,4,fallback_support,1,0,0
not receive my debit card yet,logistics,0,0,4,fallback_support,1,0,1
delivery update only,logistics,1,1,4,fallback_support,1,0,0
delivery staff rude payment issue humiliating behaviour,logistics,0,0,6,pricing,0,3,2
fraud courier payment concern raised,logistics,1,1,4,fallback_support,1,4,3
didnt receive my order but status shows delivered,logistics,0,0,4,fallback_support,1,0,1
have go take from hub,logistics,1,1,4,fallback_support,1,0,0
duplicate cheap product delivered fraud,logistics,0,0,4,fallback_support,1,4,3
delivery executive did not come home had to go office to collect card,logistics,0,0,4,fallback_support,1,0,1
did not receive package,logistics,0,0,2,damage_lost,0,4,3
pathetic rural delivery experience repeated false updates,logistics,0,0,4,fallback_support,1,0,1
quality poor box already opened,logistics,1,1,4,fallback_support,0,0,0
without call delivery boy humble,logistics,1,1,4,support,1,0,0
satisfied,logistics,1,1,4,fallback_support,2,1,0
merchant fraud sent wrong item affecting bluedart reputation,logistics,1,0,4,fallback_support,0,4,3
bahut jyada lal ho gya hai purana stock pack karke bhej diya hai or isme return ka option nahi hai,logistics,1,1,7,refund,1,0,0
courier person respectful,logistics,1,1,4,fallback_support,1,0,0
shipment received broken,logistics,0,0,2,damage_lost,0,4,3
amazing delivery person,logistics,1,1,4,fallback_support,1,0,0
increase service in rural punjab,logistics,1,1,4,fallback_support,1,0,0
worst service ever experienced,logistics,0,0,4,fallback_support,0,3,2
wrong product totally delivered,logistics,0,0,4,fallback_support,0,3,2
delivery on time,logistics,1,1,4,fallback_support,2,0,0
fast good service,logistics,1,2,4,fallback_support,2,1,0
delivery person very professional,logistics,2,2,4,fallback_support,2,1,0
delivery delay than given time,logistics,0,0,0,delay,0,3,2
avoid weekend deliveries suggestion,logistics,1,1,4,fallback_support,1,0,0
unknown receiver name shown,logistics,1,1,4,fallback_support,1,0,0
delivery person was very rude argued at doorstep,logistics,0,0,3,behaviour,0,3,2
delivery agent rude location handling,logistics,0,0,3,behaviour,0,3,2
fraud happened with me,logistics,0,0,4,fallback_support,1,4,3
scammed wrong product delivered refund needed,logistics,0,0,7,refund,0,4,3
blue dart known for safe quick delivery delivery staff trained and responsive,logistics,2,2,4,fallback_support,2,1,0
pathetic repeated false delivery attempts,logistics,0,0,4,fallback_support,1,0,1
delivery staff cooperative behaviour,logistics,1,1,3,behaviour,1,0,0
improve technology based services,logistics,2,2,4,fallback_support,2,1,0
good work very supportive team,logistics,2,2,4,support,2,1,0
branch staff quality needs improvement,logistics,1,1,4,fallback_support,1,0,0
very good service polite delivery person,logistics,2,2,4,fallback_support,2,1,0
good service good bihevear,logistics,2,2,4,fallback_support,2,1,0
parcel leave with gate man in different block of this complex it should deliver my flat,logistics,0,0,4,fallback_support,1,0,1
unknown person received parcel,logistics,0,0,1,wrong_delivery,0,3,2
toxic delivery behaviour forced pickup threats,logistics,0,0,3,behaviour,1,0,2
very poor service,logistics,0,0,4,fallback_support,0,3,2
delivery not done please contact me,logistics,1,1,4,support,1,0,0
wrong color received want exchange,logistics,1,0,7,refund,0,0,0
only partial order received,logistics,1,1,4,fallback_support,1,0,0
best,logistics,2,2,4,fallback_support,2,1,0
amaze person,logistics,1,1,4,fallback_support,1,0,0
mixed feedback account opening delayed,logistics,1,0,0,delay,0,2,2
it take almost two week deliver my order,logistics,0,0,4,fallback_support,1,0,1
bad perfume itna mehnga perfume isse acha fogg hai,logistics,1,0,4,fallback_support,0,0,0
received bad product,logistics,0,0,4,fallback_support,0,3,2
excellent fast delivery within one day,logistics,2,2,4,fallback_support,2,1,0
fraud different product received,logistics,0,0,4,fallback_support,1,4,3
since last few month,logistics,1,1,4,fallback_support,1,0,0
order mismatch issue,logistics,0,0,4,fallback_support,0,3,2
delivery made in my absence,logistics,1,1,4,fallback_support,1,0,0
delivery boy not doorstep village shop delivery bank card loss bad service,logistics,0,0,4,fallback_support,0,3,2
easy delivery,logistics,1,1,4,fallback_support,1,0,0
wanted to cancel order but delivery person did not contact and delivered to security guard,logistics,0,0,3,behaviour,1,0,2
promise kept,logistics,1,1,4,fallback_support,1,0,0
ahead of time delivery,logistics,2,2,4,fallback_support,2,1,0
irritating service order stuck in city no help,logistics,0,0,4,fallback_support,0,3,2
too much delay,logistics,0,0,0,delay,0,3,2
best team,logistics,2,2,4,fallback_support,2,1,0
delivered on time but no return option and customer not contacted when call failed,logistics,0,0,7,refund,1,0,0
received at location,logistics,1,1,4,fallback_support,1,0,0
delivered one day early very happy,logistics,2,2,4,fallback_support,2,1,0
yas,logistics,1,1,4,fallback_support,1,0,0
out of station reason falsely marked,logistics,0,0,4,fallback_support,1,0,1
didnt receive my parcel yet,logistics,0,0,4,fallback_support,1,0,1
u do excellent job keep it up,logistics,2,2,4,fallback_support,2,1,0
didnt receive my package,logistics,0,0,4,fallback_support,1,0,1
packaging open internal product packaging also open,logistics,1,1,4,fallback_support,1,0,0
fake refused status forced pickup,logistics,0,0,4,fallback_support,0,3,2
packaging completely different leaking product,logistics,1,1,2,damage_lost,1,0,0
provide promised delivery timeline,logistics,1,1,4,fallback_support,1,0,0
no complaints,logistics,1,1,4,support,0,3,2
prompt polite speedy delivery,logistics,2,2,4,fallback_support,2,1,0
not good delivery agent call missed marked undelivered had to collect from office,logistics,0,0,4,support,2,1,1
documents not received parcel missing,logistics,0,0,2,damage_lost,0,4,3
product fake,logistics,0,0,4,fallback_support,0,3,2
service not well,logistics,0,0,4,fallback_support,1,0,1
fake delivery update by agent,logistics,1,1,4,fallback_support,0,0,0
nice delivery,logistics,2,2,4,fallback_support,2,1,0
delivery boy very polite and on time,logistics,2,2,4,fallback_support,2,1,0
processing charge query,logistics,1,1,4,support,1,0,0
not received parcel yet,logistics,1,1,2,damage_lost,0,0,0
no word,logistics,1,1,4,fallback_support,1,0,0
bahut bekar delivery din lag gaye,logistics,1,1,4,fallback_support,1,0,0
parcel still not received,logistics,0,0,2,damage_lost,0,4,3
package damaged externally improve delivery quality,logistics,1,0,2,damage_lost,0,3,3
did not receive my parcel,logistics,0,0,2,damage_lost,0,4,3
really fast delivery,logistics,2,2,4,fallback_support,2,1,0
dint receive it,logistics,1,1,4,fallback_support,1,0,0
courier not deliver,logistics,0,0,4,fallback_support,1,0,1
most unreliable frequent delays,logistics,0,0,0,delay,0,3,2
tooo late delivery joke,logistics,0,0,0,delay,0,3,2
no one at home who accepted delivery,logistics,1,1,4,fallback_support,1,0,0
very satisfied cooperative service,logistics,2,2,4,fallback_support,2,1,0
expected delivery date not met,logistics,1,1,4,fallback_support,1,0,0
late delivery unacceptable,logistics,0,0,0,delay,0,3,2
scam product no primer received only mascara,logistics,0,0,4,fallback_support,1,4,3
Good working bank ,logistics,2,2,4,fallback_support,2,1,0
fake product delivered,logistics,1,1,4,fallback_support,0,0,0
should notify customer in every hub parcel reach,logistics,1,1,4,fallback_support,1,0,0
best courier service,logistics,2,2,4,fallback_support,2,1,0
delivery not attempted but resolved after complaint very satisfied,logistics,2,2,0,delay,0,3,2
wrong delivery updates should not be done,logistics,1,0,4,fallback_support,0,3,2
excellent service by bluedart staff,logistics,2,2,4,fallback_support,2,1,0
delivery agent did not call me,logistics,0,0,3,behaviour,1,0,2
status shows delivered but courier not received,logistics,0,0,2,damage_lost,0,4,3
trash found inside parcel box,logistics,0,0,4,fallback_support,1,0,1
delivery boy humble and polite,logistics,2,2,4,fallback_support,2,1,0
give different item support not helpful,logistics,1,1,4,support,0,0,0
good delivery,logistics,2,2,4,fallback_support,2,1,0
very late delivery with false updates,logistics,0,0,0,delay,0,3,2
please call again,logistics,1,1,4,support,1,0,0
very nice helpful delivery staff,logistics,2,2,4,fallback_support,2,1,0
delivery partner inappropriate behavior at window,logistics,1,1,3,behaviour,1,0,0
already served,logistics,1,1,4,fallback_support,1,0,0
delivery refused had to go 3km away,logistics,0,0,4,fallback_support,1,0,1
they raised failed delivery without calling,logistics,0,0,4,support,1,0,1
delivery boy refused doorstep delivery and behaved very badly,logistics,0,0,4,fallback_support,0,3,2
not deliver at my address ask come nearby,logistics,0,0,4,fallback_support,1,0,1
delivery staff talked rudely,logistics,0,0,3,behaviour,0,3,2
delivery delayed birthday gift impacted,logistics,1,0,0,delay,0,2,2
want to return parcel received wrong item,logistics,0,0,7,refund,0,4,3
not receive order pankaj not priya waiting more than week,logistics,0,0,4,fallback_support,1,2,1
delivery partner did not call and product not received,logistics,0,0,2,damage_lost,0,4,3
return option missing after order,logistics,1,0,7,refund,0,0,0
this very poor irresponsible service receive my courier after fifteen day,logistics,0,0,4,fallback_support,0,3,2
appreciate effort despite delay,logistics,2,0,0,delay,0,0,0
delivery team updated status without calling unacceptable,logistics,1,1,4,support,1,0,0
team delivered correct product to address appreciate effort,logistics,2,2,4,fallback_support,2,1,0
need return item,logistics,1,1,7,refund,1,0,0
bad experience with delivery vendor,logistics,0,0,4,fallback_support,0,3,2
good but not up to mark,logistics,1,2,4,fallback_support,2,1,0
parcel not delivered,logistics,0,0,4,fallback_support,0,3,2
she deliver at security gate,logistics,1,1,4,fallback_support,1,0,0
very poor service expected delivery by 1st oct fake update customer not available caused penalty due to delay,logistics,0,0,0,delay,0,3,2
severely damaged packaging contents spilled,logistics,0,0,2,damage_lost,0,4,3
try deliver same date when delivery status show in order,logistics,1,1,4,fallback_support,1,0,0
prompt delivery even at different address,logistics,2,2,4,fallback_support,2,1,0
defective product want return,logistics,1,1,7,refund,1,0,0
not applicable,logistics,0,0,4,fallback_support,1,0,1
delivery boy lied about attempt,logistics,0,0,4,fallback_support,1,0,1
product quality not good,logistics,0,0,4,fallback_support,2,1,1
fast delivery neutral experience,logistics,1,1,4,fallback_support,2,0,0
earbuds box scratched poor product quality,logistics,0,0,4,fallback_support,0,3,2
overselling concerns,logistics,1,1,4,fallback_support,1,2,1
good performance delivery team,logistics,2,2,4,fallback_support,2,1,0
very bad service without call and repeated delays,logistics,0,0,0,delay,0,3,2
verification required,logistics,1,1,4,fallback_support,1,0,0
order marked delivered but not received,logistics,1,1,2,damage_lost,0,0,0
staff behavior not good,logistics,0,0,3,behaviour,2,1,2
bad service coordination by logistics partner,logistics,0,0,4,fallback_support,0,3,2
poor performance failed to deliver on time and place,logistics,0,0,4,fallback_support,0,3,2
collected parcel from office no home delivery,logistics,0,0,4,fallback_support,1,0,1
no call from delivery agent forced office pickup bad service,logistics,0,0,3,behaviour,0,3,2
superb service by delivery personnel,logistics,2,2,4,fallback_support,2,1,0
wrong receiver name unprofessional,logistics,0,0,3,behaviour,0,3,2
did not get ordered book want return,logistics,0,0,7,refund,0,4,3
abc,logistics,1,1,4,fallback_support,1,0,0
wrong fake product dilevered,logistics,0,0,4,fallback_support,0,3,2
delivery details required,logistics,1,1,4,fallback_support,1,0,0
video kyc smooth secure delivery with minimal id sharing,logistics,2,2,4,fallback_support,2,1,0
online kyc process needs improvement,logistics,1,1,4,fallback_support,1,0,0
ok fragile items should not be delivered on bike,logistics,1,1,4,fallback_support,1,0,0
delivery person misled saying he arrived waited long very bad experience,logistics,0,0,4,fallback_support,0,3,2
fraud by company,logistics,1,1,4,fallback_support,1,4,3
it is not my order,logistics,0,0,1,wrong_delivery,0,3,2
passbook printing facility required at branch,logistics,1,1,4,fallback_support,1,0,0
delivery always reschedule mark consignee not available,logistics,1,1,4,fallback_support,1,0,0
continue with same spirit,logistics,1,1,4,fallback_support,1,0,0
extremely poor service courier did not deliver card at office address official complaint raised,logistics,0,0,4,support,0,3,2
wrong item delivered,logistics,1,0,4,fallback_support,0,0,0
product different from video shown,logistics,1,1,4,fallback_support,1,0,0
who abishek,logistics,1,1,4,fallback_support,1,0,0
video kyc interrupted multiple times,logistics,1,1,4,fallback_support,1,0,0
item damaged,logistics,0,0,2,damage_lost,0,4,3
delivery executive missed call no follow up,logistics,0,0,4,support,1,2,1
bad service,logistics,0,0,4,fallback_support,0,3,2
service not liked,logistics,1,1,4,fallback_support,1,0,0
wrong flip cover delivered instead of ordered product,logistics,0,0,4,fallback_support,0,3,2
prompt delivery without unnecessary calls,logistics,1,1,4,support,2,0,0
parcel delivered to wrong floor wrong person,logistics,0,0,1,wrong_delivery,0,3,2
delivery person didnt call held consignment,logistics,0,0,5,tracking,1,0,0
it is ok,logistics,1,1,4,fallback_support,1,0,0
parcel delayed despite multiple complaints,logistics,0,0,0,delay,0,3,2
delivery executive lied,logistics,0,0,4,fallback_support,1,0,1
not delivered,logistics,0,0,4,fallback_support,0,3,2
doorstep delivery no unnecessary calls satisfied,logistics,2,2,4,support,2,1,0
forced market pickup not doorstep delivery risky for bank documents,logistics,1,1,4,fallback_support,1,0,0
item not deliver,logistics,1,1,4,fallback_support,1,0,0
order delayed,logistics,0,0,0,delay,0,3,2
delivery agent called and delivered to office address,logistics,1,1,4,support,1,0,0
love product quality excellent,logistics,2,2,4,fallback_support,2,1,0
delivery person talked rudely no manners during delivery,logistics,0,0,3,behaviour,0,3,2
okay,logistics,1,1,4,fallback_support,1,0,0
delivery staff behaviour was good,logistics,2,2,3,behaviour,2,1,0
thank you service appreciated,logistics,2,2,4,fallback_support,2,1,0
quick service,logistics,2,2,4,fallback_support,2,1,0
credit card features miscommunicated,logistics,1,1,4,fallback_support,1,0,0
bad service received,logistics,0,0,4,fallback_support,0,3,2
really appreciate delivery partner patience dedication,logistics,2,2,4,fallback_support,2,1,0
item not delivered to me,logistics,0,0,4,fallback_support,0,3,2
not time delivery,logistics,1,1,4,fallback_support,1,0,0
order received safely,logistics,2,2,4,fallback_support,2,1,0
behaviour not good,logistics,0,0,3,behaviour,2,1,2
did not like product quality,logistics,0,0,4,fallback_support,1,0,1
bad experience with delivery staff cheap service,logistics,0,0,4,fallback_support,0,3,2
delivery partner demanded extra charges to deliver at my address,logistics,0,0,6,pricing,1,0,0
humble excellent service,logistics,2,2,4,fallback_support,2,1,0
size not perfect,logistics,1,2,4,fallback_support,2,0,0
best agent,logistics,1,1,4,fallback_support,1,0,0
not received any courier,logistics,0,0,2,damage_lost,0,4,3
Not proper service,logistics,0,0,4,fallback_support,1,0,1
super fast service,logistics,2,2,4,fallback_support,2,1,0
dont receive anything,logistics,1,1,4,fallback_support,1,0,0
share delivery date time in advance,logistics,1,1,4,fallback_support,1,0,0
ruthless aggressive delivery boy,logistics,0,0,4,fallback_support,1,0,1
want return my order,logistics,1,1,7,refund,1,0,0
poor internal team coordination,logistics,1,1,4,fallback_support,0,0,0
please call before delivery otherwise service superb,logistics,2,2,4,support,2,1,0
zero balance account misrepresented minimum balance demanded scam,logistics,0,0,4,fallback_support,1,4,3
good person delivery staff,logistics,2,2,4,fallback_support,2,1,0
item damaged please return this,logistics,0,0,2,damage_lost,0,4,3
no home delivery available,logistics,1,1,4,fallback_support,1,0,0
bad courier experience lifetime worst,logistics,1,0,4,fallback_support,0,0,0
delivery agent rude communication,logistics,0,0,3,behaviour,0,3,2
defective item,logistics,1,1,4,fallback_support,1,0,0
Everything looks good but no email transaction alerts received,logistics,2,2,4,fallback_support,2,1,0
delivery person lacks customer behaviour will not recommend bluedart,logistics,0,0,3,behaviour,1,0,2
no call received,logistics,1,1,3,behaviour,1,0,0
order delayed had to collect myself,logistics,0,0,0,delay,0,3,2
same day delivery started by bluedart great service,logistics,2,2,4,fallback_support,2,1,0
easy account opening within 2 minutes,logistics,2,2,4,fallback_support,2,1,0
order arrived damaged,logistics,1,0,2,damage_lost,0,3,3
koi deliver karne aaya hi tha,logistics,1,1,4,fallback_support,1,0,0
delivery staff rude attitude,logistics,0,0,3,behaviour,0,3,2
delivery agent did not call status shows delivered,logistics,0,0,3,behaviour,1,0,2
exllent,logistics,1,1,4,fallback_support,1,0,0
order not same,logistics,0,0,4,fallback_support,1,0,1
wrong item received need details,logistics,1,0,4,fallback_support,0,0,0
like the service,logistics,2,2,4,fallback_support,2,1,0
delivery person was rude and misbehaved on calls,logistics,0,0,3,behaviour,0,3,2
poor internal team,logistics,1,1,4,fallback_support,0,0,0
delivery boy behaviour very bad,logistics,0,0,3,behaviour,0,3,2
did not receive product no call from executive,logistics,0,0,2,damage_lost,0,4,3
delivery boy polite redelivered next day,logistics,2,2,4,fallback_support,2,1,0
so much delay not deliver my home do multiple follow up,logistics,0,0,0,delay,0,3,2
very good delivery on time polite staff,logistics,2,2,4,fallback_support,2,1,0
wrong system update no courier received,logistics,0,0,4,fallback_support,0,3,2
single item received instead of full order,logistics,1,1,4,fallback_support,1,0,0
delivery boy behaviour not good,logistics,0,0,3,behaviour,2,1,2
package damaged despite fragile sticker,logistics,1,0,2,damage_lost,0,3,3
delivery agent did not come for delivery,logistics,1,1,4,fallback_support,1,0,0
swift delivery,logistics,1,1,4,fallback_support,1,0,0
open package delivery would good,logistics,1,2,4,fallback_support,2,1,0
last time had a bad experience,logistics,0,0,4,fallback_support,0,3,2
it day late from estimate delivery,logistics,1,0,0,delay,0,0,1
positive experience respectful delivery boy,logistics,2,2,4,fallback_support,2,1,0
delivery person reached my home and delivered successfully very good service,logistics,2,2,4,fallback_support,2,1,0
food,logistics,1,1,4,fallback_support,1,0,0
product not received yet,logistics,1,1,2,damage_lost,0,0,0
delivery person didnt visit house forced outlet pickup,logistics,1,1,4,fallback_support,1,0,0
hamara company hai ki bar paisa liya jata hai,logistics,1,1,4,fallback_support,1,0,0
out for delivery in morning received after evening,logistics,1,1,4,fallback_support,1,0,0
no requirement excellent service,logistics,2,2,4,fallback_support,2,1,0
delivery boy poor behaviour,logistics,0,0,3,behaviour,0,3,2
very good experience,logistics,2,2,4,fallback_support,2,1,0
Reduce atiny Amount of ROI,logistics,1,1,4,fallback_support,1,0,0
return requested wrong product delivered,logistics,1,0,7,refund,0,0,0
tampered packaging wrong item and unreachable contact numbers,logistics,0,0,2,damage_lost,0,4,3
want cancel order,logistics,1,1,4,fallback_support,1,0,0
staff very helpful,logistics,2,2,4,fallback_support,2,1,0
reduce delivery charge request,logistics,1,1,4,fallback_support,1,0,0
very good service appreciate thanks,logistics,2,2,4,fallback_support,2,1,0
well service but nothing special,logistics,1,1,4,fallback_support,1,0,0
parcel not received without handover,logistics,0,0,2,damage_lost,0,4,3
delivery not attempted had to go office,logistics,0,0,0,delay,0,3,2
fail deliver parcel irresponsible had to reach depo,logistics,0,0,4,fallback_support,1,0,1
delivery not attempted had to collect from office staff rude,logistics,0,0,0,delay,0,3,2
impressed,logistics,1,1,4,fallback_support,1,0,0
great delivery representative,logistics,2,2,4,fallback_support,2,1,0
disappointedworst servicewouldnt recommend anyone n if someone tell or ask use bluedart surely make assure that he also doesnt use bluedart courier in his whole life,logistics,0,0,4,fallback_support,0,3,2
delivery executive insisted customer come downstairs refused doorstep delivery,logistics,0,0,4,fallback_support,1,0,1
parcel delivery week late,logistics,1,0,0,delay,0,0,1
very fast on time delivery,logistics,2,2,4,fallback_support,2,1,0
jst leave it in door,logistics,1,1,4,fallback_support,1,0,0
it take more than minute after approval of entry campus deliver package package deliver with out collect otp otp send me after delivery of package,logistics,1,1,4,fallback_support,1,0,0
improve delivery timing,logistics,1,1,4,fallback_support,1,0,0
well,logistics,1,1,4,fallback_support,1,0,0
khagaul centre deliberately dont deliver prepaid material false customer not available remark,logistics,0,0,4,fallback_support,1,0,1
worst experience extremely poor service shipment not delivered on time no support forced to collect from far location,logistics,0,0,0,delay,0,3,2
parcel deliver wrong address in building,logistics,0,0,1,wrong_delivery,0,3,2
not deliver,logistics,0,0,4,fallback_support,1,0,1
avoid bluedart poor service experience,logistics,0,0,4,fallback_support,0,3,2
broken bottle received,logistics,1,1,2,damage_lost,0,0,0
delivery agent marked self delivered,logistics,1,1,4,fallback_support,1,0,0
parcel delivered to someone else,logistics,1,1,4,fallback_support,1,0,0
order marked delivered but partially missing,logistics,0,0,4,fallback_support,0,3,2
wrong package received from seller,logistics,0,0,4,fallback_support,0,3,2
since you already customer connect ensure notify him on wa or through call so that he she would availablegood receive my both courier today itself,logistics,0,0,4,support,2,1,1
nice product very good,logistics,2,2,4,fallback_support,2,1,0
product damage packing open item total damaged,logistics,1,0,2,damage_lost,0,3,3
polite interaction,logistics,1,1,4,fallback_support,2,0,0
fake fraud platform allowed wrong product delivery,logistics,0,0,4,fallback_support,0,4,3
goob,logistics,1,1,4,fallback_support,1,0,0
welcome kit delivery delayed over a week disappointing,logistics,0,0,0,delay,0,3,2
charges high,logistics,1,1,4,fallback_support,1,0,0
delivery rider unresponsive,logistics,0,0,4,fallback_support,1,0,1
delivery boy provided excellent service,logistics,2,2,4,fallback_support,2,1,0
delivery delayed,logistics,1,0,0,delay,0,2,2
delivery boy rude but at least delivered order,logistics,1,0,3,behaviour,0,3,2
status shows delivered but not received,logistics,0,0,2,damage_lost,0,4,3
sumeran attitude always help company,logistics,1,1,4,fallback_support,1,0,0
very satisfied,logistics,2,2,4,fallback_support,2,1,0
it is excellent service,logistics,2,2,4,fallback_support,2,1,0
your service excellent,logistics,2,2,4,fallback_support,2,1,0
top notch delivery overall,logistics,1,1,4,fallback_support,1,0,0
delivery confirmation sms without delivery,logistics,1,1,4,fallback_support,1,0,0
order one but he deliver two,logistics,1,1,4,fallback_support,1,0,0
delivery failed after multiple attempts poor support,logistics,0,0,0,delay,0,3,2
parcel received but not handed properly,logistics,1,1,4,fallback_support,1,0,0
wrong product delivered by vendor,logistics,0,0,4,fallback_support,0,3,2
order delivered before expected date,logistics,1,1,4,fallback_support,1,0,0
person who come for delivery helpful,logistics,2,2,4,fallback_support,2,1,0
forced self pickup very bad service,logistics,0,0,4,fallback_support,0,3,2
0,logistics,1,1,4,fallback_support,1,0,0
timely delivery not done across regions,logistics,1,1,4,fallback_support,2,0,0
go get parcel they didnt deliver,logistics,1,1,4,fallback_support,1,0,0
full payment received mattress delivered after one week,logistics,0,0,4,fallback_support,1,0,1
delivery service very poor,logistics,0,0,4,fallback_support,0,3,2
delivery person impolite refused doorstep delivery repeatedly,logistics,0,0,3,behaviour,2,0,2
bank staff behaviour very good,logistics,2,2,3,behaviour,2,1,0
need return product,logistics,1,1,7,refund,1,0,0
all good,logistics,1,2,4,fallback_support,2,1,0
kit not received,logistics,0,0,2,damage_lost,0,4,3
very bad delivery boy not attend call,logistics,0,0,4,support,0,3,2
my shipment not deliver,logistics,0,0,4,fallback_support,1,0,1
please keep promises,logistics,1,1,4,fallback_support,1,0,0
good service delivery executive polite humble,logistics,2,2,4,fallback_support,2,1,0
package delivery confusion recipient mismatch,logistics,1,1,4,fallback_support,1,0,0
parcel not delivered after otp verification,logistics,0,0,4,fallback_support,0,3,2
courier marked delivered without call or visit,logistics,0,0,4,support,1,0,1
ok service,logistics,1,1,4,fallback_support,1,0,0
package attempt failed due to meeting rider marked consignee not found,logistics,1,1,4,fallback_support,1,0,0
still not delivered,logistics,0,0,4,fallback_support,0,3,2
name mismatch no confirmation or call received,logistics,1,1,4,support,1,0,0
need more branches suggestion,logistics,1,1,4,fallback_support,1,0,0
order handed to unknown person without call,logistics,0,0,4,support,1,0,1
pathetic service false updates,logistics,0,0,4,fallback_support,1,0,1
need more nearby branches,logistics,1,1,4,fallback_support,1,0,0
package leaking inside,logistics,0,0,2,damage_lost,0,4,3
even after giving rating process is cumbersome no punctuality or sense of time,logistics,0,0,4,fallback_support,1,0,1
delivery not on my address very bad experience,logistics,0,0,4,fallback_support,0,3,2
damaged product not returnable disappointed,logistics,0,0,2,damage_lost,0,4,3
thanks for quick delivery,logistics,2,2,4,fallback_support,2,1,0
delivery service fast and nice,logistics,2,2,4,fallback_support,2,1,0
on time delivery good,logistics,2,2,4,fallback_support,2,1,0
love it,logistics,2,2,4,fallback_support,2,1,0
call me for details,logistics,1,1,4,support,1,0,0
you are already great,logistics,2,2,4,fallback_support,2,1,0
delivery person didnt call shows wrong address,logistics,0,0,1,wrong_delivery,0,3,2
order marked delivered without attempt,logistics,0,0,4,fallback_support,1,0,1
good delivery person,logistics,2,2,4,fallback_support,2,1,0
fraud no shipment delivered,logistics,0,0,4,fallback_support,1,4,3
back side middle edge broken,logistics,1,1,2,damage_lost,0,0,0
delivery of shipment party via otp safe secure welcome it happy too please do it for all consignment yhby do this consignment neither get lose or misplace or deliver unknown person which generally do by mischievous delivery person,logistics,1,2,5,tracking,1,1,1
information message,logistics,1,1,4,fallback_support,1,0,0
update status truthfully,logistics,1,1,4,fallback_support,1,0,0
call before delivery or allow time slot,logistics,1,1,4,support,1,0,0
want refund,logistics,1,0,7,refund,1,0,0
too late service for urgent parcel,logistics,1,0,0,delay,0,0,1
appreciate delivery partner dedication,logistics,2,2,4,fallback_support,2,1,0
fast delivery well handled package,logistics,2,2,4,fallback_support,2,1,0
why delivery always afternoon and why otp needed every time,logistics,1,1,4,fallback_support,1,0,0
reach final round,logistics,1,1,4,fallback_support,1,0,0
delivery promised monday came thursday very disappointed,logistics,0,0,4,fallback_support,1,0,1
polite behaviour timely delivery item with not any disturbance,logistics,2,2,3,behaviour,2,1,0
could be faster,logistics,1,1,4,fallback_support,2,0,0
executive humble polite well mannered,logistics,2,2,4,fallback_support,2,1,0
nothing,logistics,1,1,4,fallback_support,1,0,0
fast delivery,logistics,1,1,4,fallback_support,2,0,0
marked consignee not available falsely,logistics,0,0,4,fallback_support,1,0,1
unsecured delivery without OTP verification,logistics,0,0,4,fallback_support,1,0,1
no call received for delivery,logistics,1,1,3,behaviour,1,0,0
courier fraud paid order scam,logistics,1,1,4,fallback_support,1,4,3
delivery boy very polite and helpful,logistics,2,2,4,fallback_support,2,1,0
very fast service,logistics,2,2,4,fallback_support,2,1,0
repeatedly had to collect parcel from hub,logistics,0,0,4,fallback_support,1,0,1
not good product,logistics,0,0,4,fallback_support,2,1,1
excellent work by staff,logistics,2,2,4,fallback_support,2,1,0
shipment supposed to be delivered earlier but fake delivery attempt message shown,logistics,0,0,4,fallback_support,0,3,2
do not get any parcel no call for delivery,logistics,0,0,3,behaviour,1,0,2
delivery staff rude behaviour,logistics,0,0,3,behaviour,0,3,2
delivery boy polite good,logistics,1,2,4,fallback_support,2,1,0
bad service never seen before,logistics,0,0,4,fallback_support,0,3,2
delivery executive hand over hdfc kit to unknown maid,logistics,1,1,4,fallback_support,1,0,0
delivery date not met,logistics,1,1,4,fallback_support,1,0,0
it not delivered yet but status marked delivered without passcode,logistics,0,0,0,delay,0,3,2
product not received and no call,logistics,0,0,2,damage_lost,0,4,3
disciplined delivery,logistics,2,2,4,fallback_support,2,1,0
fake retailer report on website,logistics,0,0,4,fallback_support,0,3,2
satisfactory,logistics,2,2,4,fallback_support,2,1,0
leave parcel with security without informing,logistics,1,1,4,fallback_support,1,0,0
abusive language,logistics,1,1,4,fallback_support,1,0,0
delivery done on time,logistics,2,2,4,fallback_support,2,1,0
delivery executive showed great respect,logistics,2,2,4,fallback_support,2,1,0
outstanding,logistics,1,1,4,fallback_support,1,0,0
asked to collect parcel downstairs instead of doorstep delivery,logistics,1,1,4,fallback_support,1,0,0
delivery agent deserves appreciation token,logistics,2,2,4,fallback_support,2,1,0
bad experience on this order for past day not get not correct response,logistics,0,0,4,fallback_support,0,3,2
delivery completed smoothly and on time,logistics,2,2,4,fallback_support,2,1,0
delivery faster than expectation,logistics,2,2,4,fallback_support,2,1,0
very good service overall,logistics,2,2,4,fallback_support,2,1,0
shipping on time but parcel stuck at hub,logistics,1,1,4,fallback_support,0,0,0
delivery person availability issue,logistics,1,0,4,fallback_support,0,0,0
order cancelled request,logistics,0,0,4,fallback_support,1,0,1
bad product,logistics,0,0,4,fallback_support,0,3,2
delivery guidance good behaviour,logistics,1,2,3,behaviour,2,1,0
good satisfied,logistics,2,2,4,fallback_support,2,1,0
item not received only papers,logistics,1,1,2,damage_lost,0,0,0
no call no update long wait cancel if not delivered,logistics,1,0,5,tracking,0,2,2
delivery delayed by one day,logistics,0,0,0,delay,0,3,2
order delivered on promised time,logistics,2,2,4,fallback_support,2,1,0
order not delivered payment done still waiting,logistics,0,0,0,delay,0,3,2
shipment damaged and delivery status updated incorrectly multiple times,logistics,0,0,2,damage_lost,0,4,3
delivery boy rude with family,logistics,0,0,3,behaviour,0,3,2
refund requested for poor quality product,logistics,0,0,7,refund,0,4,3
credit card delivery delayed despite location clarification,logistics,1,0,0,delay,0,2,2
delivery not done,logistics,0,0,4,fallback_support,1,0,1
delivery boy should attempt second call,logistics,0,0,4,support,1,0,1
order very late,logistics,0,0,0,delay,0,3,2
false delivery status repeatedly updated,logistics,0,0,4,fallback_support,1,0,1
received empty box with paper inside product missing,logistics,0,0,2,damage_lost,0,4,3
delivery person spoke angrily and insulted woman at my house,logistics,0,0,4,fallback_support,1,0,1
return requested product not working,logistics,0,0,7,refund,0,4,3
delivery team reported wrong house number without calling,logistics,0,0,1,wrong_delivery,0,3,2
really good,logistics,2,2,4,fallback_support,2,1,0
reduce price no delivery charge suggestion,logistics,1,1,4,fallback_support,1,0,0
on time prompt delivery,logistics,1,1,4,fallback_support,2,0,0
Online system is excellent mobile app is very user friendly,logistics,2,2,4,fallback_support,2,1,0
good service overall,logistics,2,2,4,fallback_support,2,1,0
delivery staff misbehaved during document delivery,logistics,0,0,3,behaviour,1,0,2
fake item bring,logistics,1,1,4,fallback_support,0,0,0
fraud website low quality no refund,logistics,0,0,7,refund,0,4,3
delivery agent kind and ensured reattempt successful delivery,logistics,2,2,4,fallback_support,2,1,0
very poor service medicine delivery delayed,logistics,0,0,0,delay,0,3,2
not receive any product,logistics,1,1,4,fallback_support,1,0,0
Paes only pass,logistics,1,1,4,fallback_support,1,0,0
good time bound service,logistics,2,2,4,fallback_support,2,1,0
cancel order,logistics,0,0,4,fallback_support,1,0,1
very particular service,logistics,1,1,4,fallback_support,1,0,0
delivery time mismatch reschedule issue,logistics,0,0,4,fallback_support,0,3,2
delivery boy decent on time but contact number needed,logistics,1,1,4,support,2,0,0
bad quality product received,logistics,0,0,4,fallback_support,0,3,2
great job delivery team,logistics,2,2,4,fallback_support,2,1,0
try give whatsapp update,logistics,1,1,4,fallback_support,1,0,0
username change suggestion for security,logistics,1,1,4,fallback_support,1,0,0
fake product delivered,logistics,0,0,4,fallback_support,0,3,2
delivery boy argued and behaved badly,logistics,0,0,3,behaviour,0,3,2
no call had to go office,logistics,0,0,3,behaviour,1,0,2
complete satisfaction with recent delivery handle by blue dart,logistics,2,2,4,fallback_support,2,1,0
product information missing no contact number,logistics,1,0,4,support,0,0,0
delivery partner always gives excuse,logistics,0,0,4,fallback_support,1,0,1
very nice delivery service,logistics,2,2,4,fallback_support,2,1,0
baat karne ki tameez nahi very poor,logistics,0,0,4,fallback_support,0,3,2
delivery without trouble,logistics,2,2,4,fallback_support,2,1,0
delivery person humble polite professional,logistics,2,2,4,fallback_support,2,1,0
didnt receive parcel but marked delivered,logistics,0,0,4,fallback_support,1,0,1
super service no problem,logistics,2,0,4,fallback_support,0,0,0
superfast delivery,logistics,2,2,4,fallback_support,2,1,0
fake parcel delivered fraud reported,logistics,0,0,4,fallback_support,0,4,3
reduce otp dependency,logistics,1,1,4,fallback_support,1,0,0
consignment marked consignee unavailable without visit had to self collect,logistics,0,0,5,tracking,1,0,0
delivery boy rude and unprofessional,logistics,0,0,3,behaviour,0,3,2
my package supposed to be delivered previous day but delay created serious issue,logistics,0,0,0,delay,0,3,2
wrong product received,logistics,0,0,4,fallback_support,0,3,2
very poor,logistics,0,0,4,fallback_support,0,3,2
unable to get local language support customer care,logistics,0,0,4,support,1,0,1
although location far from delivery point,logistics,1,1,4,fallback_support,1,0,0
delivery,logistics,1,1,4,fallback_support,1,0,0
no customer care support,logistics,0,0,4,support,1,0,1
order damaged please return,logistics,0,0,2,damage_lost,0,4,3
order not delivered on scheduled date,logistics,0,0,4,fallback_support,0,3,2
IDFC bank achhi bank hai,logistics,1,1,4,fallback_support,1,0,0
excellent work by nikhil,logistics,2,2,4,fallback_support,2,1,0
parcel delivered to apartment security without consent unacceptable,logistics,1,1,4,fallback_support,1,0,0
agent delivered product without my consent,logistics,0,0,4,fallback_support,1,0,1
excellent delivery behaviour polite staff,logistics,2,2,3,behaviour,2,1,0
no call received but message shows delivered,logistics,0,0,3,behaviour,1,0,2
delivery service terrible despite correct address,logistics,0,0,4,fallback_support,1,0,1
called to collect parcel delivery boy absent,logistics,1,1,4,support,1,0,0
colour different,logistics,1,1,4,fallback_support,1,0,0
very polite behaviour of delivery man,logistics,1,1,3,behaviour,2,0,0
goo d,logistics,1,1,4,fallback_support,1,0,0
please tell me whom my parcel was delivered to,logistics,1,1,4,fallback_support,1,0,0
fantastic delivery very fast delivery,logistics,2,2,4,fallback_support,2,1,0
leave packet outside security concern,logistics,1,1,4,fallback_support,1,2,1
shipment called to alternate place for delivery,logistics,1,1,4,support,1,0,0
delivery guy was very rude,logistics,0,0,3,behaviour,0,3,2
important document security measures need improvement,logistics,1,1,4,fallback_support,1,0,0
not good not bad,logistics,1,0,4,fallback_support,0,1,0
courier delivered without handover to me,logistics,0,0,4,fallback_support,1,0,1
no call received parcel not delivered,logistics,1,0,3,behaviour,0,0,0
amazing service best in india,logistics,2,2,4,fallback_support,2,1,0
not yet received product,logistics,0,0,4,fallback_support,1,0,1
very good service in this courier,logistics,2,2,4,fallback_support,2,1,0
polite interaction,logistics,2,2,4,fallback_support,2,1,0
worst banking service unacceptable,logistics,0,0,4,fallback_support,0,3,2
product receive damage,logistics,0,0,2,damage_lost,0,4,3
good communication skills,logistics,2,2,4,fallback_support,2,1,0
so far good,logistics,2,2,4,fallback_support,2,1,0
request delivery on promised date,logistics,1,1,4,fallback_support,1,0,0
product return requested,logistics,1,1,7,refund,1,0,0
didnt get my delivery expected early,logistics,0,0,4,fallback_support,1,0,1
bad service again,logistics,0,0,4,fallback_support,0,3,2
nice,logistics,1,2,4,fallback_support,2,0,0
ordered different item received different product very poor service,logistics,0,0,4,fallback_support,0,3,2
cancel my order,logistics,0,0,4,fallback_support,1,0,1
delivery agent should address name correctly,logistics,1,1,4,fallback_support,1,0,0
excellent service provider,logistics,2,2,4,fallback_support,2,1,0
sometimes delay happens,logistics,1,0,0,delay,0,2,2
parcel not delivered need receiver signature,logistics,0,0,4,fallback_support,0,3,2
stupid very bad product earing missingcheating return my product,logistics,0,0,7,refund,0,4,3
cheap duplicate product delivered fraud,logistics,0,0,4,fallback_support,1,4,3
delivery except date but order today deliver bhut hi slow delivery h helpline number pr koi response ni h,logistics,1,1,4,support,1,0,0
delivery person very sweet,logistics,2,2,4,fallback_support,2,1,0
disappointing branch behaviour delay delivery,logistics,0,0,0,delay,0,3,2
every delivery person should speak politely,logistics,1,1,4,fallback_support,2,0,0
v good service prompt,logistics,2,2,4,fallback_support,2,1,0
wrong product delivered,logistics,0,0,4,fallback_support,0,3,2
delivery person did not call even once,logistics,1,1,3,behaviour,1,0,0
delivery took too long,logistics,1,1,4,fallback_support,1,0,0
great service with timely updates,logistics,2,2,4,fallback_support,2,1,0
awesome service,logistics,1,2,4,fallback_support,1,0,0
wrong product delivered fraud,logistics,1,0,4,fallback_support,0,4,3
self,logistics,1,1,4,fallback_support,1,0,0
ordered large size delivered wrong size,logistics,0,0,4,fallback_support,0,3,2
wrong product and bad experience,logistics,0,0,4,fallback_support,0,3,2
product not delivered please contact,logistics,0,0,4,support,0,3,2
he rude,logistics,0,0,3,behaviour,0,3,2
your service so good,logistics,2,2,4,fallback_support,2,1,0
wrong saree sent customer cheated wants return,logistics,0,0,7,refund,0,4,3
shipment called to alternate location,logistics,1,1,4,support,1,0,0
cheated with wrong product,logistics,0,0,4,fallback_support,0,4,3
wrong shipment received,logistics,0,0,4,fallback_support,0,3,2
consignment not delivered at doorstep delayed,logistics,0,0,0,delay,0,3,2
service good overall,logistics,1,2,4,fallback_support,2,1,0
damaged box due to mishandling,logistics,0,0,2,damage_lost,0,4,3
super service good staff,logistics,2,2,4,fallback_support,2,1,0
fraud product delivered different from advertisement refund requested,logistics,0,0,7,refund,0,4,3
I have not received the order Here it is showing delivered,logistics,0,0,2,damage_lost,0,4,3
warehouse staff lacks customer ethics,logistics,1,1,4,fallback_support,1,0,0
defective product return policy needed,logistics,1,1,7,refund,1,0,0
good product service,logistics,2,2,4,fallback_support,2,1,0
wrong item delivered please refund,logistics,0,0,7,refund,0,4,3
delivery executive threw parcel carelessly and did not ask for OTP,logistics,0,0,4,fallback_support,1,0,1
courier not delivered but system shows delivered,logistics,1,0,5,tracking,0,0,1
display product good but received product very bad quality,logistics,1,0,4,fallback_support,0,1,0
he do not deliver parcel no phone call he do go office collect parcel,logistics,0,0,4,support,1,0,1
payment done but product not received,logistics,0,0,2,damage_lost,0,4,3
very fast delivery and good staff,logistics,2,2,4,fallback_support,2,1,0
product miss,logistics,1,1,4,fallback_support,1,0,0
unsatisfied feeling,logistics,1,1,6,pricing,1,1,0
satisfied with communication with agent,logistics,2,2,4,fallback_support,2,1,0
want to cancel my order,logistics,1,1,4,fallback_support,1,0,0
too late delivery and no response to on-time delivery requests extremely disappointing,logistics,0,0,0,delay,0,3,2
consignment not delivered to address,logistics,0,0,5,tracking,0,3,2
order delayed after repeat followup,logistics,1,0,0,delay,0,2,2
parcel delivered on estimated time accurately,logistics,2,2,4,fallback_support,2,1,0
SENDING OF ATM CARD TO COMMUNICATION ADRESS AS REQUESTED BY CUSTOMER,logistics,1,1,4,fallback_support,1,0,0
delivery handed to security gate but parcel missing,logistics,1,0,2,damage_lost,0,0,0
product not working,logistics,0,0,4,fallback_support,1,0,1
delivery agent attitude rude,logistics,0,0,3,behaviour,0,3,2
on this delievery,logistics,1,1,4,fallback_support,1,0,0
parcel left at gate asked to collect,logistics,1,1,4,fallback_support,1,0,0
bad service no call office also no response,logistics,0,0,3,behaviour,0,3,2
product exchanged fraud by delivery person,logistics,0,0,7,refund,0,4,3
delivery staff lied about calling customer repeatedly,logistics,0,0,4,support,1,0,1
very rude behaviour,logistics,0,0,3,behaviour,0,3,2
need delivery executive contact after delivery,logistics,1,1,4,support,1,0,0
parcel delivered to unknown person please investigate,logistics,0,0,4,fallback_support,1,0,1
no proper service had to visit agent multiple times poor communication,logistics,0,0,4,fallback_support,0,3,2
blue dart failed to deliver important document,logistics,0,0,4,fallback_support,1,0,1
month long non delivery forced office pickup,logistics,0,0,4,fallback_support,1,0,1
parcel not delivered no call from bluedart,logistics,0,0,3,behaviour,0,3,2
good delivery handling,logistics,1,2,4,fallback_support,2,1,0
bahut achha service hai,logistics,2,2,4,fallback_support,2,1,0
delivery agent did not call or attempt delivery,logistics,0,0,3,behaviour,1,0,2
very very very happy,logistics,2,2,4,fallback_support,2,1,0
no call received on delivery,logistics,1,1,3,behaviour,1,0,0
delivery at wrong place,logistics,0,0,1,wrong_delivery,0,3,2
all good,logistics,2,2,4,fallback_support,2,1,0
ok ok not satisfied with service,logistics,0,0,4,fallback_support,2,1,1
extremely bad service will never order again,logistics,0,0,4,fallback_support,0,3,2
excellent service experience,logistics,2,2,4,fallback_support,2,1,0
service excellent,logistics,2,2,4,fallback_support,2,1,0
who received parcel confirmation needed,logistics,1,1,4,fallback_support,1,0,0
first time did not receive parcel,logistics,0,0,2,damage_lost,0,4,3
excellent performance keep it up,logistics,2,2,4,fallback_support,2,1,0
no inquiry number available poor support,logistics,1,1,4,support,0,0,0
package not delivered nor OTP shared,logistics,0,0,4,fallback_support,0,3,2
wrong delivery address forced pickup,logistics,0,0,4,fallback_support,0,3,2
service already on time no change needed,logistics,1,1,4,fallback_support,2,0,0
delivery boy misbehave horrible experience,logistics,0,0,3,behaviour,1,0,2
quality not good,logistics,1,2,4,fallback_support,2,1,0
so good,logistics,2,2,4,fallback_support,2,1,0
best delivery,logistics,2,2,4,fallback_support,2,1,0
fast smooth,logistics,1,2,4,fallback_support,2,0,0
ordered white received black,logistics,0,0,4,fallback_support,1,0,1
first emi issue not satisfied,logistics,1,0,4,fallback_support,0,1,0
order delivered to wrong person,logistics,0,0,1,wrong_delivery,0,3,2
delivery agent did not call and parcel not received,logistics,0,0,2,damage_lost,0,4,3
urgent document marked delivered but not received,logistics,1,1,2,damage_lost,0,0,0
defective item received,logistics,0,0,4,fallback_support,1,0,1
worst courier service fake remarks no calls,logistics,0,0,3,behaviour,0,3,2
less quantity received,logistics,1,1,4,fallback_support,1,0,0
shipment stuck at hub address error excuse repeated,logistics,1,1,4,fallback_support,0,0,0
always reliable service,logistics,2,2,4,fallback_support,2,1,0
ghar par nahi tha delivery ke time,logistics,1,1,4,fallback_support,1,0,0
product defect received,logistics,1,1,4,fallback_support,1,0,0
prompt polite delivery person,logistics,1,1,4,fallback_support,2,0,0
very fast delivery,logistics,1,1,4,fallback_support,2,0,0
always late delivery dissatisfied,logistics,0,0,0,delay,0,3,2
good job by delivery team,logistics,2,2,4,fallback_support,2,1,0
delivery left with guard not apartment,logistics,1,1,4,fallback_support,1,0,0
delivery marked to wrong person,logistics,0,0,4,fallback_support,0,3,2
excellent service beyond expectations,logistics,2,2,4,fallback_support,2,1,0
it not my phone pouch modelwhat u sendi dont want this product,logistics,0,0,4,fallback_support,1,0,1
good work excellent service,logistics,2,2,4,fallback_support,2,1,0
cheated received wrong order want seller details,logistics,0,0,4,fallback_support,0,4,3
order not received despite OTP given,logistics,1,1,2,damage_lost,0,0,0
extreme delay false daily delivery messages,logistics,0,0,0,delay,0,3,2
delivery partner charged extra money,logistics,1,1,6,pricing,1,0,0
not deliver but sms recieved delivered dont know why,logistics,0,0,4,fallback_support,1,0,1
fake parcel received,logistics,1,1,4,fallback_support,0,0,0
reduce gap between out for delivery and actual delivery,logistics,1,1,4,fallback_support,1,0,0
delivery done late compared to schedule,logistics,0,0,0,delay,0,3,2
status shows delivered but parcel not received,logistics,0,0,2,damage_lost,0,4,3
box damaged,logistics,1,0,2,damage_lost,0,3,3
package box damaged,logistics,0,0,2,damage_lost,0,4,3
material not yet received,logistics,0,0,4,fallback_support,1,0,1
nothing tell,logistics,1,1,4,fallback_support,1,0,0
document not received today,logistics,1,1,2,damage_lost,0,0,0
bank transaction issue explanation required,logistics,1,0,4,fallback_support,0,0,0
delivery person left parcel outside house,logistics,0,0,4,fallback_support,1,0,1
return order please,logistics,1,1,7,refund,1,0,0
urgent courier not delivered irregular answers,logistics,1,0,4,fallback_support,0,0,0
good service very fast,logistics,2,2,4,fallback_support,2,1,0
good behaviour well mannered,logistics,2,2,3,behaviour,2,1,0
real time parcel tracking via map should be provided,logistics,1,1,5,tracking,1,0,1
not door delivery,logistics,1,1,4,fallback_support,1,0,0
order offer mismatch buy one get one not honoured,logistics,1,1,4,fallback_support,1,0,0
delivery delayed disappointed,logistics,0,0,0,delay,0,3,2
irrelevant word,logistics,1,1,4,fallback_support,1,0,0
blue dart always trustworthy courier,logistics,2,2,4,fallback_support,2,1,0
received order,logistics,1,1,4,fallback_support,1,0,0
otp verified but parcel not delivered,logistics,1,0,4,fallback_support,0,0,0
delivery boy collected money for prepaid order,logistics,0,0,4,fallback_support,1,0,1
provide delivery agent contact number when shipment out for delivery,logistics,1,1,4,support,1,0,0
always best service,logistics,2,2,4,fallback_support,2,1,0
good delivery service,logistics,2,2,4,fallback_support,2,1,0
Account opening process is good provide more account types option through online.,logistics,2,2,4,fallback_support,2,1,0
prodect exchange by delivery person,logistics,1,1,7,refund,1,0,0
delivery boy rude and misbehaved,logistics,0,0,3,behaviour,0,3,2
love your service,logistics,2,2,4,fallback_support,2,1,0
received wrong order not what I ordered,logistics,0,0,4,fallback_support,0,3,2
we not receive parcel,logistics,1,1,4,fallback_support,1,0,0
joint account request,logistics,1,1,4,fallback_support,1,0,0
timely delivery polite staff,logistics,2,2,4,fallback_support,2,1,0
No sir,logistics,1,1,4,fallback_support,1,0,0
wrong size received need exchange,logistics,1,0,7,refund,0,0,0
oil stain on saree poor quality,logistics,0,0,4,fallback_support,0,3,2
order partially delivered missing items,logistics,1,0,2,damage_lost,0,0,0
wrong product received no exchange possible,logistics,0,0,7,refund,0,4,3
not deliver product,logistics,0,0,4,fallback_support,1,0,1
"Nahin 

",logistics,1,1,4,fallback_support,1,0,0
parcel reached hub but delivered poorly,logistics,0,0,4,fallback_support,0,3,2
rude abusive behaviour,logistics,0,0,3,behaviour,0,3,2
too late delivery,logistics,1,0,0,delay,0,0,1
color mismatch product,logistics,1,1,4,fallback_support,1,0,0
bad service parcel not received but marked delivered,logistics,0,0,2,damage_lost,0,4,3
great behaviour,logistics,2,2,3,behaviour,2,1,0
quality service,logistics,1,1,4,fallback_support,1,0,0
order correct but product fake delivery partner polite,logistics,1,1,4,fallback_support,0,0,0
it poor service,logistics,0,0,4,fallback_support,0,3,2
return product issue not resolved,logistics,0,0,7,refund,0,4,3
always late delivery not delivered at my location,logistics,0,0,0,delay,0,3,2
urgent consignment delivered late,logistics,1,0,0,delay,0,0,1
delivery not done,logistics,1,1,4,fallback_support,1,0,0
package intact,logistics,2,2,4,fallback_support,2,1,0
delivery timing coordination appreciated,logistics,1,1,4,fallback_support,2,0,0
very good behaviour,logistics,2,2,3,behaviour,2,1,0
during face to face delivery please talk politely with customer,logistics,1,1,4,fallback_support,2,0,0
address marked incorrect without confirmation,logistics,1,1,4,fallback_support,0,0,0
receive wrong product,logistics,0,0,4,fallback_support,0,3,2
delivery person update address not contactable,logistics,0,0,4,support,1,0,1
parcel received late,logistics,0,0,0,delay,0,3,2
didnt get my delivery yet,logistics,0,0,4,fallback_support,1,0,1
very fast efficient delivery,logistics,2,2,4,fallback_support,2,1,0
delivery facility very poor order misplaced,logistics,0,0,4,fallback_support,0,3,2
out for delivery as expected,logistics,1,1,4,fallback_support,1,0,0
delivery partner contact details needed,logistics,1,1,4,support,1,0,0
fine,logistics,1,1,4,fallback_support,1,0,0
share customer executive contact details,logistics,1,1,4,support,1,0,0
disappointed service,logistics,0,0,4,fallback_support,1,0,1
support team resolved issue quickly,logistics,2,0,4,support,0,1,0
bad service ever,logistics,0,0,4,fallback_support,0,3,2
no delivery service available had to collect personally,logistics,1,1,4,fallback_support,1,0,0
employee behaviour very good,logistics,2,2,3,behaviour,2,1,0
delivery person collected extra money,logistics,0,0,4,fallback_support,1,0,1
keep going great work,logistics,2,2,4,fallback_support,2,1,0
thanks for before time delivery,logistics,2,2,4,fallback_support,2,1,0
timely delivery polite delivery person,logistics,1,1,4,fallback_support,2,0,0
please deliver to my home address not nearby shop,logistics,1,1,4,fallback_support,1,0,0
delivery staff good but issue out of delivery msg come at pm order deliver at pm,logistics,1,0,4,fallback_support,0,1,0
delivery agent called appreciated,logistics,2,2,4,support,2,1,0
very good delivery boy,logistics,2,2,4,fallback_support,2,1,0
blue dart service always perfect,logistics,2,2,4,fallback_support,2,1,0
delivery after many days unacceptable delay,logistics,0,0,0,delay,0,3,2
yes,logistics,1,1,4,fallback_support,1,0,0
another order pending,logistics,1,1,4,fallback_support,0,2,1
NRO account not working for weeks unable to transfer money unclear process,logistics,0,0,4,fallback_support,1,0,1
blue dart always best,logistics,2,2,4,fallback_support,2,1,0
no responsible office staff,logistics,1,1,4,fallback_support,1,0,0
perfect,logistics,2,2,4,fallback_support,2,1,0
fantastic person,logistics,2,2,4,fallback_support,2,1,0
delivery partner waited due to customer delay,logistics,1,0,0,delay,0,2,2
delivery call handling poor,logistics,1,1,4,support,0,0,0
order incomplete received missing items,logistics,0,0,2,damage_lost,0,4,3
order delivery unreliable marked yesterday delivered today,logistics,0,0,4,fallback_support,1,0,1
please change my parsal,logistics,1,1,4,fallback_support,1,0,0
late service unacceptable delay,logistics,1,0,0,delay,0,2,2
didnt order this never placed order,logistics,0,0,4,fallback_support,1,0,1
worst company had to collect from office,logistics,0,0,4,fallback_support,0,3,2
didnt receive delivery very bad experience,logistics,0,0,4,fallback_support,0,3,2
do good,logistics,2,2,4,fallback_support,2,1,0
location information message,logistics,1,1,4,fallback_support,1,0,0
super person delivery,logistics,1,1,4,fallback_support,1,0,0
loan roi mis-selling complaint,logistics,0,0,4,support,0,3,2
super fast delivery,logistics,2,2,4,fallback_support,2,1,0
service excellent thanks delivery staff,logistics,2,2,4,fallback_support,2,1,0
wrong item given after otp,logistics,0,0,4,fallback_support,0,3,2
on time delivery good performance,logistics,2,2,4,fallback_support,2,1,0
smooth delivery,logistics,1,2,4,fallback_support,2,0,0
nice delivery service,logistics,2,2,4,fallback_support,2,1,0
please correct my name,logistics,1,1,4,fallback_support,1,0,0
overall smooth banking experience helpful staff,logistics,2,2,4,fallback_support,2,1,0
gentle man doorstep delivery,logistics,1,1,4,fallback_support,1,0,0
return product quality bad,logistics,1,0,7,refund,0,0,0
in my opinion,logistics,1,1,4,fallback_support,1,0,0
fast delivery good support,logistics,2,2,4,support,2,1,0
ordered white received black,logistics,1,1,4,fallback_support,1,0,0
service as per plan,logistics,1,1,4,fallback_support,1,0,0
service on time and good,logistics,2,2,4,fallback_support,2,1,0
rahul very professional as usual,logistics,2,2,4,fallback_support,2,1,0
received on scheduled time thank you,logistics,2,2,4,fallback_support,2,1,0
day deliver,logistics,1,1,4,fallback_support,1,0,0
delivery rules violated forced pickup from hub,logistics,0,0,0,delay,0,3,2
ohutdf,logistics,1,1,4,fallback_support,1,0,0
not deliver at mentioned address had to collect elsewhere,logistics,0,0,4,fallback_support,1,0,1
nice experience,logistics,2,2,4,fallback_support,2,1,0
wrong parcel delivered,logistics,0,0,4,fallback_support,0,3,2
bluedart delivering fraudulent products serious warning,logistics,0,0,4,fallback_support,1,4,3
professionalism,logistics,1,1,4,fallback_support,2,0,0
otp shared but parcel not received,logistics,0,0,2,damage_lost,0,4,3
need OTP system for delivery,logistics,1,1,4,fallback_support,1,0,0
fast good service,logistics,2,2,4,fallback_support,2,1,0
havent received order yet,logistics,0,0,4,fallback_support,1,0,1
request for credit card information,logistics,1,1,4,fallback_support,1,0,0
wrong product scam,logistics,0,0,4,fallback_support,0,4,3
good bank,logistics,2,2,4,fallback_support,2,1,0
delivery guy refused cancelled delivery,logistics,0,0,4,fallback_support,1,0,1
parcel late by day,logistics,1,0,0,delay,0,0,1
delivery marked without attempt,logistics,0,0,4,fallback_support,1,0,1
delay with false tracking info,logistics,1,0,0,delay,0,2,2
wel behave,logistics,1,1,4,fallback_support,1,0,0
product not delivered to me,logistics,0,0,4,fallback_support,0,3,2
bahot achha hai,logistics,1,1,4,fallback_support,1,0,0
never received call delivery not done,logistics,0,0,2,damage_lost,0,4,3
did not receive any parcel,logistics,0,0,2,damage_lost,0,4,3
wrong product sent want refund,logistics,0,0,7,refund,0,4,3
day late delivery always delayed,logistics,0,0,0,delay,0,3,2
go collect my own parcel they didnt even deliver after arrive two day before,logistics,0,0,4,fallback_support,1,0,1
delivery person very rude no civic sense,logistics,0,0,3,behaviour,0,3,2
wrong order received selfie stick replaced,logistics,1,0,4,fallback_support,0,0,0
abusive language product changed,logistics,1,1,4,fallback_support,1,0,0
delivery call before dispatch requested,logistics,1,1,4,support,1,0,0
pre diwali false delivery messages forced self pickup,logistics,0,0,4,fallback_support,1,0,1
very bad delayed delivery,logistics,0,0,0,delay,0,3,2
courier charges too high unfair,logistics,0,0,4,fallback_support,1,0,1
Excellent service and this is my first bank account in my career,logistics,2,2,4,fallback_support,2,1,0
not yet receive my parcel,logistics,1,1,4,fallback_support,1,0,0
delivery partner not supportive and wrong delivery,logistics,0,0,4,support,0,3,2
service commitment only words not action,logistics,1,1,4,fallback_support,1,0,0
very bad service no one responsible for shipment,logistics,0,0,4,fallback_support,0,3,2
office delivery failed despite prominent location,logistics,0,0,0,delay,0,3,2
wrong colour and size received,logistics,0,0,4,fallback_support,0,3,2
delivery returned by partner without reason,logistics,0,0,7,refund,0,4,3
excellent service by delivery partner,logistics,2,2,4,fallback_support,2,1,0
good logistics service no further comment,logistics,2,2,4,fallback_support,2,1,0
delivery staff rude not reached location,logistics,0,0,3,behaviour,0,3,2
Please open more branches at least one branch in every district,logistics,1,1,4,fallback_support,1,0,0
fraud shipper fake product issue,logistics,0,0,4,fallback_support,0,4,3
please collect alternate mobile number during booking,logistics,1,1,4,fallback_support,1,0,0
parcel not received but marked delivered,logistics,0,0,2,damage_lost,0,4,3
best service also really commendable thank you,logistics,2,2,4,fallback_support,2,1,0
extreme delivery delay,logistics,0,0,0,delay,0,3,2
plant damaged due to poor packing,logistics,1,0,2,damage_lost,0,3,3
very bad de,logistics,0,0,4,fallback_support,0,3,2
no grievance,logistics,1,1,4,support,1,0,0
status delivered but parcel not received,logistics,0,0,2,damage_lost,0,4,3
please deliver on time,logistics,1,1,4,fallback_support,2,0,0
parcel left at shop without delivery attempt,logistics,1,1,4,fallback_support,1,0,0
check your calls,logistics,1,1,4,support,1,0,0
packaging acceptable,logistics,1,1,4,fallback_support,1,0,0
pathetic experience but not abusive,logistics,1,1,4,fallback_support,1,0,0
very polite experienced delivery person,logistics,2,2,4,fallback_support,2,1,0
delivery service good,logistics,2,2,4,fallback_support,2,1,0
false delivery update rude supervisor behavior,logistics,0,0,3,behaviour,0,3,2
order not received yet,logistics,0,0,2,damage_lost,0,4,3
delivery updates should be frequent,logistics,1,1,4,fallback_support,1,0,0
delivery executive polite made my day,logistics,1,1,4,fallback_support,2,0,0
carton slightly damaged,logistics,1,0,2,damage_lost,0,3,3
delivery time incorrect,logistics,0,0,4,fallback_support,0,3,2
dont like service,logistics,0,0,4,fallback_support,1,0,1
delivery executive did not attempt delivery for days and marked false reasons,logistics,0,0,4,fallback_support,1,0,1
debit card not received overall banking experience good,logistics,2,2,2,damage_lost,0,1,0
it good delivery fast and safe,logistics,2,2,4,fallback_support,2,1,0
delivery boy calm nd vry humble im not able pick call still he deliver itom without any contact he find location that amaze so great experience,logistics,2,2,4,support,2,1,0
good bank account opening experience,logistics,2,2,4,fallback_support,2,1,0
transparent packaging requested,logistics,1,1,4,fallback_support,1,0,0
contact mentioned incorrect invoice issue,logistics,1,0,4,support,0,0,0
it not deliver medelivered wrong person,logistics,0,0,4,fallback_support,0,3,2
keep it up good work,logistics,2,2,4,fallback_support,2,1,0
product different from images shown,logistics,1,1,4,fallback_support,1,0,0
parcel came empty want refund,logistics,0,0,7,refund,0,4,3
delivery partner arrogant rude,logistics,0,0,3,behaviour,0,3,2
delivery person rude ruined experience,logistics,0,0,3,behaviour,0,3,2
pathetic poor service medicine not delivered despite express charge,logistics,0,0,4,fallback_support,0,3,2
best service in courier,logistics,2,2,4,fallback_support,2,1,0
bohot bekar delivery or bohot time liya h,logistics,1,1,4,fallback_support,1,0,0
prompt delivery,logistics,2,2,4,fallback_support,2,1,0
shipping sticker torn package opened,logistics,1,1,2,damage_lost,1,0,0
product missing and carton re-taped very bad practice,logistics,0,0,2,damage_lost,0,4,3
product bilkul bekar aya h mne kya suit mangaya tha or kya aya h bilkul suit alg or salwar plz return kariye,logistics,0,0,7,refund,0,4,3
love your agent behaviour,logistics,1,1,3,behaviour,1,0,0
marked delivered but not received at home,logistics,0,0,2,damage_lost,0,4,3
bekwas mujhe mila hi nahi order phir delivery kaise kar di,logistics,0,0,4,fallback_support,1,0,1
professional timely delivery approach,logistics,2,2,4,fallback_support,2,1,0
superfast delivery loved the service,logistics,2,2,4,fallback_support,2,1,0
delivery man collect money it free,logistics,1,1,4,fallback_support,1,0,0
delivery staff non cooperative rude tone,logistics,0,0,3,behaviour,0,3,2
cooperative very nice service,logistics,2,2,4,fallback_support,2,1,0
very third class service rude staff fake address reasons no home delivery,logistics,0,0,3,behaviour,0,3,2
fast account opening process,logistics,1,1,4,fallback_support,2,0,0
bad product receive,logistics,0,0,4,fallback_support,0,3,2
early delivery very good service,logistics,2,2,4,fallback_support,2,1,0
parcel received today,logistics,1,1,4,fallback_support,1,0,0
it perfect many thanks,logistics,2,2,4,fallback_support,2,1,0
delivery person waited but did not deliver properly,logistics,0,0,4,fallback_support,1,0,1
delivery representative rude response,logistics,0,0,3,behaviour,0,3,2
return order request,logistics,1,1,7,refund,1,0,0
courier did not deliver my shipment on time,logistics,0,0,4,fallback_support,2,0,1
received different product than ordered,logistics,0,0,4,fallback_support,1,0,1
delivery boy lazy forced office pickup unacceptable excuse,logistics,0,0,4,fallback_support,1,0,1
good service by delivery executive,logistics,2,2,4,fallback_support,2,1,0
delivery agent abusive language,logistics,0,0,4,fallback_support,1,0,1
received before expected delivery date,logistics,1,1,4,fallback_support,1,0,0
bank staff provided very good service,logistics,2,2,4,fallback_support,2,1,0
delivery time improvement required,logistics,1,1,4,fallback_support,1,0,0
ordered something else received something else,logistics,0,0,4,fallback_support,1,0,1
parcel arrived damaged,logistics,0,0,2,damage_lost,0,4,3
branch promised wealth account but did not deliver commitment poor experience,logistics,1,1,4,fallback_support,0,0,0
try faster delivery for critical shipments,logistics,1,1,4,fallback_support,2,0,0
delivery agent ignored instructions handed to security,logistics,0,0,4,fallback_support,1,0,1
wrong colour product received,logistics,1,0,4,fallback_support,0,0,0
service fine continue,logistics,1,1,4,fallback_support,1,0,0
did not receive one of two packages,logistics,0,0,2,damage_lost,0,4,3
bad and rough delivery,logistics,0,0,4,fallback_support,0,3,2
received message for order I never booked,logistics,0,0,4,fallback_support,1,0,1
worst service,logistics,0,0,4,fallback_support,0,3,2
request faster delivery time,logistics,1,1,4,fallback_support,2,0,0
delivery marked unavailable without call repeated issue,logistics,1,0,4,support,0,0,0
late delivery with false updates,logistics,0,0,0,delay,0,3,2
fast service but average experience,logistics,1,1,4,fallback_support,2,0,0
delivered in one day thank you,logistics,2,2,4,fallback_support,2,1,0
very poor experience,logistics,1,1,4,fallback_support,0,0,0
defected pc nikla,logistics,1,1,4,fallback_support,1,0,0
delivery boy sandeep rude behaviour,logistics,0,0,3,behaviour,0,3,2
delivery man abused refused to come upstairs,logistics,0,0,3,behaviour,1,0,2
havent receive my order,logistics,0,0,4,fallback_support,1,0,1
service ok,logistics,1,1,4,fallback_support,1,0,0
welcome kit sent to wrong address delay,logistics,1,0,1,wrong_delivery,0,2,2
material fraud issue reported,logistics,1,0,4,fallback_support,0,4,3
rude behaviour by delivery partner,logistics,0,0,3,behaviour,0,3,2
medicine order delay by day no communication that order delay,logistics,0,0,0,delay,0,3,2
service best staff helpful,logistics,2,2,4,fallback_support,2,1,0
hello,logistics,1,1,4,fallback_support,1,0,0
multiple delivery attempts without calling forced self pickup,logistics,0,0,4,support,1,0,1
delivery person have pleasant smile on his face which please see,logistics,2,2,4,fallback_support,2,1,0
delivery guy didnt deliver doorstep keep haggle come away from home also rude while talk,logistics,0,0,3,behaviour,0,3,2
had to go collect parcel,logistics,0,0,4,fallback_support,1,0,1
delivery partner could not reach address asked to pick courier from far location very poor service,logistics,0,0,4,fallback_support,0,3,2
bad delivery company,logistics,0,0,4,fallback_support,0,3,2
delivery agent stopped km before address,logistics,0,0,4,fallback_support,1,0,1
very good product,logistics,2,2,4,fallback_support,2,1,0
item not received yet,logistics,1,1,2,damage_lost,0,0,0
delivery partner very good,logistics,2,2,4,fallback_support,2,1,0
delivery person call confirm address,logistics,1,1,4,support,1,0,0
bad experience seal already open,logistics,0,0,4,fallback_support,0,3,2
my parcel arrived at blue dart store in november,logistics,1,1,4,fallback_support,1,0,0
delivery person rude left parcel,logistics,0,0,3,behaviour,0,3,2
bad experience order not received,logistics,0,0,2,damage_lost,0,4,3
shipment not delivered yet very important,logistics,1,0,0,delay,0,0,1
product missing,logistics,1,0,2,damage_lost,0,0,0
no additional comments,logistics,1,1,4,fallback_support,1,0,0
not doorstep delivery,logistics,0,0,4,fallback_support,1,0,1
wrong product material received used item after many follow ups,logistics,0,0,4,support,0,3,2
delivery boy took extra money,logistics,1,1,4,fallback_support,1,0,0
not received personally,logistics,0,0,2,damage_lost,0,4,3
delivery agent behaviour rude and impatient,logistics,0,0,3,behaviour,0,3,2
delivery speed worse than others,logistics,0,0,4,fallback_support,1,0,1
scamming people,logistics,0,0,4,fallback_support,1,4,3
blue dart courier service very bad and delayed,logistics,0,0,0,delay,0,3,2
delivery staff left parcel at security without verification,logistics,0,0,4,fallback_support,1,0,1
late delivery,logistics,1,0,0,delay,0,0,1
it very very bad experience with your coimbatore hubwhatever happen not first time similar incident take place four time so faryour delivery guy useless always give false reason for not deliver in this case they mention a address incomplete not correcti force collect from officeno proper response from your office at coimbatoreif this status of your delivery system,logistics,0,0,4,fallback_support,0,3,2
my name malini patel,logistics,1,1,4,fallback_support,1,0,0
delivery staff very good,logistics,2,2,4,fallback_support,2,1,0
blue dart delivery very poor product not delivered,logistics,0,0,4,fallback_support,0,3,2
everything good satisfied,logistics,2,2,4,fallback_support,2,1,0
delay reason address incorrect unacceptable,logistics,0,0,0,delay,0,3,2
polite prompt delivery person,logistics,1,1,4,fallback_support,2,0,0
iam not person,logistics,1,1,4,fallback_support,1,0,0
pathetic branch service,logistics,0,0,4,fallback_support,1,0,1
customer care and bank staff very friendly and helpful,logistics,2,2,4,support,2,1,0
false delivery attempts no call made,logistics,0,0,3,behaviour,1,0,2
always a pleasure,logistics,2,2,4,fallback_support,2,1,0
card otp taken but card not delivered,logistics,0,0,4,fallback_support,0,3,2
No changes required,logistics,1,1,4,fallback_support,1,0,0
very bad delivery no response from delivery boy,logistics,0,0,4,support,0,3,2
complaint against rude delivery rider,logistics,0,0,3,behaviour,0,3,2
please share delivery timing contact detail of delivery person,logistics,1,1,4,support,1,0,0
quick prompt follow up,logistics,2,2,4,support,2,1,0
poor service rude behaviour and wrong address delivery,logistics,1,0,1,wrong_delivery,0,3,2
excellent customer service always reliable,logistics,2,2,4,support,2,1,0
overall excellent service,logistics,2,2,4,fallback_support,2,1,0
bad quality,logistics,0,0,4,fallback_support,0,3,2
would like report issue regard my recent delivery delivery boy do not deliver order on time also provide incorrect information his officesystem regard delivery status,logistics,0,0,4,fallback_support,0,3,2
delivery before promised time appreciated,logistics,1,1,4,fallback_support,2,0,0
order dropped kilometers away and doorstep delivery denied rude behavior on call,logistics,0,0,3,behaviour,0,3,2
very poor service overall,logistics,0,0,4,fallback_support,0,3,2
devendra singh,logistics,1,1,4,fallback_support,1,0,0
very bad experience delayed delivery and very rude executive,logistics,0,0,0,delay,0,3,2
accha hai,logistics,1,1,4,fallback_support,1,0,0
delivery agent asked to collect from office,logistics,1,1,4,fallback_support,1,0,0
very good satisfy,logistics,2,2,4,fallback_support,2,1,0
very rude and uncooperative delivery agent shouted,logistics,0,0,3,behaviour,0,3,2
need more details,logistics,1,1,4,fallback_support,1,0,0
amazing order experience,logistics,2,2,4,fallback_support,2,1,0
do,logistics,1,1,4,fallback_support,1,0,0
delivery not attempted had to visit office,logistics,1,1,0,delay,1,0,1
delivery agent did not call falsely marked unavailable,logistics,1,1,3,behaviour,1,0,0
received wrong sunglass,logistics,1,0,4,fallback_support,0,0,0
delivery guy not polite,logistics,0,0,3,behaviour,2,0,2
wrong product delivered theft suspected,logistics,1,0,4,fallback_support,0,0,0
very good packaging and timing,logistics,2,2,4,fallback_support,2,1,0
still not received item,logistics,0,0,2,damage_lost,0,4,3
satyam kumar,logistics,1,1,4,fallback_support,1,0,0
attitude problem with delivery staff,logistics,1,0,4,fallback_support,0,0,0
"The survey link to provide feedback on opening the account has been sent even before the account being opened.

Inordinate delay in opening the account, while the online opening happened within few minutes.

",logistics,1,0,0,delay,0,2,2
service bed,logistics,1,1,4,fallback_support,1,0,0
very happy with service thank you,logistics,2,2,4,fallback_support,2,1,0
my parcel not delivered,logistics,0,0,4,fallback_support,0,3,2
track info not update properly,logistics,0,0,5,tracking,1,0,0
asked for full payment without change and behaved rudely,logistics,0,0,3,behaviour,0,3,2
no alternative contact used ivr flagged spam parcel delayed,logistics,0,0,0,delay,0,3,2
delivery boy not good,logistics,0,0,4,fallback_support,2,1,1
wrong item ordered,logistics,0,0,4,fallback_support,0,3,2
rude delivery behaviour late hub delivery,logistics,0,0,0,delay,0,3,2
no contact forced pickup,logistics,1,0,4,support,1,0,0
deliveey agent very good,logistics,2,2,4,fallback_support,2,1,0
excellent courier service best shipment,logistics,2,2,4,fallback_support,2,1,0
received different product than ordered,logistics,1,1,4,fallback_support,1,0,0
nothing to say,logistics,1,1,4,fallback_support,1,0,0
not bad,logistics,2,0,4,fallback_support,0,0,0
wrong envelope delivered,logistics,1,0,4,fallback_support,0,0,0
delivery guy helped despite address issue,logistics,2,0,4,fallback_support,0,0,0
package out for delivery but stayed at facility,logistics,1,1,4,fallback_support,1,0,0
did not get shipment,logistics,0,0,4,fallback_support,1,0,1
super service,logistics,2,2,4,fallback_support,2,1,0
delivered at security gate,logistics,1,1,4,fallback_support,1,0,0
Hey,logistics,1,1,4,fallback_support,1,0,0
please share approximate delivery time in message,logistics,1,1,4,fallback_support,1,0,0
bluedart service always up to mark,logistics,1,1,4,fallback_support,1,0,0
delivery person behave very nicely,logistics,2,2,4,fallback_support,2,1,0
size too small poor quality dress,logistics,0,0,4,fallback_support,0,3,2
delivery perfectly before time,logistics,2,2,4,fallback_support,2,1,0
colour changed bad,logistics,0,0,4,fallback_support,0,3,2
poor service delayed delivery,logistics,0,0,0,delay,0,3,2
delivery boy arrogant behaviour,logistics,0,0,3,behaviour,1,0,2
thank you for speedy delivery,logistics,2,2,4,fallback_support,2,1,0
firstly product arrive kollam pincode error message appear this badly affect delivery date,logistics,0,0,4,fallback_support,0,3,2
poor delivery manpower false customer unavailable status,logistics,0,0,4,fallback_support,0,3,2
did not deliver doorstep stopped at park,logistics,1,1,4,fallback_support,1,0,0
dont take parcel if you cant deliver,logistics,0,0,4,fallback_support,1,0,1
delivery boy refused doorstep delivery gave wrong product,logistics,1,0,4,fallback_support,0,0,0
poor product quality,logistics,0,0,4,fallback_support,0,3,2
delivery smooth and prompt,logistics,1,2,4,fallback_support,2,0,0
delivery agent refused to open and verify product behaved rudely shipment incomplete,logistics,0,0,3,behaviour,0,3,2
delivery boy was very good,logistics,2,2,4,fallback_support,2,1,0
no intimation no contact very pathetic service,logistics,0,0,3,behaviour,1,0,2
accurate timely safe delivery,logistics,1,1,4,fallback_support,2,0,0
please call after visit,logistics,1,1,4,support,1,0,0
order wrong item delivered,logistics,0,0,4,fallback_support,0,3,2
delivery time prior intimation suggested,logistics,2,2,4,fallback_support,2,1,0
order not received,logistics,1,1,2,damage_lost,0,0,0
delivery agent handed parcel to watchman without informing,logistics,1,1,4,fallback_support,1,0,0
product out for delivery on expected date,logistics,1,1,4,fallback_support,1,0,0
too late delivery unacceptable,logistics,0,0,0,delay,0,3,2
asked for delivery message unnecessarily,logistics,1,1,4,fallback_support,1,0,0
blue dart favourite highly recommended,logistics,2,2,4,fallback_support,2,1,0
osam,logistics,1,1,4,fallback_support,1,0,0
seamless banking process zero balance and app improvement suggestion,logistics,1,1,4,fallback_support,1,0,0
exchange requested not satisfied,logistics,1,1,7,refund,1,1,0
order yet to be delivered,logistics,1,1,4,fallback_support,1,0,0
package not delivered,logistics,0,0,4,fallback_support,0,3,2
nice experience,logistics,1,2,4,fallback_support,2,0,0
site report that delivery center,logistics,1,1,4,fallback_support,1,0,0
fast reliable service,logistics,2,2,4,fallback_support,2,1,0
very bad experience,logistics,0,0,4,fallback_support,0,3,2
forced to collect parcel due to lack of transport at neelambur office repeated false updates unacceptable service,logistics,0,0,4,fallback_support,1,0,1
address delivery failed network issue poor service,logistics,0,0,0,delay,0,3,2
prompt polite delivery appreciated,logistics,2,2,4,fallback_support,2,1,0
different product received scam,logistics,0,0,4,fallback_support,1,4,3
address incorrectly marked despite successful past deliveries,logistics,1,1,4,fallback_support,0,0,0
delivery delay and rude staff behaviour,logistics,0,0,0,delay,0,3,2
courier boy not talk,logistics,1,1,4,fallback_support,1,0,0
premium service expectation not met,logistics,1,1,4,fallback_support,1,0,0
still not received very bad service,logistics,0,0,2,damage_lost,0,4,3
worst courier service in surat,logistics,0,0,4,fallback_support,0,3,2
late delivery very rd class service delivery not door door service delivery boy say take your parcel near by location not deliver at adress,logistics,0,0,0,delay,0,3,2
I have not received this parcel but it shows that I have received it,logistics,1,1,2,damage_lost,0,0,0
not satisfied customer care not responding,logistics,0,0,4,support,2,1,1
parcel already reached city but not delivered,logistics,1,0,4,fallback_support,0,0,0
delivery person handed product to someone else,logistics,0,0,4,fallback_support,1,0,1
Communication with customer is not good in kothapet branch ,logistics,0,0,4,fallback_support,2,1,1
received parcel on time,logistics,1,1,4,fallback_support,2,0,0
false consignee unavailable status updated without contact forced office pickup,logistics,0,0,4,support,1,0,1
delivery took too much time,logistics,1,1,4,fallback_support,1,0,0
forced self pickup despite paying delivery charges,logistics,0,0,4,fallback_support,1,0,1
fast service hdfc bank,logistics,1,1,4,fallback_support,2,0,0
dilivery boy nahi aana chahte hain bolte hain galat pin code hai aapka lekin aisa nahi haihamesa kosis karte hain otp mangne ka or order cancel kar dete hain lekin ish baar mai bahut samjhai tab ja kar aaye or phir bahana bana rahe please consider this problem,logistics,1,0,4,fallback_support,0,0,0
do not want this,logistics,1,1,4,fallback_support,1,0,0
did not get parcel,logistics,0,0,4,fallback_support,1,0,1
very bed service,logistics,1,1,4,fallback_support,1,0,0
prediction date not accurate but service good,logistics,2,2,4,fallback_support,2,1,0
good performance,logistics,2,2,4,fallback_support,2,1,0
on time good delivery,logistics,2,2,4,fallback_support,2,1,0
return parcel bad smell,logistics,0,0,7,refund,0,4,3
delivered to landmark instead of address,logistics,1,1,4,fallback_support,1,0,0
need delivery person contact number,logistics,1,1,4,support,1,0,0
material poor need return,logistics,0,0,7,refund,0,4,3
well mannered behaviour,logistics,1,1,3,behaviour,1,0,0
order parcel of r while order pay r but at time of delivery he ask r deny for pay but he say that then cancel your order not deliver your order,logistics,0,0,4,fallback_support,1,0,1
courier boy rude behaviour unacceptable,logistics,0,0,3,behaviour,0,3,2
excellent delivery happy to receive this shipment,logistics,2,2,4,fallback_support,2,1,0
card delivery failed and marked delivered,logistics,0,0,0,delay,0,3,2
prepaid order marked delivered but not received agent unreachable,logistics,0,0,2,damage_lost,0,4,3
very pleased parcel arrived safe,logistics,2,2,4,fallback_support,2,1,0
get msg that it deliver today morning but get product by pm,logistics,0,0,4,fallback_support,1,0,1
delivery boy lacks manners,logistics,1,1,4,fallback_support,1,0,0
quality mismatch from images,logistics,0,0,4,fallback_support,1,0,1
good keep it up,logistics,2,2,4,fallback_support,2,1,0
order not delivered,logistics,0,0,4,fallback_support,0,3,2
consignment not delivered but status shows delivered,logistics,1,0,5,tracking,0,0,1
shipment not received yet,logistics,0,0,2,damage_lost,0,4,3
your service is very good,logistics,2,2,4,fallback_support,2,1,0
pickup and dispatch too slow,logistics,0,0,4,fallback_support,1,0,1
excellent delivery experience,logistics,2,2,4,fallback_support,2,1,0
delivery agent falsely marked not available,logistics,0,0,4,fallback_support,1,0,1
packet stuck at center since Wednesday,logistics,1,1,4,fallback_support,0,0,0
fake item received,logistics,1,1,4,fallback_support,0,0,0
very nice service,logistics,2,2,4,fallback_support,2,1,0
overall good but need agent phone number in advance,logistics,1,2,4,fallback_support,2,1,0
wrong product delivered fake item,logistics,0,0,4,fallback_support,0,3,2
not yet delivered,logistics,1,1,4,fallback_support,1,0,0
delayed four days collected from store,logistics,0,0,0,delay,0,3,2
try delivering at correct address,logistics,1,1,4,fallback_support,1,0,0
delivery refused to come upstairs,logistics,1,1,4,fallback_support,1,0,0
please inform at least one hour before delivery,logistics,1,1,4,fallback_support,1,0,0
delivery not make at give address even without call reach at address status be show that consignee not available once call make receive parcel from store come store receive parcel bad service,logistics,0,0,4,support,0,3,2
delivery marked out but never arrived,logistics,0,0,4,fallback_support,1,0,1
need delivery agent contact number,logistics,1,1,4,support,1,0,0
shipment not delivered had to collect personally,logistics,1,0,4,fallback_support,0,0,0
nice experience overall,logistics,2,2,4,fallback_support,2,1,0
delivery complete shown but not received,logistics,1,1,2,damage_lost,0,0,0
bank envelope misplaced,logistics,0,0,4,fallback_support,1,0,1
delivery person well mannered give me full change without any excuse,logistics,2,2,4,fallback_support,2,1,0
wrong colour received,logistics,1,0,4,fallback_support,0,0,0
deliver product asap,logistics,1,1,4,fallback_support,1,0,0
delivery person honest returned full change,logistics,2,2,7,refund,1,0,0
good safe fast,logistics,2,2,4,fallback_support,2,1,0
excellent service overall,logistics,2,2,4,fallback_support,2,1,0
payment issue amount collected wrongly,logistics,1,0,6,pricing,0,0,0
Worst video kyc process,logistics,0,0,4,fallback_support,0,3,2
incorrect order received,logistics,0,0,4,fallback_support,0,3,2
good experience nothing to add,logistics,2,2,4,fallback_support,2,1,0
nothing needs to be changed,logistics,2,2,4,fallback_support,2,1,0
associate demanded extra money rude behaviour,logistics,0,0,3,behaviour,0,3,2
misleading customer unacceptable behaviour,logistics,1,1,3,behaviour,1,0,0
kind of approach behaviour not up mark he should be polite not arrogant even under pressure,logistics,1,1,3,behaviour,2,0,0
delivery contact number required,logistics,1,1,4,support,1,0,0
product quality bad,logistics,0,0,4,fallback_support,0,3,2
good service delivered on time,logistics,2,2,4,fallback_support,2,1,0
nice delivery boy,logistics,2,2,4,fallback_support,2,1,0
trustworthy courier partner always on time,logistics,2,2,4,fallback_support,2,1,0
did not receive parcel at all,logistics,0,0,2,damage_lost,0,4,3
no idea,logistics,1,1,4,fallback_support,1,0,0
delivery timeline unclear no response,logistics,0,0,4,support,0,3,2
deliver all order together instead separately,logistics,1,1,4,fallback_support,1,0,0
very nice good person,logistics,2,2,4,fallback_support,2,1,0
good delivery boy behaviour,logistics,2,2,3,behaviour,2,1,0
very good best service,logistics,2,2,4,fallback_support,2,1,0
impressed,logistics,2,2,4,fallback_support,2,1,0
very nice service keep it up,logistics,2,2,4,fallback_support,2,1,0
fake website wrong product received,logistics,0,0,4,fallback_support,0,3,2
great features compared to other banks,logistics,2,2,4,fallback_support,2,1,0
deliver item promptly after confirmation,logistics,1,1,4,fallback_support,2,0,0
want to return my parcel because it is defective,logistics,0,0,7,refund,0,4,3
not received shipment,logistics,1,1,2,damage_lost,0,0,0
delivery very late shipment not delivered no calls or delivery attempts,logistics,0,0,0,delay,0,3,2
best delivery boy service,logistics,2,2,4,fallback_support,2,1,0
product delivery delayed bad experience,logistics,0,0,0,delay,0,3,2
definitely,logistics,1,1,4,fallback_support,1,0,0
it was good delivery,logistics,2,2,4,fallback_support,2,1,0
didnt receive order,logistics,0,0,4,fallback_support,1,0,1
delivery safe and on time very happy,logistics,2,2,4,fallback_support,2,1,0
exilent,logistics,1,1,4,fallback_support,1,0,0
not delivered on time please share location,logistics,0,0,0,delay,0,3,2
Wodd Service Experience,logistics,1,1,4,fallback_support,1,0,0
fake product scam delivered,logistics,0,0,4,fallback_support,0,4,3
The person who delivered my card was exceptionally calm and patient,logistics,2,2,4,fallback_support,2,1,0
good service happy with delivery,logistics,2,2,4,fallback_support,2,1,0
your executive never deliver parcel my address,logistics,0,0,4,fallback_support,1,0,1
missing product in parcel,logistics,1,0,4,fallback_support,0,0,0
perfect product,logistics,2,2,4,fallback_support,2,1,0
area not serviceable delivery failed,logistics,0,0,0,delay,0,3,2
delivery agent very nice,logistics,2,2,4,fallback_support,2,1,0
scam totally got scammed,logistics,0,0,4,fallback_support,1,4,3
best work by team,logistics,2,2,4,fallback_support,2,1,0
shipment not received yet,logistics,1,1,2,damage_lost,0,0,0
bad way of navigating even talk customer wouldnt recommend it anyone,logistics,0,0,4,fallback_support,0,3,2
delivery agent should not shout customer name publicly,logistics,1,1,4,fallback_support,1,0,0
service best but charges expensive,logistics,1,1,4,fallback_support,1,0,0
delay in delivery,logistics,1,0,0,delay,0,2,2
delivery agent demanded money,logistics,0,0,4,fallback_support,1,0,1
best service ever with good delivery boy,logistics,2,2,4,fallback_support,2,1,0
no response had to go nearby location to collect parcel,logistics,0,0,4,support,0,3,2
did not receive order but status shows delivered,logistics,0,0,2,damage_lost,0,4,3
delivery staff humble and polite,logistics,2,2,4,fallback_support,2,1,0
promised delivery in hours took one day,logistics,0,0,4,fallback_support,1,0,1
"Bad service, delivery delayed",logistics,0,0,0,delay,0,3,2
package not received,logistics,0,0,2,damage_lost,0,4,3
Noo,logistics,1,1,4,fallback_support,1,0,0
delivery not received please verify,logistics,0,0,2,damage_lost,0,4,3
delivery boy rude and unprofessional behaviour,logistics,0,0,3,behaviour,0,3,2
door delivery not done had to visit warehouse,logistics,0,0,4,fallback_support,1,0,1
delivery person threw document without otp,logistics,0,0,4,fallback_support,1,0,1
not responsible,logistics,1,1,4,fallback_support,1,0,0
order deliver on time delivery agent understand instruction deliver right place,logistics,1,1,4,fallback_support,2,0,0
delivery guy polite,logistics,2,2,4,fallback_support,2,1,0
OTP shared but parcel not delivered fraud concern,logistics,0,0,4,fallback_support,0,4,3
delivery agent polite but delayed,logistics,1,0,0,delay,0,2,2
service disaster phone not answered,logistics,1,1,4,fallback_support,1,0,0
did not receive my product,logistics,0,0,2,damage_lost,0,4,3
package broken damaged,logistics,0,0,2,damage_lost,0,4,3
fake delivery nothing delivered,logistics,1,1,4,fallback_support,0,0,0
call before arrival request,logistics,1,1,4,support,1,0,0
parcel arrived one day early,logistics,2,2,4,fallback_support,2,1,0
delivery partner bad not cooperative at all,logistics,0,0,4,fallback_support,0,3,2
timely proper delivery,logistics,2,2,4,fallback_support,2,1,0
ok ok,logistics,1,1,4,fallback_support,1,0,0
havent receive courier,logistics,1,1,4,fallback_support,1,0,0
company track system need take care,logistics,1,1,5,tracking,1,0,1
partial order received,logistics,1,1,4,fallback_support,1,0,0
we use youf exemplary service keep it uo,logistics,1,1,4,fallback_support,1,0,0
courier guy didnt come door insisted pickup outside,logistics,0,0,4,fallback_support,1,0,1
excellent professional timely delivery satisfied,logistics,2,2,4,fallback_support,2,1,0
empty cardboard received,logistics,0,0,4,fallback_support,1,0,1
delivery discarded at wrong doorstep without call,logistics,0,0,4,support,0,3,2
product quality poor want return,logistics,0,0,7,refund,0,4,3
very late delivery service,logistics,0,0,0,delay,0,3,2
delivery executive rude parcel not delivered,logistics,0,0,3,behaviour,0,3,2
please update by call,logistics,1,1,4,support,1,0,0
did not get any delivery,logistics,0,0,4,fallback_support,1,0,1
delivery as promised,logistics,1,1,4,fallback_support,1,0,0
customer feedback account opening delay,logistics,1,0,0,delay,0,2,2
my package not deliver me where my parcel,logistics,0,0,4,fallback_support,1,0,1
not received courier but message shows delivered no call,logistics,1,1,2,damage_lost,0,0,0
great delivery by mr ratan,logistics,2,2,4,fallback_support,2,1,0
parcel deliver but not receive at give address nice communication good,logistics,1,2,4,fallback_support,2,1,0
excellent on time service,logistics,2,2,4,fallback_support,2,1,0
too much time taken,logistics,1,1,4,fallback_support,1,0,0
false reasons for delay repeated bad experience,logistics,0,0,0,delay,0,3,2
supar,logistics,1,1,4,fallback_support,1,0,0
delivered away from home address,logistics,1,1,4,fallback_support,1,0,0
it is perfect,logistics,2,2,4,fallback_support,2,1,0
very bad cloth quality,logistics,0,0,4,fallback_support,0,3,2
shipment delivered to unknown person without contact,logistics,1,1,4,support,1,0,0
v good delivery partner,logistics,2,2,4,fallback_support,2,1,0
worst service parcel kept at hub had to self collect,logistics,0,0,4,fallback_support,0,3,2
worst service product damaged leaked,logistics,0,0,2,damage_lost,0,4,3
missing items in parcel,logistics,1,0,2,damage_lost,0,0,0
no thanks,logistics,1,2,4,fallback_support,2,1,0
quick delivery good service,logistics,2,2,4,fallback_support,2,1,0
very poor irresponsible service,logistics,0,0,4,fallback_support,0,3,2
fake tracking entry by associate,logistics,0,0,5,tracking,0,3,2
package received safely polite delivery person,logistics,2,2,4,fallback_support,2,1,0
delivere experience very bad,logistics,0,0,4,fallback_support,0,3,2
received damaged product,logistics,0,0,2,damage_lost,0,4,3
rare polite and humble people appreciated,logistics,1,1,4,fallback_support,2,0,0
delivery person not well behave,logistics,0,0,4,fallback_support,1,0,1
parcel received safely though delayed acceptable,logistics,2,0,0,delay,0,0,0
excellent delivery,logistics,2,2,4,fallback_support,2,1,0
sahi time pe saman nahi jata hai,logistics,1,1,4,fallback_support,1,0,0
received wrong product please contact scam case,logistics,0,0,4,support,0,4,3
delivery delayed and not received yesterday very disappointed,logistics,0,0,2,damage_lost,0,4,3
insurance death cover suggestion,logistics,1,1,4,fallback_support,1,0,0
ordered something else received different item,logistics,1,1,4,fallback_support,1,0,0
worst service delivery agent did not respond or deliver to home address,logistics,0,0,4,fallback_support,0,3,2
Delivery of Debit Card was atrocious repeated false consignee not available reports and no resolution,logistics,0,0,4,fallback_support,1,0,1
order reached hub delivery agent did not contact rescheduled repeatedly had to collect item,logistics,0,0,3,behaviour,1,0,2
delivery agent behaviour good but very delayed,logistics,1,0,0,delay,0,2,2
item not delivered today,logistics,0,0,4,fallback_support,0,3,2
please return item,logistics,1,1,7,refund,1,0,0
item missing in delivery,logistics,0,0,2,damage_lost,0,4,3
partial order received refund requested,logistics,1,0,7,refund,1,0,0
on time delivery,logistics,1,1,4,fallback_support,2,0,0
parcel returned but credit points reduced,logistics,1,1,7,refund,1,0,0
delivery person polite found new address,logistics,1,1,4,fallback_support,2,0,0
courier not delivered to address,logistics,0,0,4,fallback_support,0,3,2
receive on time but minor request if possible then please share number of delivery person when package out for delivery,logistics,1,1,4,fallback_support,2,0,0
not same as shown in picture,logistics,0,0,4,fallback_support,1,0,1
delivery boy supportive and helpful,logistics,2,2,4,support,2,1,0
delivery misprint address but resolved later,logistics,1,0,0,delay,0,1,1
sender details missing and faulty product delivered,logistics,0,0,4,fallback_support,0,3,2
highly,logistics,1,1,4,fallback_support,1,0,0
quick delivery,logistics,1,1,4,fallback_support,2,0,0
please deliver order on time,logistics,1,1,4,fallback_support,2,0,0
very late delayed delivery,logistics,0,0,0,delay,0,3,2
cheating business dirty torn saree delivered instead of ordered product,logistics,0,0,2,damage_lost,0,4,3
need accurate timely delivery info no fake sms,logistics,1,1,4,fallback_support,0,0,0
consistent delivery delays with vendor,logistics,0,0,0,delay,0,3,2
on time arrival,logistics,1,1,4,fallback_support,2,0,0
nothing improve,logistics,1,1,4,fallback_support,1,0,0
deliver exact original items as advertised,logistics,1,1,4,fallback_support,1,0,0
very very bad service not recommended,logistics,0,0,4,fallback_support,0,3,2
delivery man rude to senior citizen,logistics,0,0,3,behaviour,0,3,2
service great no change needed,logistics,2,2,4,fallback_support,2,1,0
ok delivery,logistics,1,1,4,fallback_support,1,0,0
want to cancel my order due to issue,logistics,0,0,4,fallback_support,0,3,2
delay due to delivery person leave,logistics,1,0,0,delay,0,2,2
good service on time,logistics,2,2,4,fallback_support,2,1,0
vare good keep it up,logistics,2,2,4,fallback_support,2,1,0
welcome kit missing cheque book,logistics,1,0,4,fallback_support,0,0,0
nice good service,logistics,2,2,4,fallback_support,2,1,0
shipment not delivered despite multiple follow ups unacceptable delay,logistics,0,0,0,delay,0,3,2
product superb sound quality,logistics,2,2,4,fallback_support,2,1,0
delay service,logistics,0,0,0,delay,0,3,2
fast service very happy on time delivery,logistics,2,2,4,fallback_support,2,1,0
please deliver product faster,logistics,1,1,4,fallback_support,2,0,0
delivery person calm patient professional,logistics,2,2,4,fallback_support,2,1,0
not delivered on time,logistics,0,0,0,delay,0,3,2
replacement requested product quality not good,logistics,0,0,7,refund,1,1,0
delivery delayed due to lack of delivery staff,logistics,0,0,0,delay,0,3,2
best delivery agent,logistics,2,2,4,fallback_support,2,1,0
delivery man awesome behaviour,logistics,2,2,3,behaviour,2,1,0
deliver on time iam happy,logistics,2,2,4,fallback_support,2,1,0
fake delivery status without calling customer,logistics,0,0,5,tracking,0,3,2
delivery staff rude spoke badly,logistics,0,0,3,behaviour,0,3,2
wrong order delivered,logistics,0,0,4,fallback_support,0,3,2
work seems impossible,logistics,1,1,4,fallback_support,1,0,0
need better communication,logistics,1,1,4,fallback_support,1,0,0
rude behaviour towards family member,logistics,0,0,3,behaviour,0,3,2
best of friend bobby good service,logistics,2,2,4,fallback_support,2,1,0
return product poor quality,logistics,0,0,7,refund,0,4,3
avoid fraud check before delivery,logistics,1,1,4,fallback_support,1,4,3
return requested wrong item delivered,logistics,1,0,7,refund,0,0,0
return requested without reason,logistics,1,1,7,refund,1,0,0
receive courier on scheduled time thank you,logistics,2,2,4,fallback_support,2,1,0
smooth on time polite delivery,logistics,2,2,4,fallback_support,2,1,0
keep going,logistics,1,1,4,fallback_support,1,0,0
delivery man should call before coming,logistics,1,1,4,support,1,0,0
parcel marked delivered but not received,logistics,1,1,2,damage_lost,0,0,0
parcel delivered to unknown location,logistics,0,0,4,fallback_support,1,0,1
best service very good hospitality,logistics,2,2,4,fallback_support,2,1,0
charged different COD for same place unfair practice,logistics,0,0,6,pricing,1,0,0
fake product image shown different item delivered,logistics,0,0,4,fallback_support,0,3,2
Keep updated about the tracking status,logistics,1,1,5,tracking,1,0,1
good sound,logistics,2,2,4,fallback_support,2,1,0
service superb keep it up,logistics,2,2,4,fallback_support,2,1,0
abusive language feedback,logistics,0,0,6,pricing,1,0,0
courier delivered to unknown person,logistics,1,1,4,fallback_support,1,0,0
it very nice rate thank you team divine hindu blue dart team,logistics,2,2,4,fallback_support,2,1,0
No iam not interested KYC update,logistics,0,0,4,fallback_support,1,0,1
tracking system poor no delivery contact,logistics,0,0,5,tracking,0,3,2
delivery guy keep ring bell very much in hurry rude,logistics,0,0,3,behaviour,0,3,2
package tampered seal broken,logistics,0,0,2,damage_lost,0,4,3
polite and sweet courier person,logistics,2,2,4,fallback_support,2,1,0
good service staff behaviour nice,logistics,2,2,3,behaviour,2,1,0
customer service needs improvement,logistics,0,0,4,support,1,0,1
extremely poor delayed damaged delivery,logistics,0,0,2,damage_lost,0,4,3
parcel given to security without informing,logistics,1,1,4,fallback_support,1,0,0
your service very timely behaviour of your delivery boy also very cordial,logistics,2,2,3,behaviour,2,1,0
bad delivery,logistics,0,0,4,fallback_support,0,3,2
delivery personnel unprofessional and in hurry,logistics,0,0,3,behaviour,0,3,2
wrong stock delivered,logistics,1,0,4,fallback_support,0,0,0
delay as per expected date,logistics,1,0,0,delay,0,2,2
want return received wrong parcel,logistics,0,0,7,refund,0,4,3
your delivery boy manner of communication very poor he didnt come my address deliver parcel instead,logistics,0,0,4,fallback_support,0,3,2
not deliver home,logistics,1,1,4,fallback_support,1,0,0
item received by someone else status shows delivered,logistics,1,1,4,fallback_support,1,0,0
return requested size too small,logistics,1,1,7,refund,1,0,0
delivery time should add in form,logistics,1,1,4,fallback_support,1,0,0
good fast delivery,logistics,2,2,4,fallback_support,2,1,0
not deliver at door step,logistics,0,0,4,fallback_support,1,0,1
too much delay staff avoiding delivery,logistics,0,0,0,delay,0,3,2
right time delivery proper manner,logistics,1,1,4,fallback_support,1,0,0
minimal calls,logistics,1,1,4,support,1,0,0
size issue exchange requested,logistics,1,0,7,refund,0,0,0
bluedart delivery boy very nice friendly behaviour,logistics,2,2,3,behaviour,2,1,0
havent received package yet,logistics,0,0,4,fallback_support,1,0,1
premium jacket quality excellent,logistics,2,2,4,fallback_support,2,1,0
bluedart delivery staff not deliver at my addresshe call me at other location which from my current addressi tell him that deliver at my current address then he say that your current address bluedart dont deliver at that location as well a say that if you dont come then submit this item in hdfc bank,logistics,0,0,4,support,1,0,1
great service overall,logistics,2,2,4,fallback_support,2,1,0
parcel misplaced warehouse pickup wasted day,logistics,0,0,4,fallback_support,1,0,1
my parcel not delivered kindly send me signature,logistics,1,0,4,fallback_support,0,0,0
last few deliveries seal open,logistics,0,0,4,fallback_support,1,0,1
delivery partner well behaved,logistics,2,2,4,fallback_support,2,1,0
parcel handed to unknown person urgent,logistics,0,0,4,fallback_support,1,0,1
good service in time delivery,logistics,2,2,4,fallback_support,2,1,0
delivery staff misbehaved while handling check book,logistics,0,0,3,behaviour,1,0,2
thanks for quick smooth delivery,logistics,2,2,4,fallback_support,2,1,0
quality not well,logistics,0,0,4,fallback_support,1,0,1
good service by ankit,logistics,2,2,4,fallback_support,2,1,0
very fast delivery,logistics,2,2,4,fallback_support,2,1,0
product damaged in transit,logistics,1,0,2,damage_lost,0,3,3
delivery extremely late,logistics,1,0,0,delay,0,0,1
everything was good staff behaviour nice,logistics,2,2,3,behaviour,2,1,0
very late delivery false report of premise close whereas no delivery attempt for last two day,logistics,0,0,0,delay,0,3,2
very very bad experience with bluedart,logistics,0,0,4,fallback_support,0,3,2
We are proud to have joined IDFC Bank first of its kind excellent experience,logistics,2,2,4,fallback_support,2,1,0
agency not recommended insufficient staff,logistics,0,0,4,fallback_support,1,0,1
delivery date confusion,logistics,1,1,4,fallback_support,1,0,0
change product,logistics,1,1,4,fallback_support,1,0,0
perfume packaging damaged and disappointing,logistics,0,0,2,damage_lost,0,4,3
courier receive nov but daily out for delivery,logistics,0,0,4,fallback_support,1,0,1
thanks for timely delivery,logistics,2,2,4,fallback_support,2,1,0
good enough,logistics,2,2,4,fallback_support,2,1,0
parcel not delivered to named recipient,logistics,1,0,4,fallback_support,0,0,0
very fast accurate delivery,logistics,2,2,4,fallback_support,2,1,0
order l size delivery size,logistics,1,1,4,fallback_support,1,0,0
minimum deposit amount should be reduced,logistics,1,1,4,fallback_support,1,0,0
sender fraud,logistics,0,0,4,fallback_support,1,4,3
return order link needed,logistics,1,1,7,refund,1,0,0
cannot receive my parcel,logistics,0,0,4,fallback_support,1,0,1
executive never attempted delivery and falsely updated status,logistics,0,0,4,fallback_support,1,0,1
very bad product,logistics,1,0,4,fallback_support,0,0,0
no complaints good service,logistics,2,2,4,support,0,3,2
return request,logistics,1,1,7,refund,1,0,0
very disappointed delivery delay,logistics,0,0,0,delay,0,3,2
good behaviour and polite communication,logistics,2,2,3,behaviour,2,1,0
fraud product received online,logistics,0,0,4,fallback_support,1,4,3
received call,logistics,1,1,4,support,1,0,0
bad service no responsibility,logistics,0,0,4,fallback_support,0,3,2
no delivery attempt made had to collect from hub,logistics,0,0,4,fallback_support,1,0,1
item missing,logistics,0,0,2,damage_lost,0,4,3
wonderful banking experience with idfc,logistics,2,2,4,fallback_support,2,1,0
hassle free on time delivery,logistics,2,2,4,fallback_support,2,1,0
inform customer before delivery time slot,logistics,1,1,4,fallback_support,1,0,0
one of my item missing,logistics,1,0,2,damage_lost,0,0,0
fast delivery and good interaction,logistics,2,2,4,fallback_support,2,1,0
already opened box,logistics,1,1,4,fallback_support,1,0,0
good delivery boy polite,logistics,2,2,4,fallback_support,2,1,0
late service despite urgent charges,logistics,1,0,0,delay,0,0,1
service good no issues,logistics,2,0,4,fallback_support,0,1,0
unable to receive call but delivery completed,logistics,1,1,4,support,1,0,0
package delivered to wrong address,logistics,0,0,1,wrong_delivery,0,3,2
product delivered to wrong office,logistics,1,0,1,wrong_delivery,0,0,1
raise complaint because wrong order received please refund amount,logistics,0,0,7,refund,0,4,3
delivery partner not professional gave unsolicited advice and argued with customer,logistics,0,0,3,behaviour,2,0,2
he take more from me want my money back it delivery guy who lie take money from bludart,logistics,0,0,7,refund,0,4,3
service very poor,logistics,0,0,4,fallback_support,0,3,2
transparent which reason item cant deliver,logistics,1,1,4,fallback_support,1,0,0
delivery took too long despite nearby centre,logistics,1,1,4,fallback_support,1,0,0
well done,logistics,1,1,4,fallback_support,2,1,0
received order at bluedart pickup point,logistics,1,1,4,fallback_support,1,0,0
please share agreement letter,logistics,1,1,4,fallback_support,1,0,0
you very good,logistics,2,2,4,fallback_support,2,1,0
nearby shop delivery via otp forced bad service,logistics,1,0,4,fallback_support,0,3,2
undue delay no communication,logistics,0,0,0,delay,0,3,2
not my courier fraud message received,logistics,0,0,4,fallback_support,1,4,3
awesome product experience,logistics,2,2,4,fallback_support,2,1,0
wonderful experience,logistics,2,2,4,fallback_support,2,1,0
damaged package signs of tampering,logistics,0,0,2,damage_lost,0,4,3
bank atm related shipment mention,logistics,1,0,0,delay,0,0,1
we want return order need contact number,logistics,1,1,7,refund,1,0,0
product not received marked delivered,logistics,0,0,2,damage_lost,0,4,3
nothing delivered today despite approval,logistics,0,0,4,fallback_support,1,0,1
excellent job,logistics,1,2,4,fallback_support,2,1,0
didnt fuck recieved it,logistics,0,0,4,fallback_support,1,0,1
this replacement order delivered earlier box was completely open and wrong product was delivered,logistics,0,0,7,refund,0,4,3
delivery boy very helpful nice behaviour,logistics,2,2,3,behaviour,2,1,0
scammed want refund,logistics,0,0,7,refund,0,4,3
quality feedback,logistics,1,1,6,pricing,1,0,0
packet marked delivered but not received no call no otp,logistics,0,0,2,damage_lost,0,4,3
horrible service experience,logistics,0,0,4,fallback_support,1,0,1
service always vgood with customer convenience approach,logistics,2,2,4,fallback_support,2,1,0
irresponsible service will not recommend,logistics,0,0,4,fallback_support,1,0,1
want to contact support,logistics,1,1,4,support,1,0,0
delivery person insisted alternate delivery location,logistics,1,1,4,fallback_support,1,0,0
damaged product need return sender details missing,logistics,0,0,2,damage_lost,0,4,3
delivery partner number should be shared,logistics,1,1,4,fallback_support,1,0,0
order delivered late ruined occasion,logistics,0,0,0,delay,0,3,2
wrong person delivery,logistics,0,0,4,fallback_support,0,3,2
parcel not delivered at home no call made,logistics,1,0,3,behaviour,0,0,0
halfway delivery asked to collect myself,logistics,0,0,4,fallback_support,1,0,1
received wrong product,logistics,1,0,4,fallback_support,0,0,0
delivery not attempted phone not picked,logistics,0,0,0,delay,0,3,2
sound quality not good,logistics,0,0,4,fallback_support,2,1,1
thanks great,logistics,2,2,4,fallback_support,2,1,0
very rude customer care and poor delivery,logistics,0,0,3,behaviour,0,3,2
please deliver my passbook properly,logistics,1,1,4,fallback_support,1,0,0
awesome delevery experience,logistics,2,2,4,fallback_support,2,1,0
item fully damaged not usable,logistics,0,0,2,damage_lost,0,4,3
delivery service very poor in my pincode,logistics,0,0,4,fallback_support,0,3,2
not receive my order even after speak delivery guy ask him deliver it on th nov even since no one available receive parcel,logistics,0,0,4,fallback_support,1,0,1
not received order please ensure delivery,logistics,1,1,2,damage_lost,0,0,0
not yet deliver in expected date,logistics,1,1,4,fallback_support,1,0,0
left box at pg entrance,logistics,1,1,4,fallback_support,1,0,0
bad experience wrong item delivered,logistics,0,0,4,fallback_support,0,3,2
thank you so much,logistics,2,2,4,fallback_support,2,1,0
want return product ordered casio got local watch,logistics,1,1,7,refund,1,0,0
not properly packed bottle leak,logistics,0,0,2,damage_lost,0,4,3
security delivery not doorstep,logistics,1,1,4,fallback_support,1,0,0
did not receive product but marked delivered,logistics,0,0,2,damage_lost,0,4,3
delivery boy took money refund not given,logistics,0,0,7,refund,0,4,3
item not delivered at given address,logistics,0,0,4,fallback_support,0,3,2
You could add more account types with lower MAB also. Otherwise good so far.,logistics,2,2,4,fallback_support,2,1,0
delivery person asked me to collect parcel from his location,logistics,0,0,4,fallback_support,1,0,1
not receive packet or kitwho irshad who consignment deliver,logistics,1,1,5,tracking,1,0,1
so happy,logistics,2,2,4,fallback_support,2,1,0
delivery good though slower than amazon flipkart,logistics,2,2,4,fallback_support,2,1,0
credit card pin delivered to watchman security issue,logistics,1,0,4,fallback_support,0,0,0
name spelled incorrectly on parcel,logistics,1,1,4,fallback_support,0,0,0
Great delivery guy smooth process,logistics,2,2,4,fallback_support,2,1,0
good attitude,logistics,2,2,4,fallback_support,2,1,0
rating only for delivery person,logistics,1,1,4,fallback_support,1,0,0
thank you for delivering my awaited item on time in good condition,logistics,2,2,4,fallback_support,2,1,0
great service delivery on time,logistics,2,2,4,fallback_support,2,1,0
reliable service but no strong feedback,logistics,1,1,6,pricing,1,0,0
lalit kumar handled shipment well,logistics,1,1,4,fallback_support,1,0,0
order delivered very late but service ok,logistics,1,0,0,delay,0,0,1
accuracy good,logistics,1,2,4,fallback_support,2,1,0
nothing much requiredall good,logistics,2,2,4,fallback_support,2,1,0
share proof of delivery,logistics,1,1,4,fallback_support,1,0,0
not deliver on time,logistics,0,0,4,fallback_support,2,0,1
faster delivery bluedart service,logistics,2,2,4,fallback_support,2,1,0
very rude delivery boy,logistics,0,0,3,behaviour,0,3,2
package delayed without any information,logistics,1,0,0,delay,0,2,2
courier not deliver my home have reach courier office n get package,logistics,0,0,4,fallback_support,1,0,1
The delivery was on time. And tracking details were given on time,logistics,2,2,5,tracking,1,0,0
very rude unprofessional delivery man,logistics,0,0,3,behaviour,0,3,2
please improve delivery time,logistics,1,1,4,fallback_support,1,0,0
too late delivery,logistics,0,0,0,delay,0,3,2
no shipment deliver please update,logistics,1,1,4,fallback_support,1,0,0
signature taken but item not delivered,logistics,1,0,4,fallback_support,0,0,0
order not delivered delivery agent failed,logistics,0,0,4,fallback_support,0,3,2
delivery feedback,logistics,1,1,6,pricing,1,0,0
behaviour of employee so good,logistics,1,2,3,behaviour,2,1,0
used product received want return,logistics,0,0,7,refund,0,4,3
im at home no delivery person came no parcel received,logistics,1,1,4,fallback_support,1,0,0
fast delivery service,logistics,1,1,4,fallback_support,2,0,0
schedule delivery time in advance,logistics,1,1,4,fallback_support,1,0,0
excellent experience,logistics,2,2,4,fallback_support,2,1,0
give delivery person mobile number,logistics,1,1,4,fallback_support,1,0,0
forced pickup due to false refusal remark,logistics,0,0,4,fallback_support,1,0,1
good prompt service,logistics,2,2,4,fallback_support,2,1,0
return requested not satisfied,logistics,0,0,7,refund,1,1,0
delivery boy very bad,logistics,0,0,4,fallback_support,0,3,2
reliable service,logistics,2,2,4,fallback_support,2,1,0
delivery to wrong person,logistics,1,0,4,fallback_support,0,0,0
delivery person left bank card outside house without notification,logistics,0,0,4,fallback_support,1,0,1
ordered one product but received another,logistics,1,1,4,fallback_support,1,0,0
product changed please replace,logistics,0,0,4,fallback_support,1,0,1
second parcel via blue dart,logistics,1,1,4,fallback_support,1,0,0
excellent communication,logistics,2,2,4,fallback_support,2,1,0
courier boy did not come to door asked to come outside,logistics,1,1,4,fallback_support,1,0,0
not dileverd on time every time please look at this important problem,logistics,0,0,4,fallback_support,0,3,2
wrong product poor quality,logistics,0,0,4,fallback_support,0,3,2
fast reliable delivery service,logistics,2,2,4,fallback_support,2,1,0
remaining order missing,logistics,1,0,4,fallback_support,0,0,0
delivery person argued and forced me to arrange cash unacceptable behaviour,logistics,0,0,3,behaviour,1,0,2
card not delivered but marked delivered,logistics,0,0,4,fallback_support,0,3,2
super delivery boy good,logistics,2,2,4,fallback_support,2,1,0
dont know who mohan havent receive shipment,logistics,1,1,4,fallback_support,1,0,0
not delivered at home,logistics,0,0,4,fallback_support,0,3,2
punctuality concern,logistics,1,1,4,fallback_support,1,2,1
very disappointed courier staff behaviour,logistics,0,0,3,behaviour,1,0,2
good could well with timing,logistics,1,2,4,fallback_support,2,1,0
very kind and helpful person,logistics,2,2,4,fallback_support,2,1,0
waited patiently for customer,logistics,1,1,4,fallback_support,1,0,0
delivery boy rude and unprofessional during delivery,logistics,0,0,3,behaviour,0,3,2
delivery boy late,logistics,0,0,0,delay,0,3,2
fake delivery attempt reported,logistics,0,0,4,fallback_support,0,3,2
they take extra money,logistics,0,0,4,fallback_support,1,0,1
carry on,logistics,1,1,4,fallback_support,1,0,0
packaging broken not satisfied,logistics,0,0,2,damage_lost,0,4,3
Super service No problem at all sir,logistics,2,0,4,fallback_support,0,0,0
please deliver product fastly,logistics,1,1,4,fallback_support,2,0,0
reliable courier service,logistics,2,2,4,fallback_support,2,1,0
delivery message should come after delivery,logistics,1,1,4,fallback_support,1,0,0
gift pack missing damaged product,logistics,1,0,2,damage_lost,0,3,3
not delivered product at all,logistics,0,0,4,fallback_support,0,3,2
inform who received card,logistics,1,1,4,fallback_support,1,0,0
khub j sari prakriya chhe,logistics,1,1,4,fallback_support,1,0,0
need time slot option for delivery,logistics,1,1,4,fallback_support,1,0,0
manager rude behaviour at office,logistics,0,0,3,behaviour,0,3,2
no improvement suggestion,logistics,1,1,4,fallback_support,1,0,0
parcel delivered to wrong flat careless behaviour,logistics,0,0,1,wrong_delivery,0,3,2
prepaid parcel not delivered at door cod delivered at door,logistics,1,0,4,fallback_support,0,0,0
delivery attempt failed due to missed call,logistics,1,1,0,delay,1,0,1
delivery person refused to deliver to first floor after complaint delivered standing on street,logistics,0,0,4,support,0,3,2
called for directions and delivered intact,logistics,1,1,4,support,1,0,0
so bad,logistics,0,0,4,fallback_support,0,3,2
no call when out for delivery,logistics,1,1,3,behaviour,1,0,0
delivery person cooperative and supportive,logistics,2,2,4,support,2,1,0
order delivery delayed by full day beyond schedule,logistics,1,0,0,delay,0,2,2
fake delivery remark,logistics,1,1,4,fallback_support,0,0,0
very good job very happy,logistics,2,2,4,fallback_support,2,1,0
return accepted,logistics,1,1,7,refund,1,0,0
delivery staff professional and polite,logistics,2,2,4,fallback_support,2,1,0
very good service delivery guy behaviour also very good,logistics,2,2,3,behaviour,2,1,0
delivery delay without prior info,logistics,1,0,0,delay,0,2,2
high quality product,logistics,1,1,4,fallback_support,1,0,0
dont know whom you delivered parcel,logistics,1,1,4,fallback_support,1,0,0
poor packaging bottle leaked,logistics,0,0,2,damage_lost,0,4,3
provide delivery service contact number,logistics,1,1,4,support,1,0,0
paperless fast banking but courier bad,logistics,1,0,4,fallback_support,0,0,0
wrong product delivered from your side,logistics,0,0,4,fallback_support,0,3,2
early service appreciated,logistics,2,2,4,fallback_support,2,1,0
parcel not deliver mark delivered,logistics,1,1,4,fallback_support,1,0,0
delivery charges should be reduced,logistics,1,1,4,fallback_support,1,0,0
no phone call from delivery team,logistics,1,1,4,support,1,0,0
one more item missing,logistics,1,0,2,damage_lost,0,0,0
g tum hkfbcc jysig,logistics,1,1,4,fallback_support,1,0,0
bad product received,logistics,0,0,4,fallback_support,0,3,2
order arrived late,logistics,0,0,0,delay,0,3,2
havent received courier name mismatch issue,logistics,1,0,4,fallback_support,0,0,0
below average service,logistics,0,0,4,fallback_support,1,0,1
bad delivery man arrogant behaviour,logistics,0,0,3,behaviour,0,3,2
very good service delivered one day early,logistics,2,2,4,fallback_support,2,1,0
performance exceeded expectations,logistics,2,2,4,fallback_support,2,1,0
do not receive mail,logistics,0,0,4,fallback_support,1,0,1
your executive ask for aadhar card of receive person,logistics,1,1,4,fallback_support,1,0,0
not me,logistics,1,1,4,fallback_support,1,0,0
wrong product delivered ordered tshirts received pants,logistics,0,0,4,fallback_support,0,3,2
wrong article received only car mobile charger in box,logistics,0,0,4,fallback_support,0,3,2
delivery time not shown,logistics,1,1,4,fallback_support,1,0,0
want to return my order,logistics,1,1,7,refund,1,0,0
delivery delayed beyond promised date,logistics,0,0,0,delay,0,3,2
delivery delayed by one day,logistics,1,0,0,delay,0,2,2
very good behaviour nicely talk good hearted man,logistics,2,2,3,behaviour,2,1,0
provide delivery time slot option,logistics,1,1,4,fallback_support,1,0,0
called to delivery point instead of doorstep,logistics,0,0,4,support,1,0,1
name incorrect on parcel,logistics,1,1,4,fallback_support,0,0,0
delivered ahead of schedule very efficient service,logistics,2,2,4,fallback_support,2,1,0
thanks,logistics,2,2,4,fallback_support,2,1,0
delivery person cooperative,logistics,1,1,4,fallback_support,1,0,0
product original address per deliver nahi huva,logistics,0,0,4,fallback_support,1,0,1
employee explained account features very well and opened account after banking hours appreciate the effort,logistics,2,2,4,fallback_support,2,1,0
they wait for u because we late take delivery,logistics,1,0,0,delay,0,0,1
had to collect parcel from office pathetic service,logistics,0,0,4,fallback_support,1,0,1
delivery agent number not shared,logistics,0,0,4,fallback_support,1,0,1
false information raised by delivery partner,logistics,0,0,4,fallback_support,1,0,1
not receive parcel no call no OTP,logistics,0,0,3,behaviour,1,0,2
delivery staff not interested left parcel with security item missing,logistics,0,0,2,damage_lost,0,4,3
bank service excellent welcome kit pending,logistics,2,2,4,fallback_support,0,1,0
nice behaviour,logistics,1,2,3,behaviour,2,0,0
slow delivery extremely delayed,logistics,0,0,0,delay,0,3,2
status misleading parcel delivered late and tampered,logistics,0,0,2,damage_lost,0,4,3
sandip polite and cooperative delivery agent,logistics,2,2,4,fallback_support,2,1,0
ok tanq,logistics,1,1,4,fallback_support,1,0,0
parcel not delivered to me,logistics,1,0,4,fallback_support,0,0,0
delivery marked delivered without actual delivery,logistics,1,1,4,fallback_support,1,0,0
nice service overall,logistics,2,2,4,fallback_support,2,1,0
delivery marked without actual delivery,logistics,0,0,4,fallback_support,1,0,1
very bad saree quality,logistics,0,0,4,fallback_support,0,3,2
delivery late despite follow ups,logistics,1,0,0,delay,0,2,2
NONE,logistics,1,1,4,fallback_support,1,0,0
minimum balance info needed,logistics,1,1,4,fallback_support,1,0,0
delivery boy contact number should be shared,logistics,1,1,4,support,1,0,0
order is fake want to return very disappointed,logistics,0,0,7,refund,0,4,3
fake product exchange fraud,logistics,0,0,7,refund,0,4,3
bad service article reached hub near my house but not delivered,logistics,0,0,4,fallback_support,0,3,2
item not same,logistics,0,0,4,fallback_support,1,0,1
not right,logistics,1,1,4,fallback_support,1,0,0
very rude behaviour shouting and arguing with customer,logistics,0,0,3,behaviour,0,3,2
continuous delay no support or contact,logistics,0,0,0,delay,0,3,2
normal service,logistics,1,1,4,fallback_support,1,0,0
everything perfect service,logistics,2,2,4,fallback_support,2,1,0
track parcel go office collect it know they delay delivery,logistics,1,0,0,delay,0,2,2
fake product delivered unhappy,logistics,0,0,4,fallback_support,0,3,2
worst delivery personnel,logistics,0,0,4,fallback_support,0,3,2
bad service experience,logistics,0,0,4,fallback_support,0,3,2
delivery boy very humble,logistics,2,2,4,fallback_support,2,1,0
nothing to improve everything perfect,logistics,2,2,4,fallback_support,2,1,0
prompt fast delivery,logistics,2,2,4,fallback_support,2,1,0
not well,logistics,0,0,4,fallback_support,1,0,1
rude delivery person behaviour,logistics,0,0,3,behaviour,0,3,2
india,logistics,1,1,4,fallback_support,1,0,0
fake remark short address delivery not attempted,logistics,0,0,0,delay,0,3,2
no call just delivery message received,logistics,0,0,3,behaviour,1,0,2
best service in region,logistics,2,2,4,fallback_support,2,1,0
staff cooperative timely delivery,logistics,2,2,4,fallback_support,2,1,0
not good quality,logistics,0,0,4,fallback_support,2,1,1
delivery boy didnt speak address parcel not received,logistics,0,0,2,damage_lost,0,4,3
delivery on time good service thanks bluedart,logistics,2,2,4,fallback_support,2,1,0
delivery delayed repeatedly,logistics,0,0,0,delay,0,3,2
fjfuuffhhchf,logistics,1,1,4,fallback_support,1,0,0
delivered after delay extremely poor service,logistics,0,0,0,delay,0,3,2
regional language support needed for KYC,logistics,1,1,4,support,1,0,0
very good service keep it going,logistics,2,2,4,fallback_support,2,1,0
delivery agent not trained rude behaviour,logistics,0,0,3,behaviour,0,3,2
shipment not delivered but marked delivered,logistics,0,0,4,fallback_support,0,3,2
not receive parcel without handover,logistics,1,1,4,fallback_support,1,0,0
delivery agent professional and polite,logistics,2,2,4,fallback_support,2,1,0
10,logistics,1,1,4,fallback_support,1,0,0
missing item from package,logistics,1,0,2,damage_lost,0,0,0
delivery partner refused doorstep delivery asked to collect far away,logistics,0,0,4,fallback_support,1,0,1
My Documents not received Please Contact,logistics,1,1,2,damage_lost,0,0,0
parcel not delivered to address,logistics,0,0,4,fallback_support,0,3,2
parcel wrongly delivered not received by me,logistics,0,0,2,damage_lost,0,4,3
order not receive,logistics,1,1,4,fallback_support,1,0,0
delivery person good but unreachable in emergency,logistics,1,2,4,fallback_support,2,1,0
return requested wrong product,logistics,1,0,7,refund,0,0,0
not dor delivery,logistics,1,1,4,fallback_support,1,0,0
no home delivery,logistics,0,0,4,fallback_support,1,0,1
cloth quality very bad,logistics,0,0,4,fallback_support,0,3,2
want return my order because different item received,logistics,1,1,7,refund,1,0,0
delivery denied to home told service only on main road market area,logistics,0,0,4,fallback_support,1,0,1
product delivered to wrong person,logistics,0,0,1,wrong_delivery,0,3,2
delivery person knows address accurately,logistics,1,1,4,fallback_support,1,0,0
parcel delivered to tenant without otp,logistics,1,1,4,fallback_support,1,0,0
delivery of this order make promptly,logistics,1,1,4,fallback_support,2,0,0
delivery received accurately,logistics,1,1,4,fallback_support,1,0,0
replace cover wrong item,logistics,1,0,4,fallback_support,0,0,0
item delivered to wrong person,logistics,0,0,1,wrong_delivery,0,3,2
not deliver at door step,logistics,1,1,4,fallback_support,1,0,0
nothing more to say delivered on time,logistics,2,2,4,fallback_support,2,1,0
unprofessional delivery staff behaviour,logistics,1,1,3,behaviour,0,0,0
delivery delay,logistics,1,0,0,delay,0,2,2
delivery agent polite professional,logistics,1,1,4,fallback_support,2,0,0
product different from ur add,logistics,1,1,4,fallback_support,1,0,0
received,logistics,1,1,4,fallback_support,1,0,0
this my first order receive from blue dart,logistics,1,1,4,fallback_support,1,0,0
everything ok excellent service thanks,logistics,2,2,4,fallback_support,2,1,0
delivery office pickup required,logistics,1,1,4,fallback_support,1,0,0
mobile case exchange issue,logistics,1,0,7,refund,0,0,0
it not deliver me yet,logistics,1,1,4,fallback_support,1,0,0
delivery delayed missed important date,logistics,1,0,0,delay,0,2,2
shipment delivered on time,logistics,2,2,4,fallback_support,2,1,0
extra day taken for delivery,logistics,1,1,4,fallback_support,1,0,0
didnt receive any parcel fraud case,logistics,0,0,4,fallback_support,1,4,3
order delivered very late,logistics,0,0,0,delay,0,3,2
timely service,logistics,1,1,4,fallback_support,2,0,0
pathetic delivery had to collect from centre,logistics,0,0,4,fallback_support,1,0,1
good ok overall satisfied,logistics,2,2,4,fallback_support,2,1,0
delivery delayed with no update extremely disappointing,logistics,0,0,0,delay,0,3,2
package marked delivered but not received,logistics,0,0,2,damage_lost,0,4,3
Amazing experience,logistics,2,2,4,fallback_support,2,1,0
delivery very late but finally received,logistics,1,0,0,delay,0,0,1
not received yet,logistics,1,1,2,damage_lost,0,0,0
delivery done before schedule appreciable,logistics,2,2,4,fallback_support,2,1,0
delivery status wrongly marked delivered without call,logistics,0,0,5,tracking,0,3,2
update status regularly,logistics,1,1,4,fallback_support,1,0,0
delivery not attempted at location,logistics,1,1,0,delay,1,0,1
parcel not received no call,logistics,0,0,2,damage_lost,0,4,3
very patient well speak delivery guy v respectful helpful,logistics,2,2,4,fallback_support,2,1,0
order delivery delayed many days unprofessional behaviour,logistics,0,0,0,delay,0,3,2
self pickup required,logistics,1,1,4,fallback_support,1,0,0
people not reach at mentioned address atleast didnt get call from delivery agent when check status it mention a address invalid which deliver other shipment same address in past which clearly say that negligence of service finally step in office location get card,logistics,0,0,4,support,1,0,1
delivery lady behavior not good,logistics,0,0,3,behaviour,2,1,2
very poor had to collect parcel from office,logistics,0,0,4,fallback_support,0,3,2
broken box received,logistics,1,1,2,damage_lost,0,0,0
nice service experience,logistics,2,2,4,fallback_support,2,1,0
delivery not attempted had to collect from office,logistics,0,0,0,delay,0,3,2
parcel not delivered and no intimation provided,logistics,1,0,3,behaviour,0,0,0
not delivered to hand,logistics,1,0,4,fallback_support,0,0,0
delivery reattempt done thank you,logistics,2,2,4,fallback_support,2,1,0
parcel taken back by delivery person,logistics,1,1,4,fallback_support,1,0,0
delivery marked completed before actual delivery,logistics,1,1,4,fallback_support,1,0,0
do not receive package but marked delivered,logistics,0,0,4,fallback_support,1,0,1
product missing,logistics,0,0,2,damage_lost,0,4,3
order delivered but not upto mark,logistics,1,1,4,fallback_support,1,0,0
missing item in parcel,logistics,1,0,2,damage_lost,0,0,0
easy account opening good experience,logistics,2,2,4,fallback_support,2,1,0
delivery service very good and helpful staff,logistics,2,2,4,fallback_support,2,1,0
delivery delayed,logistics,0,0,0,delay,0,3,2
late delivery after many days,logistics,1,0,0,delay,0,0,1
delivery agent extremely rude,logistics,0,0,3,behaviour,0,3,2
delivery executive did great job,logistics,2,2,4,fallback_support,2,1,0
where my parcel,logistics,1,1,4,fallback_support,1,0,0
didnt receive my product,logistics,0,0,4,fallback_support,1,0,1
delivery not at residence unclear source,logistics,0,0,4,fallback_support,1,0,1
professional response improved,logistics,2,2,4,fallback_support,2,1,0
shipment delivery delayed,logistics,1,0,0,delay,0,2,2
hassle free,logistics,1,1,4,fallback_support,1,0,0
delivery man no wait rude,logistics,1,0,3,behaviour,0,3,2
bluedart forced self collection from office very bad service,logistics,0,0,4,fallback_support,0,3,2
courier not received,logistics,1,1,2,damage_lost,0,0,0
godo,logistics,1,1,4,fallback_support,1,0,0
gold,logistics,1,1,4,fallback_support,1,0,0
very poor delivery forced office pickup after week,logistics,0,0,4,fallback_support,0,3,2
fraud seller wrong product delivered despite correct invoice,logistics,0,0,4,fallback_support,0,4,3
bank documents handed without verification concern,logistics,1,1,4,fallback_support,1,2,1
box cut parcel tampered,logistics,0,0,2,damage_lost,0,4,3
havent receive my parcel,logistics,0,0,4,fallback_support,1,0,1
delivery person refused door delivery and asked me to travel long distance,logistics,0,0,4,fallback_support,1,0,1
size extremely small,logistics,1,1,4,fallback_support,1,0,0
awesome service,logistics,2,2,4,fallback_support,2,1,0
parcel received opened item missing delivery person refused responsibility,logistics,0,0,2,damage_lost,0,4,3
it deliver late keep get message daily that not at home but no one ever come deilver this unprofessional understand that there can genuine case of delay,logistics,0,0,0,delay,0,3,2
delivery delayed had to collect from office,logistics,0,0,0,delay,0,3,2
delivery guy do not deliver parcel just because he climb stair,logistics,0,0,4,fallback_support,1,0,1
noiceeeee,logistics,1,1,4,fallback_support,1,0,0
delivery partner very polite and professional,logistics,2,2,4,fallback_support,2,1,0
wrong size received,logistics,1,0,4,fallback_support,0,0,0
after day effect,logistics,1,1,4,fallback_support,1,0,0
delivery boy promised delivery but delayed,logistics,1,0,0,delay,0,2,2
delivery was too late compared to schedule,logistics,0,0,0,delay,0,3,2
poor delivery service overall,logistics,0,0,4,fallback_support,0,3,2
on time,logistics,1,1,4,fallback_support,2,0,0
one day late delivery,logistics,1,0,0,delay,0,0,1
false reporting without visit or call,logistics,0,0,4,support,1,0,1
item not received no delivery attempt,logistics,0,0,2,damage_lost,0,4,3
office jake lena pada service ekdam galat hai,logistics,0,0,4,fallback_support,1,0,1
confidential letter delivered to wrong person security risk,logistics,1,0,1,wrong_delivery,0,0,1
fantastic five star,logistics,2,2,4,fallback_support,2,1,0
ok good,logistics,2,2,4,fallback_support,2,1,0
delivery improvement required,logistics,1,1,4,fallback_support,1,0,0
satisfied with service,logistics,2,2,4,fallback_support,2,1,0
not delivered at my location,logistics,0,0,4,fallback_support,0,3,2
excellent fast service,logistics,2,2,4,fallback_support,2,1,0
delivery reached district but not delivered for days,logistics,0,0,4,fallback_support,0,3,2
very late delivery,logistics,0,0,0,delay,0,3,2
delivered to wrong person address,logistics,0,0,1,wrong_delivery,0,3,2
by my name correction required,logistics,1,1,4,fallback_support,1,0,0
product defective,logistics,0,0,4,fallback_support,1,0,1
delivery address marked incorrect falsely,logistics,0,0,4,fallback_support,0,3,2
punctuality,logistics,1,1,4,fallback_support,1,0,0
delivery not on time wrong info given,logistics,0,0,0,delay,0,3,2
no manner talk eldersneed improve interaction behaviour which cant insult client especially senior,logistics,0,0,3,behaviour,1,0,2
bad service delivery boy start call me from pm deliver at he call with different different number again again,logistics,0,0,4,support,0,3,2
delivery boy patience appreciated,logistics,2,2,4,fallback_support,2,1,0
delivery late no site update,logistics,0,0,0,delay,0,3,2
self pickup delivery failed,logistics,1,1,0,delay,1,0,1
very good service impressed,logistics,2,2,4,fallback_support,2,1,0
many times delivery avoided with false reasons no call made,logistics,0,0,3,behaviour,1,0,2
Nothing need to change,logistics,1,1,4,fallback_support,1,0,0
waited whole day no call delivery timing unclear,logistics,1,2,3,behaviour,1,0,0
product not delivered at all,logistics,0,0,4,fallback_support,0,3,2
delivery partner was very rude refused to come near doorstep and spoke harshly unacceptable behaviour,logistics,0,0,3,behaviour,0,3,2
delivery after full payment delayed,logistics,0,0,0,delay,0,3,2
package not delivered,logistics,1,0,4,fallback_support,0,0,0
it deliver at all whom deliver god only know,logistics,1,1,4,fallback_support,1,0,0
correct delivery,logistics,2,2,4,fallback_support,2,1,0
get different product not what ordered,logistics,1,1,4,fallback_support,1,0,0
delivery delay with false premise closed update very poor service,logistics,0,0,0,delay,0,3,2
shipment not delivered fake update,logistics,0,0,4,fallback_support,0,3,2
rude behaviour,logistics,0,0,3,behaviour,0,3,2
saree damaged,logistics,0,0,2,damage_lost,0,4,3
partial delivery app shows full delivered,logistics,1,1,4,fallback_support,1,0,0
product does not fit cannot use,logistics,0,0,4,fallback_support,1,0,1
good service communication easy,logistics,2,2,4,fallback_support,2,1,0
excellent customer service,logistics,2,2,4,support,2,1,0
ok receive,logistics,1,1,4,fallback_support,1,0,0
professional conduct,logistics,1,1,4,fallback_support,2,0,0
we cant receive flicka silk touch only lipstick receive from box,logistics,1,1,4,fallback_support,1,0,0
important courier delayed without call,logistics,0,0,0,delay,0,3,2
delivery guy didnt deliver order,logistics,0,0,4,fallback_support,1,0,1
u deliver wrong courier,logistics,0,0,4,fallback_support,0,3,2
fake product exchanged fraud,logistics,0,0,7,refund,0,4,3
no call received from courier,logistics,1,1,3,behaviour,1,0,0
one of best delivery,logistics,2,2,4,fallback_support,2,1,0
delivery staff rude liar needs training,logistics,0,0,3,behaviour,0,3,2
scope for improvement in online KYC verification,logistics,1,1,4,fallback_support,1,0,0
delivery marked but receiver different,logistics,1,1,4,fallback_support,1,0,0
delivery staff need behaviour training,logistics,1,1,3,behaviour,1,0,0
very nice product,logistics,2,2,4,fallback_support,2,1,0
sunday dilivery honi chahiye,logistics,1,1,4,fallback_support,1,0,0
yes received service,logistics,1,1,4,fallback_support,1,0,0
quick service provider deliver on time,logistics,1,1,4,fallback_support,2,0,0
incorrect address reported intentionally,logistics,1,1,4,fallback_support,0,0,0
delivery guy refuse come up collect downstairs,logistics,1,1,4,fallback_support,1,0,0
ok thanks,logistics,1,2,4,fallback_support,2,1,0
bad delivery service,logistics,0,0,4,fallback_support,0,3,2
long term customer trust appreciated,logistics,1,1,4,fallback_support,2,0,0
outstanding service from blue dartgood behavior blue dart agent,logistics,2,2,3,behaviour,2,1,0
not at all satisfied,logistics,1,1,4,fallback_support,2,1,0
service appreciable,logistics,2,2,4,fallback_support,2,1,0
delivery status incorrect no call received,logistics,0,0,3,behaviour,0,3,2
extremely rude delivery behaviour,logistics,0,0,3,behaviour,0,3,2
delivery boy behaved very rudely and arrogantly,logistics,0,0,3,behaviour,0,3,2
pathetic delivery and customer care never recommend,logistics,0,0,4,support,1,0,1
self pickup,logistics,1,1,4,fallback_support,1,0,0
delivery boy never comes to floor always leaves at ground floor very disappointing,logistics,0,0,4,fallback_support,1,0,1
As of now very good experience,logistics,2,2,4,fallback_support,2,1,0
product not delivered,logistics,0,0,4,fallback_support,0,3,2
no delivered,logistics,1,1,4,fallback_support,1,0,0
village delivery slow dissatisfied,logistics,0,0,0,delay,0,3,2
On.pay.link,logistics,1,1,4,fallback_support,1,0,0
worst delivery service refund demanded,logistics,0,0,7,refund,0,4,3
option to choose delivery date required,logistics,1,1,4,fallback_support,1,0,0
good service ashwin david thank you,logistics,2,2,4,fallback_support,2,1,0
very nice delivery experience,logistics,2,2,4,fallback_support,2,1,0
did not receive delivery,logistics,0,0,2,damage_lost,0,4,3
delivery delay with no communication,logistics,0,0,0,delay,0,3,2
late delivery again,logistics,1,0,0,delay,0,0,1
franchise person never delivers at home,logistics,0,0,4,fallback_support,1,0,1
order never delivered always marked premise locked,logistics,0,0,4,fallback_support,1,0,1
delivery executive very rude behaviour,logistics,0,0,3,behaviour,0,3,2
deliver on time without forcing office pickup,logistics,1,1,4,fallback_support,2,0,0
delivery status falsely marked delivered,logistics,1,1,4,fallback_support,1,0,0
delivery pending,logistics,1,1,0,delay,0,2,2
super fast one day delivery polite staff,logistics,2,2,4,fallback_support,2,1,0
return requested bad product,logistics,0,0,7,refund,0,4,3
wrong item delivered dust instead of product,logistics,0,0,4,fallback_support,0,3,2
sharan very kind hard working,logistics,2,2,4,fallback_support,2,1,0
packet torn need careful handling,logistics,1,1,2,damage_lost,1,0,0
courier person called first day then no follow up false status updated repeatedly,logistics,1,1,4,support,1,2,1
atm card not delivered needs branch help,logistics,0,0,4,fallback_support,0,3,2
shipment marked delivered but not received,logistics,1,1,2,damage_lost,0,0,0
company cheated wrong product sent fraud,logistics,0,0,4,fallback_support,0,4,3
excell,logistics,1,1,4,fallback_support,1,0,0
awesome,logistics,2,2,4,fallback_support,2,1,0
Hg,logistics,1,1,4,fallback_support,1,0,0
amit ok,logistics,1,1,4,fallback_support,1,0,0
delivery date earlier than expected,logistics,1,1,4,fallback_support,1,0,0
package not yet received,logistics,0,0,4,fallback_support,1,0,1
delivery speedy smooth,logistics,2,2,4,fallback_support,2,1,0
courier delivered to wrong address,logistics,0,0,1,wrong_delivery,0,3,2
courier delivered on time thank you,logistics,2,2,4,fallback_support,2,1,0
fabric quality very cheap,logistics,1,1,4,fallback_support,1,0,0
otp based delivery safe and secure,logistics,2,2,4,fallback_support,2,1,0
nil feedback,logistics,1,1,6,pricing,1,0,0
delivery boy refused area delivery,logistics,0,0,4,fallback_support,1,0,1
great timely delivery,logistics,2,2,4,fallback_support,2,1,0
very good product value,logistics,2,2,4,fallback_support,2,1,0
video kyc improvement suggestion,logistics,1,1,4,fallback_support,1,0,0
unable to track package location,logistics,1,1,5,tracking,1,0,1
delay without reason,logistics,1,0,0,delay,0,2,2
product not delivered as per convenience,logistics,0,0,4,fallback_support,0,3,2
timely,logistics,1,1,4,fallback_support,2,0,0
nothing to add,logistics,1,1,4,fallback_support,1,0,0
very happy with this courier service,logistics,2,2,4,fallback_support,2,1,0
package never delivered false attempts marked,logistics,0,0,4,fallback_support,1,0,1
last credit card delivery was very bad,logistics,0,0,4,fallback_support,0,3,2
delivery agent never called even after reschedule,logistics,1,1,4,support,1,0,0
payment failed due to network issue,logistics,0,0,4,fallback_support,0,3,2
wrong information about address marked without OTP or call,logistics,0,0,4,support,0,3,2
bad experience ever order not yet deliver but status delivered,logistics,0,0,4,fallback_support,0,3,2
relationship manager suggestion for improvement,logistics,1,1,4,fallback_support,1,0,0
very pathetic service,logistics,0,0,4,fallback_support,1,0,1
delivery person not good,logistics,0,0,4,fallback_support,2,1,1
completely satisfied with recent delivery,logistics,2,2,4,fallback_support,2,1,0
good h,logistics,1,2,4,fallback_support,2,1,0
package roaming with rider no update forced hub pickup,logistics,1,1,5,tracking,0,2,2
when get product blue dart parcel tore inside also one of product plastic tore,logistics,1,1,4,fallback_support,1,0,0
very satisfied with service,logistics,2,2,4,fallback_support,2,1,0
poor service credit card charged without update,logistics,0,0,6,pricing,0,3,2
return requested due to size issue,logistics,0,0,7,refund,0,4,3
fraud order wrong item sent,logistics,0,0,4,fallback_support,0,4,3
false delivery attempt remarks without calling customer,logistics,0,0,4,support,1,0,1
fast and secure,logistics,2,2,4,fallback_support,2,1,0
parcel expected delivery date missed,logistics,1,1,4,fallback_support,1,0,0
delivery handled well polite staff,logistics,2,2,4,fallback_support,2,1,0
not delivered to right person,logistics,0,0,4,fallback_support,0,3,2
not pure product quality,logistics,1,1,4,fallback_support,1,0,0
just keep up good work,logistics,2,2,4,fallback_support,2,1,0
can buy pack but get one pack,logistics,1,1,4,fallback_support,1,0,0
refund requested,logistics,1,0,7,refund,1,0,0
please cancel my order this wrong item,logistics,0,0,4,fallback_support,0,3,2
polite behaviour of delivery person,logistics,2,2,3,behaviour,2,1,0
please avoid delivery delay,logistics,1,0,0,delay,0,2,2
great service on time delivery,logistics,2,2,4,fallback_support,2,1,0
delivery pleasant but delayed,logistics,1,0,0,delay,0,2,2
not received,logistics,1,1,2,damage_lost,0,0,0
shipment falsely marked delivered,logistics,0,0,4,fallback_support,1,0,1
third class service,logistics,1,1,4,fallback_support,1,0,0
delivery rescheduled falsely,logistics,0,0,0,delay,0,3,2
im very happy,logistics,2,2,4,fallback_support,2,1,0
delivery call used bluedart address,logistics,1,1,4,support,1,0,0
delivery agent unable to reach location despite map and live location,logistics,1,1,4,fallback_support,1,0,0
parcel taken back by delivery agent,logistics,1,1,4,fallback_support,1,0,0
delivery boy dropped parcel without handover poor practice,logistics,0,0,4,fallback_support,0,3,2
want to return product received old item,logistics,0,0,7,refund,0,4,3
correct pincode but courier held for three days,logistics,0,0,4,fallback_support,1,0,1
loan installment details required,logistics,1,1,4,fallback_support,1,0,0
delivery agent behaved rudely while delivering medicine,logistics,0,0,3,behaviour,0,3,2
refund process query,logistics,1,0,7,refund,1,0,0
ordered pillow received only one,logistics,1,1,4,fallback_support,1,0,0
ordered item not sent different item received,logistics,1,1,4,fallback_support,1,0,0
delivery agent behaves so rude,logistics,0,0,3,behaviour,0,3,2
order falsely marked not available before return,logistics,0,0,7,refund,0,4,3
late delivery by one day,logistics,1,0,0,delay,0,0,1
service is reliable and good,logistics,2,2,4,fallback_support,2,1,0
awsome service from blue dart courier,logistics,2,2,4,fallback_support,2,1,0
please deliver faster,logistics,1,1,4,fallback_support,2,0,0
delivery boy lied about availability,logistics,0,0,4,fallback_support,1,0,1
very delayed delivery not happy,logistics,0,0,0,delay,0,3,2
delivered without actual delivery,logistics,1,1,4,fallback_support,1,0,0
received image but wrong size delivered,logistics,1,0,4,fallback_support,0,0,0
Good banking,logistics,2,2,4,fallback_support,2,1,0
very bad behaviour not acceptable,logistics,0,0,3,behaviour,0,3,2
item not received,logistics,1,1,2,damage_lost,0,0,0
parcel not receive message came delivered,logistics,1,1,4,fallback_support,1,0,0
service already good,logistics,2,2,4,fallback_support,2,1,0
good quality best service,logistics,2,2,4,fallback_support,2,1,0
delivery executive rude handling shipment,logistics,0,0,3,behaviour,0,3,2
wrong item delivered by courier boy,logistics,0,0,4,fallback_support,0,3,2
delivery delayed without location update,logistics,0,0,0,delay,0,3,2
allow delivery at fixed slot,logistics,1,1,4,fallback_support,1,0,0
fake product wrong watch received want return,logistics,0,0,7,refund,0,4,3
fully satisfied with delivery person,logistics,2,2,4,fallback_support,2,1,0
staff behaviour extremely poor at branch,logistics,1,1,3,behaviour,0,0,0
very good nice,logistics,2,2,4,fallback_support,2,1,0
dress completely different from image want return,logistics,0,0,7,refund,0,4,3
payment issue extra amount collected,logistics,1,0,6,pricing,0,0,0
delivery poor service,logistics,0,0,4,fallback_support,0,3,2
false delivery report despite availability,logistics,1,1,4,fallback_support,1,0,0
parcel damaged after multiple follow ups and retaped worst experience,logistics,0,0,2,damage_lost,0,4,3
service good,logistics,1,2,4,fallback_support,2,1,0
extra money taken beyond order value,logistics,0,0,4,fallback_support,1,0,1
order placed by mistake want return,logistics,1,1,7,refund,1,0,0
must,logistics,1,1,4,fallback_support,1,0,0
bank account opening smooth and hassle free,logistics,2,2,4,fallback_support,2,1,0
before arrive please give call,logistics,1,1,4,support,1,0,0
call before delivery,logistics,1,1,4,support,1,0,0
fraud parcel received instead of original item,logistics,0,0,4,fallback_support,1,4,3
delivery agent returned exact change,logistics,1,1,7,refund,1,0,0
pathetic service,logistics,0,0,4,fallback_support,1,0,1
had to collect from hub after two weeks,logistics,0,0,4,fallback_support,1,0,1
package received opened item not missing but seems used earlier,logistics,0,0,4,fallback_support,0,3,2
delivery boy behaved badly shouted and did not listen to address instructions,logistics,0,0,3,behaviour,0,3,2
name reference,logistics,1,1,4,fallback_support,1,0,0
it took extra day for delivery,logistics,1,1,4,fallback_support,1,0,0
not in time,logistics,1,1,4,fallback_support,1,0,0
mobile cover small size issue,logistics,1,0,4,fallback_support,0,0,0
order not delivered suspected fraud,logistics,0,0,4,fallback_support,0,4,3
lipstick delivered was empty and used product,logistics,0,0,4,fallback_support,1,0,1
order not delivered to me,logistics,0,0,4,fallback_support,0,3,2
reliable courier overall,logistics,1,1,4,fallback_support,1,0,0
forced to collect from outlet repeatedly,logistics,0,0,4,fallback_support,1,0,1
delivery partner did not deliver on time,logistics,0,0,4,fallback_support,2,0,1
poor quality name tag,logistics,0,0,4,fallback_support,0,3,2
courier not delivered home collected from office,logistics,0,0,4,fallback_support,0,3,2
forced hub pickup after fake remarks,logistics,0,0,4,fallback_support,0,3,2
size issue and poor quality product,logistics,0,0,4,fallback_support,0,3,2
best quality received,logistics,1,1,4,fallback_support,1,0,0
delivery without consent unacceptable,logistics,1,1,4,fallback_support,1,0,0
used product in package,logistics,1,1,4,fallback_support,1,0,0
dont schedule delivery on weekend,logistics,1,1,4,fallback_support,1,0,0
excellent service super fast delivery,logistics,2,2,4,fallback_support,2,1,0
satisfactory experience,logistics,2,2,4,fallback_support,2,1,0
delivery delayed at hub without intimation,logistics,0,0,0,delay,0,3,2
delivery executive patient and helpful,logistics,2,2,4,fallback_support,2,1,0
no thoughts,logistics,1,1,4,fallback_support,1,0,0
product damaged during transport,logistics,0,0,2,damage_lost,0,4,3
shipment delivered to different receiver,logistics,1,1,4,fallback_support,1,0,0
delivery partner refused to deliver at my address,logistics,0,0,4,fallback_support,1,0,1
no doorstep delivery forced self pickup,logistics,0,0,4,fallback_support,1,0,1
you serve best,logistics,2,2,4,fallback_support,2,1,0
delivery boy did not come to my home address,logistics,0,0,4,fallback_support,1,0,1
not delivered to me,logistics,0,0,4,fallback_support,0,3,2
it recommend provide order reach owner,logistics,1,1,4,fallback_support,1,0,0
delay delivery,logistics,1,0,0,delay,0,2,2
card not delivered had to collect from bluedart office staff behaviour bad,logistics,0,0,3,behaviour,0,3,2
be honest in first place,logistics,1,1,4,fallback_support,1,0,0
behavior very good,logistics,2,2,3,behaviour,2,1,0
sir this rong item how can return this not my order,logistics,0,0,1,wrong_delivery,0,3,2
very pleased with service,logistics,2,2,4,fallback_support,2,1,0
not delivered had to collect parcel personally,logistics,1,0,4,fallback_support,0,0,0
didnt receive order,logistics,1,1,4,fallback_support,1,0,0
delivery boy contact number should be visible,logistics,1,1,4,support,1,0,0
best delivery service ever,logistics,2,2,4,fallback_support,2,1,0
delivery delayed need proactive communication,logistics,1,0,0,delay,0,2,2
one of best service thank you so much,logistics,2,2,4,fallback_support,2,1,0
delay service,logistics,1,0,0,delay,0,2,2
too much late delivery,logistics,0,0,0,delay,0,3,2
parcel not deliver but message come a deliver,logistics,1,1,4,fallback_support,1,0,0
Credit card and online banking facilities should be offered . ,logistics,1,1,4,fallback_support,1,0,0
good service good delivery person,logistics,2,2,4,fallback_support,2,1,0
consignment not received yet,logistics,1,1,2,damage_lost,0,0,0
ordered sunglasses wrong brand delivered,logistics,0,0,4,fallback_support,0,3,2
false door closed remark,logistics,0,0,4,fallback_support,1,0,1
parcel stuck at hub had to collect myself,logistics,0,0,4,fallback_support,0,3,2
humble service,logistics,2,2,4,fallback_support,2,1,0
one day delay at patna airport,logistics,1,0,0,delay,0,2,2
delivery not completed on time one week delay false incorrect address reasons,logistics,0,0,0,delay,0,3,2
no comment,logistics,1,1,4,fallback_support,1,0,0
good service first delivery,logistics,2,2,4,fallback_support,2,1,0
good working,logistics,2,2,4,fallback_support,2,1,0
dont wan,logistics,1,1,4,fallback_support,1,0,0
delivery slow and late,logistics,1,0,0,delay,0,0,1
forced to pick order from office after delays,logistics,0,0,0,delay,0,3,2
product different from website images,logistics,1,1,4,fallback_support,1,0,0
just great service,logistics,2,2,4,fallback_support,2,1,0
delivery boy extremely poor performance,logistics,0,0,4,fallback_support,0,3,2
improve delivery service,logistics,1,1,4,fallback_support,1,0,0
damage box little bit open,logistics,1,0,2,damage_lost,1,0,0
courier not delivered no call track immediately,logistics,0,0,5,tracking,0,3,2
delivery guy very helpful,logistics,2,2,4,fallback_support,2,1,0
no call unsure where parcel delivered,logistics,0,0,3,behaviour,1,0,2
bank charges slabs not explained clearly before account opening,logistics,1,2,4,fallback_support,1,0,0
poor communication high price very late delivery,logistics,0,0,0,delay,0,3,2
wrong product delivered,logistics,1,0,4,fallback_support,0,0,0
fantastic service packaging very safe,logistics,2,2,4,fallback_support,2,1,0
best service experience,logistics,2,2,4,fallback_support,2,1,0
package leaked inside but staff fine,logistics,1,1,2,damage_lost,1,0,0
friendliness professionalism average,logistics,1,1,4,fallback_support,2,0,0
please reduce transit time,logistics,1,1,4,fallback_support,1,0,0
no need,logistics,1,1,4,fallback_support,1,0,0
wrong item delivered unfair want return,logistics,0,0,7,refund,0,4,3
perfect,logistics,1,2,4,fallback_support,2,0,0
your irresponsibility beyond explanation,logistics,0,0,4,fallback_support,1,0,1
service not available area still accepted order,logistics,0,0,4,fallback_support,1,0,1
order marked delivered but not received,logistics,0,0,2,damage_lost,0,4,3
improvement seen delivery system better now,logistics,1,1,4,fallback_support,1,0,0
Yy,logistics,1,1,4,fallback_support,1,0,0
packet not received,logistics,0,0,2,damage_lost,0,4,3
my parshl id not dilevery,logistics,1,1,4,fallback_support,1,0,0
delivery person proactive and reached customer,logistics,2,2,4,fallback_support,2,1,0
address corrected and delivered successfully thanks,logistics,2,2,4,fallback_support,2,1,0
just need add number of delivery partner,logistics,1,1,4,fallback_support,1,0,0
good service fast delivery,logistics,2,2,4,fallback_support,2,1,0
prashant good always polite on time,logistics,2,2,4,fallback_support,2,1,0
always prompt polite delivery important,logistics,2,2,4,fallback_support,2,1,0
stupid service,logistics,0,0,4,fallback_support,1,0,1
delivery inconvenience faced,logistics,0,0,4,fallback_support,1,0,1
debit card not delivered but marked delivered,logistics,0,0,4,fallback_support,0,3,2
best fast service,logistics,2,2,4,fallback_support,2,1,0
no suggestion,logistics,1,1,4,fallback_support,1,0,0
didnt receive item,logistics,0,0,4,fallback_support,1,0,1
delivery man rude behaviour,logistics,0,0,3,behaviour,0,3,2
false delivery attempt marked,logistics,0,0,4,fallback_support,1,0,1
good service decent timely delivery,logistics,2,2,4,fallback_support,2,1,0
delivery partner refused doorstep delivery,logistics,0,0,4,fallback_support,1,0,1
delivery boy very rude mannerless,logistics,0,0,3,behaviour,0,3,2
thanks,logistics,1,2,4,fallback_support,2,1,0
delivery person called earlier,logistics,1,1,4,support,1,0,0
no verification risky delivery,logistics,1,1,4,fallback_support,1,0,0
delivery agent refunded without delivery,logistics,1,0,7,refund,1,0,0
prompt polite speedy delivery,logistics,1,1,4,fallback_support,2,0,0
multiple complaints raised earlier,logistics,1,1,4,support,0,3,2
best service in india,logistics,2,2,4,fallback_support,2,1,0
OTP taken on call but parcel not delivered,logistics,0,0,4,support,0,3,2
delivery partner rude refused floor delivery insisted to come down,logistics,0,0,3,behaviour,0,3,2
missing item in parcel protein bar not received,logistics,0,0,2,damage_lost,0,4,3
staff delivered safely thanks,logistics,2,2,4,fallback_support,2,1,0
marked delivered but no delivery happened,logistics,0,0,4,fallback_support,1,0,1
no follow up,logistics,1,1,4,support,1,2,1
receiver received,logistics,1,1,4,fallback_support,1,0,0
awesome,logistics,1,2,4,fallback_support,1,0,0
package delivered with proper instructions intact,logistics,1,1,4,fallback_support,1,0,0
delivery message received but parcel not delivered,logistics,1,0,4,fallback_support,0,0,0
deliver product on time,logistics,1,1,4,fallback_support,2,0,0
item not delivered but message says delivered,logistics,0,0,4,fallback_support,0,3,2
very cooperative staff,logistics,1,1,4,fallback_support,1,0,0
delivery team very polite and fast,logistics,2,2,4,fallback_support,2,1,0
professional behaviour appreciated,logistics,1,1,3,behaviour,2,0,0
hiii,logistics,1,1,4,fallback_support,1,0,0
slow but safe delivery,logistics,1,1,4,fallback_support,1,0,0
parcel not received no call from delivery team,logistics,0,0,2,damage_lost,0,4,3
delivery man irresponsible no local office number,logistics,0,0,4,fallback_support,1,0,1
very helpful delivery executive,logistics,2,2,4,fallback_support,2,1,0
not delivered product,logistics,0,0,4,fallback_support,0,3,2
product missing from box,logistics,0,0,2,damage_lost,0,4,3
delivery boy rude bossy behaviour,logistics,0,0,3,behaviour,0,3,2
did not receive card,logistics,0,0,2,damage_lost,0,4,3
delivery boy refused village delivery,logistics,1,1,4,fallback_support,1,0,0
best,logistics,1,1,4,fallback_support,1,0,0
Everything is good please keep privacy and security related issues always,logistics,2,0,0,delay,0,1,0
want bigger size,logistics,1,1,4,fallback_support,1,0,0
delivery boy polite and communicates well,logistics,2,2,4,fallback_support,2,1,0
parcel reference,logistics,1,1,4,fallback_support,1,0,0
this time service bad,logistics,0,0,4,fallback_support,0,3,2
very nice delivery person,logistics,2,2,4,fallback_support,2,1,0
passport delivery charged extra incorrectly,logistics,1,1,6,pricing,0,0,0
charged extra amount,logistics,1,1,6,pricing,1,0,0
delivery delayed four days,logistics,0,0,0,delay,0,3,2
not yet received worried about delay,logistics,1,0,0,delay,0,2,2
delivery agent forced customer to collect parcel elsewhere,logistics,1,1,4,fallback_support,1,0,0
worst experience delayed forced pickup,logistics,0,0,0,delay,0,3,2
status marked delivered but not received,logistics,0,0,2,damage_lost,0,4,3
day late delivery,logistics,1,0,0,delay,0,0,1
good organisation and timely delivery,logistics,2,2,4,fallback_support,2,1,0
please call if address issue or delivery delay,logistics,1,0,0,delay,0,2,2
delivery boy threatened customer,logistics,0,0,3,behaviour,1,0,2
smooth delivery experience,logistics,2,2,4,fallback_support,2,1,0
great experience staff support appreciated,logistics,2,2,4,support,2,1,0
delivery staff behaved rudely threatened customer and refused delivery,logistics,0,0,3,behaviour,0,3,2
technical issue caused one day extra delivery,logistics,1,0,4,fallback_support,0,0,0
delivery schedule unclear,logistics,1,2,4,fallback_support,1,0,0
wrong contact number remove it,logistics,1,0,4,support,0,0,0
delivery staff refused doorstep delivery and misbehaved,logistics,0,0,3,behaviour,1,0,2
product damaged,logistics,1,0,2,damage_lost,0,3,3
quality unclear,logistics,1,2,4,fallback_support,1,0,0
brand mismatch concern,logistics,1,1,4,fallback_support,1,2,1
overall service good,logistics,1,2,4,fallback_support,2,1,0
professional delivery,logistics,1,1,4,fallback_support,2,0,0
asked to collect from different location,logistics,1,1,4,fallback_support,1,0,0
good delivery experience,logistics,2,2,4,fallback_support,2,1,0
defective product received,logistics,0,0,4,fallback_support,1,0,1
polite efficient delivery person,logistics,2,2,4,fallback_support,2,1,0
great service,logistics,2,2,4,fallback_support,2,1,0
easy accessible office,logistics,1,1,4,fallback_support,1,0,0
Gay,logistics,1,1,4,fallback_support,1,0,0
address change option needed,logistics,1,1,4,fallback_support,1,0,0
interest rate high for first time buyer,logistics,1,1,4,fallback_support,1,0,0
forced to travel far to collect parcel,logistics,0,0,4,fallback_support,1,0,1
I didn't feel that you should improve anything. IDFC first Bank  banking services are excellent ,logistics,1,2,6,pricing,1,1,0
very good service,logistics,2,2,4,fallback_support,2,1,0
convenient delivery experience,logistics,2,2,4,fallback_support,2,1,0
fake delivery attempt marked daily,logistics,0,0,4,fallback_support,0,3,2
delivery timely and perfect condition,logistics,2,2,4,fallback_support,2,1,0
incorrect address on google issue,logistics,1,0,4,fallback_support,0,0,0
urgent service required,logistics,1,1,4,fallback_support,1,0,0
we did not receive our courier,logistics,0,0,2,damage_lost,0,4,3
very good behavior fast delivery,logistics,2,2,3,behaviour,2,1,0
do not deliver parcel,logistics,0,0,4,fallback_support,1,0,1
not delivered yet,logistics,0,0,0,delay,0,3,2
refund required,logistics,1,0,7,refund,1,0,0
not received at all,logistics,1,1,2,damage_lost,0,0,0
courier boy behaviour not good,logistics,0,0,3,behaviour,2,1,2
call before parcel delivery,logistics,1,1,4,support,1,0,0
good delivery partner,logistics,2,2,4,fallback_support,2,1,0
account issue wrong account opened request closure,logistics,0,0,4,fallback_support,0,3,2
very good experience respectful delivery staff,logistics,2,2,4,fallback_support,2,1,0
rude delivery person left parcel outside,logistics,0,0,3,behaviour,0,3,2
customer first,logistics,1,1,4,fallback_support,1,0,0
forced to collect from bluedart office,logistics,0,0,4,fallback_support,1,0,1
odd experience,logistics,1,1,4,fallback_support,1,0,0
marked delivered without call,logistics,0,0,4,support,1,0,1
delivery agent marks not available without calling,logistics,0,0,4,support,1,0,1
everything great,logistics,2,2,4,fallback_support,2,1,0
delivery guy stopped before address,logistics,1,1,4,fallback_support,1,0,0
thank you for super fast delivery,logistics,2,2,4,fallback_support,2,1,0
delivery boy friendly,logistics,1,1,4,fallback_support,1,0,0
please share expected delivery date via message,logistics,1,1,4,fallback_support,1,0,0
consignment not received,logistics,1,1,2,damage_lost,0,0,0
grateful for excellent service,logistics,2,2,4,fallback_support,2,1,0
very good overall,logistics,2,2,4,fallback_support,2,1,0
wrong item delivered refund required,logistics,0,0,7,refund,0,4,3
want return product,logistics,1,1,7,refund,1,0,0
tracking details should be shared before delivery,logistics,1,1,5,tracking,1,0,1
not good appearance,logistics,0,0,4,fallback_support,2,1,1
no proper delivery had to carry parcel myself,logistics,1,1,4,fallback_support,1,0,0
fast,logistics,1,1,4,fallback_support,2,0,0
payment update related,logistics,1,0,0,delay,0,0,1
seamless process opened NRO NRE account easily fast track service excellent experience,logistics,2,2,5,tracking,1,1,0
fake order received need cyber complaint,logistics,1,1,4,support,0,3,2
package very dirty have lot of dust deposit on it,logistics,0,0,4,fallback_support,1,0,1
fastest courier in our region,logistics,1,1,4,fallback_support,2,0,0
route map needed,logistics,1,1,4,fallback_support,1,0,0
delivery person asked to come out,logistics,1,1,4,fallback_support,1,0,0
shipment delays observed,logistics,1,0,0,delay,0,2,2
package leak from inside,logistics,1,1,2,damage_lost,1,0,0
excellent but little late,logistics,1,0,0,delay,0,1,1
delivery person delivered wrong item instead of ordered product,logistics,0,0,4,fallback_support,0,3,2
delivery extremely late,logistics,0,0,0,delay,0,3,2
delivery partner rude shouted and threatened to throw parcel,logistics,0,0,3,behaviour,0,3,2
delivery person rude refused to read address,logistics,0,0,3,behaviour,0,3,2
professional service,logistics,1,1,4,fallback_support,2,0,0
Already very nice process,logistics,2,2,4,fallback_support,2,1,0
fake item delivered fraud case,logistics,0,0,4,fallback_support,0,4,3
delivery partner extremely rude worst experience,logistics,0,0,3,behaviour,0,3,2
deliver person helped despite address misprint,logistics,2,2,4,fallback_support,2,1,0
appreciate pramod for excellent polite service,logistics,2,2,4,fallback_support,2,1,0
reluctant doorstep delivery repeated issue,logistics,0,0,4,fallback_support,0,3,2
company cheated wrong product delivered,logistics,0,0,4,fallback_support,0,4,3
waste service,logistics,0,0,4,fallback_support,1,0,1
delivery partner raised false info,logistics,0,0,4,fallback_support,1,0,1
delivery delayed by one day from tracking system,logistics,1,0,0,delay,0,2,2
superb experience,logistics,2,2,4,fallback_support,2,1,0
share delivery executive number,logistics,1,1,4,fallback_support,1,0,0
did not order this product cash taken need refund,logistics,0,0,7,refund,0,4,3
courier person needs training,logistics,1,1,4,fallback_support,1,0,0
fast secure delivery,logistics,1,1,4,fallback_support,2,0,0
delivery boy very helpful and friendly,logistics,2,2,4,fallback_support,2,1,0
pricing mismatch between charged amount and offer price,logistics,0,0,6,pricing,1,0,0
fraud you,logistics,0,0,4,fallback_support,1,4,3
delivery person nice and helpful,logistics,2,2,4,fallback_support,2,1,0
unclear feedback,logistics,1,2,6,pricing,1,0,0
fraud empty box delivered serious issue,logistics,1,0,2,damage_lost,0,4,3
good service thank you,logistics,2,2,4,fallback_support,2,1,0
pathetic experience forced office pickup,logistics,0,0,4,fallback_support,1,0,1
strong dissatisfaction delivery delayed,logistics,0,0,0,delay,0,3,2
false daily status updates claiming address incomplete,logistics,0,0,4,fallback_support,1,0,1
well spoken and very professional delivery person,logistics,2,2,4,fallback_support,2,1,0
thank you for delivery service liked it,logistics,2,2,4,fallback_support,2,1,0
very fast delivery happy,logistics,2,2,4,fallback_support,2,1,0
delivery agent confirmed availability but delayed delivery,logistics,1,0,0,delay,0,2,2
didnt receive my order,logistics,0,0,4,fallback_support,1,0,1
shiva delivers promptly with care,logistics,2,2,4,fallback_support,2,1,0
why consignment late despite early arrival,logistics,1,0,0,delay,0,0,1
delivery message shown but item not received,logistics,1,1,2,damage_lost,0,0,0
do not delay service,logistics,1,0,0,delay,0,2,2
happy with service,logistics,2,2,4,fallback_support,2,1,0
delivery executive very good and polite respectful great service,logistics,2,2,4,fallback_support,2,1,0
wrong item received,logistics,1,0,4,fallback_support,0,0,0
fast delivery on time,logistics,2,2,4,fallback_support,2,1,0
delivery person professional and helpful,logistics,2,2,4,fallback_support,2,1,0
want return order,logistics,1,1,7,refund,1,0,0
no comments,logistics,1,1,4,fallback_support,1,0,0
could day faster,logistics,2,2,4,fallback_support,2,1,0
welcome kit not delivered even after week,logistics,0,0,4,fallback_support,0,3,2
product nice,logistics,2,2,4,fallback_support,2,1,0
genuine courier company reaches on time and delivers safely thank you bluedart,logistics,2,2,4,fallback_support,2,1,0
superb,logistics,1,1,4,fallback_support,1,0,0
loan issue mentioned,logistics,1,0,4,fallback_support,0,0,0
very good service respect keep it up,logistics,2,2,4,fallback_support,2,1,0
trustworthy courier partner,logistics,2,2,4,fallback_support,2,1,0
service extremely poor unacceptable,logistics,1,1,4,fallback_support,0,0,0
delivery done without phone call,logistics,1,1,4,support,1,0,0
self collected parcel,logistics,1,1,4,fallback_support,1,0,0
customer should be informed before delivery,logistics,1,1,4,fallback_support,1,0,0
delivery refused asked self pickup,logistics,0,0,4,fallback_support,1,0,1
want return,logistics,1,1,7,refund,1,0,0
delivery boy argued at doorstep,logistics,0,0,3,behaviour,1,0,2
delivery shows delivered but package not received,logistics,0,0,2,damage_lost,0,4,3
didnt receive complimentary gift,logistics,0,0,4,fallback_support,1,0,1
perfect delivery experience,logistics,2,2,4,fallback_support,2,1,0
delivery person did not return balance amount,logistics,0,0,7,refund,0,4,3
technical issue in app resolved by customer care overall smooth account opening experience,logistics,2,0,4,support,0,1,0
good time management,logistics,1,2,4,fallback_support,2,1,0
avoid mis-selling,logistics,1,1,4,fallback_support,1,0,0
delivery boy very rude,logistics,0,0,3,behaviour,0,3,2
it not my product,logistics,1,1,4,fallback_support,1,0,0
one day delay at airport,logistics,1,0,0,delay,0,2,2
delivery staff reached on time good job,logistics,2,2,4,fallback_support,2,1,0
delivery person polite prompt,logistics,2,2,4,fallback_support,2,1,0
professional delivery service,logistics,1,1,4,fallback_support,2,0,0
product quality unsatisfactory,logistics,0,0,4,fallback_support,1,0,1
pincode error delayed delivery,logistics,0,0,0,delay,0,3,2
good delivery boy,logistics,2,2,4,fallback_support,2,1,0
duplicate earbuds delivered instead of original,logistics,1,1,4,fallback_support,1,0,0
not delivered to home,logistics,1,0,4,fallback_support,0,0,0
random text,logistics,1,1,4,fallback_support,1,0,0
professional delivery handling,logistics,1,1,4,fallback_support,2,0,0
very bad service order delivered one day late,logistics,0,0,0,delay,0,3,2
contact you but you dont updated address of your delivery hub in my hometown upon ask for number of any executive present here tell thats it personal can not share provide my number yet delivery executive dial just one number which didnt even connect he straight away reschedule delivery attempt next which holiday get know after reach hubthese many flaw do frustrate me quite well,logistics,0,0,4,support,1,0,1
package arrived open but product intact and fine,logistics,2,2,4,fallback_support,2,1,0
"Good relationship manager 
",logistics,2,2,4,fallback_support,2,1,0
bad very bad,logistics,0,0,4,fallback_support,0,3,2
provide valid information to customers,logistics,1,1,4,fallback_support,1,0,0
very poor delivery experience,logistics,0,0,4,fallback_support,0,3,2
foreign text,logistics,1,1,4,fallback_support,1,0,0
didnt receive any courier,logistics,0,0,4,fallback_support,1,0,1
service very good receive my order more early then expect,logistics,2,2,4,fallback_support,2,1,0
bad service repeated calls,logistics,0,0,4,support,0,3,2
provide delivery boy contact number,logistics,1,1,4,support,1,0,0
sender fraud no accountability,logistics,0,0,4,fallback_support,1,4,3
delivery agent contacted only once then rescheduled repeatedly,logistics,0,0,4,support,1,0,1
delivery agent did not allow checking parcel,logistics,0,0,4,fallback_support,1,0,1
it quick efficient,logistics,1,1,4,fallback_support,2,0,0
not receive delivery,logistics,1,1,4,fallback_support,1,0,0
ok send,logistics,1,1,4,fallback_support,1,0,0
not deliver,logistics,1,1,4,fallback_support,1,0,0
good man good behavior,logistics,2,2,3,behaviour,2,1,0
otp taken parcel not delivered fraud,logistics,0,0,4,fallback_support,0,4,3
delivery partner rude not understanding,logistics,0,0,3,behaviour,0,3,2
thank you for doorstep delivery,logistics,2,2,4,fallback_support,2,1,0
product not received at all,logistics,0,0,2,damage_lost,0,4,3
late delivery days,logistics,1,0,0,delay,0,0,1
weight missing in parcel received less quantity,logistics,1,0,4,fallback_support,0,0,0
delivery person info needed,logistics,1,1,4,fallback_support,1,0,0
dedicated delivery person cares for customer,logistics,1,1,4,fallback_support,1,0,0
delivery falsely marked refused twice,logistics,0,0,4,fallback_support,1,0,1
delivery boy came to door,logistics,1,1,4,fallback_support,1,0,0
service very time consuming,logistics,0,0,4,fallback_support,1,0,1
didnt deliver the parcel,logistics,0,0,4,fallback_support,1,0,1
wuality u rough fictionous for this price quality of satin average,logistics,1,1,4,fallback_support,1,0,0
nice fast service,logistics,2,2,4,fallback_support,2,1,0
confusing message,logistics,1,1,4,fallback_support,1,0,0
empty packet received,logistics,1,1,4,fallback_support,1,0,0
please try deliver on time,logistics,1,1,4,fallback_support,2,0,0
my order misplace not what order,logistics,0,0,4,fallback_support,1,0,1
everything is seamless thank you,logistics,2,2,4,fallback_support,2,1,0
parcel not received but marked delivered no call from courier,logistics,1,1,2,damage_lost,0,0,0
delivery marked delivered without receipt,logistics,0,0,4,fallback_support,1,0,1
shipment status wrongly showed incorrect address,logistics,0,0,5,tracking,0,3,2
delivery boy kind humble,logistics,2,2,4,fallback_support,2,1,0
keep up good work,logistics,2,2,4,fallback_support,2,1,0
item not receive,logistics,1,1,4,fallback_support,1,0,0
documents delivered to unknown person without verification security issue,logistics,1,0,4,fallback_support,0,0,0
parcel delivered to wrong person without verification,logistics,0,0,1,wrong_delivery,0,3,2
had to collect from hub,logistics,0,0,4,fallback_support,1,0,1
not doorstep delivery very poor service,logistics,0,0,4,fallback_support,0,3,2
good service by staff,logistics,2,2,4,fallback_support,2,1,0
delivery very late,logistics,0,0,0,delay,0,3,2
excellent efficient prompt service,logistics,2,2,4,fallback_support,2,1,0
shipment very slow,logistics,1,1,4,fallback_support,0,0,0
a at work my sister pick up my parcel she couldnt reach me on call so he have wait for just mins delivery partner rude my sister a say cancel order dont expect this from bluedart delivery atleast,logistics,0,0,3,behaviour,0,3,2
delivery delayed with no information provided,logistics,0,0,0,delay,0,3,2
nothing add all good,logistics,1,2,4,fallback_support,2,1,0
no change required,logistics,1,1,4,fallback_support,1,0,0
courier fraud never received,logistics,0,0,2,damage_lost,0,4,3
delivery of card very delayed,logistics,0,0,0,delay,0,3,2
shipment should have been delivered yesterday,logistics,1,1,4,fallback_support,1,0,0
blue dart brand trust,logistics,1,1,4,fallback_support,1,0,0
very late delivery,logistics,1,0,0,delay,0,0,1
fake delivery attempts no contact,logistics,0,0,4,support,0,3,2
delivery agent rude behaviour,logistics,0,0,3,behaviour,0,3,2
product not working want return,logistics,0,0,7,refund,0,4,3
product delivered on time,logistics,2,2,4,fallback_support,2,1,0
tracking report incorrect falsely marked door closed,logistics,0,0,5,tracking,0,3,2
delivery status wrong falsely marked delivered,logistics,0,0,5,tracking,0,3,2
delivery route unnecessary delay,logistics,1,0,0,delay,0,2,2
parcel not receive,logistics,1,1,4,fallback_support,1,0,0
order marked delivered but item not received,logistics,0,0,2,damage_lost,0,4,3
delivery failed only SMS sent no delivery attempt,logistics,0,0,0,delay,0,3,2
delivery person handed parcel to unknown person without informing me,logistics,0,0,4,fallback_support,1,0,1
no issues,logistics,1,0,4,fallback_support,0,0,0
delivery done far away from my address,logistics,0,0,4,fallback_support,1,0,1
false delivered remark,logistics,1,1,4,fallback_support,1,0,0
package broken very bad,logistics,0,0,2,damage_lost,0,4,3
received ok,logistics,1,1,4,fallback_support,1,0,0
scheduled delivery refused home delivery,logistics,0,0,4,fallback_support,1,0,1
parcel reached hub delay after that,logistics,1,0,0,delay,0,2,2
nce,logistics,1,1,4,fallback_support,1,0,0
fast delivery,logistics,2,2,4,fallback_support,2,1,0
best delevery person good behaviour,logistics,2,2,3,behaviour,2,1,0
do not want,logistics,1,1,4,fallback_support,1,0,0
delivery person polite and helpful,logistics,2,2,4,fallback_support,2,1,0
fraud parcel delivered unacceptable,logistics,0,0,4,fallback_support,1,4,3
delivery boy used arrogant language,logistics,0,0,4,fallback_support,1,0,1
well service on time delivery,logistics,1,1,4,fallback_support,2,0,0
good doorstep delivery,logistics,2,2,4,fallback_support,2,1,0
bad delivery agent behaviour no response,logistics,0,0,3,behaviour,0,3,2
delivery extremely delayed,logistics,0,0,0,delay,0,3,2
parcel not delivered no call received,logistics,0,0,3,behaviour,0,3,2
very bad customer support delayed delivery wrong tracking information,logistics,0,0,0,delay,0,3,2
item damaged in transit,logistics,1,0,2,damage_lost,0,3,3
package completely brokenminimum damage couse product but not as much a return itproduct a we order but shipment worst,logistics,0,0,2,damage_lost,0,4,3
false consignee unavailable update without attempt,logistics,0,0,4,fallback_support,1,0,1
outer box damaged inner safe,logistics,1,0,2,damage_lost,0,3,3
not receive,logistics,1,1,4,fallback_support,1,0,0
executive humble polite and respectful,logistics,2,2,4,fallback_support,2,1,0
received by brother not primary consignee,logistics,1,1,4,fallback_support,1,0,0
good delivering system,logistics,2,2,4,fallback_support,2,1,0
did not receive courier,logistics,0,0,2,damage_lost,0,4,3
product damage,logistics,1,0,2,damage_lost,1,0,0
address management issue in mobile banking app,logistics,1,0,4,fallback_support,0,0,0
wrong parcel given,logistics,0,0,4,fallback_support,0,3,2
responsible delivery service thank you,logistics,2,2,4,fallback_support,2,1,0
bad service of bluedart come take order from store,logistics,0,0,4,fallback_support,0,3,2
delivery code related query,logistics,1,0,0,delay,0,0,1
not delivered properly,logistics,0,0,4,fallback_support,0,3,2
delivery team unprofessional first mention a customer cancel with other not receive when complain high authority about consignment not receive then receive my package on same day unprofessional delivery team,logistics,0,0,5,tracking,0,3,2
very bad packing,logistics,0,0,4,fallback_support,0,3,2
all good service,logistics,2,2,4,fallback_support,2,1,0
return order by mistake,logistics,1,1,7,refund,1,0,0
very nice delivery,logistics,2,2,4,fallback_support,2,1,0
delivery delayed more than one day,logistics,0,0,0,delay,0,3,2
delivery not done at correct time,logistics,0,0,4,fallback_support,1,0,1
package damaged poor handling,logistics,0,0,2,damage_lost,0,4,3
physician regular customer neutral feedback,logistics,1,1,6,pricing,1,0,0
bahut bekar delivery delay,logistics,1,0,0,delay,0,2,2
excellent,logistics,1,2,4,fallback_support,2,1,0
excellent service,logistics,2,2,4,fallback_support,2,1,0
delivery left credit card at doorstep,logistics,1,1,4,fallback_support,1,0,0
kotak bank service not available in small city,logistics,0,0,4,fallback_support,1,0,1
fake delivery item not received,logistics,0,0,2,damage_lost,0,4,3
super service,logistics,1,1,4,fallback_support,1,0,0
mujhse nhi chaiye ye,logistics,1,1,4,fallback_support,1,0,0
sunil extremely efficient,logistics,2,2,4,fallback_support,2,1,0
delivery delayed beyond expected date,logistics,0,0,0,delay,0,3,2
delivery person handled parcel carefully,logistics,2,2,4,fallback_support,2,1,0
not good delivery experience,logistics,0,0,4,fallback_support,2,1,1
delivery partner good behaviour,logistics,1,2,3,behaviour,2,1,0
not delivered no call wrong status shown,logistics,0,0,3,behaviour,0,3,2
delivery agent rude elevator issue unacceptable,logistics,0,0,3,behaviour,0,3,2
very late delivery worst,logistics,0,0,0,delay,0,3,2
receive incorrect product,logistics,1,1,4,fallback_support,0,0,0
nice product fast delivery service,logistics,2,2,4,fallback_support,2,1,0
delivery too swift and smooth,logistics,1,2,4,fallback_support,2,0,0
does not wait even one minute rude delivery,logistics,0,0,3,behaviour,0,3,2
im not happy cheap quality different item,logistics,0,0,4,fallback_support,2,1,1
important shipment delivered late with no communication unacceptable service,logistics,0,0,0,delay,0,3,2
very good delivery,logistics,2,2,4,fallback_support,2,1,0
great delivery experience,logistics,2,2,4,fallback_support,2,1,0
excellent timely service,logistics,2,2,4,fallback_support,2,1,0
thank you for prompt safe delivery of my order your hard work very much appreciate,logistics,2,2,4,fallback_support,2,1,0
want to return,logistics,1,1,7,refund,1,0,0
very good delivery service,logistics,2,2,4,fallback_support,2,1,0
account frozen need help,logistics,0,0,4,fallback_support,1,0,1
delivered later than expected but okay,logistics,1,0,0,delay,0,0,1
please hire delivery boy who knows the area,logistics,0,0,4,fallback_support,1,0,1
very nice app fast service,logistics,2,2,4,fallback_support,2,1,0
parcel thrown near wrong building unacceptable,logistics,0,0,1,wrong_delivery,0,3,2
delivery without OTP or recipient verification,logistics,0,0,4,fallback_support,1,0,1
parcel delivered to wrong person,logistics,0,0,1,wrong_delivery,0,3,2
delivery to wrong person serious concern,logistics,0,0,4,fallback_support,0,3,2
request fast delivery and contact number,logistics,1,1,4,support,2,0,0
delivery system good contact issue resolved otp appreciated,logistics,2,0,4,support,0,1,0
quality service appreciated,logistics,2,2,4,fallback_support,2,1,0
parcel delivered to different address without OTP,logistics,1,1,4,fallback_support,1,0,0
all great,logistics,2,2,4,fallback_support,2,1,0
fake product,logistics,1,1,4,fallback_support,0,0,0
different product delivered,logistics,0,0,4,fallback_support,1,0,1
product missing packaging poor,logistics,0,0,2,damage_lost,0,4,3
finally delivered at doorstep,logistics,1,1,4,fallback_support,1,0,0
account opening easy and hassle free,logistics,2,2,4,fallback_support,2,1,0
Fix or close my account asap waste of time,logistics,0,0,4,fallback_support,1,0,1
smooth delivery polite behaviour,logistics,2,2,3,behaviour,2,1,0
false status marked consignee not available delivery delayed without call,logistics,0,0,0,delay,0,3,2
didnt receive it,logistics,1,1,4,fallback_support,1,0,0
delivery staff never contacted had to visit office myself,logistics,1,1,4,support,1,0,0
good natured delivery person,logistics,2,2,4,fallback_support,2,1,0
instruction manual requested in Hindi and English,logistics,1,1,4,fallback_support,1,0,0
fast delivery polite delivery agent,logistics,2,2,4,fallback_support,2,1,0
worst ever service,logistics,0,0,4,fallback_support,0,3,2
polite delivery boy good experience,logistics,2,2,4,fallback_support,2,1,0
love the service,logistics,2,2,4,fallback_support,2,1,0
please return my parcel,logistics,1,1,7,refund,1,0,0
amazing,logistics,2,2,4,fallback_support,2,1,0
delivery met expectations,logistics,1,1,4,fallback_support,1,0,0
service very slow,logistics,0,0,4,fallback_support,0,3,2
satisfied,logistics,2,2,4,fallback_support,2,1,0
extremely poor service fake premise close updates,logistics,0,0,4,fallback_support,0,3,2
super,logistics,1,1,4,fallback_support,1,0,0
everything good,logistics,2,2,4,fallback_support,2,1,0
great delivery within time very glad receive this percel,logistics,2,2,4,fallback_support,2,1,0
Thanks Mrs. PREETY SACHDEVA for your Kind support,logistics,2,2,4,support,2,1,0
too good service and environment,logistics,2,2,4,fallback_support,2,1,0
update account type request,logistics,1,1,4,fallback_support,1,0,0
service always customer friendly,logistics,2,2,4,fallback_support,2,1,0
took days to find address,logistics,1,1,4,fallback_support,1,0,0
prioritise same day delivery once reached hub,logistics,1,1,4,fallback_support,1,0,0
delivery delay by one day,logistics,1,0,0,delay,0,2,2
very bad experience due delivery of my product,logistics,0,0,4,fallback_support,0,3,2
received wrong order,logistics,0,0,4,fallback_support,0,3,2
everything gud,logistics,1,1,4,fallback_support,1,0,0
fast smooth service thank you,logistics,2,2,4,fallback_support,2,1,0
one of best courier services,logistics,2,2,4,fallback_support,2,1,0
no pickup details company tied with fraud sellers,logistics,0,0,4,fallback_support,1,4,3
great track information consignment status your client otp mention in message but it not reach till nowoverall experience good,logistics,2,2,5,tracking,1,1,0
sunday no delivery attempt,logistics,1,1,4,fallback_support,1,0,0
very bad service yours,logistics,0,0,4,fallback_support,0,3,2
fake order scam,logistics,0,0,4,fallback_support,0,4,3
goid,logistics,1,1,4,fallback_support,1,0,0
satisfied with service,logistics,1,1,4,fallback_support,2,1,0
very good nice service,logistics,2,2,4,fallback_support,2,1,0
order marked delivered but not received no call made,logistics,0,0,2,damage_lost,0,4,3
do not ask for otp,logistics,1,1,4,fallback_support,1,0,0
order received,logistics,1,1,4,fallback_support,1,0,0
nothing thank you,logistics,1,2,4,fallback_support,2,0,0
overall account experience excellent with strong app and services,logistics,2,2,4,fallback_support,2,1,0
grateful for service parcel received successfully,logistics,2,2,4,fallback_support,2,1,0
please do work on time,logistics,1,1,4,fallback_support,2,0,0
do not receive parcel at all,logistics,0,0,4,fallback_support,1,0,1
mis-selling by employee want to close account,logistics,0,0,4,fallback_support,1,0,1
disgusting service,logistics,0,0,4,fallback_support,1,0,1
delivery wrong location,logistics,0,0,1,wrong_delivery,0,3,2
already better than others keep it up,logistics,2,2,4,fallback_support,2,1,0
overall nice service,logistics,2,2,4,fallback_support,2,1,0
did not receive parcel,logistics,0,0,2,damage_lost,0,4,3
delivery guy very rude,logistics,0,0,3,behaviour,0,3,2
damaged product received,logistics,0,0,2,damage_lost,0,4,3
package not received,logistics,1,1,2,damage_lost,0,0,0
please correct my name on parcel,logistics,1,1,4,fallback_support,1,0,0
good patience by delivery person,logistics,2,2,4,fallback_support,2,1,0
extremely late delivery with false reasons unacceptable,logistics,0,0,0,delay,0,3,2
ho,logistics,1,1,4,fallback_support,1,0,0
cover totally torn due to bad handling,logistics,0,0,2,damage_lost,0,4,3
stupendous service,logistics,2,2,4,fallback_support,2,1,0
best service,logistics,1,1,4,fallback_support,1,0,0
very very bad service unexpected,logistics,0,0,4,fallback_support,0,3,2
wrong item delivered,logistics,0,0,4,fallback_support,0,3,2
accurate,logistics,1,1,4,fallback_support,1,0,0
service perfect,logistics,1,2,4,fallback_support,2,0,0
product size too small,logistics,1,1,4,fallback_support,1,0,0
package tampered hole found,logistics,1,1,2,damage_lost,1,0,0
did not receive any courier,logistics,0,0,2,damage_lost,0,4,3
parcel not deliver but msg receive with deliver,logistics,0,0,4,fallback_support,1,0,1
delivery person call 1 km away collect parcel,logistics,1,1,4,support,1,0,0
delivery boy polite and respectful,logistics,2,2,4,fallback_support,2,1,0
fake delivery attempt improve system,logistics,1,1,4,fallback_support,0,0,0
prompt delivery everything perfect,logistics,2,2,4,fallback_support,2,1,0
missing item in box,logistics,1,0,2,damage_lost,0,0,0
nice work delivery staff,logistics,2,2,4,fallback_support,2,1,0
delay parcel without any reason worst service,logistics,0,0,0,delay,0,3,2
service well,logistics,2,2,4,fallback_support,2,1,0
very rude staff behaviour,logistics,0,0,3,behaviour,0,3,2
pathetic service false update incompetent staff,logistics,0,0,4,fallback_support,1,0,1
do not deliver my address need travel km pick my order,logistics,0,0,4,fallback_support,1,0,1
delivery executive rude and impolite behaviour unacceptable,logistics,0,0,3,behaviour,0,3,2
parcel left outside house,logistics,1,1,4,fallback_support,1,0,0
great job thank you,logistics,2,2,4,fallback_support,2,1,0
polite behaviour,logistics,1,1,3,behaviour,2,0,0
delivery guy unprofessional rude manners,logistics,0,0,3,behaviour,0,3,2
delivery person very cooperative service good called for address,logistics,2,2,4,support,2,1,0
delivery boy misbehaved on call,logistics,0,0,3,behaviour,1,0,2
wrong cheap product delivered no return option provided,logistics,0,0,7,refund,0,4,3
many improvement areas,logistics,1,1,4,fallback_support,1,0,0
please create bluedart mobile app,logistics,1,1,4,fallback_support,1,0,0
very bad service delivery agent attitude very arrogant rude reason for non delivery on incorrect overall this isnt expect from repute company such a blue dart,logistics,0,0,3,behaviour,0,3,2
all fine overall,logistics,1,1,4,fallback_support,1,0,0
account opening seamless experience,logistics,2,2,4,fallback_support,2,1,0
have reject this delivery first time delivery boy again come delivery without my consent because have some other shipment also come from bluedart he ask me otp an give it now suffer loss because accord shipper policy on accepted this can not refund,logistics,0,0,7,refund,0,4,3
delivery not receive,logistics,1,1,4,fallback_support,1,0,0
delivery boy misbehaved,logistics,0,0,3,behaviour,1,0,2
delivery boy rude,logistics,0,0,3,behaviour,0,3,2
self received parcel,logistics,1,1,4,fallback_support,1,0,0
delivery agent provided good polite service,logistics,2,2,4,fallback_support,2,1,0
top class service,logistics,2,2,4,fallback_support,2,1,0
KYC problem,logistics,1,0,4,fallback_support,0,0,0
pathetic experience with service quality,logistics,1,1,4,fallback_support,1,0,0
ok best service,logistics,1,1,4,fallback_support,1,0,0
charged extra money by delivery agent without reason,logistics,0,0,6,pricing,1,0,0
good communications and response,logistics,2,2,4,fallback_support,2,1,0
delivery partner misbehaviour issue,logistics,1,0,3,behaviour,0,0,0
delivery agent should speak basic english,logistics,1,1,4,fallback_support,1,0,0
they havent call me delievered someone dont even know,logistics,1,1,4,support,1,0,0
extra money taken by delivery person,logistics,0,0,4,fallback_support,1,0,1
delivery partner behavior very poor service delayed by days never recommend bluedart,logistics,0,0,0,delay,0,3,2
delivery boy did not wait for signature,logistics,0,0,4,fallback_support,1,0,1
consignment urgent but delivered late,logistics,1,0,0,delay,0,0,1
delivery delayed due to misrouting,logistics,1,0,0,delay,0,2,2
delivery boy ajit kumar very good service,logistics,2,2,4,fallback_support,2,1,0
professional and polite delivery experience,logistics,2,2,4,fallback_support,2,1,0
delivery delayed and delivery partner falsely claimed address was wrong and nobody was available very rude unacceptable never recommend bluedart,logistics,0,0,0,delay,0,3,2
receive,logistics,1,1,4,fallback_support,1,0,0
delivery fast but wrong area reached had to collect,logistics,0,0,1,wrong_delivery,0,3,2
shipment marked delivered but not received,logistics,0,0,2,damage_lost,0,4,3
order delivered very late extremely unhappy,logistics,0,0,0,delay,0,3,2
early delivery,logistics,2,2,4,fallback_support,2,1,0
product looks better in photo,logistics,1,1,4,fallback_support,1,0,0
product ordered different received different,logistics,1,1,4,fallback_support,1,0,0
wrong damaged product delivered cheat,logistics,0,0,2,damage_lost,0,4,3
delivery executive arrogant behaviour,logistics,0,0,3,behaviour,1,0,2
read my name properly,logistics,1,1,4,fallback_support,1,0,0
parcel not given no call unclear delivery,logistics,0,0,3,behaviour,1,0,2
process very easy and quick,logistics,2,2,4,fallback_support,2,1,0
take time reach me but packaging really worth it love your effort for me,logistics,2,2,4,fallback_support,2,1,0
delivery attempted marked consignee unavailable falsely,logistics,0,0,4,fallback_support,1,0,1
on time delivery good service,logistics,2,2,4,fallback_support,2,1,0
very bad behaviour of delivery agent,logistics,0,0,3,behaviour,0,3,2
not delivered in hand,logistics,1,0,4,fallback_support,0,0,0
stop harassing for feedback calls,logistics,0,0,6,pricing,1,0,0
faster delivery compared to ekart,logistics,2,2,4,fallback_support,2,1,0
excilent,logistics,1,1,4,fallback_support,1,0,0
we havent receive parcel,logistics,0,0,4,fallback_support,1,0,1
empty package received,logistics,0,0,4,fallback_support,1,0,1
good service ankit,logistics,2,2,4,fallback_support,2,1,0
delivery person confirmed address on call,logistics,2,2,4,support,2,1,0
totally unprofessional behavior,logistics,0,0,3,behaviour,0,3,2
promise date not kept no contact,logistics,1,0,4,support,1,0,0
horrible service,logistics,0,0,4,fallback_support,1,0,1
not delivered to my address asked to collect from office status falsely updated as consignee not available bad service,logistics,0,0,4,fallback_support,0,3,2
extreme delay by courier,logistics,0,0,0,delay,0,3,2
happy with idfc,logistics,2,2,4,fallback_support,2,1,0
currently all good,logistics,2,2,4,fallback_support,2,1,0
delivery boy didnt come home collected from warehouse,logistics,1,1,4,fallback_support,1,0,0
very happy with service,logistics,2,2,4,fallback_support,2,1,0
order not delivered to address,logistics,0,0,4,fallback_support,0,3,2
wrong address confusion delivery staff rude,logistics,0,0,1,wrong_delivery,0,3,2
never order this item want refund,logistics,0,0,7,refund,0,4,3
delivery agent rude and unprofessional,logistics,0,0,3,behaviour,0,3,2
super,logistics,2,2,4,fallback_support,2,1,0
excellent service despite address issue,logistics,2,0,4,fallback_support,0,1,0
timely delivery good service,logistics,2,2,4,fallback_support,2,1,0
critical bank document marked delivered but not received,logistics,1,1,2,damage_lost,0,0,0
didnt receive any consignment,logistics,0,0,5,tracking,1,0,0
delivery not accepted by me,logistics,1,1,4,fallback_support,1,0,0
package box damage,logistics,1,0,2,damage_lost,1,0,0
delivery staff timing unpredictable,logistics,1,1,4,fallback_support,1,0,0
request call before coming no call,logistics,1,1,3,behaviour,1,0,0
no one called me before delivery,logistics,0,0,4,support,1,0,1
cooperative only as per customer,logistics,1,1,4,fallback_support,1,0,0
communication good,logistics,2,2,4,fallback_support,2,1,0
delivery executive very rude unprofessional delivery address my office,logistics,0,0,3,behaviour,0,3,2
order dispatch confusion,logistics,1,1,4,fallback_support,1,0,0
fjc,logistics,1,1,4,fallback_support,1,0,0
very late delivery receive,logistics,0,0,0,delay,0,3,2
perfect timing delivery,logistics,2,2,4,fallback_support,2,1,0
status shows delivered to unknown person,logistics,0,0,4,fallback_support,1,0,1
delivery do,logistics,1,1,4,fallback_support,1,0,0
hello sir delivery nahi mila hai,logistics,1,1,4,fallback_support,1,0,0
call before reaching address suggested,logistics,1,1,4,support,1,0,0
not this time,logistics,0,0,4,fallback_support,1,0,1
credit card not delivered yet,logistics,0,0,0,delay,0,3,2
shipment marked delivered to unknown person,logistics,0,0,4,fallback_support,1,0,1
fast delivery polite behaviour,logistics,2,2,3,behaviour,2,1,0
item not delivered,logistics,0,0,4,fallback_support,0,3,2
delayed by one day,logistics,0,0,0,delay,0,3,2
office staff disappointing,logistics,0,0,4,fallback_support,1,0,1
"I opened my account at 28 March 2025, after 9 days I didn't receive my ATM card and cheque book. 
",logistics,1,1,4,fallback_support,1,0,0
bad person rude delivery boy,logistics,0,0,3,behaviour,0,3,2
absolutely best,logistics,2,2,4,fallback_support,2,1,0
parcel delivered to wrong address,logistics,0,0,1,wrong_delivery,0,3,2
delivery not at home,logistics,1,1,4,fallback_support,1,0,0
wrong order received need return,logistics,0,0,7,refund,0,4,3
delivery agent behaviour rude unacceptable,logistics,0,0,3,behaviour,0,3,2
no ideas,logistics,1,1,4,fallback_support,1,0,0
Hlo good morning my account is freezing,logistics,0,0,4,fallback_support,2,1,1
delivery of critical medicine delayed unacceptable,logistics,0,0,0,delay,0,3,2
minor delay but parcel received fine,logistics,1,0,0,delay,0,2,2
package delayed without information,logistics,1,0,0,delay,0,2,2
late delivery issue,logistics,1,0,0,delay,0,0,1
order delivered to watchman without delivery code,logistics,0,0,4,fallback_support,1,0,1
bad quality product not worth payment,logistics,0,0,4,fallback_support,0,3,2
delivery time needs improvement,logistics,1,1,4,fallback_support,1,0,0
wrong quantity received,logistics,1,0,4,fallback_support,0,0,0
tracking good delivery smooth,logistics,2,2,5,tracking,1,1,0
one of best service bluedart,logistics,2,2,4,fallback_support,2,1,0
good service experience,logistics,2,2,4,fallback_support,2,1,0
generally reliable service,logistics,1,1,4,fallback_support,1,0,0
worst experience ever,logistics,0,0,4,fallback_support,0,3,2
delivery boy respectful service good,logistics,2,2,4,fallback_support,2,1,0
late delivery no customer care support language issue,logistics,0,0,0,delay,0,3,2
confirm consignee availability before delivery,logistics,1,1,4,fallback_support,1,0,0
delivery at door requested,logistics,1,1,4,fallback_support,1,0,0
thank you bhaiya,logistics,2,2,4,fallback_support,2,1,0
fuck off bitch,logistics,0,0,4,fallback_support,1,0,1
your represenative deliver medicine by delay of day give wrong feed back a office close but there residence not office very bad service at chandigarh,logistics,0,0,0,delay,0,3,2
poor fabric quality for price,logistics,1,1,4,fallback_support,0,0,0
bad product and bad service,logistics,0,0,4,fallback_support,0,3,2
order not received after payment,logistics,0,0,2,damage_lost,0,4,3
do not receive my product then how could rate you make payment but not yet receive,logistics,0,0,4,fallback_support,1,0,1
product not delivered but feedback message sent,logistics,1,0,6,pricing,0,0,0
awesome packaging well handled,logistics,2,2,4,fallback_support,2,1,0
please call before reaching delivery location,logistics,1,1,4,support,1,0,0
delivery partner called before arrival,logistics,2,2,4,support,2,1,0
shipment delivered today,logistics,1,1,4,fallback_support,1,0,0
shipment delayed and returned after long time,logistics,1,0,0,delay,0,2,2
delivery executive polite and knowledgeable,logistics,2,2,4,fallback_support,2,1,0
third class product quality fraud complaint,logistics,1,1,4,support,0,4,3
delivery guy very kind polite good experience,logistics,2,2,4,fallback_support,2,1,0
awesome fast delivery,logistics,2,2,4,fallback_support,2,1,0
shipment not received,logistics,1,1,2,damage_lost,0,0,0
experienced staff,logistics,1,1,4,fallback_support,1,0,0
excellent customer service quality,logistics,2,2,4,support,2,1,0
product defective want return policy,logistics,1,1,7,refund,1,0,0
false delivery attempt updated twice,logistics,0,0,4,fallback_support,1,0,1
fake company empty bottle received,logistics,0,0,4,fallback_support,0,3,2
didnt receive product but marked delivered,logistics,0,0,4,fallback_support,1,0,1
product not delivered complaint requested,logistics,0,0,4,support,0,3,2
bahut hi achcha hai,logistics,1,1,4,fallback_support,1,0,0
advance delivery information needed,logistics,1,1,4,fallback_support,1,0,0
parcel not received please confirm,logistics,1,1,2,damage_lost,0,0,0
Keep up and donât shut down thatâs all I say.. i want to do business and be a loyal customer with you guys and in coming future Iâll be having millions and billions in it so.. keep progressing ,logistics,2,2,4,fallback_support,2,1,0
outstanding service,logistics,2,2,4,fallback_support,2,1,0
no door delivery had to go office,logistics,1,1,4,fallback_support,1,0,0
delivery not done marked incorrect address wrongly,logistics,0,0,4,fallback_support,0,3,2
cool and courteous delivery person,logistics,2,2,4,fallback_support,2,4,3
parcel not delivered to me or family,logistics,0,0,4,fallback_support,0,3,2
delivery boy asked extra money,logistics,1,1,4,fallback_support,1,0,0
order delivered very late after month,logistics,1,0,0,delay,0,0,1
great,logistics,1,2,4,fallback_support,2,1,0
staff behaviour needs improvement,logistics,1,1,3,behaviour,1,0,0
soft spoken decent delivery person,logistics,2,2,4,fallback_support,2,1,0
no one called for delivery,logistics,1,1,4,support,1,0,0
passbook should be delivered with debit card,logistics,1,1,4,fallback_support,1,0,0
fast polite delivery agent,logistics,2,2,4,fallback_support,2,1,0
on tym deliver,logistics,1,1,4,fallback_support,1,0,0
extremely poor service never recommend,logistics,0,0,4,fallback_support,0,3,2
company pressuring for deposit unfair behaviour,logistics,0,0,3,behaviour,1,0,2
quick service,logistics,1,1,4,fallback_support,2,0,0
not received any parcel,logistics,0,0,2,damage_lost,0,4,3
card delivered without otp serious issue,logistics,0,0,4,fallback_support,0,3,2
item not deliver,logistics,0,0,4,fallback_support,1,0,1
your deliveryman very rude towards me senior lady and cancelled order without my consent,logistics,0,0,3,behaviour,0,3,2
same issue as today,logistics,1,0,4,fallback_support,0,0,0
upi related query,logistics,1,0,0,delay,0,0,1
yeola bluedart very pathetic false delivery updates,logistics,0,0,4,fallback_support,1,0,1
tracking should show stagewise parcel journey,logistics,1,1,5,tracking,1,0,1
received without much follow up,logistics,1,1,4,support,1,2,1
courier service very poor courier person never called and talked rudely,logistics,0,0,3,behaviour,0,3,2
delivery person forced gate pickup,logistics,0,0,4,fallback_support,1,0,1
did not receive debit card only cheque book,logistics,0,0,2,damage_lost,0,4,3
wrong size and wrong product received,logistics,0,0,4,fallback_support,0,3,2
delivery person behaviour was very rude and disrespectful,logistics,0,0,3,behaviour,0,3,2
marked delivered but not received,logistics,0,0,2,damage_lost,0,4,3
received order successfully,logistics,1,1,4,fallback_support,1,0,0
product quality very different from image,logistics,0,0,4,fallback_support,1,0,1
parcel reached doorstep correctly,logistics,2,2,4,fallback_support,2,1,0
very happy with bank services,logistics,2,2,4,fallback_support,2,1,0
guy did not hand over my order,logistics,0,0,4,fallback_support,1,0,1
urgent document courier not received,logistics,1,1,2,damage_lost,0,0,0
retain product request,logistics,1,1,4,fallback_support,1,0,0
on time excellent service,logistics,2,2,4,fallback_support,2,1,0
delivery info should be shared prior day,logistics,1,1,4,fallback_support,1,0,0
already well,logistics,1,1,4,fallback_support,1,0,0
parcel marked delivered but not delivered,logistics,0,0,4,fallback_support,0,3,2
not received this package,logistics,1,1,2,damage_lost,0,0,0
open branch in my area,logistics,1,1,4,fallback_support,1,0,0
nice behaviour,logistics,2,2,3,behaviour,2,1,0
best experience,logistics,2,2,4,fallback_support,2,1,0
Bank Executive Pradnya Dhotre knowledge and guidance in account opening was best,logistics,1,1,4,fallback_support,1,0,0
parcel delivered without confirmation,logistics,0,0,4,fallback_support,1,0,1
you must better,logistics,1,1,4,fallback_support,1,0,0
no return refund option poor,logistics,0,0,7,refund,0,4,3
timely service cordial delivery boy,logistics,2,2,4,fallback_support,2,1,0
language used by delivery person not good,logistics,0,0,4,fallback_support,2,1,1
quick fast delivery delivery guy very polite gentle,logistics,2,2,4,fallback_support,2,1,0
very poor intercity delay,logistics,0,0,0,delay,0,3,2
keep discipline employee sometimes they reject order by themselves,logistics,1,1,4,fallback_support,1,0,0
product damaged,logistics,0,0,2,damage_lost,0,4,3
route map clarity needed,logistics,1,1,4,fallback_support,1,0,0
parcel delivered to someone else,logistics,0,0,4,fallback_support,1,0,1
fast delivery polite delivery boy,logistics,2,2,4,fallback_support,2,1,0
wrong delivery date commitment,logistics,1,0,4,fallback_support,0,3,2
please update app with correct delivery status,logistics,1,1,4,fallback_support,1,0,0
do not get parcel,logistics,1,1,4,fallback_support,1,0,0
open box delivery concern,logistics,1,1,4,fallback_support,1,2,1
collected from warehouse,logistics,0,0,4,fallback_support,1,0,1
had to pick parcel myself,logistics,1,1,4,fallback_support,1,0,0
excellent work,logistics,2,2,4,fallback_support,2,1,0
nic,logistics,1,1,4,fallback_support,1,0,0
delivery agent very good,logistics,2,2,4,fallback_support,2,1,0
it already best,logistics,2,2,4,fallback_support,2,1,0
order received damaged,logistics,0,0,2,damage_lost,0,4,3
parcel returned saying wrong pincode even though pincode was correct customer asked to contact care,logistics,0,0,7,refund,0,4,3
not delivered at doorstep despite request,logistics,1,0,4,fallback_support,0,0,0
thank you debabrata da,logistics,1,2,4,fallback_support,2,0,0
there undue delay in delivery there no communication for delay,logistics,0,0,0,delay,0,3,2
fake express delivery false attempt updates and repeated follow ups required,logistics,0,0,4,support,0,3,2
delivery not done on scheduled date falsely marked closed,logistics,0,0,4,fallback_support,1,0,1
order not delivered forced branch pickup,logistics,0,0,4,fallback_support,0,3,2
received proper item,logistics,2,2,4,fallback_support,2,1,0
one product miss,logistics,1,1,4,fallback_support,1,0,0
wrong product delivered please return,logistics,1,0,7,refund,0,0,0
very suitably delivered,logistics,2,2,4,fallback_support,2,1,0
happy with bluedart delivery associate,logistics,2,2,4,fallback_support,2,1,0
parcel not received even after providing OTP,logistics,0,0,2,damage_lost,0,4,3
delivery person did not call wrong address shown,logistics,0,0,1,wrong_delivery,0,3,2
send otp before payment,logistics,1,1,4,fallback_support,1,0,0
get message delivery out but not receive any article please check out with delivery person contact me below number mobi,logistics,1,1,4,support,1,0,0
delivery person talked rudely and asked me to collect consignment from different location,logistics,0,0,5,tracking,0,3,2
delivery mishandling package disappointed,logistics,0,0,4,fallback_support,1,0,1
delivery wrongly marked attempted no call parcel broken,logistics,0,0,2,damage_lost,0,4,3
delivered after promised date,logistics,1,1,4,fallback_support,1,0,0
delivery not attempted,logistics,0,0,0,delay,0,3,2
repeated false missed delivery reports,logistics,0,0,4,fallback_support,1,0,1
need local bluedart office to reduce delivery issues,logistics,1,0,4,fallback_support,0,0,0
screen monitor damaged on arrival,logistics,1,0,2,damage_lost,0,3,3
exchange requested wrong product,logistics,1,0,7,refund,0,0,0
delivery representative verified identity before handover,logistics,1,1,4,fallback_support,1,0,0
order white colour you sent black,logistics,1,1,4,fallback_support,1,0,0
provide good service,logistics,2,2,4,fallback_support,2,1,0
superb performance,logistics,2,2,4,fallback_support,2,1,0
delivery boy behaviour very good,logistics,2,2,3,behaviour,2,1,0
do not receive any parcel,logistics,0,0,4,fallback_support,1,0,1
G,logistics,1,1,4,fallback_support,1,0,0
return facility missing need seller details,logistics,1,0,7,refund,0,0,0
good experience opening account with IDFC,logistics,2,2,4,fallback_support,2,1,0
service not good in my area,logistics,0,0,4,fallback_support,2,1,1
tracking auto refresh suggestion,logistics,1,1,5,tracking,1,0,1
damage screen monitor received,logistics,1,0,2,damage_lost,1,0,0
card available from th november at bluedart ramnagar kota raipur office,logistics,1,1,4,fallback_support,1,0,0
received wrong items from box,logistics,0,0,4,fallback_support,0,3,2
very poor quality,logistics,0,0,4,fallback_support,0,3,2
one of worst logistics false updates,logistics,0,0,4,fallback_support,0,3,2
excellent experience overall,logistics,2,2,4,fallback_support,2,1,0
otp based delivery appreciated,logistics,2,2,4,fallback_support,2,1,0
fantastic delivery experience,logistics,2,2,4,fallback_support,2,1,0
good timing management,logistics,2,2,4,fallback_support,2,1,0
"Order not received, delivery agent asked for OTP but order was not delivered",logistics,0,0,2,damage_lost,0,4,3
good product and good delivery,logistics,2,2,4,fallback_support,2,1,0
not received parcel,logistics,0,0,2,damage_lost,0,4,3
want to return order,logistics,1,1,7,refund,1,0,0
delivery person unprofessional,logistics,0,0,3,behaviour,0,3,2
Everything is fine,logistics,2,2,4,fallback_support,2,1,0
think delivery process can improve by sharing agent contact and time slot,logistics,1,1,4,support,1,0,0
home delivery not provided had to collect from office,logistics,1,1,4,fallback_support,1,0,0
receive by my brother not my husband,logistics,1,1,4,fallback_support,1,0,0
delivered to wrong address,logistics,0,0,1,wrong_delivery,0,3,2
delivery boy behaviour acceptable,logistics,1,1,3,behaviour,1,0,0
wrong item handed over after otp,logistics,0,0,4,fallback_support,0,3,2
parcel sent to wrong address against instruction,logistics,1,0,1,wrong_delivery,0,0,1
poor service,logistics,0,0,4,fallback_support,0,3,2
not deliver my order,logistics,0,0,4,fallback_support,1,0,1
pincode not serviceable poor handling,logistics,0,0,4,fallback_support,0,3,2
delivery not at home had to collect from hub,logistics,0,0,4,fallback_support,1,0,1
order delivered but not up to mark,logistics,1,1,4,fallback_support,1,0,0
prepaid product but delivery person took payment refund required,logistics,0,0,7,refund,0,4,3
account opening should be explained better,logistics,1,1,4,fallback_support,1,0,0
address guidance unnecessary delivery was perfect,logistics,1,2,4,fallback_support,2,0,0
ring not available,logistics,1,1,4,fallback_support,1,0,0
shipment delayed multiple times over a week,logistics,0,0,0,delay,0,3,2
delivery person rude refused upstairs delivery,logistics,0,0,3,behaviour,0,3,2
staff cooperative during account opening,logistics,1,1,4,fallback_support,1,0,0
delivery executive lie,logistics,0,0,4,fallback_support,1,0,1
did not like product,logistics,0,0,4,fallback_support,1,0,1
super fast one day delivery excellent,logistics,2,2,4,fallback_support,2,1,0
nice sarvice,logistics,1,2,4,fallback_support,2,0,0
rude language by delivery staff,logistics,0,0,3,behaviour,0,3,2
did not receive package unknown receiver,logistics,0,0,2,damage_lost,0,4,3
please make sure that courier hand over right person,logistics,1,1,4,fallback_support,1,0,0
delivery person should call alternate number,logistics,1,1,4,support,1,0,0
fast familiar service,logistics,1,1,4,fallback_support,2,0,0
packet opening not allowed issue,logistics,0,0,4,fallback_support,0,3,2
delivery not attempted at same address,logistics,1,1,0,delay,1,0,1
fake product replacement requested,logistics,0,0,7,refund,0,4,3
good experience with service,logistics,2,2,4,fallback_support,2,1,0
delivered within a day thank you,logistics,2,2,4,fallback_support,2,1,0
welcome kit not delivered yet marked delivered,logistics,0,0,0,delay,0,3,2
outstanding support service,logistics,2,2,4,support,2,1,0
box damage,logistics,0,0,2,damage_lost,0,4,3
service not good staff behaviour bad,logistics,0,0,3,behaviour,0,3,2
very satisfy with your work,logistics,2,2,4,fallback_support,2,1,0
delivery not at our address,logistics,0,0,4,fallback_support,1,0,1
did not receive anything,logistics,0,0,2,damage_lost,0,4,3
do not receive parcel how can you say it delivered,logistics,0,0,4,fallback_support,1,0,1
great communication with delivery person,logistics,2,2,4,fallback_support,2,1,0
keep it up,logistics,1,1,4,fallback_support,1,0,0
product return,logistics,1,1,7,refund,1,0,0
very good delivery person,logistics,2,2,4,fallback_support,2,1,0
parcel stuck at center had to collect personally not worth delivery fee,logistics,0,0,6,pricing,0,3,2
did not order this item,logistics,0,0,4,fallback_support,1,0,1
item not delivered,logistics,1,0,4,fallback_support,0,0,0
delivery boy unresponsive had to collect from office,logistics,0,0,4,fallback_support,1,0,1
delivery person rude addressing customer,logistics,0,0,3,behaviour,0,3,2
delivery agent polite respectful,logistics,2,2,4,fallback_support,2,1,0
IDFC bank service excellent,logistics,2,2,4,fallback_support,2,1,0
order never reached me,logistics,1,1,4,fallback_support,1,0,0
great delivery service on time,logistics,2,2,4,fallback_support,2,1,0
fast delivery good updates,logistics,2,2,4,fallback_support,2,1,0
bank shipment returned undelivered,logistics,1,1,7,refund,1,0,0
speed delivery of product,logistics,1,1,4,fallback_support,1,0,0
please change details,logistics,1,1,4,fallback_support,1,0,0
cancel order,logistics,1,1,4,fallback_support,1,0,0
reduce delivery charges request,logistics,1,1,4,fallback_support,1,0,0
good service,logistics,1,2,4,fallback_support,2,1,0
continue same approach,logistics,1,1,4,fallback_support,1,0,0
delivery agent did not reach exact location,logistics,0,0,4,fallback_support,1,0,1
card available from november at bluedart office,logistics,1,1,4,fallback_support,1,0,0
timely parcel updates,logistics,1,1,4,fallback_support,2,0,0
customer support excellent,logistics,2,2,4,support,2,1,0
parcel not received yet,logistics,1,1,2,damage_lost,0,0,0
parcel marked delivered but not received,logistics,0,0,2,damage_lost,0,4,3
delay without reason for days,logistics,1,0,0,delay,0,2,2
didnt call before delivery and handed parcel to unknown person,logistics,0,0,4,support,1,0,1
transparency needed please call me,logistics,1,1,4,support,1,0,0
delivery boy behaved very badly,logistics,0,0,4,fallback_support,0,3,2
fraud product received,logistics,0,0,4,fallback_support,1,4,3
Yas ,logistics,1,1,4,fallback_support,1,0,0
deliver not at time,logistics,1,1,4,fallback_support,1,0,0
parcel not received personally,logistics,0,0,2,damage_lost,0,4,3
arrogant delivery boy behaviour,logistics,0,0,3,behaviour,1,0,2
delivery boy asked me to come outside instead of home,logistics,0,0,4,fallback_support,1,0,1
online verification improvement suggestion,logistics,1,1,4,fallback_support,1,0,0
product handed to unknown person,logistics,0,0,4,fallback_support,1,0,1
on nd attempt,logistics,1,1,4,fallback_support,1,0,0
courier service not interested,logistics,0,0,4,fallback_support,1,0,1
delivery ok,logistics,1,1,4,fallback_support,1,0,0
delivery agent attitude very good,logistics,2,2,4,fallback_support,2,1,0
expand delivery area,logistics,1,1,4,fallback_support,1,0,0
cancelled order still delivered to security,logistics,0,0,4,fallback_support,1,0,1
product broken on delivery,logistics,0,0,2,damage_lost,0,4,3
fake parcel received fraud,logistics,0,0,4,fallback_support,0,4,3
frustrating slow delivery extremely disappointed,logistics,0,0,4,fallback_support,1,0,1
parcel not delivered on time repeated delays delivery boy did not attempt delivery office blamed staff leave,logistics,0,0,0,delay,0,3,2
didnt receive package my address change,logistics,0,0,4,fallback_support,1,0,1
status shows delivered but not delivered,logistics,0,0,4,fallback_support,0,3,2
into,logistics,1,1,4,fallback_support,1,0,0
didnt receive shipment,logistics,0,0,4,fallback_support,1,0,1
product change return manipulation issue,logistics,1,0,7,refund,0,0,0
excellent service thank you please call recipient before delivery,logistics,2,2,4,support,2,1,0
good dealing and service,logistics,2,2,4,fallback_support,2,1,0
service of local agent very poor they wait day deliver that too after contact them,logistics,0,0,4,support,0,3,2
Ycohxiyxi,logistics,1,1,4,fallback_support,1,0,0
delivery excellent,logistics,2,2,4,fallback_support,2,1,0
Overall all good experience and time consuming process,logistics,2,2,4,fallback_support,2,1,0
Coming from ICICI bank my experience has been great while opening the account knowledgeable staff helpful service,logistics,2,2,4,fallback_support,2,1,0
parcel not received but delivery message sent,logistics,0,0,2,damage_lost,0,4,3
pathetic experience overall,logistics,1,1,4,fallback_support,1,0,0
delivery partner very kind and humble,logistics,2,2,4,fallback_support,2,1,0
fraud service cheaters,logistics,0,0,4,fallback_support,1,4,3
offensive language feedback,logistics,1,1,6,pricing,1,0,0
sandip bhai polte cooperative in deliver product,logistics,1,1,4,fallback_support,1,0,0
brilliant,logistics,1,1,4,fallback_support,1,0,0
parcel delayed despite reaching city had to collect from hub,logistics,0,0,0,delay,0,3,2
all ok for now,logistics,1,1,4,fallback_support,1,0,0
item broken in parcel,logistics,0,0,2,damage_lost,0,4,3
no return link available how to return,logistics,1,1,7,refund,1,0,0
product quality below expectation,logistics,0,0,4,fallback_support,1,0,1
take too much time deliver orderdelayed delivery,logistics,0,0,0,delay,0,3,2
should provide delivery contact number,logistics,1,1,4,support,1,0,0
delivery partner rude misbehaved,logistics,0,0,3,behaviour,0,3,2
havent received parcel yet,logistics,1,1,4,fallback_support,1,0,0
very late delivery poor support,logistics,0,0,0,delay,0,3,2
good procedure,logistics,2,2,4,fallback_support,2,1,0
please provide phone number with shipment,logistics,1,1,4,fallback_support,1,0,0
courier not delivered to home,logistics,1,0,4,fallback_support,0,0,0
not received,logistics,0,0,2,damage_lost,0,4,3
pol,logistics,1,1,4,fallback_support,1,0,0
delivery demanded full ID proof suspicious behavior,logistics,1,1,3,behaviour,1,0,0
delivery date missed repeated false messages,logistics,1,1,4,fallback_support,1,0,0
all is well,logistics,1,1,4,fallback_support,1,0,0
im happy,logistics,2,2,4,fallback_support,2,1,0
package delivered safely,logistics,2,2,4,fallback_support,2,1,0
not received but marked delivered,logistics,1,1,2,damage_lost,0,0,0
fraud website low quality watch no refund,logistics,0,0,7,refund,0,4,3
late delivery should avoid,logistics,1,0,0,delay,0,0,1
delivery service not good,logistics,0,0,4,fallback_support,2,1,1
order stuck near hub for half day,logistics,0,0,4,fallback_support,0,3,2
mera parcel day ke baad mila h wo bhi mujhe khud jana pda h courior centre,logistics,1,1,4,fallback_support,1,0,0
have not received any parcel,logistics,0,0,2,damage_lost,0,4,3
good bank and service,logistics,2,2,4,fallback_support,2,1,0
delivery correct suggestion to call before arrival,logistics,1,1,4,support,1,0,0
product does not fit phone,logistics,1,1,4,fallback_support,1,0,0
worst service regional delay,logistics,0,0,0,delay,0,3,2
bad,logistics,0,0,4,fallback_support,0,3,2
order not received but marked delivered,logistics,0,0,2,damage_lost,0,4,3
service,logistics,1,1,4,fallback_support,1,0,0
delivery tracking shows delivered but not received,logistics,0,0,2,damage_lost,0,4,3
make delivery more timely expected yesterday,logistics,1,1,4,fallback_support,2,0,0
very late delivery false premise closed update,logistics,0,0,0,delay,0,3,2
courier did not deliver card claimed no response twice,logistics,0,0,4,support,0,3,2
pathetic service,logistics,1,1,4,fallback_support,1,0,0
have not received my package,logistics,0,0,2,damage_lost,0,4,3
superb,logistics,2,2,4,fallback_support,2,1,0
your delivery agent throw rhe product call recording of what he say he accept he throw parcel he do that again what kind of behaviour this he didnt give my parcel my mother respectfully,logistics,0,0,3,behaviour,1,0,2
delivery not received,logistics,1,1,2,damage_lost,0,0,0
on time delivery satisfied,logistics,1,1,4,fallback_support,2,1,0
please cancel product and contact immediately,logistics,1,1,4,support,1,0,0
day bad delivery slow service,logistics,0,0,0,delay,0,3,2
excellent,logistics,2,2,4,fallback_support,2,1,0
bad product scam,logistics,0,0,4,fallback_support,0,4,3
material not delivered,logistics,0,0,4,fallback_support,0,3,2
very nice service jai hind,logistics,2,2,4,fallback_support,2,1,0
parcel delivered late,logistics,1,0,0,delay,0,0,1
worst delivery experience received after one month,logistics,0,0,4,fallback_support,0,3,2
wrong product received refund required,logistics,0,0,7,refund,0,4,3
didnt receive at residence need clarification,logistics,1,1,4,fallback_support,1,0,0
delivery person call day ago,logistics,1,1,4,support,1,0,0
delivery marked delivered but parcel not received,logistics,0,0,2,damage_lost,0,4,3
card not delivered yet,logistics,0,0,0,delay,0,3,2
fast delivery all update on time,logistics,2,2,4,fallback_support,2,1,0
request clearing old obligations otherwise service good,logistics,2,2,4,fallback_support,2,1,0
love agent behaviour,logistics,2,2,3,behaviour,2,1,0
protein bar missing poor packing,logistics,0,0,4,fallback_support,0,3,2
please deliver medicine before evening,logistics,1,1,4,fallback_support,1,0,0
delivery person did not contact repeatedly,logistics,0,0,3,behaviour,1,0,2
delivery boy not polite,logistics,0,0,3,behaviour,2,0,2
confusing communication difficult to connect,logistics,0,0,4,fallback_support,1,0,1
fast service,logistics,2,2,4,fallback_support,2,1,0
product delivered smoothly in good condition polite delivery boy,logistics,2,2,4,fallback_support,2,1,0
shipment not received,logistics,0,0,2,damage_lost,0,4,3
why parcel delivered to someone else,logistics,1,1,4,fallback_support,1,0,0
easy doorstep delivery process,logistics,1,1,4,fallback_support,1,0,0
sometimes local delay observed,logistics,1,0,0,delay,0,2,2
bad quality product,logistics,0,0,4,fallback_support,0,3,2
improve door step delivery,logistics,1,1,4,fallback_support,1,0,0
delivery partner well behave,logistics,1,1,4,fallback_support,1,0,0
product very bad want return,logistics,1,0,7,refund,0,0,0
delivery service delayed 4 days for short distance unprofessional,logistics,0,0,0,delay,0,3,2
deliver within estimated date,logistics,1,1,4,fallback_support,1,0,0
please confirm address on call,logistics,1,1,4,support,1,0,0
delivery agent gave false assurance lied about delivery,logistics,0,0,4,fallback_support,1,0,1
delivery person rude cancelled order,logistics,0,0,3,behaviour,0,3,2
parcel not delivered for days staff not interested in delivery poor service not recommended,logistics,0,0,4,fallback_support,0,3,2
medicine refused without contact very bad service,logistics,0,0,4,support,0,3,2
it not deliver visit office pick up after long follow up pathetic service,logistics,0,0,4,support,1,2,1
parcel thrown into mud by delivery staff,logistics,0,0,4,fallback_support,1,0,1
service good fast but improve connectivity day by day,logistics,2,2,4,fallback_support,2,1,0
open box received broken bottle inside,logistics,0,0,2,damage_lost,0,4,3
tell your staff maintain some patience while have conversation,logistics,1,1,4,fallback_support,1,0,0
no query,logistics,1,1,4,support,1,0,0
cash payment issue,logistics,1,0,6,pricing,0,0,0
no delivery contact but parcel marked delivered unacceptable,logistics,0,0,4,support,1,0,1
different colour delivered,logistics,0,0,4,fallback_support,1,0,1
delivery on promised date appreciated,logistics,2,2,4,fallback_support,2,1,0
love polite behaviour of delivery agent,logistics,2,2,3,behaviour,2,1,0
parcel given to unknown person,logistics,1,1,4,fallback_support,1,0,0
document delivered on time will recommend bluedart,logistics,2,2,4,fallback_support,2,1,0
need rural delivery improvement,logistics,1,1,4,fallback_support,1,0,0
home delivery preference,logistics,1,1,4,fallback_support,1,0,0
excellent prompt delivery communication,logistics,2,2,4,fallback_support,2,1,0
delivery slow,logistics,0,0,0,delay,0,3,2
very happy with delivery partner behaviour,logistics,2,2,3,behaviour,2,1,0
prashant always polite and on time,logistics,2,2,4,fallback_support,2,1,0
let customer know exact delivery date instead of apologizing later,logistics,1,0,0,delay,0,0,1
delivery delayed by almost month,logistics,0,0,0,delay,0,3,2
try deliver next day,logistics,1,1,4,fallback_support,1,0,0
very bad delivery experience,logistics,0,0,4,fallback_support,0,3,2
delivery delayed compared to tracking date,logistics,0,0,0,delay,0,3,2
wrong order delivered very bad,logistics,0,0,4,fallback_support,0,3,2
excellent delivery behaviour thanks bluedart,logistics,1,2,3,behaviour,2,1,0
do not receive parcel,logistics,0,0,4,fallback_support,1,0,1
delivery agent did not call before delivery,logistics,0,0,3,behaviour,1,0,2
yoyo honey singh,logistics,1,1,4,fallback_support,1,0,0
let delivery happen,logistics,1,1,4,fallback_support,1,0,0
my icici bank credit card not deliver,logistics,0,0,4,fallback_support,1,0,1
delivery very fast,logistics,2,2,4,fallback_support,2,1,0
on doorstep,logistics,1,1,4,fallback_support,1,0,0
delivery staff very rude and unprofessional language,logistics,0,0,3,behaviour,0,3,2
incorrect delivery details,logistics,1,1,1,wrong_delivery,0,0,1
account opening process is very fast,logistics,2,2,4,fallback_support,2,1,0
minimal call deliver at st floor,logistics,1,1,4,support,1,0,0
it is okay overall,logistics,1,1,4,fallback_support,1,0,0
deliver product properly,logistics,1,1,4,fallback_support,1,0,0
no call from delivery executive,logistics,1,1,3,behaviour,1,0,0
receive product in good condition on time quality excellent,logistics,2,2,4,fallback_support,2,1,0
very bad delivery,logistics,0,0,4,fallback_support,0,3,2
delivery agent number should be shared,logistics,1,1,4,fallback_support,1,0,0
partner did not contact me,logistics,1,1,3,behaviour,1,0,0
it show out for delivery since last day but in track it show customer refuse a no one come deliver or even contact me for delivery pathetic service,logistics,0,0,5,tracking,1,0,0
no regret satisfied,logistics,2,2,4,fallback_support,2,1,0
do not receive my parcel,logistics,0,0,4,fallback_support,1,0,1
very good delivery service by team,logistics,2,2,4,fallback_support,2,1,0
low quality product,logistics,0,0,4,fallback_support,1,0,1
excellent delivery service keep it up,logistics,2,2,4,fallback_support,2,1,0
late delivery but resolved after contacting customer care,logistics,1,0,0,delay,0,1,1
product damaged perfume bottle empty,logistics,0,0,2,damage_lost,0,4,3
share delivery time slot,logistics,1,1,4,fallback_support,1,0,0
return request raised,logistics,1,1,7,refund,1,0,0
service bad overall,logistics,1,0,4,fallback_support,0,0,0
nice behaviour by staff,logistics,2,2,3,behaviour,2,1,0
thanks for support,logistics,2,2,4,support,2,1,0
veery rude staff they call all people pic parcel in office why we go office for pic where delivery partner why he not delivery,logistics,0,0,3,behaviour,0,3,2
parcel left with security without informing,logistics,1,1,4,fallback_support,1,0,0
delivery boy conversation rude,logistics,0,0,3,behaviour,0,3,2
nice service and good delivery person,logistics,2,2,4,fallback_support,2,1,0
parcel marked not available without call,logistics,0,0,4,support,1,0,1
provide RTO paperwork fast,logistics,1,1,4,fallback_support,2,0,0
alternate number otp option required,logistics,1,1,4,fallback_support,1,0,0
your delivery lovely,logistics,2,2,4,fallback_support,2,1,0
open package delivery suggestion,logistics,1,1,4,fallback_support,1,0,0
very rude delivery partner no patience,logistics,0,0,3,behaviour,0,3,2
parcel left on doorstep without informing,logistics,1,1,4,fallback_support,1,0,0
parcel delivered to wrong location,logistics,0,0,1,wrong_delivery,0,3,2
false address remarks never call customer,logistics,0,0,4,support,1,0,1
it good service,logistics,2,2,4,fallback_support,2,1,0
delivery boy collected money despite prepaid order,logistics,0,0,4,fallback_support,1,0,1
delivered after weeks forced pickup,logistics,1,1,4,fallback_support,1,0,0
delivery time not met poor service,logistics,0,0,4,fallback_support,0,3,2
courier boy behaved unprofessionally refused office delivery,logistics,0,0,3,behaviour,0,3,2
effective reliable delivery parcel also well deliver on time too thankyou bhaiya,logistics,2,2,4,fallback_support,2,1,0
abusive language very poor service,logistics,0,0,4,fallback_support,0,3,2
delivered one day late,logistics,1,0,0,delay,0,0,1
Plz make sure ur deliver boy can read d board on houses he cant read an English name on house,logistics,1,1,4,fallback_support,1,0,0
online account management improvement suggestion,logistics,1,1,4,fallback_support,1,0,0
delivery staff lacks basic manners very poor,logistics,0,0,4,fallback_support,0,3,2
received wrong product want correct item,logistics,0,0,4,fallback_support,0,3,2
bank commission suggestion,logistics,1,1,4,fallback_support,1,0,0
professional service,logistics,2,2,4,fallback_support,2,1,0
courier not delivered,logistics,0,0,4,fallback_support,0,3,2
delivery one day late,logistics,0,0,0,delay,0,3,2
very rude staff,logistics,0,0,3,behaviour,0,3,2
delivery related feedback,logistics,1,0,0,delay,0,0,1
stitching defect inner pocket torn,logistics,0,0,2,damage_lost,0,4,3
delivery boy very polite good service,logistics,2,2,4,fallback_support,2,1,0
worst experience ever,logistics,1,0,4,fallback_support,0,0,0
Already said in first option in details please check,logistics,1,1,4,fallback_support,1,0,0
wm not polite,logistics,0,0,3,behaviour,2,0,2
worst service no call forced office pickup,logistics,1,0,3,behaviour,0,0,0
didnt receive coruier mark deliver,logistics,1,1,4,fallback_support,1,0,0
delivery agent behaviour not satisfactory,logistics,0,0,3,behaviour,1,0,2
friendly helpful,logistics,2,2,4,fallback_support,2,1,0
fraud ordered flash drive received mobile cover,logistics,0,0,4,fallback_support,1,4,3
fake delivery status consignee unavailable,logistics,0,0,5,tracking,0,3,2
very bad,logistics,0,0,4,fallback_support,0,3,2
delivery experience terrible,logistics,0,0,4,fallback_support,1,0,1
delivery staff misbehaved while delivering documents,logistics,0,0,3,behaviour,1,0,2
return parcel requested,logistics,1,1,7,refund,1,0,0
parcel undelivered,logistics,0,0,4,fallback_support,1,0,1
delivery agent drunk and spamming calls,logistics,0,0,4,support,1,0,1
no door delivery in some areas please improve,logistics,1,1,4,fallback_support,1,0,0
transparent reason for non delivery required,logistics,1,1,4,fallback_support,1,0,0
atm card received but google services not working please call,logistics,1,1,4,support,1,0,0
parcel not received after long wait,logistics,0,0,2,damage_lost,0,4,3
delivery person very polite and professional,logistics,2,2,4,fallback_support,2,1,0
delivery agent fake premise closed remark,logistics,0,0,4,fallback_support,0,3,2
delivery partner rude and unprofessional strict action required,logistics,0,0,3,behaviour,0,3,2
xyz,logistics,1,1,4,fallback_support,1,0,0
delivery guy good,logistics,2,2,4,fallback_support,2,1,0
colour slightly different but acceptable,logistics,1,1,4,fallback_support,1,0,0
Pathetic Delivery person Beeresh entered my society,logistics,1,1,4,fallback_support,1,0,0
delivered to wrong name person,logistics,1,0,1,wrong_delivery,0,0,1
false customer not available update extremely disappointing,logistics,0,0,4,fallback_support,1,0,1
late delivery wrong tracking updates no attempt,logistics,0,0,0,delay,0,3,2
parcel not received,logistics,0,0,2,damage_lost,0,4,3
smartwatch battery poor,logistics,0,0,4,fallback_support,0,3,2
delivery boy very friendly and polite,logistics,2,2,4,fallback_support,2,1,0
have to self collect parcel,logistics,1,1,4,fallback_support,1,0,0
awesome fast service,logistics,2,2,4,fallback_support,2,1,0
plz how return this order,logistics,1,1,7,refund,1,0,0
not so good,logistics,0,0,4,fallback_support,2,1,1
fraud saaalee,logistics,0,0,4,fallback_support,1,4,3
delivery delayed without contact details,logistics,0,0,0,delay,0,3,2
timely delivery satisfactory behaviour,logistics,2,2,3,behaviour,2,1,0
really appreciate service,logistics,2,2,4,fallback_support,2,1,0
delivery boy did not come to deliver parcel and kept updating false status,logistics,0,0,4,fallback_support,1,0,1
delivery too much delayed,logistics,0,0,0,delay,0,3,2
fast and good delivery service,logistics,2,2,4,fallback_support,2,1,0
please take back product havent receive it,logistics,1,1,4,fallback_support,1,0,0
need customer helpline number,logistics,1,1,4,support,1,0,0
he ask for delevery message dont know why,logistics,1,1,4,fallback_support,1,0,0
never received courier only delivery message received,logistics,1,1,2,damage_lost,1,0,0
bad delivery experience,logistics,0,0,4,fallback_support,0,3,2
please update track id with otp,logistics,1,1,5,tracking,1,0,1
live tracking needed,logistics,1,1,5,tracking,1,0,1
delivery staff rude elderly harassment,logistics,0,0,3,behaviour,0,4,3
box broken,logistics,1,1,2,damage_lost,0,0,0
not single delivery agent call on provided delivery number not try deliver home address there simply update a address not find in portal it very frustruting for u locate your courier office go there collect parcel it good we itself start delivery work rather than give high repute company like dhl,logistics,1,2,4,support,2,1,0
wrong picture used for delivery proof,logistics,0,0,4,fallback_support,0,3,2
Pl Take care and give preference to senior citizen,logistics,1,1,4,fallback_support,1,0,0
convenient doorstep delivery,logistics,2,2,4,fallback_support,2,1,0
delivery marked completed but delivered to wrong address,logistics,0,0,1,wrong_delivery,0,3,2
quick delivery thanks,logistics,2,2,4,fallback_support,2,1,0
had to pick order from store not delivered,logistics,0,0,4,fallback_support,0,3,2
average experience not good,logistics,0,0,4,fallback_support,2,1,1
false delivery report without attempt,logistics,0,0,4,fallback_support,1,0,1
hr late delivery,logistics,1,0,0,delay,0,0,1
add contact number and prior intimation system,logistics,1,1,4,support,1,0,0
delivery person gave missed call asked otp before reaching then disappeared,logistics,0,0,4,support,1,0,1
false address updates no calls,logistics,0,0,3,behaviour,1,0,2
delivery late by one day,logistics,1,0,0,delay,0,0,1
reduce average monthly balance request,logistics,1,1,4,fallback_support,1,0,0
no response from delivery office,logistics,1,1,4,support,0,0,0
packet opened and damaged,logistics,1,0,2,damage_lost,0,3,3
worst delivery agent,logistics,0,0,4,fallback_support,0,3,2
deliver correct product,logistics,1,1,4,fallback_support,1,0,0
Very bad experience app crashed during VKYC repeatedly,logistics,0,0,4,fallback_support,0,3,2
very bad pathetic service,logistics,0,0,4,fallback_support,0,3,2
on time courteous delivery staff,logistics,2,2,4,fallback_support,2,4,3
good l,logistics,1,2,4,fallback_support,2,1,0
size not fit want exchange,logistics,1,1,7,refund,1,0,0
no delivery attempt while at home,logistics,0,0,4,fallback_support,1,0,1
happy with service,logistics,1,2,4,fallback_support,2,1,0
wrong product received fraud website,logistics,0,0,4,fallback_support,0,4,3
refused exact delivery location,logistics,1,1,4,fallback_support,1,0,0
had to collect parcel from hub far away customer care did not help,logistics,0,0,4,support,1,0,1
need call or message before delivery,logistics,1,1,4,support,1,0,0
not received any shipment,logistics,0,0,2,damage_lost,0,4,3
fake delivery attempt no contact made,logistics,0,0,4,support,0,3,2
delivery boy behaved well,logistics,2,2,4,fallback_support,2,1,0
delivery far from address poor service,logistics,0,0,4,fallback_support,0,3,2
already best service,logistics,2,2,4,fallback_support,2,1,0
Overall good experience,logistics,2,2,4,fallback_support,2,1,0
unable to deliver item on time,logistics,0,0,4,fallback_support,2,0,1
resolve complaints faster,logistics,1,1,4,support,0,3,2
good banking service,logistics,2,2,4,fallback_support,2,1,0
order not received yet,logistics,1,1,2,damage_lost,0,0,0
excellent behaviour and performance,logistics,2,2,3,behaviour,2,1,0
good service with good behaviour,logistics,2,2,3,behaviour,2,1,0
no delivery attempt false house not found remark,logistics,0,0,4,fallback_support,1,0,1
early delivery very happy,logistics,2,2,4,fallback_support,2,1,0
want return jeans,logistics,1,1,7,refund,1,0,0
delivery never attempted at address,logistics,0,0,4,fallback_support,1,0,1
your service excellent thank you,logistics,2,2,4,fallback_support,2,1,0
satisfied with delivery,logistics,2,2,4,fallback_support,2,1,0
delivery time very late,logistics,0,0,0,delay,0,3,2
packaging was not good,logistics,0,0,4,fallback_support,2,1,1
need better order tracking details,logistics,1,1,5,tracking,1,0,1
very poor delayed delivery,logistics,0,0,0,delay,0,3,2
very fast service happy with bluedart,logistics,2,2,4,fallback_support,2,1,0
everything good packing and time management excellent,logistics,2,2,4,fallback_support,2,1,0
delivery person refused to go to first floor and could not understand address,logistics,0,0,4,fallback_support,1,0,1
Very rude and unprofessional delivery person- Ashish Chowdhury.,logistics,0,0,3,behaviour,0,3,2
package returned without visiting house marked shifted debit card risk,logistics,0,0,7,refund,0,4,3
delivery person polite patient satisfied,logistics,2,2,4,fallback_support,2,1,0
item delivered promptly after confirmation,logistics,2,2,4,fallback_support,2,1,0
failed delivery had to go depot,logistics,0,0,4,fallback_support,1,0,1
not delivered to home address collected from store,logistics,1,0,4,fallback_support,0,0,0
thik hai,logistics,1,1,4,fallback_support,1,0,0
delivery person asked me to collect parcel otherwise postponed delivery,logistics,0,0,0,delay,0,3,2
best agent,logistics,2,2,4,fallback_support,2,1,0
please share tentative delivery time in advance,logistics,1,1,4,fallback_support,1,0,0
poor service by delivery guy,logistics,0,0,4,fallback_support,0,3,2
delivery marked refused without attempt,logistics,1,1,4,fallback_support,1,0,0
behaviour of delivery boy not good,logistics,0,0,3,behaviour,2,1,2
do not buy product quality poor,logistics,0,0,4,fallback_support,0,3,2
amazing hassle free delivery cooperative agent,logistics,2,2,4,fallback_support,2,1,0
bad product delivered,logistics,0,0,4,fallback_support,0,3,2
parcel delivered to wrong person wrong address,logistics,0,0,1,wrong_delivery,0,3,2
very slow delivery service,logistics,0,0,4,fallback_support,0,3,2
forced hub pickup despite address availability,logistics,0,0,4,fallback_support,1,0,1
my courier delivery do wrong personi didnt receive my courier,logistics,0,0,4,fallback_support,0,3,2
please give delivery guy proper phone,logistics,1,1,4,fallback_support,1,0,0
wrong item received please return,logistics,0,0,7,refund,0,4,3
irrelevant message,logistics,1,1,4,fallback_support,1,0,0
your delivery service was very late,logistics,0,0,0,delay,0,3,2
product not received fraud without otp,logistics,1,1,2,damage_lost,0,4,3
delivery date missed expected earlier delivery,logistics,1,1,4,fallback_support,1,0,0
received order near location on time,logistics,2,2,4,fallback_support,2,1,0
product quality poor,logistics,1,1,4,fallback_support,0,0,0
have go warehouse collect product,logistics,1,1,4,fallback_support,1,0,0
recipient verification not done,logistics,1,1,4,fallback_support,1,0,0
do not receive my parcel yet,logistics,0,0,4,fallback_support,1,0,1
did not receive my order and no call received,logistics,0,0,2,damage_lost,0,4,3
excellent delivery service,logistics,2,2,4,fallback_support,2,1,0
very happy,logistics,2,2,4,fallback_support,2,1,0
delivery boy decent requested advance contact,logistics,1,1,4,support,1,0,0
delivery person behaved rudely with housewife,logistics,0,0,3,behaviour,0,3,2
parcel not received for a week had to collect from office,logistics,0,0,2,damage_lost,0,4,3
good fast service,logistics,2,2,4,fallback_support,2,1,0
delivery took extra day,logistics,1,1,4,fallback_support,1,0,0
appreciate prompt delivery kind associate,logistics,2,2,4,fallback_support,2,1,0
goed wark,logistics,1,1,4,fallback_support,1,0,0
my last credit card dilevery very bad,logistics,0,0,4,fallback_support,0,3,2
blue dart best service provider,logistics,2,2,4,fallback_support,2,1,0
very poor service language and behaviour unacceptable,logistics,1,1,3,behaviour,0,3,2
Good service provided,logistics,2,2,4,fallback_support,2,1,0
parcel delivered without my knowledge,logistics,0,0,4,fallback_support,1,0,1
call at time of delivery requested,logistics,1,1,4,support,1,0,0
ok recommend,logistics,1,1,4,fallback_support,1,0,0
delivery partner uncooperative,logistics,0,0,4,fallback_support,1,0,1
Not satisfied due to customer care service representative not pick the phone,logistics,0,0,4,support,2,1,1
provide delivery contact number in sms,logistics,1,1,4,support,1,0,0
delivery product different which order,logistics,1,1,4,fallback_support,1,0,0
courier marked delivered without delivery unacceptable,logistics,0,0,4,fallback_support,1,0,1
box squished inside,logistics,1,1,4,fallback_support,1,0,0
product not working charging issue,logistics,0,0,4,fallback_support,0,3,2
return requested,logistics,1,1,7,refund,1,0,0
no suggestion as of now,logistics,1,1,4,fallback_support,1,0,0
delivery should be to mentioned address only,logistics,1,1,4,fallback_support,1,0,0
very accurate delivery,logistics,1,1,4,fallback_support,1,0,0
duplicate parcel fraud,logistics,0,0,4,fallback_support,1,4,3
did not come on scheduled day,logistics,1,1,4,fallback_support,1,0,0
not get shipment,logistics,1,1,4,fallback_support,1,0,0
delivery agent phone number needed,logistics,1,1,4,fallback_support,1,0,0
excellent account opening support,logistics,2,2,4,support,2,1,0
tracking info not updated properly,logistics,0,0,5,tracking,1,0,0
No,logistics,1,1,4,fallback_support,1,0,0
good gesture,logistics,2,2,4,fallback_support,2,1,0
delivery partner follows own timing,logistics,1,1,4,fallback_support,1,0,0
good support by team,logistics,2,2,4,support,2,1,0
delivery person very rude unacceptable,logistics,0,0,3,behaviour,0,3,2
do not deliver me,logistics,0,0,4,fallback_support,1,0,1
out for delivery status only,logistics,1,1,4,fallback_support,1,0,0
rude behaviour reported,logistics,0,0,3,behaviour,0,3,2
delivery delay noted,logistics,1,0,0,delay,0,2,2
very nice service experience,logistics,2,2,4,fallback_support,2,1,0
good behaviour by staff,logistics,2,2,3,behaviour,2,1,0
delayed delivery had to visit location,logistics,1,0,0,delay,0,2,2
reliability generally good,logistics,1,2,4,fallback_support,2,1,0
not setisfied,logistics,1,1,4,fallback_support,1,0,0
staff need maturity in customer handling,logistics,1,1,4,fallback_support,1,0,0
fraudulent parcel attempt reported,logistics,0,0,4,fallback_support,1,4,3
delivery agent called to locate address,logistics,1,1,4,support,1,0,0
great job by santosh,logistics,2,2,4,fallback_support,2,1,0
good service arrive early safe first attempt deliver even if call not get connect delevery person contact through whatsapp call,logistics,2,2,4,support,2,1,0
service really good,logistics,2,2,4,fallback_support,2,1,0
location awareness needed,logistics,1,1,4,fallback_support,1,0,0
delivery person toorude not ready give parcel on my behalf,logistics,0,0,3,behaviour,0,3,2
excellent service bank staff,logistics,2,2,4,fallback_support,2,1,0
delivered on correct time,logistics,2,2,4,fallback_support,2,1,0
delivery agent rude behaviour on cod order,logistics,0,0,3,behaviour,0,3,2
smooth nre account opening experience appreciated,logistics,2,2,4,fallback_support,2,1,0
because my watch mush scratch,logistics,0,0,4,fallback_support,1,0,1
delivery not done no call received,logistics,0,0,3,behaviour,1,0,2
thank you for delivery,logistics,2,2,4,fallback_support,2,1,0
delivered on expected date,logistics,1,1,4,fallback_support,1,0,0
uncoloured old looking product,logistics,0,0,4,fallback_support,1,0,1
delivery person good polite service,logistics,2,2,4,fallback_support,2,1,0
not delivered to me,logistics,1,0,4,fallback_support,0,0,0
delivery denied home address,logistics,0,0,4,fallback_support,1,0,1
havent receive any thing till now,logistics,0,0,4,fallback_support,1,0,1
not delivered had to pick up,logistics,0,0,4,fallback_support,0,3,2
timely systematic delivery,logistics,2,2,4,fallback_support,2,1,0
package tampered and torn delivery person refused to take responsibility,logistics,0,0,2,damage_lost,0,4,3
exchange requested return order,logistics,1,1,7,refund,1,0,0
fraud service cheated me,logistics,0,0,4,fallback_support,1,4,3
worst delivery service,logistics,0,0,4,fallback_support,0,3,2
need return,logistics,1,1,7,refund,1,0,0
delivery failed last day no response,logistics,0,0,0,delay,0,3,2
thank you,logistics,2,2,4,fallback_support,2,1,0
service centre behaviour not satisfactory,logistics,0,0,3,behaviour,1,0,2
manoj pal,logistics,1,1,4,fallback_support,1,0,0
consignment not yet deliver but status delivered,logistics,1,1,5,tracking,1,0,1
name of delivered person incorrect unprofessional,logistics,0,0,3,behaviour,0,3,2
delivery awesome recommend others,logistics,2,2,4,fallback_support,2,1,0
parcel reached on time,logistics,2,2,4,fallback_support,2,1,0
delivery delayed followup needed,logistics,1,0,0,delay,0,2,2
received wrong product instead of ordered item,logistics,0,0,4,fallback_support,0,3,2
worst service did not respond to calls delivered to someone else address,logistics,0,0,4,support,0,3,2
staff rude communication complaint,logistics,1,0,3,behaviour,0,3,2
delivery system should include call feature,logistics,1,1,4,support,1,0,0
do not receive parcel please check my parcel,logistics,0,0,4,fallback_support,1,0,1
Employees are polite,logistics,1,1,4,fallback_support,2,0,0
prior call before delivery requested,logistics,1,1,4,support,1,0,0
glass case missing,logistics,0,0,4,fallback_support,0,3,2
fake product vermi compost received instead of herbicide,logistics,1,1,4,fallback_support,0,0,0
self recived parcel,logistics,1,1,4,fallback_support,1,0,0
service not good,logistics,0,0,4,fallback_support,2,1,1
delivery boy commented about future visits,logistics,1,1,4,fallback_support,1,0,0
very nice nature best behaviour verryverrygood parsan,logistics,2,2,3,behaviour,2,1,0
delivery staff left parcel with security without calling,logistics,0,0,4,support,1,0,1
delivery boy did not call second attempt but delivery fast,logistics,2,2,3,behaviour,2,1,0
item not delivered yet,logistics,1,0,0,delay,0,0,1
jewellery missing in product,logistics,1,0,4,fallback_support,0,0,0
parcel delivered to wrong location and not received,logistics,0,0,2,damage_lost,0,4,3
very poor service local dealer delayed delivery excessively,logistics,0,0,0,delay,0,3,2
loan amount extra finance query,logistics,1,1,4,support,1,0,0
he do not deliver parcel mehe take my otp tell me that give you but run away from there without handle parcel,logistics,1,1,4,fallback_support,1,0,0
product not delivered according to address,logistics,0,0,4,fallback_support,0,3,2
smiley delivery person fast delivery,logistics,2,2,4,fallback_support,2,1,0
courier marked delivered but not delivered,logistics,0,0,4,fallback_support,0,3,2
fraud delivery reported,logistics,0,0,4,fallback_support,1,4,3
my parcel not deliver me,logistics,0,0,4,fallback_support,1,0,1
delivery person asked me to come outside society,logistics,1,1,4,fallback_support,1,0,0
item not delivered no call received,logistics,0,0,3,behaviour,0,3,2
unknown person received parcel please update,logistics,0,0,1,wrong_delivery,0,3,2
great service delivery in time,logistics,2,2,4,fallback_support,2,1,0
delivery promised november but delayed,logistics,0,0,0,delay,0,3,2
best service overall,logistics,1,1,4,fallback_support,1,0,0
do not get delivery,logistics,0,0,4,fallback_support,1,0,1
identity verification needed for correct delivery,logistics,1,1,4,fallback_support,1,0,0
fantastic service get my parcel day before delivery date,logistics,1,1,4,fallback_support,1,0,0
delivery guy refused due to stairs,logistics,0,0,4,fallback_support,1,0,1
delivery date changed customer support unresponsive,logistics,1,1,4,support,1,0,0
random text feedback,logistics,1,1,6,pricing,1,0,0
return karma ahe,logistics,1,1,7,refund,1,0,0
still not received package,logistics,0,0,2,damage_lost,0,4,3
professional response improved,logistics,1,1,4,fallback_support,2,0,0
delivery person should be reachable after call,logistics,1,1,4,support,1,0,0
need delivery associate contact number,logistics,1,1,4,support,1,0,0
delivery agent threatened order cancellation,logistics,1,1,3,behaviour,1,0,0
received wrong clothing item,logistics,1,0,4,fallback_support,0,0,0
thanks for good service,logistics,2,2,4,fallback_support,2,1,0
fake and dirty product delivered lost my money no exchange option,logistics,0,0,2,damage_lost,0,4,3
please inform before delivery,logistics,1,1,4,fallback_support,1,0,0
delivery completed in november,logistics,1,1,4,fallback_support,1,0,0
never ordered this product money taken from my wife,logistics,0,0,4,fallback_support,1,0,1
cheque book not delivered,logistics,1,0,4,fallback_support,0,0,0
very good service thanks,logistics,2,2,4,fallback_support,2,1,0
very poor delivery,logistics,0,0,4,fallback_support,0,3,2
bekar hai,logistics,1,1,4,fallback_support,1,0,0
product color mismatch quality poor return requested,logistics,0,0,7,refund,0,4,3
parcel delivered four days late very poor service,logistics,0,0,0,delay,0,3,2
like better,logistics,1,1,4,fallback_support,1,0,0
credit card not delivered,logistics,0,0,4,fallback_support,0,3,2
very good service bluedart,logistics,2,2,4,fallback_support,2,1,0
im not receive document kindly confirm once check dilivery satus,logistics,1,1,4,fallback_support,1,0,0
user friendly account opening process appreciated,logistics,2,2,4,fallback_support,2,1,0
well service,logistics,1,1,4,fallback_support,1,0,0
for kms delivery it take day,logistics,1,1,4,fallback_support,1,0,0
delivery box compromised suspect replacement,logistics,0,0,7,refund,0,4,3
where is my parcel,logistics,1,1,5,tracking,1,0,1
thank you,logistics,1,2,4,fallback_support,2,0,0
reliable service always,logistics,2,2,4,fallback_support,2,1,0
delivery boy rude shouted and threatened customer,logistics,0,0,3,behaviour,0,3,2
need loan amount and interest details,logistics,1,1,4,fallback_support,1,0,0
wrong perfume delivered,logistics,0,0,4,fallback_support,0,3,2
return product request,logistics,1,1,7,refund,1,0,0
delivery completed on promised date,logistics,1,1,4,fallback_support,1,0,0
delivery person threw parcel without informing unacceptable behaviour,logistics,0,0,3,behaviour,1,0,2
return order requested,logistics,1,1,7,refund,1,0,0
wrong product received return needed,logistics,0,0,7,refund,0,4,3
very delay in delivery do not recommend,logistics,0,0,0,delay,0,3,2
item returned without contact system issue,logistics,0,0,7,refund,0,4,3
unclear charges after purchase,logistics,1,2,4,fallback_support,1,0,0
not received order,logistics,0,0,2,damage_lost,0,4,3
delay for three days with false tracking info,logistics,1,0,0,delay,0,2,2
no delivery yet,logistics,1,1,0,delay,1,0,1
okk,logistics,1,1,4,fallback_support,1,0,0
product application not working,logistics,1,1,4,fallback_support,1,0,0
no delivery information provided,logistics,1,1,4,fallback_support,1,0,0
helpful,logistics,1,1,4,fallback_support,2,0,0
staff rude behaviour,logistics,0,0,3,behaviour,0,3,2
polite staff,logistics,1,1,4,fallback_support,2,0,0
thank you for order,logistics,2,2,4,fallback_support,2,1,0
delivery person kind polite deliver doorstep,logistics,1,1,4,fallback_support,2,0,0
excellent job keep it up,logistics,2,2,4,fallback_support,2,1,0
order cancelled without call marked failed,logistics,0,0,4,support,1,0,1
shipment not delivered fake status fraud,logistics,0,0,4,fallback_support,0,4,3
delivery should happen on scheduled date,logistics,1,1,4,fallback_support,1,0,0
bad product every receive it scame,logistics,0,0,4,fallback_support,0,4,3
message timing of visit,logistics,1,1,4,fallback_support,1,0,0
didnt receive any material,logistics,0,0,4,fallback_support,1,0,1
good courier service,logistics,2,2,4,fallback_support,2,1,0
delivery executive excellent but system issue,logistics,2,0,4,fallback_support,0,1,0
delivery experience extremely slow and disappointing,logistics,0,0,4,fallback_support,1,0,1
self pickup required from hub,logistics,1,1,4,fallback_support,1,0,0
order not deliver mark a deliver,logistics,1,1,4,fallback_support,1,0,0
service behaviour very disappointing request you kindly monitor their performance,logistics,0,0,3,behaviour,1,0,2
delivery not on time,logistics,0,0,0,delay,1,0,0
yyyhh,logistics,1,1,4,fallback_support,1,0,0
very good,logistics,2,2,4,fallback_support,2,1,0
excellent banking app and features,logistics,2,2,4,fallback_support,2,1,0
dont want product,logistics,0,0,4,fallback_support,1,0,1
kyc not completed after multiple attempts,logistics,1,1,4,fallback_support,1,0,0
best delivery service,logistics,2,2,4,fallback_support,2,1,0
status shows delivered but not delivered,logistics,1,0,4,fallback_support,0,0,0
outstanding,logistics,2,2,4,fallback_support,2,1,0
extreme late delivery,logistics,0,0,0,delay,0,3,2
not receive my parcel,logistics,0,0,4,fallback_support,1,0,1
minimum balance account feedback,logistics,1,1,6,pricing,1,0,0
fred hua mere sath,logistics,1,1,4,fallback_support,1,0,0
parcel long time wait deliver,logistics,0,0,4,fallback_support,1,0,1
wonderful delivery partner,logistics,2,2,4,fallback_support,2,1,0
wrong shipment delivered,logistics,0,0,4,fallback_support,0,3,2
delivery tagged refused without attempt,logistics,0,0,4,fallback_support,1,0,1
didnt receive my parcel,logistics,0,0,4,fallback_support,1,0,1
excellent service keep it up,logistics,2,2,4,fallback_support,2,1,0
fake consignee unavailable mark without attempt,logistics,0,0,4,fallback_support,0,3,2
delivery person kept parcel at wrong place while I was not present,logistics,0,0,1,wrong_delivery,0,3,2
order cancellation requested,logistics,0,0,4,fallback_support,1,0,1
better communication and promptness needed,logistics,2,2,4,fallback_support,2,1,0
horrible delivery otp do come delivery person say come next day didnt come have go centre pick it up,logistics,0,0,4,fallback_support,1,0,1
delivery attempt marked without calling,logistics,0,0,4,support,1,0,1
wrong colour delivered exchange requested,logistics,1,0,7,refund,0,0,0
best regard,logistics,1,1,4,fallback_support,1,0,0
prompt delivery package not damaged,logistics,1,0,2,damage_lost,0,3,3
delivery time very late day,logistics,0,0,0,delay,0,3,2
local service unavailable issue,logistics,0,0,4,fallback_support,0,3,2
good behaviour and best service,logistics,2,2,3,behaviour,2,1,0
wrong order delivered please return,logistics,0,0,7,refund,0,4,3
package not yet delivered,logistics,1,1,4,fallback_support,1,0,0
delivery service fast and good,logistics,2,2,4,fallback_support,2,1,0
very very good,logistics,2,2,4,fallback_support,2,1,0
already your service good,logistics,2,2,4,fallback_support,2,1,0
delivery marked complete but product not received,logistics,0,0,2,damage_lost,0,4,3
product quality very poor,logistics,0,0,4,fallback_support,0,3,2
not received any delivery,logistics,1,1,2,damage_lost,0,0,0
service great,logistics,2,2,4,fallback_support,2,1,0
delivery person handed parcel to shop,logistics,1,1,4,fallback_support,1,0,0
very good quality,logistics,2,2,4,fallback_support,2,1,0
awesome experience,logistics,2,2,4,fallback_support,2,1,0
display delivery agent phone number,logistics,1,1,4,fallback_support,1,0,0
very good work,logistics,2,2,4,fallback_support,2,1,0
pathetic pickup process,logistics,0,0,4,fallback_support,1,0,1
left at door very poor service,logistics,0,0,4,fallback_support,0,3,2
expected delivery date very poor,logistics,0,0,4,fallback_support,0,3,2
delivery status timing mismatch,logistics,1,1,4,fallback_support,1,0,0
didnt receive product or call but marked delivered,logistics,1,1,4,support,1,0,0
delivery boy behavior very nice,logistics,2,2,3,behaviour,2,1,0
item not deliver me,logistics,1,1,4,fallback_support,1,0,0
thank you bluedart,logistics,2,2,4,fallback_support,2,1,0
status delivered but not received,logistics,1,1,2,damage_lost,0,0,0
not received my package,logistics,0,0,2,damage_lost,0,4,3
good delivery boy ajit kumar khatua good blue dart express limit very fast delivery company,logistics,2,2,4,fallback_support,2,1,0
marked delivered but not received urgent,logistics,0,0,2,damage_lost,0,4,3
day delivery update,logistics,1,1,4,fallback_support,1,0,0
super delivery,logistics,2,2,4,fallback_support,2,1,0
good service good behaviour,logistics,2,2,3,behaviour,2,1,0
good behaviour,logistics,1,2,3,behaviour,2,1,0
fit issue product slightly large,logistics,1,0,4,fallback_support,0,0,0
delivery person rude raised voice,logistics,0,0,3,behaviour,0,3,2
delivery executive said address incorrect falsely,logistics,1,1,4,fallback_support,0,0,0
your delivery boy doesnt deliver parcel at address enter false msg that consignee not there even no phone call do for that,logistics,0,0,4,support,1,0,1
very nice service good behavior of delivery man timely service,logistics,2,2,3,behaviour,2,1,0
good guy,logistics,2,2,4,fallback_support,2,1,0
very cool,logistics,2,2,4,fallback_support,2,1,0
please teach agent how to talk to customers,logistics,1,1,4,fallback_support,1,0,0
delivery partner rude and disrespectful,logistics,0,0,3,behaviour,0,3,2
service very bad,logistics,0,0,4,fallback_support,0,3,2
fake refusal update by delivery boy,logistics,0,0,4,fallback_support,0,3,2
no issue service good,logistics,2,0,4,fallback_support,0,1,0
Account open karaya jisase bahut achha vyavahar aur sari bate bahut saral aur spasht shabdo me batayi,logistics,2,2,4,fallback_support,2,1,0
product top class delivered earlier than expected,logistics,2,2,4,fallback_support,2,1,0
after repeated promises shipment was delayed and no action taken pathetic service,logistics,0,0,0,delay,0,3,2
do not get callmsg by delivery persondid not receive product,logistics,0,0,2,damage_lost,0,4,3
need cancel order,logistics,0,0,4,fallback_support,1,0,1
order not delivered but status shows delivered,logistics,1,0,4,fallback_support,0,0,0
delivery partner did not deliver to my house,logistics,0,0,4,fallback_support,1,0,1
not received courier,logistics,0,0,2,damage_lost,0,4,3
parcel not delivered collected from office,logistics,0,0,4,fallback_support,0,3,2
this order not deliver me,logistics,0,0,4,fallback_support,1,0,1
delivery agent unprofessional rude behaviour,logistics,0,0,3,behaviour,0,3,2
not applicable,logistics,1,1,4,fallback_support,1,0,0
not receive these parcel who send them what address you deliver them some fraud go on,logistics,0,0,4,fallback_support,1,4,3
delivery time should be added in form,logistics,1,1,4,fallback_support,1,0,0
slow delivery,logistics,1,1,4,fallback_support,1,0,0
false delivery rejection messages,logistics,0,0,4,fallback_support,1,0,1
nice response from delivery team,logistics,2,2,4,fallback_support,2,1,0
dont deal with otp take signature in your copy of delivery slip otp can lead cyber crime,logistics,0,0,4,fallback_support,1,0,1
want return this product,logistics,1,1,7,refund,1,0,0
thanks dada,logistics,1,2,4,fallback_support,2,1,0
bluedart better than competitors fast delivery,logistics,2,2,4,fallback_support,2,1,0
service awesome,logistics,2,2,4,fallback_support,2,1,0
had to pick up parcel from store myself,logistics,1,1,4,fallback_support,1,0,0
not good service,logistics,0,0,4,fallback_support,2,1,1
delivery partner behavior not quite good,logistics,0,0,3,behaviour,2,1,2
call before delivery requested,logistics,1,1,4,support,1,0,0
rude staff and always late delivery no consideration for requests,logistics,0,0,0,delay,0,3,2
pickup smooth but delivery asked self pickup,logistics,1,2,4,fallback_support,2,0,0
delivered exactly as scheduled smooth coordination,logistics,2,2,4,fallback_support,2,1,0
false building closed remarks delaying delivery,logistics,0,0,0,delay,0,3,2
good behaviour,logistics,2,2,3,behaviour,2,1,0
parcel not received please check,logistics,0,0,2,damage_lost,0,4,3
everything alright,logistics,1,1,4,fallback_support,1,0,0
please return product,logistics,1,1,7,refund,1,0,0
delivery agent leave box at entrance of pg,logistics,1,1,4,fallback_support,1,0,0
very bad phone response and delayed delivery,logistics,0,0,0,delay,0,3,2
please allow at least one call before delivery,logistics,1,1,4,support,1,0,0
excellent tracking sunday delivery,logistics,2,2,5,tracking,1,1,0
card not received,logistics,1,1,2,damage_lost,0,0,0
do not receive item,logistics,0,0,4,fallback_support,1,0,1
not receive at home collect in office twice,logistics,1,1,4,fallback_support,1,0,0
The delivery person is very rude and doesn't know how to talk respectfully. He thinks just calling someone sir or madam is being respectful.,logistics,0,0,3,behaviour,0,3,2
definitely happy with blue dart service,logistics,2,2,4,fallback_support,2,1,0
empty fake parcel received,logistics,1,1,4,fallback_support,0,0,0
very good service by manager and employees,logistics,2,2,4,fallback_support,2,1,0
keep it up,logistics,2,2,4,fallback_support,2,1,0
good,logistics,2,2,4,fallback_support,2,1,0
parcel not received but status shows delivered,logistics,1,1,2,damage_lost,0,0,0
delivery agent refused home delivery asked for self pickup,logistics,0,0,4,fallback_support,1,0,1
delivery person phone number required for tracking,logistics,1,1,5,tracking,1,0,1
please dont make this compulsory,logistics,1,1,4,fallback_support,1,0,0
inside glass break,logistics,1,1,4,fallback_support,1,0,0
toxic delivery behaviour forced pickup from hub,logistics,0,0,3,behaviour,1,0,2
delivery refused without call had to go hub,logistics,1,1,4,support,1,0,0
had to visit office due to false delivery claims,logistics,0,0,4,fallback_support,1,0,1
timely,logistics,2,2,4,fallback_support,2,1,0
share contact details for coordination,logistics,1,1,4,support,1,0,0
include location name,logistics,1,1,4,fallback_support,1,0,0
very good service honest sincere delivery boys,logistics,2,2,4,fallback_support,2,1,0
deliver on time,logistics,1,1,4,fallback_support,2,0,0
delivery service extremely poor no parcel received,logistics,0,0,4,fallback_support,0,3,2
parcel never delivered had to collect from office,logistics,0,0,4,fallback_support,1,0,1
delivery person asked for extra money,logistics,1,1,4,fallback_support,1,0,0
delivery man told otp time,logistics,1,1,4,fallback_support,1,0,0
product delivered damaged and no return option provided,logistics,0,0,2,damage_lost,0,4,3
package not delivered but marked delivered,logistics,1,0,4,fallback_support,0,0,0
unreliable service frequent delays,logistics,0,0,0,delay,0,3,2
hand over wrong parcel which doesnt belong me,logistics,0,0,4,fallback_support,0,3,2
delivery boy very decent soft spoken,logistics,2,2,4,fallback_support,2,1,0
high value parcel delivered without OTP verification,logistics,1,1,4,fallback_support,1,0,0
delivery partner patience appreciated,logistics,2,2,4,fallback_support,2,1,0
poor quality,logistics,0,0,4,fallback_support,0,3,2
improve day by day,logistics,1,1,4,fallback_support,1,0,0
because my product miss package not good,logistics,0,0,4,fallback_support,2,1,1
wrong dispatch,logistics,0,0,4,fallback_support,0,3,2
too much delay in local delivery,logistics,0,0,0,delay,0,3,2
delivery staff not fit,logistics,0,0,4,fallback_support,1,0,1
I very appreciate shopping this blue dart ?,logistics,2,2,4,fallback_support,2,1,0
delivery person lazy did not bring documents upstairs,logistics,0,0,4,fallback_support,1,0,1
delivery delayed despite out for delivery status bank related shipment,logistics,1,0,0,delay,0,2,2
Ys,logistics,1,1,4,fallback_support,1,0,0
delivered wrong item forced payment fraud,logistics,0,0,4,fallback_support,0,4,3
Im trying to open minimum 10000 balances account but your system open wrong account,logistics,0,0,4,fallback_support,0,3,2
very late service,logistics,0,0,0,delay,0,3,2
delivery guy ensured document delivered on time,logistics,1,1,4,fallback_support,2,0,0
delivery partner charged extra money unfair,logistics,0,0,6,pricing,1,0,0
delivery not done but marked delivered,logistics,1,1,4,fallback_support,1,0,0
very poor overpriced service,logistics,0,0,4,fallback_support,0,3,2
very nice experience despite small delay,logistics,2,0,0,delay,0,0,0
this package not delivered,logistics,0,0,4,fallback_support,0,3,2
credit card not received,logistics,1,1,2,damage_lost,0,0,0
damaged product received wrong piece,logistics,0,0,2,damage_lost,0,4,3
poor delivery service despite assurance,logistics,0,0,4,fallback_support,0,3,2
always good service,logistics,2,2,4,fallback_support,2,1,0
cooperative delivery as per customer,logistics,1,1,4,fallback_support,1,0,0
v good service,logistics,2,2,4,fallback_support,2,1,0
worthless product feedback,logistics,1,1,6,pricing,1,0,0
actually order place sun glass for fastrack company,logistics,1,1,5,tracking,1,0,1
delivered before time,logistics,1,1,4,fallback_support,1,0,0
good service polite delivery person,logistics,2,2,4,fallback_support,2,1,0
best prompt service,logistics,2,2,4,fallback_support,2,1,0
delivery exceeded expectations,logistics,2,2,4,fallback_support,2,1,0
there should delivery time slot of hour,logistics,1,1,4,fallback_support,1,0,0
not happy,logistics,0,0,4,fallback_support,2,1,1
status showing delivered but product not received and no call made,logistics,0,0,2,damage_lost,0,4,3
order return requested,logistics,1,1,7,refund,1,0,0
refund request for product usage issue,logistics,1,0,7,refund,0,0,0
rude person encountered,logistics,0,0,3,behaviour,0,3,2
very very bad service,logistics,0,0,4,fallback_support,0,3,2
too much delay false update,logistics,0,0,0,delay,0,3,2
timely delivery,logistics,2,2,4,fallback_support,2,1,0
you already great,logistics,2,2,4,fallback_support,2,1,0
client not informed delivery falsely marked received,logistics,1,1,4,fallback_support,1,0,0
no one can beat your service keep it up,logistics,1,1,4,fallback_support,1,0,0
delivery staff aware of location seamless delivery,logistics,2,2,4,fallback_support,2,1,0
poor fabric quality,logistics,0,0,4,fallback_support,0,3,2
false delivery status consignee not available,logistics,0,0,4,fallback_support,1,0,1
false delivery attempts marked repeatedly,logistics,0,0,4,fallback_support,1,0,1
delivery person did not come home asked to collect parcel bad service,logistics,0,0,4,fallback_support,0,3,2
fuck no,logistics,0,0,4,fallback_support,1,0,1
parcel never delivered always self pickup required,logistics,0,0,4,fallback_support,1,0,1
account opening process very fast app and staff excellent,logistics,2,2,4,fallback_support,2,1,0
bad service pending package abusive staff,logistics,0,0,4,fallback_support,0,3,2
very bad service on head office also delivery boy miss behavior on telephone,logistics,0,0,3,behaviour,0,3,2
need to return product very worst quality,logistics,0,0,7,refund,0,4,3
satisfactory service happy,logistics,2,2,4,fallback_support,2,1,0
delivered on time,logistics,2,2,4,fallback_support,2,1,0
parcel not delivered but marked delivered shoddy service no agent contact,logistics,0,0,4,support,0,3,2
call at least hour before delivery,logistics,1,1,4,support,1,0,0
very bad service recommend not use bluedart at all,logistics,0,0,4,fallback_support,0,3,2
delivery executive did not call first day restricted area excuse had to self collect,logistics,1,1,3,behaviour,1,0,0
decent polite,logistics,1,1,4,fallback_support,2,0,0
amazing timely delivery,logistics,2,2,4,fallback_support,2,1,0
service experience,logistics,1,1,4,fallback_support,1,0,0
stop scamming customers via loan disbursal,logistics,0,0,4,fallback_support,1,4,3
laptop damaged,logistics,0,0,2,damage_lost,0,4,3
ensure no double payment collected,logistics,1,1,4,fallback_support,1,0,0
incorrect address remark had to self collect,logistics,1,1,4,fallback_support,0,0,0
Best experience I have had till date,logistics,2,2,4,fallback_support,2,1,0
exchange requested size issue,logistics,1,0,7,refund,0,0,0
very excellent service,logistics,2,2,4,fallback_support,2,1,0
too much delay in service,logistics,0,0,0,delay,0,3,2
not at home notice,logistics,1,1,4,fallback_support,1,0,0
incorrect order delivered,logistics,0,0,4,fallback_support,0,3,2
return requested empty box received,logistics,1,1,2,damage_lost,1,0,0
did not receive delivery yet,logistics,0,0,2,damage_lost,0,4,3
fake delivery attempt noted,logistics,0,0,4,fallback_support,0,3,2
on time delivery but neutral feedback,logistics,1,1,6,pricing,1,0,0
very grateful for service,logistics,2,2,4,fallback_support,2,1,0
offer promised but missing item,logistics,0,0,2,damage_lost,0,4,3
consignment not deliver at door step delay,logistics,0,0,0,delay,0,3,2
delivery person good,logistics,2,2,4,fallback_support,2,1,0
Amazing delivery agent polite respectful delivered to senior citizen,logistics,2,2,4,fallback_support,2,1,0
courier guy did not call and product handed to unknown person,logistics,0,0,3,behaviour,1,0,2
single call missed delivery,logistics,1,1,4,support,1,0,0
delay even after out for delivery message,logistics,0,0,0,delay,0,3,2
delivery boy good but company service poor,logistics,1,2,4,fallback_support,0,1,0
professional handling,logistics,1,1,4,fallback_support,2,0,0
scammed,logistics,1,1,4,fallback_support,1,4,3
delivery of item ahead of schedule,logistics,1,1,4,fallback_support,1,0,0
package marked delivered incorrectly,logistics,1,1,4,fallback_support,0,0,0
your service very good thank you,logistics,2,2,4,fallback_support,2,1,0
good hai but aap log ji din delivery ka date hota hai usi din delivery kiya karo,logistics,1,2,4,fallback_support,2,1,0
wrong size delivered,logistics,1,0,4,fallback_support,0,0,0
order marked delivered but not received fraudulent update,logistics,0,0,2,damage_lost,0,4,3
nice service,logistics,1,2,4,fallback_support,2,0,0
very poor logistics service,logistics,0,0,4,fallback_support,0,3,2
delivery staff cooperative contacted before delivery,logistics,1,1,4,support,1,0,0
good service by delivery agent,logistics,2,2,4,fallback_support,2,1,0
shiva delivers package promptly with care,logistics,2,2,4,fallback_support,2,1,0
delivery authentication otp policy suggestion,logistics,1,1,4,fallback_support,1,0,0
false delivery status shown,logistics,0,0,4,fallback_support,1,0,1
fast service,logistics,1,1,4,fallback_support,2,0,0
item not delivered but marked delivered,logistics,1,0,4,fallback_support,0,0,0
overall ok experience,logistics,1,1,4,fallback_support,1,0,0
no complaint,logistics,1,1,4,support,0,3,2
third party delivery without consent,logistics,1,1,4,fallback_support,1,0,0
satisfied overall,logistics,2,2,4,fallback_support,2,1,0
parcel not received status marked delivered,logistics,0,0,2,damage_lost,0,4,3
marked delivered without contact,logistics,0,0,4,support,1,0,1
appreciate your service,logistics,2,2,4,fallback_support,2,1,0
blue dart symble of reliability promptness u keep it up,logistics,2,2,4,fallback_support,2,1,0
pic aya but order size small nahi aya,logistics,1,1,4,fallback_support,1,0,0
other come other dont do froud,logistics,1,1,4,fallback_support,1,0,0
item not received,logistics,0,0,2,damage_lost,0,4,3
parcel given to watchman,logistics,1,1,4,fallback_support,1,0,0
order delayed for almost a week,logistics,0,0,0,delay,0,3,2
service poor lazy staff,logistics,1,1,4,fallback_support,0,0,0
order marked undelivered falsely though family present,logistics,1,1,4,fallback_support,1,0,0
week delay delivery,logistics,1,0,0,delay,0,2,2
thanks delivery boy,logistics,2,2,4,fallback_support,2,1,0
not my product delivered,logistics,0,0,4,fallback_support,1,0,1
delivery updates received on time,logistics,2,2,4,fallback_support,2,1,0
smooth delivery polite behaviour,logistics,1,2,3,behaviour,2,0,0
fake attempts delayed pickup fraud behaviour,logistics,0,0,0,delay,0,4,3
